date,ssrd_kwh_m2,temperature_c,precipitation_mm
2005-01-01,4.71858,17.74491971333822,0.0008404254003835
2005-01-02,4.738147777777778,18.05962715148928,0.0008660680350658
2005-01-03,4.826562222222222,18.26846275329592,0.0008583068797918
2005-01-04,4.7241188888888885,19.49134661356612,0.0008553265615773
2005-01-05,4.668332222222222,19.99365641276046,0.0008611053772256
2005-01-06,4.7767888888888885,19.53129920959475,0.0012915139109281
2005-01-07,4.793114444444444,19.652410125732445,-1.0014105100708548e-05
2005-01-08,4.909567777777778,19.2280161539714,0.0004351138045421
2005-01-09,4.875016666666666,19.36273790995284,0.0008543860872123
2005-01-10,4.793031111111112,19.466366068522177,0.0004351138613856
2005-01-11,4.925027777777777,18.479078547159872,0.0021457671550706
2005-01-12,4.963861111111111,18.63139495849612,0.0012831475260099
2005-01-13,4.972894444444444,18.73013267517092,0.0017201388118337
2005-01-14,4.93421,19.272946929931663,0.0008463859444418
2005-01-15,4.717705555555556,19.81948051452639,0.0017181757243633
2005-01-16,4.80214,19.48348197937014,0.0008523463179699
2005-01-17,5.096753333333333,17.75270805358889,0.0017106531231547
2005-01-18,5.095866666666667,16.859714126586937,0.0008530680588592
2005-01-19,5.103336666666666,17.753462092081747,0.0
2005-01-20,5.07111,18.62013206481936,0.0008553265615773
2005-01-21,3.6148166666666666,18.81699651082357,0.0117367259484524
2005-01-22,5.1448,19.10155194600424,0.0
2005-01-23,5.110577777777777,18.506791051228845,0.0017141038028967
2005-01-24,4.372678888888889,19.02614873250326,0.0
2005-01-25,3.5645755555555554,19.439039484659872,0.0
2005-01-26,4.750527777777778,19.78107922871908,0.0014007091522216
2005-01-27,4.70907,19.825137710571312,0.0013023612837059
2005-01-28,5.11831,18.206316248575888,0.0
2005-01-29,5.235385555555555,18.172326660156276,0.0
2005-01-30,4.013485555555556,19.415439224243187,0.0121962676189468
2005-01-31,4.503181111111111,19.43381779988607,0.1195281743662235
2005-02-01,5.385225555555556,18.986372884114587,0.0008553265615773
2005-02-02,5.422718888888889,19.256908035278343,0.0008523464316567
2005-02-03,5.431536666666666,19.50936406453451,0.0012946860010742
2005-02-04,5.469468888888889,19.85467109680178,0.0
2005-02-05,5.328417222222222,21.813025410970056,0.0
2005-02-06,5.383607777777778,21.722216542561853,0.001716613667213
2005-02-07,4.676774444444445,21.847512817382835,0.0061094760326341
2005-02-08,5.05347,23.06418444315597,0.0
2005-02-09,5.521116666666667,24.5770088195801,0.0
2005-02-10,5.539861111111111,25.96798413594564,0.0008553265615773
2005-02-11,5.57935,23.846538798014365,0.0
2005-02-12,5.641990555555555,24.186924870808923,0.0008612871056357
2005-02-13,5.57023,25.097786839803064,0.0004351138045421
2005-02-14,5.683802222222222,25.153421020507835,0.0
2005-02-15,5.581017777777777,24.707938766479515,0.0012934207234138
2005-02-16,5.763333333333334,22.74418156941732,0.0012755393186125
2005-02-17,5.025763333333333,21.249606704711937,0.0012874602361989
2005-02-18,6.087308888888889,18.45012435913088,0.003433036908973
2005-02-19,6.231315555555556,16.263913726806663,0.002578605403869
2005-02-20,6.323615555555556,16.231142934163415,0.0008523463179699
2005-02-21,6.170900555555556,18.322944259643577,0.0
2005-02-22,6.317541111111111,18.97152544657393,0.0004351138045421
2005-02-23,6.252973333333333,19.828893915812216,0.0008523463179699
2005-02-24,6.189500555555555,21.971603012084984,0.0008545133596271
2005-02-25,6.095158888888889,23.982944742838583,0.0
2005-02-26,6.105717777777778,25.3045650482178,0.000441074366364
2005-02-27,6.175956111111111,26.634840901692712,0.0034337217584834
2005-02-28,5.778861111111112,27.63324572245284,0.0008453185387224
2005-03-01,6.154412777777778,27.49831097920736,0.0008480665201204
2005-03-02,5.7886677777777775,28.08363304138186,0.0
2005-03-03,6.139148472222222,26.77190297444662,0.0025749206429281
2005-03-04,6.125603058810764,26.434764480590843,0.0008523463179699
2005-03-05,6.428962651909722,24.889537429809597,0.0030070542607063
2005-03-06,5.960695225694445,25.486527379353845,0.0
2005-03-07,4.619147621527778,24.925410207112638,0.0088214874267578
2005-03-08,5.976526753472222,25.488073603312216,0.0158131122134363
2005-03-09,6.2117304340277775,25.27005983988448,0.0
2005-03-10,5.80156359375,24.81378517150881,0.0012874602930423
2005-03-11,6.605246736111111,25.28862342834475,0.001722574154428
2005-03-12,6.713427638888889,25.92033030192061,0.0
2005-03-13,6.75588359375,26.298458989461267,0.000441074366364
2005-03-14,6.813069010416666,27.18790397644045,0.0017140871477749
2005-03-15,6.847762239583333,27.48408279418948,1.477246769354679e-06
2005-03-16,6.719701232638889,27.66557718912765,0.0021457671550706
2005-03-17,6.792072222222222,27.483076985677087,-4.5997694542165846e-06
2005-03-18,6.878835364583333,27.941286977132165,0.0004351138045421
2005-03-19,6.823859166666667,28.392804082234704,0.0008523463179699
2005-03-20,6.918372527126736,29.356902058919275,0.001281499748984
2005-03-21,6.988665555555556,28.01742324829104,0.0008523463179699
2005-03-22,6.938513333333334,27.28260955810549,0.0008523463179699
2005-03-23,7.067806666666667,26.571153895060263,0.0
2005-03-24,7.061295,26.64480870564779,0.0
2005-03-25,7.112171111111111,27.69097162882491,0.0025744981826392
2005-03-26,6.995418888888889,28.440923309326195,0.0034419863368384
2005-03-27,7.028166111111111,28.0965400695801,0.0008463861362884
2005-03-28,7.046487777777778,28.762953058878622,0.0008523463179699
2005-03-29,7.180386666666666,28.874941126505576,0.0
2005-03-30,7.4370972222222225,28.14368273417159,0.0012925915484629
2005-03-31,7.400352222222223,28.60088946024581,0.0008523463179699
2005-04-01,7.466191666666667,28.720021820068386,0.0008583068797918
2005-04-02,7.508701666666667,28.79523048400881,0.0017046926750197
2005-04-03,7.536973888888889,29.78791198730471,0.0008523463748133
2005-04-04,7.55218,30.105076726277677,0.0017225742112714
2005-04-05,7.504427777777778,30.979159927368187,0.0
2005-04-06,7.408077777777778,31.772299067179404,0.0
2005-04-07,7.442832777777777,29.750014241536466,0.0004351138045421
2005-04-08,7.618581111111111,27.361032740275107,0.0008535096185369
2005-04-09,7.671782777777778,27.07281646728518,0.0004351138045421
2005-04-10,7.885932777777778,26.36591873168948,0.0
2005-04-11,7.813557777777778,27.259351984659872,0.0
2005-04-12,7.768212222222222,28.889049148559597,0.0012814998058274
2005-04-13,7.607429444444445,30.68132044474288,0.0008523463179699
2005-04-14,7.3861,30.216657892863,0.0
2005-04-15,7.388618333333333,31.032478586832724,0.0
2005-04-16,7.53111,31.15605570475265,0.0017225742112714
2005-04-17,7.618579444444444,31.00836906433108,0.0
2005-04-18,7.6749994444444445,31.329986826578818,0.0
2005-04-19,7.741181111111111,31.306125895182333,0.0008583068833445
2005-04-20,7.649965555555555,32.06479288736983,0.0008523463179699
2005-04-21,7.268405555555556,32.295548375447595,0.0021401768321993
2005-04-22,6.270337777777778,32.02853864034017,4.714024726126809e-07
2005-04-23,7.342318333333333,32.6931084950765,0.028330087559425
2005-04-24,7.375092777777778,31.94687741597494,0.0568926333244235
2005-04-25,7.331477222222222,31.788161214192712,0.0043839215777552
2005-04-26,7.577785,31.603465016682943,0.0
2005-04-27,7.485513333333333,32.03200302124026,0.0
2005-04-28,7.216561666666666,31.87090009053549,0.00058114528656
2005-04-29,7.177336666666666,31.404459253946985,0.0526398420284124
2005-04-30,7.380592777777777,31.159083938598656,0.0
2005-05-01,7.475611111111111,32.12919896443685,0.0058114528656005
2005-05-02,7.330794444444445,32.62690505981448,0.0
2005-05-03,7.088683888888889,32.719514465332054,0.0002086162567138
2005-05-04,7.107447777777778,31.74490572611495,0.025036930992428
2005-05-05,7.336318333333334,31.540324783325214,0.0008569599003749
2005-05-06,7.08271,31.767790730794275,0.0008608230928075
2005-05-07,7.497525555555556,31.921556727091517,0.0008523463179699
2005-05-08,7.445087777777778,31.67890574137374,0.0
2005-05-09,7.564591111111111,31.704136149088583,0.0
2005-05-10,7.702056666666666,31.62098337809249,0.0008523463748133
2005-05-11,7.828187777777778,31.20117785135909,0.0008521546419615
2005-05-12,7.9972755555555555,31.403832372029623,0.0
2005-05-13,7.862521111111111,31.78746058146163,0.0
2005-05-14,7.777427777777778,31.817032750447595,0.001710653293685
2005-05-15,7.756042222222222,32.70206095377608,2.0020252122776585e-07
2005-05-16,7.794544444444444,33.23647460937502,0.0008523463179699
2005-05-17,7.743022222222222,32.166628138224326,0.001716613667213
2005-05-18,7.5526422222222225,32.175652440389,0.0034394324757158
2005-05-19,7.623478888888889,33.450542704264365,0.0017011572026603
2005-05-20,7.678795555555555,34.53639500935873,0.0012934207802572
2005-05-21,7.692855555555555,34.637487665812216,-5.960544058325468e-06
2005-05-22,7.769806666666667,33.64170926411947,0.0
2005-05-23,7.292634444444444,34.2942882537842,0.0017404555592293
2005-05-24,7.201451111111111,35.161347961425804,0.0017225742290349
2005-05-25,7.689926666666667,34.25941619873049,0.0008523463179699
2005-05-26,7.687164444444444,33.04347763061526,0.0017187598473356
2005-05-27,7.15642,33.75093803405764,0.0643074513746455
2005-05-28,7.308008888888889,34.01222635904952,0.0696808099291956
2005-05-29,7.171437777777777,33.25390459696456,1.1351853609085083
2005-05-30,7.144458888888889,33.68556365966799,0.0062465667696187
2005-05-31,7.296908888888889,34.81592140197756,0.0004299155307307
2005-06-01,7.219721111111111,34.825076039632165,0.0
2005-06-02,7.404227777777778,33.64795900980636,0.0
2005-06-03,7.472124444444445,32.84461110432943,0.0008523463179699
2005-06-04,7.391151111111111,32.96920229593917,0.0008523463179699
2005-06-05,7.479072222222222,33.00330823262533,0.001281499748984
2005-06-06,7.551638888888889,32.686555480957054,0.0
2005-06-07,7.0940988888888885,32.62623430887862,0.0004351138045421
2005-06-08,7.113492222222222,33.136416371663415,0.0025033950805664
2005-06-09,7.36678,33.40063120524093,0.000859613205506
2005-06-10,7.400316666666667,33.36438585917159,0.0
2005-06-11,7.338405555555555,33.56088345845541,0.0
2005-06-12,6.495465555555556,33.554193751017294,0.001007318495283
2005-06-13,6.776736666666666,33.040296173095726,0.7411960909813331
2005-06-14,7.192527777777777,33.80511309305831,0.0020265579223632
2005-06-15,7.184304444444445,33.93606592814132,0.000441074366364
2005-06-16,6.879287777777778,33.8268931070964,0.0505229003806562
2005-06-17,6.699971111111111,33.920662180582724,0.013846158879005
2005-06-18,7.125221111111111,34.92032076517745,0.2224206924097416
2005-06-19,6.154044444444445,32.88614171346029,4.287099838165887
2005-06-20,5.963478888888889,31.89919751485189,2.39171981797881
2005-06-21,5.023172222222223,31.15322202046713,0.0157594680771921
2005-06-22,5.47254,30.86012420654299,0.8287002314091296
2005-06-23,4.064675555555556,29.88929583231612,9.295630454914772
2005-06-24,3.8095588888888887,28.93702150980636,23.08546304692527
2005-06-25,3.888975555555556,28.650523757934597,2.359503507609162
2005-06-26,3.723834444444445,28.48812319437667,5.203366279602051
2005-06-27,2.012313333333333,27.01468747456869,11.46641043527552
2005-06-28,2.2905777777777776,27.088732020060263,23.5060453414917
2005-06-29,2.373588888888889,26.47728055318197,36.48599982261658
2005-06-30,2.9037144444444443,26.673909759521507,26.85430941687628
2005-07-01,1.5199033333333334,25.52980766296389,67.68400478915737
2005-07-02,2.00803,25.225006993611657,29.692280292408668
2005-07-03,1.9233572222222224,26.32405878702804,9.164690971374512
2005-07-04,5.099596111111111,28.804708735148157,2.414870262043678
2005-07-05,4.665063888888889,29.208538945515954,0.5018413066864014
2005-07-06,4.76531,29.297671254475915,0.6251066922118298
2005-07-07,4.858035,29.03535804748537,1.736126408616201
2005-07-08,4.50111,28.68551915486654,0.2712190151328286
2005-07-09,4.436216666666667,28.73894844055178,0.133216381072998
2005-07-10,4.854426666666667,29.02031415303549,0.603091916559606
2005-07-11,4.83378,29.480009333292685,0.7071435451280195
2005-07-12,5.077091111111111,28.760797754923544,1.7322242259965035
2005-07-13,4.7515688888888885,28.45482915242513,1.1351305436733128
2005-07-14,4.745682222222222,28.81943600972494,1.5677681981287606
2005-07-15,4.420256111111111,28.521264648437523,3.0034959315798915
2005-07-16,3.239266111111111,28.336103693644247,1.6826629638622137
2005-07-17,4.038247222222222,28.60591595967611,0.8450597524642944
2005-07-18,5.307292222222222,29.421442286173544,0.3588885068097625
2005-07-19,5.75934,29.88496551513674,0.3128647804828688
2005-07-20,4.9223316666666665,29.5596691131592,0.3927052021026611
2005-07-21,4.225878333333333,29.44455871582033,0.5555093288371893
2005-07-22,4.188781666666666,29.517559305826865,0.6967776824353678
2005-07-23,4.290175,29.7465479532878,0.6491257102538839
2005-07-24,4.991084444444445,29.85901285807296,0.5724281072616577
2005-07-25,4.7467266666666665,30.01963831583663,0.3781437873726645
2005-07-26,3.870888333333333,29.58484420776369,1.0216832160949707
2005-07-27,2.588127222222222,27.212002690633145,19.461327791209012
2005-07-28,0.4026861111111111,25.232636388142907,121.46715819835664
2005-07-29,1.0932755555555556,25.335383351643884,31.31979427917031
2005-07-30,2.881057777777778,26.696147537231468,1.2223660945842596
2005-07-31,3.5435527777777778,27.40340766906741,13.185448892159002
2005-08-01,1.230166111111111,26.22654813130697,52.12380019906959
2005-08-02,0.4150683333333333,25.06362241109213,155.89115023612976
2005-08-03,1.6214694444444444,25.734859720865927,48.17659258839058
2005-08-04,1.8148655555555555,26.545484797159872,2.544105052947998
2005-08-05,2.1303216666666667,26.61114082336428,2.005338668823242
2005-08-06,2.801833333333333,27.218206024169945,1.431812757289208
2005-08-07,3.674465555555555,27.8415517171224,1.1068135499954224
2005-08-08,4.578801666666667,27.594564056396507,1.5417128801296087
2005-08-09,4.808296666666667,27.460655466715536,1.7436444759368896
2005-08-10,4.674964444444444,27.432341512044275,2.17476487159729
2005-08-11,3.9458644444444446,27.210527674357134,3.256484866142273
2005-08-12,3.322858888888889,27.581864293416345,2.2650934807728618
2005-08-13,4.399616666666667,27.93724721272787,1.70058012008667
2005-08-14,4.565143333333333,28.04155438741049,1.1678040027618408
2005-08-15,3.809245,27.606184260050497,1.3532191514968872
2005-08-16,4.535557777777778,27.35714492797854,2.851179242099988
2005-08-17,4.066353888888889,27.48120778401693,2.800765633537594
2005-08-18,4.887292777777778,27.584366099039755,2.1513142896765203
2005-08-19,4.080026666666667,27.321947352091517,2.256527543067932
2005-08-20,4.273798333333334,27.31006266276046,1.6055077314263144
2005-08-21,4.458633888888889,27.615876770019558,1.0061226400353007
2005-08-22,4.274285555555555,27.463043467203818,0.5573034286499023
2005-08-23,4.707161111111111,27.399695968627952,0.54722428321341
2005-08-24,4.593041111111111,27.409161504109704,0.5626618861924726
2005-08-25,4.583782222222222,27.40366643269857,0.6646066904067993
2005-08-26,4.493338888888889,27.647286351521814,0.8992880575533491
2005-08-27,4.579902222222223,27.41278355916341,0.9382309405623346
2005-08-28,5.48189,27.584891891479515,1.0103344916387869
2005-08-29,5.258277777777778,28.012150700887048,0.4317909479141235
2005-08-30,5.60507,28.07107124328616,0.2021878957698675
2005-08-31,5.30241,27.99814885457357,0.0593066215515136
2005-09-01,5.5946,28.016479746500693,0.0280141830444335
2005-09-02,6.402059444444444,29.055870310465536,0.0008560237461097
2005-09-03,6.341177222222222,29.39761568705245,0.0
2005-09-04,5.029902777777778,29.22354977925619,0.0008523463179699
2005-09-05,5.489863333333333,29.76191546122237,0.0010430812835693
2005-09-06,5.660576111111111,30.134839630126976,0.2261996269226074
2005-09-07,4.422327222222222,28.67103411356612,12.365102767944336
2005-09-08,3.787225555555556,27.78898200988772,12.158514249279053
2005-09-09,3.092381111111111,27.71689885457357,11.686135836953326
2005-09-10,4.385541111111111,27.75052032470705,5.300430617239726
2005-09-11,4.949552222222223,27.73739140828451,9.076881408645932
2005-09-12,3.7444616666666666,27.815822219848656,5.777725577331694
2005-09-13,3.912892777777778,27.2155649820964,11.342146992678437
2005-09-14,3.181512777777778,26.943754450480185,5.498021841049194
2005-09-15,2.795383888888889,26.54835599263509,10.856792330741882
2005-09-16,2.32751,26.29804064432784,10.636019706623756
2005-09-17,1.4301005555555557,25.77582384745284,93.42232158860496
2005-09-18,1.7954166666666669,25.851969019571985,11.30278341935309
2005-09-19,3.0405261111111117,26.7042009989421,13.15593719482422
2005-09-20,3.962211111111111,27.92569758097335,7.653653621673584
2005-09-21,5.286116111111111,29.46440722147628,2.5827002325513604
2005-09-22,5.137573333333333,28.674562708536826,16.753941774368286
2005-09-23,0.9611695833333334,25.52222595214846,71.35643064975739
2005-09-24,3.689466440972222,26.885702387491904,0.6561525543702373
2005-09-25,4.135261180555555,26.717156346639,1.3051867484996649
2005-09-26,3.9415403472222224,26.234642283121783,0.4099249839732977
2005-09-27,4.68428,26.2769491831462,0.3083944320678711
2005-09-28,4.484093246527777,25.920692062377952,0.7140666245391003
2005-09-29,5.272750729166667,26.30087114969893,0.2709357380012989
2005-09-30,4.591969861111111,26.597923533121783,0.222724249397288
2005-10-01,5.416906475694445,27.06102015177413,0.1994669437408447
2005-10-02,5.816352065972223,26.94389495849612,0.0040760551200946
2005-10-03,6.12397078125,26.400767262776696,0.0008702914442437
2005-10-04,5.996008628472223,26.37377764383956,0.0009208916935676
2005-10-05,5.98661703125,26.63530120849612,0.0
2005-10-06,5.8654901215277775,26.99706103007003,0.0
2005-10-07,5.987441950954861,27.0540538787842,0.0004351138045421
2005-10-08,5.993459301215278,27.015144602457724,0.0030083151614235
2005-10-09,5.880084816623264,26.785274759928427,0.0017166137240565
2005-10-10,6.0303,26.97257575988772,0.0017230703974746
2005-10-11,5.952480555555556,27.676876322428427,0.0017166137240565
2005-10-12,5.72562,27.91243705749514,0.0025719403993207
2005-10-13,5.868001111111111,27.82293980916341,0.0
2005-10-14,5.873915555555556,27.83177782694503,0.0025779008296922
2005-10-15,5.923181666666666,27.07508748372396,0.0017257269178116
2005-10-16,5.821992222222222,27.21242739359542,0.0008553266184208
2005-10-17,5.784321111111111,27.343120829264365,0.0
2005-10-18,5.289024444444444,26.269919331868493,0.0
2005-10-19,5.115756666666667,26.917279179890954,0.0025638465217525
2005-10-20,5.799518888888889,26.2375592549642,0.0004440546135242
2005-10-21,5.766334444444444,25.531145985921228,0.001281499748984
2005-10-22,5.766615555555555,25.418737665812216,0.0004351138045421
2005-10-23,5.704551111111111,25.33953564961752,0.001281499748984
2005-10-24,5.57554,26.664565022786466,0.0004351138045421
2005-10-25,5.010536666666667,26.62839088439944,0.0008523463748133
2005-10-26,5.3102744444444445,26.88989855448409,0.0
2005-10-27,5.357121111111111,25.963190968831384,0.0008523463179699
2005-10-28,5.59921,25.522403335571312,0.0008531596336069
2005-10-29,5.592141111111111,24.98477897644045,0.0008561625577385
2005-10-30,5.64677,23.986821746826195,0.0
2005-10-31,5.563867777777777,24.1994517008464,0.0
2005-11-01,5.444968888888889,23.656362152099632,0.0
2005-11-02,5.384817777777778,24.408320363362638,0.0008523463179699
2005-11-03,4.65201,24.713619486490927,0.0012814998058274
2005-11-04,4.032185555555556,24.86104799906417,0.0034272661650902
2005-11-05,4.083624444444444,24.456055577596032,0.0004261732051702
2005-11-06,5.131835555555556,24.774313863118493,0.0017269969703193
2005-11-07,5.258095555555555,24.145170466105185,0.0025808321879594
2005-11-08,5.248681111111111,24.03060175577804,0.0
2005-11-09,5.330615555555555,22.661528523763025,0.0008523463179699
2005-11-10,5.333838888888889,22.396264012654623,0.0012947941172569
2005-11-11,5.24975,22.713453547159872,-1.3294368272909196e-05
2005-11-12,5.2136177777777775,23.182805633544945,0.0008612870487922
2005-11-13,5.224294444444444,22.69052975972494,0.0004291533173272
2005-11-14,5.181791111111111,23.09900817871096,0.0004351138045421
2005-11-15,5.138835555555556,23.19156481424972,0.0
2005-11-16,5.095725555555555,23.45280164082845,0.0
2005-11-17,5.000392222222223,23.6854237874349,0.0029921529858256
2005-11-18,4.920808888888889,22.937713877360068,0.0008523463179699
2005-11-19,4.728593333333333,23.01946029663088,0.0017160574543595
2005-11-20,4.962236666666667,23.57512753804525,0.0017156576745946
2005-11-21,4.980715555555555,23.300354258219443,0.0012972517424714
2005-11-22,4.954716666666667,22.869114812215173,0.0
2005-11-23,4.926147777777778,22.55120175679525,0.0004351138613856
2005-11-24,4.879652222222222,22.66199264526369,0.0
2005-11-25,4.843755555555555,22.747399902343773,0.0
2005-11-26,4.802612222222222,22.912107086181663,0.0017195939676639
2005-11-27,4.790815555555556,22.13496805826827,0.0
2005-11-28,4.69933,21.71371358235677,0.0017034719235198
2005-11-29,4.624453333333333,20.26160837809249,0.0021125769649188
2005-11-30,4.850608888888889,19.84371465047201,0.0008523463748133
2005-12-01,3.8353966666666666,20.072527186075888,0.0008637954920232
2005-12-02,4.579066666666667,22.862208938598656,0.0012874602930423
2005-12-03,4.489713333333333,23.063758468627952,0.0021436325710055
2005-12-04,4.619617777777778,22.57645632425948,0.0008523463179699
2005-12-05,4.678513333333333,21.541247304280603,0.0004351138045421
2005-12-06,4.735237777777778,21.018753941853845,0.001295188098993
2005-12-07,4.695611111111111,20.94644699096682,0.0021475307221408
2005-12-08,4.73357,20.769738769531276,0.0034404029065626
2005-12-09,4.7393077777777775,20.43670934041341,0.002583424191016
2005-12-10,4.694736666666667,20.585168457031276,0.0004217631612846
2005-12-11,4.696221111111111,20.023082351684597,0.0008523463179699
2005-12-12,4.715293333333333,19.45009320576986,0.0008523463748133
2005-12-13,4.688498888888889,19.28475850423177,0.0008583068797918
2005-12-14,4.693608888888889,19.00661938985189,0.0008702277227712
2005-12-15,4.648697777777778,19.37585856119796,0.0004351138045421
2005-12-16,4.655704444444445,19.795224126180017,0.0008523463748133
2005-12-17,4.692633333333333,19.181590652465843,0.0008642672355563
2005-12-18,4.729136666666666,18.441430028279623,0.0008523463179699
2005-12-19,4.65744,18.18219591776534,0.0004351138045421
2005-12-20,4.638176666666666,18.30903269449874,0.0004261732051702
2005-12-21,4.645661111111111,19.09661445617678,0.0008642672355563
2005-12-22,4.654113333333333,19.456794993082724,0.0021517276422855
2005-12-23,4.671883333333334,18.581035232543968,0.0008496887744513
2005-12-24,4.765481111111111,17.732598876953148,0.0017106531977617
2005-12-25,4.731603333333333,18.05304870605471,0.0021336707618502
2005-12-26,4.703472222222223,18.38944269816085,0.000879562207956
2005-12-27,4.741203333333333,18.605084355672204,0.0012891519531876
2005-12-28,4.721433333333334,19.05468203226729,1.4901161193847656e-05
2005-12-29,4.633391111111111,19.59645551045736,0.0017233084008694
2005-12-30,4.6495066666666665,19.247336324055997,0.0012856394846494
2005-12-31,4.707761111111111,19.66122398376467,0.0
2006-01-01,4.621118888888889,20.448303476969443,0.0008523463748133
2006-01-02,4.646734444444444,19.17153447469076,0.0008642672355563
2006-01-03,4.811675555555556,17.49421844482424,0.001722574154428
2006-01-04,4.676995555555555,19.13650283813479,0.0
2006-01-05,4.644301111111111,19.8258103688558,0.0004351138045421
2006-01-06,4.505348888888889,20.33209063212081,0.0008523463179699
2006-01-07,4.721864444444445,20.355471547444665,0.0008523463179699
2006-01-08,4.847911111111111,19.46037953694662,0.0004261732051702
2006-01-09,4.848568888888889,19.36163736979171,0.0012904487221021
2006-01-10,4.865082222222222,19.39291661580404,0.0012889136087324
2006-01-11,4.878047777777778,19.704857126871783,0.0008523463179699
2006-01-12,4.948456666666667,19.675947443644247,0.0012874602361989
2006-01-13,4.896488888888888,20.263260142008505,0.0004351138045421
2006-01-14,4.900284444444445,21.465153630574548,0.0
2006-01-15,4.96048,21.849306360880576,0.0008523463179699
2006-01-16,4.932033333333333,22.521032587687216,0.0017143987633971
2006-01-17,5.018668888888889,20.939958826700888,0.0008551228347641
2006-01-18,4.880054444444444,20.68135795593264,0.0008523464316567
2006-01-19,4.661853333333333,20.51540718078616,0.0
2006-01-20,4.800324444444445,20.786656316121423,0.0008523463179699
2006-01-21,5.192092222222223,19.191705958048544,0.0
2006-01-22,5.211715555555555,18.03412462870284,0.0
2006-01-23,5.160045555555556,17.89073206583663,0.0
2006-01-24,5.263431111111111,18.408172861735068,0.0
2006-01-25,5.261716666666667,18.478794987996423,0.0004351138045421
2006-01-26,5.266028333333334,19.44488868713381,0.0
2006-01-27,5.282419444444445,20.18039220174154,0.0008583068051848
2006-01-28,5.269473333333333,20.88831990559896,0.0017102569813687
2006-01-29,5.121953333333333,21.390247599283896,0.0012874602930423
2006-01-30,5.316057222222223,22.330929056803427,0.0012814998058274
2006-01-31,5.322858888888889,23.46629994710287,0.0008523463179699
2006-02-01,5.209634444444444,24.11393063863119,0.0017042258946275
2006-02-02,5.289075555555556,24.47811406453451,0.0008647340905554
2006-02-03,5.409966666666667,24.67589467366537,0.0021520402242458
2006-02-04,5.486673333333333,24.37476755777999,0.0008463858875984
2006-02-05,5.618367777777777,23.29249661763509,0.0012904405366498
2006-02-06,5.601055555555556,22.324367141723656,0.0008523463179699
2006-02-07,5.605206666666667,22.1029932657878,0.0004351138045421
2006-02-08,5.514062222222222,22.381138102213583,0.0004351138045421
2006-02-09,5.6031844444444445,23.335891977946005,0.0021352530552576
2006-02-10,5.667755,23.944986597696985,0.0034318190387239
2006-02-11,5.670297222222223,23.86842498779299,0.0008583081125834
2006-02-12,5.686462222222223,24.122959391276083,0.0004351138045421
2006-02-13,5.705368333333333,24.18883857727053,0.0012904405366498
2006-02-14,5.728045555555555,24.142299270629906,0.0
2006-02-15,5.791605555555556,23.966439183553064,0.0021518562789424
2006-02-16,5.786068888888889,23.19468714396163,0.001299080508943
2006-02-17,5.764652777777778,23.37729733784994,0.0030240409500947
2006-02-18,5.721808888888889,24.804905827840173,-1.1920917586394353e-05
2006-02-19,5.702746666666667,26.00721448262533,0.0017136326277977
2006-02-20,5.820562222222223,25.85866190592452,0.0004351138045421
2006-02-21,6.012965555555556,25.964997227986657,0.0004351138045421
2006-02-22,6.048728333333333,25.869324620564782,0.0034382228477625
2006-02-23,6.027902222222222,26.16596819559737,0.0
2006-02-24,6.047441111111112,27.010481770833337,0.0
2006-02-25,5.887573333333333,27.84755350748702,0.002162918463
2006-02-26,5.704695555555555,27.497776285807333,0.0004182763291282
2006-02-27,6.102016666666667,26.781564966837607,0.0038623802538495
2006-02-28,5.525077222222222,26.37418645222982,0.0012764957659783
2006-03-01,6.268307777777777,26.110402679443386,0.0
2006-03-02,6.42843,26.156196212768577,0.0008583068797918
2006-03-03,5.815262222222223,26.745364125569665,0.0017089176367335
2006-03-04,6.427433929036458,25.483865992228232,0.0
2006-03-05,6.455311971571181,24.68898735046389,0.0013072613000986
2006-03-06,6.501157204861111,24.80810063680013,0.0029948969313409
2006-03-07,6.002581579861111,25.13089269002279,0.0
2006-03-08,6.471454010416666,25.90546315511068,0.0016987323192552
2006-03-09,4.400705815972223,23.062677637736044,6.877735257148743
2006-03-10,5.990753090277778,21.419904963175497,2.3458749055862427
2006-03-11,6.23927359375,22.911549504597986,0.0067174433979744
2006-03-12,6.526149704861111,24.18651479085287,0.0008583068833445
2006-03-13,5.948700815972222,24.494297917683923,0.0012948842140758
2006-03-14,6.434907621527778,24.94502410888674,0.0050991773150599
2006-03-15,6.163354583333334,25.20037994384768,0.0012841090892834
2006-03-16,6.607409704861111,25.53227386474612,0.0
2006-03-17,6.826541284722222,26.002655919392907,0.0008523463179699
2006-03-18,6.708043732638889,27.537074661254906,0.0008570219733883
2006-03-19,6.704584565972223,28.79733937581381,0.0017238366467609
2006-03-20,6.793226267361111,28.14482714335128,0.0
2006-03-21,6.930312638888889,27.7782029469808,0.0004351138613856
2006-03-22,6.896386666666666,27.960274632771814,0.0034401709285702
2006-03-23,6.873457222222222,28.642552312215173,0.0016984123476504
2006-03-24,6.984168888888889,27.773627853393577,0.000842035660753
2006-03-25,6.934666666666667,27.845318730672204,0.0017180736904265
2006-03-26,7.177023888888889,25.942966715494837,0.0012881951079179
2006-03-27,7.177291666666667,26.178070958455407,0.0008583068797918
2006-03-28,7.325790555555556,26.99825757344564,0.0008523463179699
2006-03-29,7.380393333333333,27.90913670857748,0.0008583068797918
2006-03-30,7.405633333333333,28.159184392293295,0.0017166137240565
2006-03-31,7.343851111111111,28.40780474344893,0.0008583068797918
2006-04-01,7.19692,28.42106145222982,0.0025726247940838
2006-04-02,7.221054444444444,28.81936353047689,0.0004261732051702
2006-04-03,7.2708272222222226,29.3066345214844,0.0008672474791637
2006-04-04,7.199864444444445,29.0174607594808,0.0012815592640436
2006-04-05,7.153514444444444,29.91990178426107,0.0
2006-04-06,7.1824127777777775,30.872703806559286,0.0008523463179699
2006-04-07,7.274943333333334,30.40446243286135,0.000441074366364
2006-04-08,7.356568888888889,29.64463704427084,0.0017172432649203
2006-04-09,7.307716111111111,31.05097668965658,0.0008523463748133
2006-04-10,7.370235555555555,29.34983215332033,0.0008523463748133
2006-04-11,7.462187777777777,29.6442759195964,0.0025768009095372
2006-04-12,7.289260555555556,29.50142949422201,0.0008600486083309
2006-04-13,7.332196111111111,30.29780286153158,0.0
2006-04-14,7.2854294444444445,30.932972208658896,0.0008523463179699
2006-04-15,6.192652222222222,31.130039469401083,0.0017166137808999
2006-04-16,5.930723333333333,30.366372680664085,0.0021471965965247
2006-04-17,7.176426666666667,29.263197835286466,0.0008584194297611
2006-04-18,7.4844244444444445,29.987020111084007,0.0012939728435412
2006-04-19,7.535848888888889,30.334311421712243,0.0
2006-04-20,7.551857222222222,30.96137644449874,0.0
2006-04-21,7.376745,31.809591547648157,0.0008523463748133
2006-04-22,7.410430555555555,31.97208302815756,0.0017195939676639
2006-04-23,7.514567222222222,30.152129109700525,0.0008583068797918
2006-04-24,7.475115555555556,30.683824157714863,0.0008523463179699
2006-04-25,7.525683333333333,31.06301968892416,0.0004410743699168
2006-04-26,7.616903333333333,30.727145767211937,0.0021529765490413
2006-04-27,7.610501111111111,30.81323076883956,0.0008391764936277
2006-04-28,7.528935555555556,31.306940968831384,0.0021415544324554
2006-04-29,7.387321111111111,32.063471730550134,0.0
2006-04-30,7.546576666666667,31.88651046752932,0.0017285346416429
2006-05-01,7.624026666666666,32.623872375488304,0.0004202127747987
2006-05-02,7.700393888888889,32.950300470988,0.0
2006-05-03,7.767994444444445,32.52577171325686,0.0
2006-05-04,7.416042777777778,33.8815965016683,0.0030032398399271
2006-05-05,7.675715555555556,34.33256429036459,0.001710653293685
2006-05-06,7.7857344444444445,32.37126502990725,0.001713633480449
2006-05-07,7.858992222222223,32.17718276977541,0.0008523463179699
2006-05-08,7.760260555555556,32.18322525024416,0.0
2006-05-09,7.7069777777777775,32.6462290445964,0.0025777014229788
2006-05-10,7.575338333333334,33.56391741434737,0.000870256275931
2006-05-11,7.638691111111111,33.35406964619955,0.0
2006-05-12,7.7003144444444445,32.8536201477051,0.0008523463179699
2006-05-13,7.637398888888889,32.36474444071456,0.0017106533114485
2006-05-14,7.560651111111111,32.271295801798544,0.0
2006-05-15,7.392342222222222,32.41659825642904,0.0
2006-05-16,7.3936255555555555,32.32216606140139,0.0019972592326666
2006-05-17,7.642906666666667,32.90012003580733,0.0
2006-05-18,7.537027777777777,33.40927658081057,0.0
2006-05-19,7.49095,32.24481862386068,0.0008583068833445
2006-05-20,5.538076666666667,31.9854509989421,0.2331882715225219
2006-05-21,4.885451111111111,32.2192487080892,0.1631617545854169
2006-05-22,5.899617777777777,32.16531842549642,0.0494751130304393
2006-05-23,6.989444444444445,32.266468302408896,0.0049412250291425
2006-05-24,6.946693333333333,32.68544667561849,0.0034348763620073
2006-05-25,7.258445555555555,32.90236816406252,0.0
2006-05-26,7.296522222222222,32.92432874043783,0.0036025843996867
2006-05-27,7.243618888888889,32.80385487874349,0.0012606382320257
2006-05-28,7.302538888888889,32.88896458943685,0.0020116567611694
2006-05-29,7.4122755555555555,32.727971649169945,0.0008583068797918
2006-05-30,7.4107,32.99637056986495,0.0017300154695476
2006-05-31,6.431888333333333,33.70234896341964,0.1025974750064051
2006-06-01,4.34565,29.710362370808923,51.79123878468772
2006-06-02,1.290727222222222,26.87775065104171,43.13713312149048
2006-06-03,5.580652222222223,29.468523915608728,0.0360220669790578
2006-06-04,6.306603333333333,29.18403778076174,0.0588893890380859
2006-06-05,6.484241111111111,29.23895543416341,0.0514268874667322
2006-06-06,6.329147777777778,29.413468297322595,0.1121640204360119
2006-06-07,5.798883333333333,29.62831967671713,0.1690864562533534
2006-06-08,6.596953333333333,29.79205729166671,0.0402808188937342
2006-06-09,7.055358888888889,29.830698267618857,0.0010430812835693
2006-06-10,6.70148,29.87173741658529,0.0025779008865356
2006-06-11,6.785325555555556,30.004757181803427,0.0423182827944401
2006-06-12,6.3740266666666665,30.251682535807333,0.0355094671249389
2006-06-13,6.435386666666667,30.276655451456747,0.017702579498291
2006-06-14,7.144651111111111,30.50382067362472,0.0020051865021741
2006-06-15,7.171945555555555,30.69802436828616,0.0002980232238769
2006-06-16,7.222862222222222,30.64301706949874,0.0
2006-06-17,7.31995,31.06079699198409,0.0004351138613856
2006-06-18,6.924071111111111,31.98243675231936,0.001955032303158
2006-06-19,6.993342222222222,32.66932512919112,0.0021695722125514
2006-06-20,7.0910633333333335,33.095379130045615,0.0
2006-06-21,7.02226,33.788165664672874,0.1608043907026513
2006-06-22,6.993643333333333,35.02954444885256,0.0208377832677797
2006-06-23,6.928193333333334,35.05080693562826,0.0008635301078641
2006-06-24,5.084606666666667,33.315140024821005,0.3837227820326916
2006-06-25,4.495571111111111,30.91335830688479,3.271035042530457
2006-06-26,4.4886566666666665,29.449565505981468,4.894292358244456
2006-06-27,5.296868888888889,29.80976003011068,0.7842183113098145
2006-06-28,4.946804444444444,29.62027638753256,11.876687407493591
2006-06-29,4.343691111111111,28.86632436116537,7.235395908310238
2006-06-30,4.647107777777777,28.8581316630046,1.4497637748718262
2006-07-01,4.825426666666667,29.59781545003256,0.9164869784967776
2006-07-02,5.492792222222223,30.731921132405603,0.6262063980102539
2006-07-03,2.819882222222222,29.74905548095705,23.558297921535853
2006-07-04,4.658158888888889,29.583325958251976,31.115606251091776
2006-07-05,3.6892377777777776,28.640429433186853,86.07229590415955
2006-07-06,1.1251755555555556,26.565939839680997,86.92768216133118
2006-07-07,1.8491688888888889,27.916153208414755,0.7003992795944214
2006-07-08,4.101773333333333,28.591833368937216,0.9803761473108352
2006-07-09,4.097893333333333,28.833159383138025,1.7662165325305068
2006-07-10,4.607096666666667,29.062823867797874,1.6669631003196628
2006-07-11,3.949295555555556,28.896794891357445,1.8486265871615613
2006-07-12,4.367253333333333,29.10810750325521,1.3228356838226318
2006-07-13,4.241832777777778,29.19840329488119,0.8943718949012691
2006-07-14,4.431020555555556,29.12418708801272,0.9321957826600168
2006-07-15,4.790440555555556,29.37282842000326,0.8350253105149363
2006-07-16,4.343531111111111,28.93111699422201,0.4248321056365967
2006-07-17,4.349233333333333,28.753191248575888,0.0198543071405765
2006-07-18,2.7569944444444445,27.47880071004232,2.897307872217425
2006-07-19,1.6140577777777778,26.412775929768884,12.1486634016037
2006-07-20,2.9298444444444445,27.30167160034182,3.145802020924293
2006-07-21,0.8850894444444445,25.818956629435263,37.03060150146342
2006-07-22,1.956467222222222,25.97744204203292,51.55133008946677
2006-07-23,2.434951666666666,26.01284751892092,36.36046859418229
2006-07-24,3.4439166666666665,27.37309926350912,3.82822751993217
2006-07-25,4.259604444444444,27.839051183064782,2.9079258441697675
2006-07-26,5.104317777777778,27.986063257853232,2.8386414050487474
2006-07-27,3.2501333333333333,26.92625897725424,10.209298133815992
2006-07-28,1.2402405555555556,25.65859947204592,65.86240231990814
2006-07-29,0.593725,25.185931777954124,303.147166967392
2006-07-30,1.0383533333333332,25.00874735514327,119.66114548800988
2006-07-31,2.2730133333333336,26.284567133585654,10.647580200213724
2006-08-01,0.4556588888888889,24.495228068033896,70.1929718255947
2006-08-02,1.200775,25.05028241475424,9.830723188201771
2006-08-03,1.3779577777777778,25.66774139404299,4.99464690676632
2006-08-04,3.184563333333333,26.80147005716964,5.932097714833162
2006-08-05,3.308117777777778,26.79649251302084,10.560834407801424
2006-08-06,3.328022222222222,26.49128112792971,15.6087726354599
2006-08-07,2.4570238888888887,26.185809071858728,14.492876527242515
2006-08-08,3.0187,26.30144335428878,23.1516516818715
2006-08-09,3.2802077777777776,26.51338539123537,11.606308989939862
2006-08-10,2.7768166666666665,26.936944580078148,17.941357892500065
2006-08-11,0.6579116666666667,25.272936757405603,43.571418523754346
2006-08-12,1.5763055555555556,25.728640492757165,18.47951114177704
2006-08-13,2.1820905555555554,26.178655242919945,1.2490481138129894
2006-08-14,1.330791111111111,26.03375905354818,1.9940793513910648
2006-08-15,2.2501522222222223,25.933318074544275,53.64767611026622
2006-08-16,0.9600105555555556,25.008433278401696,135.0868308204518
2006-08-17,4.156032777777778,26.880147552490257,0.3778636455535888
2006-08-18,2.7935644444444443,26.796102778116904,35.6593608855178
2006-08-19,2.120861111111111,26.447581227620446,8.333182334808953
2006-08-20,1.1638444444444445,25.68416620890304,9.988629817961224
2006-08-21,2.9089944444444447,26.587405141194665,4.159212112426758
2006-08-22,3.967823888888889,27.076865132649743,1.2403279542922974
2006-08-23,3.453205,26.635027821858728,2.520710229873657
2006-08-24,4.0614477777777775,26.75331586201986,2.259701490288535
2006-08-25,3.5081083333333334,26.701111094156943,0.8807182312011719
2006-08-26,4.186154444444444,26.915848668416345,1.423385739258265
2006-08-27,3.529027222222222,27.40116653442385,1.7438858746459118
2006-08-28,3.8513788888888887,27.339299774169945,1.2831717729113734
2006-08-29,4.087435555555556,27.093770599365257,1.9835829734802248
2006-08-30,4.956378333333333,26.87764956156417,0.3801912068297497
2006-08-31,4.3128383333333336,26.75504773457845,1.6123026608738655
2006-09-01,3.1227105555555554,26.757382965087917,0.8685335617997225
2006-09-02,4.504241666666666,27.26864204406741,0.8242099452786533
2006-09-03,4.147580555555556,27.03941942850753,0.4800695425046797
2006-09-04,4.759657222222223,27.041140492757165,0.1856774091670843
2006-09-05,6.05418,28.299445724487327,0.1273975295248419
2006-09-06,2.50597,26.957143402099632,54.11961972703239
2006-09-07,0.7268116666666666,25.266487375895224,47.39383757106452
2006-09-08,4.553728888888889,27.12493731180831,0.283369421936186
2006-09-09,4.723228333333333,27.06253840128585,0.4848718642733729
2006-09-10,4.917958333333333,27.545615132649743,0.2773284911654627
2006-09-11,4.618710555555555,27.87100435892745,0.2406716345717541
2006-09-12,4.778165,27.3862294514974,0.2650499342848889
2006-09-13,5.187740555555555,27.545715586344443,0.1581192017283683
2006-09-14,5.485611666666666,27.61834551493331,0.0517323491635579
2006-09-15,5.699760555555556,28.74776674906417,0.5619701235737296
2006-09-16,5.562258333333333,29.38910509745284,1.592963933944702
2006-09-17,5.692973888888889,28.961447652180997,0.6231218576431274
2006-09-18,4.455769444444444,28.07901725769045,0.9828686713149182
2006-09-19,4.314432777777777,27.96838976542159,0.3781616687774658
2006-09-20,5.4694344444444445,28.415100351969443,1.585310697521436
2006-09-21,5.363188333333333,28.395297622680687,0.2344202299013886
2006-09-22,4.0527444444444445,27.5002215067546,0.1965224741979909
2006-09-23,4.722438854166667,27.41477991739913,4.338407516474518
2006-09-24,4.884971579861111,27.25115865071615,5.704435706093136
2006-09-25,4.998078836805556,27.132582600911466,1.9170820712020031
2006-09-26,5.100002604166667,27.682783381144247,0.5046308039595715
2006-09-27,4.863808854166667,27.507608032226585,0.687092542591472
2006-09-28,5.386872256944445,28.33407109578451,0.2570986747691961
2006-09-29,5.71589640625,29.072908020019558,0.2208530901839367
2006-09-30,5.623266927083334,29.464460627238,0.2880841493606567
2006-10-01,5.740625677083333,29.76360982259115,0.0012886207514384
2006-10-02,5.665229548611111,29.55363235473635,0.000441074366364
2006-10-03,5.776638368055556,29.912128067016624,0.0364929437637329
2006-10-04,6.057236545138889,29.877421951293968,0.0017285337889916
2006-10-05,6.045797083333333,28.88727595011397,0.0012825298085772
2006-10-06,5.911052673611112,27.698287582397484,0.00355527663487
2006-10-07,5.655410572916667,27.55576095581057,0.0029027460186625
2006-10-08,5.518619672309028,27.83689969380697,0.0074297189698313
2006-10-09,5.607011555989583,27.802039718627952,0.0021487473418346
2006-10-10,5.650715,28.44773381551107,0.0004351138613856
2006-10-11,5.5119533333333335,28.266631062825525,0.0012822083768071
2006-10-12,5.934277222222223,27.964033381144247,0.0
2006-10-13,5.18131,28.96232185363772,0.0006139277388683
2006-10-14,5.467653333333334,29.27630513509115,0.0008563742426304
2006-10-15,5.319857777777778,28.942987696329794,0.0004300992095807
2006-10-16,5.620196666666667,29.22262916564944,0.0008583068833445
2006-10-17,5.585208333333333,29.5251403808594,0.0025768185878405
2006-10-18,5.649733333333334,29.2582724253337,0.0
2006-10-19,5.747708888888889,29.042270914713583,0.0008583068797918
2006-10-20,5.5544633333333335,28.57121302286788,0.0008616200410926
2006-10-21,5.280546666666667,28.99034207661947,0.0505648195030516
2006-10-22,5.250603333333333,28.21026509602865,0.0004351138045421
2006-10-23,5.3898488888888885,28.300723648071312,0.0008523463748133
2006-10-24,5.52755,28.33334248860677,0.0008523463179699
2006-10-25,5.6047416666666665,27.82659174601241,0.0008523463179699
2006-10-26,5.558146666666667,27.85219217936202,0.0021398066678557
2006-10-27,5.356646666666666,28.016667938232445,0.0008553265615773
2006-10-28,5.519178888888889,27.524072265625023,0.0004351138613856
2006-10-29,5.498793333333333,27.391681289672874,0.001723827438127
2006-10-30,5.449998888888889,27.3654666900635,0.0004261732051702
2006-10-31,5.458376666666667,27.09893633524581,0.002995134309458
2006-11-01,5.420252222222223,26.93693313598635,0.0008896750500753
2006-11-02,5.210301111111111,26.631369527180997,0.0
2006-11-03,5.318966666666666,26.617486572265648,0.0012865621101809
2006-11-04,5.084463333333333,26.997661844889365,0.0
2006-11-05,5.079868888888889,27.058591461181663,0.0
2006-11-06,4.921163333333333,27.296779886881552,0.0
2006-11-07,4.635097777777778,26.74221509297689,0.0021511826275855
2006-11-08,4.865148888888889,25.94633509318038,0.0196059689301364
2006-11-09,5.141711111111111,26.10272051493331,0.0017108551446654
2006-11-10,5.1776277777777775,25.937189992268884,0.001722574154428
2006-11-11,5.175861111111111,25.362137095133505,0.0012755392617691
2006-11-12,5.091374444444445,25.33782030741378,0.0004351138045421
2006-11-13,5.051625555555556,25.5287802378337,0.0021422656573122
2006-11-14,4.940735555555555,25.47432670593264,0.0017046927496267
2006-11-15,4.971384444444444,25.457222874959317,0.0017136326277977
2006-11-16,4.974977777777778,25.21283620198568,0.000438094502897
2006-11-17,4.959804444444444,25.04275665283205,0.0012844800494349
2006-11-18,4.9509533333333335,25.07524833679201,0.0
2006-11-19,4.933424444444444,25.117602284749356,0.0
2006-11-20,4.884987777777778,25.088999684651696,0.0008412503689214
2006-11-21,4.35393,25.57815132141116,2.30168666348618e-05
2006-11-22,4.782457777777778,24.526709493001302,0.0021570858166342
2006-11-23,4.639587777777778,24.748214340209984,0.0012904404798064
2006-11-24,4.88249,23.39790051778158,0.0012882542250736
2006-11-25,4.93574,21.97572161356612,0.0008583068797918
2006-11-26,4.836158888888889,21.88297742207845,0.0008583068797918
2006-11-27,4.85471,21.820502853393577,0.0012934207802572
2006-11-28,4.8008677777777775,22.744294738769558,0.0008523463179699
2006-11-29,4.226258888888889,23.129167811075888,0.0
2006-11-30,4.465386666666666,22.910363133748376,0.0
2006-12-01,4.703994444444445,22.49626502990725,0.0008523463748133
2006-12-02,4.684775555555556,22.75525817871096,0.0017285346416429
2006-12-03,4.687968888888889,23.239722824096702,-5.960430371487746e-06
2006-12-04,4.641792222222223,23.828599548339863,0.0
2006-12-05,4.227178888888889,24.02584546407064,0.0025596290811336
2006-12-06,4.291818888888889,23.709169642130576,0.0043243168761364
2006-12-07,4.534953333333333,22.24457384745284,0.0025861809263005
2006-12-08,4.516621111111111,21.561069107055687,0.0017042641502484
2006-12-09,4.269816666666666,22.281779861450214,0.0008748669984015
2006-12-10,4.62682,20.547270075480185,0.0008523463179699
2006-12-11,4.677081111111111,19.73519477844241,0.0
2006-12-12,4.694607777777778,20.1048357645671,0.0025781882868614
2006-12-13,4.638684444444444,21.059843317667685,0.0042739029595395
2006-12-14,4.5118833333333335,22.34756685892745,0.0012920657468384
2006-12-15,4.300357777777778,22.251713689168295,0.0008374452136195
2006-12-16,4.527686666666667,22.8677968343099,0.0
2006-12-17,4.540883333333333,22.474394098917685,0.0021274115056257
2006-12-18,4.626117777777778,21.76685485839846,0.0008702277796146
2006-12-19,4.594188888888889,21.763788477579794,0.0008523463179699
2006-12-20,4.602441111111111,21.65840555826827,0.0012904404798064
2006-12-21,4.59153,21.763411458333337,0.0008523463179699
2006-12-22,4.599372222222223,21.90422592163088,0.0
2006-12-23,4.510265555555556,22.45315068562826,0.001710653293685
2006-12-24,4.477003333333333,23.360993957519558,0.0017228034039362
2006-12-25,3.805196666666667,23.5887275695801,0.0
2006-12-26,4.418023333333333,23.175223922729515,0.0012867052419096
2006-12-27,4.470197777777778,21.819396591186543,0.0034329478353356
2006-12-28,4.54189,22.22702687581381,0.0008679976417624
2006-12-29,4.546212222222223,22.757697677612327,0.0008523463179699
2006-12-30,4.592547777777778,21.578937149047874,0.0012878960546913
2006-12-31,4.706033333333333,20.16260935465499,0.0012889570939478
2007-01-01,4.539101111111111,20.937563832600915,0.0008455879765278
2007-01-02,4.434303333333333,21.13079668680831,0.0008507597044626
2007-01-03,4.656042222222222,19.976697540283222,0.0
2007-01-04,4.676575555555556,19.73933817545577,0.001281499748984
2007-01-05,4.751117777777778,19.324060058593773,0.0004351138045421
2007-01-06,4.787615555555556,19.20527038574221,0.0021576881295004
2007-01-07,4.72989,20.2380252838135,0.0012814988963327
2007-01-08,4.720652222222222,20.650560633341517,0.000861793353124
2007-01-09,4.73077,20.9255252838135,0.0004351138045421
2007-01-10,4.834502222222223,19.969379043579124,0.0021457671550706
2007-01-11,4.853092222222222,19.431890106201195,0.0
2007-01-12,4.9097888888888885,19.24455858866378,0.0012934207802572
2007-01-13,4.9339088888888885,19.17447942097982,0.0
2007-01-14,4.911835555555555,19.51832542419436,0.0017379282439833
2007-01-15,4.9706166666666665,19.54812266031905,0.0012933451216667
2007-01-16,4.888565555555555,19.953893915812216,0.0004351138045421
2007-01-17,5.04345,20.644987996419275,0.0012930256616527
2007-01-18,5.010512222222222,20.828072484334317,0.000843800705752
2007-01-19,5.030017777777778,21.01345914204916,0.0
2007-01-20,5.0367444444444445,21.022145207722986,0.0
2007-01-21,5.023343333333333,20.4423767089844,0.0
2007-01-22,5.114066666666667,19.63197479248049,0.0
2007-01-23,5.1733633333333335,20.18400599161788,0.0021498507294381
2007-01-24,5.169138888888889,21.314975992838583,0.0012647720950553
2007-01-25,5.122778888888889,22.22667020161947,0.0017189994423461
2007-01-26,5.03171,22.83673884073897,0.0
2007-01-27,5.112673333333333,23.153832372029623,0.001716613667213
2007-01-28,4.837974444444445,24.366594568888388,0.0012844493539887
2007-01-29,4.140983333333334,25.02690213521322,0.2184510231018066
2007-01-30,4.8197544444444445,25.179196294148767,0.0013887881209484
2007-01-31,5.111621111111111,24.459589258829794,0.0012874602361989
2007-02-01,5.434147777777778,22.613544082641624,0.0004351138045421
2007-02-02,5.402508888888889,22.0743398030599,0.0
2007-02-03,5.442862222222222,21.900296147664392,0.0008523463179699
2007-02-04,5.37926,22.506982421875023,0.0021634596123476
2007-02-05,5.453432222222222,23.280589675903343,0.0055531645557493
2007-02-06,5.318014444444445,23.816822942097986,0.000879168112533
2007-02-07,5.096925555555556,24.206415430704794,0.0
2007-02-08,5.497364444444444,24.033973312377952,0.0
2007-02-09,5.48415,24.77770067850753,2.9802322387695312e-05
2007-02-10,5.123963333333333,23.73178062438967,0.4368305205275646
2007-02-11,5.41864,22.34928029378256,0.0200957059810491
2007-02-12,5.601075555555555,21.53069712320968,0.00172069240989
2007-02-13,5.122166666666667,21.853669738769558,0.0025545662083459
2007-02-14,5.13355,21.636540985107445,0.0017195934560731
2007-02-15,5.614535555555555,21.82112592061361,0.0008523463179699
2007-02-16,5.735654444444444,22.637221272786466,0.0
2007-02-17,5.666034444444445,23.300574874877952,0.0017106532368416
2007-02-18,5.708708888888889,23.940599060058616,0.0017236084772775
2007-02-19,5.819694444444444,24.755740102132165,-5.960430371487746e-06
2007-02-20,5.863244444444445,25.82099876403811,0.0021457663024193
2007-02-21,5.843045555555555,26.60172805786135,0.0004261732051702
2007-02-22,5.507862222222222,26.80421473185225,0.0008553265615773
2007-02-23,5.479853333333334,26.827786382039392,0.0004410744232075
2007-02-24,5.454632777777777,26.32011502583822,0.0593900676904013
2007-02-25,6.108788888888889,24.519435501098656,0.0021517271306947
2007-02-26,6.122762777777778,24.74078458150228,-5.960828275419772e-06
2007-02-27,6.167246666666666,24.52748069763186,0.0008523463179699
2007-02-28,6.178569444444444,24.43593559265139,0.0024332674684046
2007-03-01,5.210926111111111,23.86838684082033,0.0932991504214442
2007-03-02,6.363321111111111,22.64468981424972,0.001716613667213
2007-03-03,6.328610555555556,23.930804189046228,0.0008583068833445
2007-03-04,6.373915460069444,25.383438364664755,0.0034451477404218
2007-03-05,6.438787378472222,25.63220303853353,0.0017166134007595
2007-03-06,6.489469722222222,25.280051167805997,0.0008583068833445
2007-03-07,6.603938958333333,24.65581156412765,0.0017195939108205
2007-03-08,6.588025243055555,24.57194290161135,0.0008523463179699
2007-03-09,6.483518125,25.28348312377932,0.0004351138045421
2007-03-10,6.416079756944445,25.473788833618187,0.0
2007-03-11,6.404514618055556,26.643671290079794,0.5205750464938319
2007-03-12,6.351593072916667,26.545824305216517,2.9802322387695312e-05
2007-03-13,5.523654149305556,24.98858985900881,1.1705160131896264
2007-03-14,6.786607065972222,25.02628097534182,0.0016987223716569
2007-03-15,6.774336753472222,25.81715100606283,0.0
2007-03-16,6.804800555555556,26.676763153076195,0.0034272669040547
2007-03-17,6.772457274305555,27.997185643514,0.0
2007-03-18,6.771855694444445,29.48233311971029,0.0008523463179699
2007-03-19,6.617086041666667,29.62432696024581,0.0
2007-03-20,6.606468263888889,28.379587427775107,0.003163325686728
2007-03-21,6.836366145833333,26.89966735839846,0.0004173932275364
2007-03-22,6.924143888888889,26.27055702209475,0.0004261732087229
2007-03-23,7.031057222222223,27.17928911844893,0.001283027700083
2007-03-24,6.983795555555556,28.17637659708663,1.4523493518936448e-06
2007-03-25,7.027520555555555,28.661395009358728,0.0008523463748133
2007-03-26,7.113133888888889,29.242699559529623,0.0017157910292553
2007-03-27,7.172643333333333,30.200495020548544,0.002161215036267
2007-03-28,7.197866111111111,30.74529927571615,0.0004351138045421
2007-03-29,7.198383333333333,30.83149553934737,0.0
2007-03-30,7.132822777777778,31.330696360270224,0.0017124722830885
2007-03-31,6.943231666666667,31.7199366251628,0.0021457663024193
2007-04-01,7.083489444444444,30.50645472208663,0.0021451001543937
2007-04-02,7.320465,29.62230517069503,0.0008555837780477
2007-04-03,7.453057777777778,29.321836090087917,0.0012946352967446
2007-04-04,7.39079,30.250389353434286,0.0008523463179699
2007-04-05,7.32178,31.42156244913741,0.0004351138613856
2007-04-06,7.111785,32.37386601765951,0.0034156764172621
2007-04-07,7.298876111111111,31.632366434733115,0.0012814998058274
2007-04-08,7.334795,31.574184036254906,0.0
2007-04-09,7.3208794444444445,31.65936559041341,0.0012874602361989
2007-04-10,7.340245555555556,31.944710032145224,0.0
2007-04-11,7.438198333333333,31.556930160522484,0.0
2007-04-12,7.431,30.1453573862712,0.0013392610185292
2007-04-13,7.355590555555556,30.206399536132835,0.0008523463748133
2007-04-14,7.340448333333334,31.78923695882162,0.0017046928064701
2007-04-15,6.95082,33.066653188069665,0.0055462120940319
2007-04-16,7.068233333333334,33.23383928934737,0.0
2007-04-17,7.381587777777778,32.87768961588546,0.001710653293685
2007-04-18,7.391565,32.05338567097982,0.0004274206411025
2007-04-19,7.37263,32.47005615234377,0.2320706844329834
2007-04-20,6.804485,31.435555394490564,1.185792959063292
2007-04-21,7.521530555555556,30.628874079386435,0.0008523463179699
2007-04-22,7.558978333333333,30.056780751546228,0.0
2007-04-23,7.57746,29.914481735229515,0.0008523463179699
2007-04-24,7.518116111111111,30.43777554829916,0.0030088123708083
2007-04-25,7.581271111111111,31.32318013509115,4.2074930206581485e-06
2007-04-26,7.671717777777777,32.53909708658858,0.001742350434597
2007-04-27,7.575307777777778,33.19953053792318,0.0008583068797918
2007-04-28,7.569285555555555,33.04375356038412,0.0008523463179699
2007-04-29,7.254905555555555,33.170948282877646,0.0017225742112714
2007-04-30,7.081340555555555,33.19637324015304,0.0012900935075776
2007-05-01,7.169482222222222,33.34049886067709,0.001710653293685
2007-05-02,7.618463888888889,34.15861663818362,2.4186647351598367e-05
2007-05-03,7.499132777777778,33.8617931365967,0.0
2007-05-04,7.664241111111111,32.44160423278811,0.0008523463748133
2007-05-05,7.507045555555556,33.596966044108115,0.0
2007-05-06,7.31697,34.12271842956545,0.735032558338844
2007-05-07,7.445795555555556,32.53231074015304,0.0004351138613856
2007-05-08,7.562432777777778,31.482365544637048,0.0
2007-05-09,7.593415555555556,32.13374608357748,0.0008583068797918
2007-05-10,7.566384444444444,33.553936258951865,0.003439187821641
2007-05-11,7.745351111111111,33.162443415323935,0.0008523463179699
2007-05-12,7.677535555555555,32.29626108805343,0.0017225742290349
2007-05-13,7.552178888888889,32.20772768656417,0.0008523463748133
2007-05-14,7.553218888888889,32.12073097229006,0.0
2007-05-15,7.532312222222222,32.015070215861044,0.0017195939676639
2007-05-16,7.636753333333333,31.958652750651083,0.0016918118603825
2007-05-17,7.456797777777778,32.402202860514365,0.0015735626170965
2007-05-18,7.472672222222222,32.81975453694662,0.0034301272648917
2007-05-19,7.493456666666667,32.74868990580245,0.0004410743699168
2007-05-20,7.453862222222222,32.69244410196944,0.0
2007-05-21,6.940181111111111,32.37864583333334,0.0878453253676525
2007-05-22,7.360458888888889,32.12833175659182,0.0060691452290484
2007-05-23,7.603047777777777,32.057843144734704,1.788140480130096e-05
2007-05-24,7.617828888888889,32.2098264058431,0.00259355789467
2007-05-25,7.583029444444445,31.78277676900228,0.0029131131213944
2007-05-26,7.41421,31.868023173014365,0.000441074366364
2007-05-27,7.630884444444445,31.96900901794436,0.0012974634842066
2007-05-28,7.102452222222222,32.245770390828454,0.0025749204723979
2007-05-29,6.858333333333333,32.12414258321127,0.0531519256128376
2007-05-30,6.9034233333333335,33.50309333801272,0.0004947184493175
2007-05-31,7.123316666666667,35.09486351013186,0.1159518956228566
2007-06-01,6.790237777777778,35.217003758748376,0.6514549255030033
2007-06-02,7.056752222222222,34.89154141743978,0.0595151069546773
2007-06-03,5.042163333333334,32.3797654469808,0.0
2007-06-04,4.027908888888889,30.36691818237307,2.693384885787964
2007-06-05,5.693296666666667,31.89934120178225,0.3856450318835414
2007-06-06,6.057524444444445,33.12598826090499,0.1234062155113235
2007-06-07,6.047764444444445,33.50883700052901,0.0
2007-06-08,7.0102166666666665,33.784731801350915,0.0
2007-06-09,6.946923333333333,33.41687990824386,0.0017046928064701
2007-06-10,7.127081111111111,33.69963289896651,0.0
2007-06-11,6.9946866666666665,33.82541427612307,0.0478804110457531
2007-06-12,7.156221111111111,33.59754651387533,0.0025601175366318
2007-06-13,7.0252944444444445,33.69715779622396,9.094947017729282e-07
2007-06-14,6.49685,33.28190511067709,0.0009685754776
2007-06-15,5.403806666666667,31.54253476460775,4.925930500025544
2007-06-16,5.498246666666667,30.89907162984213,1.520255208010468
2007-06-17,5.329502222222223,30.874087270100915,0.1030855593171509
2007-06-18,5.815887777777778,31.255954996744837,0.7601916789958807
2007-06-19,5.437862222222222,30.633168792724632,4.689222574143059
2007-06-20,5.125367777777778,31.18288383483889,3.376561403172218
2007-06-21,4.946197777777778,30.41700515747073,9.077617294053653
2007-06-22,5.239268888888889,31.536082204182943,7.755112647828355
2007-06-23,6.585017777777778,34.16641006469729,0.0429689884136053
2007-06-24,2.8338644444444445,28.90027453104659,7.55588403285401
2007-06-25,3.285345555555556,28.209490076700888,7.052611412063925
2007-06-26,5.148374444444444,29.4070818583171,2.833479642863068
2007-06-27,5.323536666666667,29.764161046346032,1.3757795095443726
2007-06-28,5.10776,29.558368301391624,1.389557123182783
2007-06-29,4.312234444444444,28.66945037841799,15.27322607989845
2007-06-30,4.360555555555556,28.70051536560061,35.586997866630554
2007-07-01,4.492276666666666,28.722812906901083,72.63913436281655
2007-07-02,1.8392677777777775,27.24354960123702,146.96797728538513
2007-07-03,0.5495288888888888,26.35907897949221,100.94481706619264
2007-07-04,1.9563611111111112,27.260858790079794,16.862644290654316
2007-07-05,4.499748888888889,28.562204615275107,4.530754685220018
2007-07-06,1.863641111111111,28.2553427378337,2.292335033416748
2007-07-07,3.294783888888889,28.849453862508145,4.030424356358253
2007-07-08,2.452236111111111,27.689436213175497,8.392357826231489
2007-07-09,1.5589755555555556,26.843598937988304,21.494492888450623
2007-07-10,3.3560922222222223,27.540137227376302,21.42183482646942
2007-07-11,4.550035555555556,28.71156145731612,1.6192495822906494
2007-07-12,5.254236666666666,28.487509028116904,6.584254111487553
2007-07-13,4.697315555555556,29.10257047017416,1.1433434047098956
2007-07-14,4.751943333333333,29.080621337890648,1.1067479848811956
2007-07-15,4.642580555555556,28.95846328735354,0.7236050695951235
2007-07-16,4.937452222222222,28.98480186462405,0.5854579042647856
2007-07-17,5.37249,28.8000420888265,0.2464950084686279
2007-07-18,5.378938333333333,28.433484649658222,2.17998027773092
2007-07-19,4.973108333333333,28.312823232014978,1.505696773524079
2007-07-20,5.054532777777778,28.29044748942061,0.8815258740924037
2007-07-21,5.088674444444444,28.431200917561853,0.2930003437882078
2007-07-22,5.832908333333333,28.28411763509115,1.2948662085250362
2007-07-23,5.434761666666667,28.387459691365564,0.8537274941318174
2007-07-24,5.719491111111111,29.126365915934286,0.7371724728386653
2007-07-25,4.733022777777777,28.719688669840536,6.374120712280273
2007-07-26,3.4615988888888887,29.2764717102051,1.8164366483688357
2007-07-27,4.0059466666666665,28.354037857055687,11.81119084357718
2007-07-28,3.4784872222222223,26.93634630839034,19.404351711273197
2007-07-29,3.2628761111111118,27.527459081014,7.162109017372131
2007-07-30,1.7034844444444444,27.089315668741904,11.86517775058249
2007-07-31,5.090713333333333,28.538183466593463,4.31631505483665
2007-08-01,4.6760166666666665,28.05373725891116,10.778122225190144
2007-08-02,4.018601666666667,27.66680170694991,11.945873498916626
2007-08-03,2.985046111111111,27.078173573811853,20.50793468941947
2007-08-04,3.5150805555555555,27.07378349304201,26.63774946535113
2007-08-05,2.3563555555555555,26.446943537394247,50.21181106565109
2007-08-06,2.6849877777777778,26.669339116414392,30.674880742935784
2007-08-07,2.28127,26.943159993489587,71.43201978817615
2007-08-08,0.9897266666666666,25.63716532389327,43.43089688029522
2007-08-09,2.809136666666667,27.158842341105185,5.504041910171509
2007-08-10,3.889022222222222,27.34847857157393,0.6197333335649091
2007-08-11,3.262914444444444,27.424753443400107,1.1805852585098364
2007-08-12,4.009643333333333,27.61425615946456,3.8250598371973865
2007-08-13,3.2550077777777777,27.761123911539755,1.435619592598414
2007-08-14,3.6663394444444446,28.12607663472494,1.2050330637976003
2007-08-15,3.817433888888889,28.01246032714846,2.0174061631905715
2007-08-16,4.284078333333333,27.952841059366904,1.8815080817375929
2007-08-17,4.224665,27.909302012125693,1.359092663562933
2007-08-18,4.444540555555555,28.073561604817712,1.316362619398603
2007-08-19,4.5299016666666665,28.340921020507835,1.2054890394210815
2007-08-20,4.422676111111112,28.15929247538253,0.9868741035461426
2007-08-21,1.0595344444444443,24.49416885375979,18.000187814323
2007-08-22,3.9296055555555554,26.785960769653343,0.4338115450082114
2007-08-23,5.004593888888889,27.760505294799827,0.8749961853027344
2007-08-24,5.187827777777778,28.041148757934597,0.3460617234054552
2007-08-25,5.607515,28.716906483968103,0.3395974636077881
2007-08-26,5.72131,29.01488711039229,1.7631411551519705
2007-08-27,3.957918333333333,27.94260241190597,20.072826743103175
2007-08-28,2.0443611111111117,26.89138882954916,7.463547587292396
2007-08-29,1.7340066666666667,26.077670669555687,21.16691057437947
2007-08-30,2.6843227777777776,26.50497271219893,31.78569082189142
2007-08-31,3.9247566666666662,27.631291961669945,5.44493794441081
2007-09-01,2.687553333333333,26.70403188069662,12.71542310704632
2007-09-02,2.839673888888889,27.38806559244796,10.06579399097518
2007-09-03,2.8784294444444445,27.23123703002932,6.045058369636536
2007-09-04,3.710656111111111,28.09949963887533,5.438745021820068
2007-09-05,4.193753888888889,28.09257596333822,1.742202043431007
2007-09-06,3.126630555555556,27.19997940063479,12.811511754989624
2007-09-07,4.673737777777778,28.156453704834007,0.3540068864822387
2007-09-08,5.0505233333333335,27.77149416605636,0.3349661826632655
2007-09-09,5.475374444444444,27.60412686665853,0.3409773111293646
2007-09-10,5.259640555555555,27.783311462402366,0.1226514577297166
2007-09-11,5.214633888888889,27.453701909383145,0.409308075802528
2007-09-12,5.337905,27.55903587341311,0.2818405628204345
2007-09-13,4.987005555555555,27.44377733866378,0.2277016638636553
2007-09-14,5.289506111111111,27.43732414245608,0.1103592405229392
2007-09-15,4.399928888888889,27.256686782836937,0.108954530446681
2007-09-16,4.777915555555556,27.31129480997725,0.0801920890580731
2007-09-17,5.12203,27.96542638142904,0.0796884298210898
2007-09-18,5.966490555555556,28.94650929768881,0.0221972001099857
2007-09-19,5.702838333333333,29.044250106811543,2.4334490299224854
2007-09-20,4.395058333333333,28.407189305623376,4.18497622013092
2007-09-21,2.3192477777777776,26.85088691711428,16.34479463099936
2007-09-22,4.426616111111112,27.630703862508145,17.31705665588379
2007-09-23,3.615892593315972,27.1632960001628,5.256205797195435
2007-09-24,2.837236104600694,26.796518580118857,23.54686684020635
2007-09-25,0.9975109375,25.32428703308108,59.85968708991507
2007-09-26,2.2155259722222223,25.85822130839034,13.850736617939674
2007-09-27,3.504473055555556,26.693076070149743,1.2206524610292036
2007-09-28,6.031808454861111,27.59099349975588,0.0015825032164684
2007-09-29,5.986710538194444,26.58802693684896,0.001301424902067
2007-09-30,5.820040972222222,26.245697911580407,-1.292750084758154e-05
2007-10-01,5.301758611111112,26.72111091613772,0.0008702277227712
2007-10-02,5.607573038194444,26.875458653767907,0.0008523463179699
2007-10-03,6.245963038194445,25.554900105794275,0.0012855265936195
2007-10-04,6.06082109375,25.474532699584984,0.0
2007-10-05,6.24442984375,24.81987152099612,0.0017084420846913
2007-10-06,6.15539234375,25.16332842508956,0.0008583068797918
2007-10-07,6.1442528125,25.82934087117513,0.0004351138045421
2007-10-08,5.745256469184028,26.154419199625693,2.9802322387695312e-05
2007-10-09,5.815918185763889,26.223879750569665,0.2064406871795654
2007-10-10,5.38135888888465,26.782255427042685,0.2401202916075817
2007-10-11,5.534536666666667,27.51843922932943,0.0206232070922851
2007-10-12,5.510695,27.81168772379561,0.0004261732051702
2007-10-13,5.715828888888889,27.280378595988,0.002578740577519
2007-10-14,5.310631111111111,26.878313318888388,0.0017196664998664
2007-10-15,5.532695,26.11549339294436,0.0008523463179699
2007-10-16,5.812242222222222,26.171526845296228,0.0017106548853007
2007-10-17,5.97596,25.69483591715499,0.001710653293685
2007-10-18,5.973056111111111,24.518420155843103,0.0008523463179699
2007-10-19,5.964449444444444,24.660593287150107,0.0
2007-10-20,5.902165555555555,24.64946772257491,0.0
2007-10-21,5.892842222222222,24.576906458536826,0.0
2007-10-22,5.79071,24.89640388488772,0.0025689600988698
2007-10-23,5.611538888888889,24.43642705281576,0.0004458558642284
2007-10-24,5.503208888888889,25.871536509196005,0.0030100345043138
2007-10-25,5.595447777777777,26.389788564046228,0.0004351138045421
2007-10-26,5.64018,25.666288630167685,0.0017195939108205
2007-10-27,5.58585,26.000352478027366,0.0017202287381223
2007-10-28,5.555461111111111,26.362987136840843,-3.0639739634352736e-06
2007-10-29,5.499416666666667,26.328775024414085,0.0
2007-10-30,5.477432222222222,26.78932914733889,0.0008523463748133
2007-10-31,5.4691133333333335,26.52315483093264,0.0
2007-11-01,5.2461633333333335,27.754260635376,0.0017417861499779
2007-11-02,5.079502222222223,28.11146697998049,0.0008404254003835
2007-11-03,5.019082222222222,28.383039728800497,0.0027894972731701
2007-11-04,4.195032222222222,28.022287623087607,0.5620930562599824
2007-11-05,5.168863333333333,27.624024327596032,0.0004417856303007
2007-11-06,5.210094444444445,27.010466512044275,0.0008583068833445
2007-11-07,5.21361,26.703324254353845,0.0
2007-11-08,5.117132222222223,26.83660024007162,0.0008583068620282
2007-11-09,5.019908888888889,26.67451184590658,0.0008702277227712
2007-11-10,5.122216666666667,27.00657043457033,0.0004351138045421
2007-11-11,5.135488888888889,26.907772318522177,0.000854523250382
2007-11-12,5.120917777777778,25.93555984497073,0.0004351138045421
2007-11-13,5.117461111111111,24.62837181091311,0.0
2007-11-14,5.087707777777778,24.71430358886721,0.0004351138045421
2007-11-15,5.0202,25.28508593241378,0.0
2007-11-16,5.045915555555555,25.048958714803064,0.0025764236397662
2007-11-17,5.1077288888888885,23.74942677815756,0.0012874602361989
2007-11-18,5.108384444444445,22.97353070576986,0.0008580056487517
2007-11-19,5.064755555555555,22.911878840128622,0.0004351138613856
2007-11-20,5.053081111111111,22.65387878417971,0.0012904404798064
2007-11-21,5.037038888888889,22.62103869120284,0.0004351138045421
2007-11-22,5.003126666666667,23.174913660685263,0.003010504769918
2007-11-23,4.977415555555556,23.108250554402677,0.001281499748984
2007-11-24,4.9494066666666665,23.081524785359704,0.0008523463179699
2007-11-25,4.937911111111111,22.79032669067385,0.0004261732051702
2007-11-26,4.930568888888889,22.483679072062216,0.0008702277796146
2007-11-27,4.866632222222222,22.22360827128097,0.0
2007-11-28,4.575538888888889,22.2335201263428,0.0008523463748133
2007-11-29,4.533515555555556,21.84506759643557,0.0
2007-11-30,4.63936,22.154299672444665,0.000441074366364
2007-12-01,3.837171111111111,23.61317405700686,0.0004351138045421
2007-12-02,3.517081111111111,23.49616648356124,0.0595301389694213
2007-12-03,4.66075,22.108756637573265,0.0
2007-12-04,4.439916666666667,22.46184883117678,0.0008553266184208
2007-12-05,4.213232222222223,22.506385421752952,0.0
2007-12-06,4.042612222222222,22.028845723470056,0.0012934207234138
2007-12-07,4.569532222222223,21.339527384440142,1.2027101092826342e-05
2007-12-08,4.609557777777778,21.143319066365564,0.0004291534310141
2007-12-09,4.581353333333333,21.484833017985068,0.0
2007-12-10,4.547755555555556,21.57860844930013,0.0008523463179699
2007-12-11,4.335927777777778,21.515737152099632,0.0012714303352368
2007-12-12,4.143377777777777,20.132146453857445,0.0141054391811223
2007-12-13,4.680862222222222,18.98922182718917,0.0004351138045421
2007-12-14,4.691051111111111,18.82672462463381,0.0008523463179699
2007-12-15,4.613946666666667,18.74349937438967,0.0004351138613856
2007-12-16,4.593736666666667,19.95399373372396,0.0
2007-12-17,4.538358888888889,20.955182011922204,0.0008523463179699
2007-12-18,4.563996666666666,20.786724344889365,0.0012904405366498
2007-12-19,4.586046666666666,20.464180882771814,0.0004351138045421
2007-12-20,4.591447777777778,20.924404398600306,0.0012934207802572
2007-12-21,4.577631111111111,21.36623916625979,0.0008702277227712
2007-12-22,4.622278888888889,21.59025217692061,0.0034396671253489
2007-12-23,4.481886666666667,22.05276133219405,0.0004258370154275
2007-12-24,4.42396,22.83287836710616,0.0
2007-12-25,4.410625555555556,22.94640248616537,0.000835702508084
2007-12-26,4.535216666666667,21.657091395060263,0.0008523463179699
2007-12-27,3.306756666666667,20.274529393514,0.0
2007-12-28,4.61594,19.7587994893392,0.0008523463179699
2007-12-29,4.799434444444445,18.75115928649905,0.000851909760513
2007-12-30,4.770732222222223,18.822270965576195,0.0
2007-12-31,4.760492222222222,19.23737742106124,0.0004351138045421
2008-01-01,4.731238888888889,18.84841372172042,0.0012962723872078
2008-01-02,4.708144444444445,19.78933995564779,0.0004351138045421
2008-01-03,4.712101111111111,19.938961283365927,0.0012755393754559
2008-01-04,4.657625555555556,20.331396993001302,0.0034293134376639
2008-01-05,4.6426533333333335,21.60297800699874,0.0008592402878093
2008-01-06,4.665184444444445,22.301102574666345,0.000435113918229
2008-01-07,4.657681111111111,23.78961334228518,0.0012844800494349
2008-01-08,4.5522744444444445,22.71288197835287,0.00214361119788
2008-01-09,4.662595555555556,22.1597724914551,0.0008553266184208
2008-01-10,4.676383333333333,20.485535558064782,0.0004351138613856
2008-01-11,4.817158888888889,19.267466481526696,0.0008583068051848
2008-01-12,4.778321111111112,20.477316792805997,0.0008523463179699
2008-01-13,4.822877777777777,20.64437192281088,0.0
2008-01-14,4.887551111111111,21.14721514383956,0.0004351138613856
2008-01-15,4.904315555555556,21.747632598876976,0.0
2008-01-16,4.82837,22.576189295450888,0.0008702277227712
2008-01-17,4.650672222222222,22.75756352742513,0.0021324528347577
2008-01-18,4.932706666666666,19.638745880126976,0.001269578888241
2008-01-19,5.158205555555556,17.734881337483728,0.0008583068833445
2008-01-20,4.640392222222222,17.506896591186546,0.0004351138045421
2008-01-21,5.13042,18.092755254109704,0.0017252444308724
2008-01-22,5.098397777777778,18.13034909566244,0.0034362525980213
2008-01-23,5.097958888888889,17.233063634236657,0.0012952755810147
2008-01-24,5.182886666666667,17.31921221415206,0.0
2008-01-25,5.263008888888889,16.720684305826865,0.0021413343347376
2008-01-26,5.253863333333333,16.534447606404626,0.0008593303277848
2008-01-27,5.2813477777777775,16.941142654418968,0.0021517271306947
2008-01-28,5.127606666666667,18.28165969848635,0.0034302456697332
2008-01-29,4.602765555555556,20.091666793823265,0.0387724730899208
2008-01-30,5.325511111111111,18.98324165344241,0.0
2008-01-31,5.491731111111111,17.956199900309286,0.0004351138045421
2008-02-01,5.478557777777778,17.638244883219443,0.0
2008-02-02,4.771612222222222,20.4243103027344,0.0880658626556396
2008-02-03,5.471713888888889,17.284556325276696,0.0012844971024605
2008-02-04,5.550887777777778,15.804116185506189,0.0004380770519674
2008-02-05,5.563125555555556,15.78436940511068,0.0008523463179699
2008-02-06,5.096913333333333,15.233127212524437,0.0008523463179699
2008-02-07,5.7054,13.586469904581747,0.0008523463179699
2008-02-08,5.774986666666667,15.011984125773154,0.0017088983099711
2008-02-09,5.789485555555555,16.12585029602053,2.128308551618829e-05
2008-02-10,5.795108888888889,16.678467051188193,0.0008642672923997
2008-02-11,5.860706666666666,17.681899007161462,0.0004351138045421
2008-02-12,5.938288888888889,18.48476689656576,0.0038623802538495
2008-02-13,5.999554444444445,18.50051587422689,0.001281499748984
2008-02-14,5.876785555555555,20.24275614420577,0.0004351138045421
2008-02-15,5.871922222222223,21.32304534912112,0.0012993811537853
2008-02-16,5.900486111111111,22.250844573974632,0.000876489195889
2008-02-17,6.000193888888889,21.966470972696985,0.001722574154428
2008-02-18,5.913585555555556,22.93401171366378,0.0012695789450845
2008-02-19,5.999874444444444,23.847905095418295,0.0004351138045421
2008-02-20,6.050831111111111,23.355757013956747,0.0017225742112714
2008-02-21,6.05688,23.963740285237638,0.0004291532604838
2008-02-22,6.094815555555556,23.407832082112638,0.0008583068833445
2008-02-23,5.958809444444444,22.8425225575765,0.0034272532403178
2008-02-24,6.281282222222222,22.31459197998049,0.0012993812106287
2008-02-25,6.248123888888889,23.257958984375023,0.0004172324743478
2008-02-26,6.410773333333333,22.368503189086937,0.0008555879276173
2008-02-27,6.43351,23.13929456075033,0.0012796163559869
2008-02-28,6.433875,24.206359481811543,0.0008378362394978
2008-02-29,6.425843888888889,24.81399561564132,0.0034539003763711
2008-03-01,6.488287222222223,24.47399037679037,0.0017374753156218
2008-03-02,6.46856,24.532341893514,0.0008702277227712
2008-03-03,6.387204919230143,25.598069763183616,0.0008583068620282
2008-03-04,6.462836462673611,25.97625630696615,0.0
2008-03-05,6.495852565104166,25.72618128458663,0.0008583068051848
2008-03-06,6.552229583333333,25.81066157023116,0.0017359807316097
2008-03-07,6.538400572916666,25.05984268188479,0.001716613667213
2008-03-08,6.524715399305555,25.79646008809408,0.0008642664397484
2008-03-09,6.581904565972223,27.163444137573265,0.0
2008-03-10,5.073353090277778,28.643463389078818,0.0008523463748133
2008-03-11,4.6210213541666665,28.448796208699548,0.0101536512033817
2008-03-12,5.354301753472222,27.34100176493331,0.6751298903395764
2008-03-13,6.044528107638889,27.57237141927084,0.0060647726058959
2008-03-14,6.602213680555556,28.11366424560549,0.0
2008-03-15,6.719945798611112,28.082806523640954,0.0012817464494219
2008-03-16,6.742904444444444,28.504364903767907,0.0
2008-03-17,6.802416666666667,28.420116043090843,0.0008523463179699
2008-03-18,6.9173578125,27.637486394246423,0.0008650424092593
2008-03-19,7.005015347222222,25.769193903605185,0.0012758528100675
2008-03-20,6.969479109225803,28.098245239257835,0.0012864447853644
2008-03-21,7.10767,28.09606768290206,0.0017136326277977
2008-03-22,7.104053888888889,27.84717458089193,0.0012904405366498
2008-03-23,7.033549444444445,29.094251887003622,0.0
2008-03-24,6.585362777777778,28.32638511657717,0.0045299530029296
2008-03-25,6.817115,28.605380630493187,0.0043069767343695
2008-03-26,6.664179444444445,28.724741236368857,0.0469154499000978
2008-03-27,6.636558333333333,29.307354227701865,0.05379319190979
2008-03-28,7.0915944444444445,30.34717775980636,0.0008523463179699
2008-03-29,7.106868888888889,29.854322052001976,0.0008553265615773
2008-03-30,5.825693333333334,28.548360443115257,0.0008523463179699
2008-03-31,7.219975555555555,26.24432080586752,0.0012904404798064
2008-04-01,7.032948333333334,26.81519851684573,0.0008523463179699
2008-04-02,7.176345,27.09851735432943,0.0004351138045421
2008-04-03,6.960485,26.518005625406943,0.0058114528656005
2008-04-04,5.704653333333333,25.3442207336426,2.080123732127958
2008-04-05,6.904623333333333,27.26563479105636,0.0908434390112233
2008-04-06,7.071016666666667,28.503924942016624,0.0
2008-04-07,6.432203888888889,29.29024149576827,0.0008583068833445
2008-04-08,6.900721666666667,29.83133214314779,0.0565648078918457
2008-04-09,6.877483333333333,30.993617630004906,0.0
2008-04-10,7.314543333333333,31.35397682189944,0.0012934207234138
2008-04-11,7.350493888888889,30.82835413614913,0.0004351138613856
2008-04-12,7.309203888888889,30.570601399739587,0.0008523463179699
2008-04-13,7.355074444444444,31.356333669026696,0.0
2008-04-14,7.424837777777777,30.994272486368857,0.0008583068797918
2008-04-15,7.553229444444445,30.50097173055013,0.0012935005884173
2008-04-16,7.367238333333334,30.710411326090536,0.0004351138045421
2008-04-17,7.598872222222222,30.47366294860842,0.0004351138045421
2008-04-18,7.707670555555556,29.94192212422689,0.0008583068797918
2008-04-19,7.69253,30.339432017008505,0.0008537209055248
2008-04-20,7.642195555555555,31.182125345865927,0.0
2008-04-21,7.555342777777778,31.850954945882165,0.0
2008-04-22,7.652936111111111,32.18387819925948,0.0017170234514196
2008-04-23,7.7038005555555555,31.37822812398275,0.0017295949987783
2008-04-24,7.636631111111111,32.250002797444665,0.0008466730037071
2008-04-25,7.622594444444444,32.87581914265951,0.0008523463179699
2008-04-26,7.611897777777778,33.43051681518557,0.0013008415749027
2008-04-27,7.693603888888889,32.60891304016116,0.0016902805555218
2008-04-28,7.769488333333333,31.77625935872396,0.0021374235643634
2008-04-29,7.693154444444445,31.061441040039085,0.0021308414375198
2008-04-30,6.842082222222222,31.557861582438196,0.0008653604481878
2008-05-01,7.223398888888889,31.83534711201986,0.0010609625746837
2008-05-02,7.541138888888889,31.058875656127952,0.0
2008-05-03,7.621871111111111,31.36464970906576,0.0017106532368416
2008-05-04,7.59623,30.840537007649743,5.6843418860808015e-11
2008-05-05,7.556507777777778,30.98562711079916,0.0005364418029785
2008-05-06,6.799643333333333,30.336274083455407,0.038703904635895
2008-05-07,7.42948,30.684238052368187,0.0008583068833445
2008-05-08,7.52028,31.262204106648767,0.0
2008-05-09,7.336721111111111,31.39687309265139,0.0008523463748133
2008-05-10,7.136102222222222,30.934225972493493,0.0033378601074218
2008-05-11,7.584730555555556,30.70851605733236,0.0
2008-05-12,7.583251666666666,30.981392796834317,0.0
2008-05-13,7.620716666666667,31.363696034749356,0.001713633480449
2008-05-14,7.573146666666666,31.61177787780764,2.9802436074533034e-06
2008-05-15,7.517576111111111,31.556812540690142,0.0025808810732996
2008-05-16,7.337685,31.836744562784872,0.0160932540893554
2008-05-17,7.296802777777778,31.86625124613448,0.0101570717312426
2008-05-18,7.560547777777778,31.94805742899581,0.0053066585223859
2008-05-19,7.498186666666666,31.88879547119143,0.0059615978784677
2008-05-20,7.414636111111111,31.91256167093917,0.0027894929530702
2008-05-21,7.259837777777777,32.108993148803734,0.004795193603968
2008-05-22,7.30794,32.201514180501306,0.0104367732660648
2008-05-23,7.20063,32.01207504272463,0.017706043081489
2008-05-24,7.578987777777778,31.921073532104515,0.0008642673492431
2008-05-25,7.671391111111111,32.022829945882165,0.0004202126433483
2008-05-26,7.502148888888889,33.250769551595056,0.0030547380447387
2008-05-27,7.455721666666666,33.7409715016683,0.0008577945891374
2008-05-28,7.391271666666666,32.914510981241904,0.0017188692140734
2008-05-29,7.49984,32.83848088582357,0.0034415124900988
2008-05-30,7.381148888888889,32.541968282063806,0.0011473894119262
2008-05-31,7.237683333333333,32.30281473795577,0.0
2008-06-01,7.180538888888889,32.29999122619631,0.0024321468004018
2008-06-02,6.360573333333333,32.447433090209984,0.0016927719457271
2008-06-03,7.264021111111111,32.850304539998376,0.0004261732051702
2008-06-04,7.119207777777778,33.36045862833663,0.003579258816444
2008-06-05,6.422086666666667,31.96870257059737,0.3402233123779297
2008-06-06,5.84176,30.909500376383505,0.8895337581407148
2008-06-07,5.621788888888889,30.002138392130576,1.5297770500133367
2008-06-08,5.749784444444445,30.547711308797204,1.5805214643478394
2008-06-09,4.44957,28.98287925720217,1.9014328718185425
2008-06-10,3.2309533333333333,28.73684844970705,2.158704399960243
2008-06-11,5.03415,29.23416671752932,11.672739559969614
2008-06-12,4.119647777777778,30.110462443033896,1.2588719537234283
2008-06-13,2.7895577777777776,27.995116806030296,4.423125767971214
2008-06-14,1.675198888888889,26.270101801554404,71.15101865292672
2008-06-15,5.312992222222222,29.10875027974447,0.0310242176055908
2008-06-16,5.060532222222222,29.584073003133145,0.2399712799956432
2008-06-17,4.873444444444444,29.67594553629561,0.394041463891881
2008-06-18,4.486201111111111,29.57741762797042,0.3397017716793016
2008-06-19,4.328065555555556,29.67437896728518,0.2073585987076853
2008-06-20,3.86614,29.86366678873702,0.2073943614959716
2008-06-21,5.001427777777778,30.125714238484704,0.2046125408128318
2008-06-22,4.84341,30.2835467020671,0.087955800211148
2008-06-23,4.545168888888889,30.29973500569662,0.1982632961698982
2008-06-24,4.295183333333333,30.4176072438558,0.2315968274615443
2008-06-25,5.01196,30.96971728007003,0.1694142817427746
2008-06-26,4.474707777777778,30.372668202718103,1.051652431385719
2008-06-27,3.4894422222222223,28.37774556477865,9.164779053094207
2008-06-28,4.128228888888889,28.704985555013025,3.9037197827269674
2008-06-29,4.3864,28.75192604064944,3.3731698989818426
2008-06-30,4.713191111111112,28.81778996785482,2.247387170786652
2008-07-01,2.567352222222222,28.160256958007835,21.818727254867557
2008-07-02,2.278477777777778,26.883791859944665,1.945793628692627
2008-07-03,4.153171111111111,27.84252510070803,5.487889051437378
2008-07-04,4.654556666666666,29.002011871337917,0.3163605928193647
2008-07-05,4.429823888888889,29.027368164062523,0.5551224644158026
2008-07-06,3.636906111111111,28.82319285074874,0.6083250045776367
2008-07-07,4.216530555555556,28.922690327962243,1.7727196216128505
2008-07-08,3.656143888888889,28.461425399780296,3.2144971901288955
2008-07-09,3.0770066666666667,28.22669626871749,1.7428338527629703
2008-07-10,2.9849377777777777,27.36450856526693,9.216511249540815
2008-07-11,0.8762122222222222,25.719211832682333,48.15188646313118
2008-07-12,1.879038888888889,26.689216868082724,6.464487314133294
2008-07-13,2.942153888888889,27.732763544718463,1.2724491573976593
2008-07-14,4.651675555555555,28.455028152465843,0.6882638120373485
2008-07-15,4.990323888888889,28.664791997273767,0.7316191359336699
2008-07-16,4.854204444444444,28.40419731140139,1.044390972765541
2008-07-17,4.531690555555556,28.270674006144247,0.713941454819178
2008-07-18,4.143211111111111,28.28307685852053,0.4484649452933809
2008-07-19,4.7892166666666665,28.587756729126,0.6952017545245326
2008-07-20,4.993853888888889,28.653564707438196,0.3451347351060008
2008-07-21,5.346123333333333,28.7126346588135,0.6442948225640066
2008-07-22,5.057216111111111,28.576450602213583,1.449734435936989
2008-07-23,4.858243333333333,28.975551223754906,0.1834243535085988
2008-07-24,5.087600555555556,29.17401529947921,0.457364320823217
2008-07-25,4.569908888888889,28.99997291564944,1.4326214790116865
2008-07-26,4.757796666666667,29.48268280029299,0.9182393550872804
2008-07-27,2.6064505555555555,27.56059608459475,21.746978163719177
2008-07-28,0.6016211111111112,25.573727544148767,112.05419898033142
2008-07-29,3.817830555555556,27.462385431925497,10.616609454153547
2008-07-30,1.955906666666667,26.80197804768881,3.438205943155026
2008-07-31,4.533758333333333,28.32678883870443,0.4676073789546819
2008-08-01,2.518605,27.121590550740564,2.655699849128723
2008-08-02,2.1012305555555555,25.927459971110068,13.784074041495842
2008-08-03,0.8267338888888889,25.39908561706545,24.400320859466973
2008-08-04,3.82562,27.103103892008505,5.729064345359802
2008-08-05,3.630087777777778,27.289277013142907,6.392940877958608
2008-08-06,2.900866111111111,27.17600529988607,2.4071247902561765
2008-08-07,3.9889022222222223,27.35086911519369,2.4874746799454783
2008-08-08,2.752193333333333,26.97638028462728,3.10458242893219
2008-08-09,2.954215,26.957575734456384,4.657566547393799
2008-08-10,3.3774866666666665,27.016365305582724,14.309674501419067
2008-08-11,1.5077794444444443,26.193258539835654,39.92003635255514
2008-08-12,0.3791861111111111,25.45492134094241,169.22006011009216
2008-08-13,1.705185,25.90487187703451,24.59290559107785
2008-08-14,2.171015,26.542558924357134,4.415422677993774
2008-08-15,3.173001111111111,27.551543172200525,1.5829712151571584
2008-08-16,4.284911111111111,27.844042714436853,1.3566493987013928
2008-08-17,4.367953333333333,27.611132558186853,0.9822875260852016
2008-08-18,4.485355,27.20667737325033,0.7896810769807416
2008-08-19,4.48673,26.94500567118331,0.6630212068508001
2008-08-20,3.906536111111111,26.702233886718773,0.6331324577217856
2008-08-21,4.469460555555556,26.435849761962917,0.4097551106383434
2008-08-22,4.652535,26.723786926269558,0.7899887423263863
2008-08-23,5.4185727777777775,27.437387720743857,0.3687322138716808
2008-08-24,5.514235,27.940393066406276,0.4511535167353031
2008-08-25,4.534282222222222,27.66747500101729,8.396488428047633
2008-08-26,1.2893511111111111,25.537211990356468,5.856990523795957
2008-08-27,3.895713333333333,27.12713457743331,0.6313920021057129
2008-08-28,5.389892777777778,27.754930750529013,0.0079519861628796
2008-08-29,5.4338138888888885,27.841242726643884,0.047922134399414
2008-08-30,5.186045555555555,27.78263562520345,0.4574239252974621
2008-08-31,5.656656666666667,27.795033391316736,0.0465960490032557
2008-09-01,5.336476666666667,28.33168436686202,0.3941413948496119
2008-09-02,6.075617222222222,29.33658688863119,0.2362479038993115
2008-09-03,6.046974444444444,29.63646532694503,0.3049871021403305
2008-09-04,5.662516111111112,29.04017791748049,0.6559789180755615
2008-09-05,5.165872222222222,28.27486063639327,1.4447514367574854
2008-09-06,5.294957222222222,28.559243774414085,0.1199195841046218
2008-09-07,5.274715555555556,28.049920654296898,0.4483955683554086
2008-09-08,5.682072222222223,29.06281433105471,0.0025223189936696
2008-09-09,5.750928888888889,28.9355573018392,0.0004383423402032
2008-09-10,5.633253333333333,29.58958969116213,0.1308858394608592
2008-09-11,3.854291111111111,29.39138501485189,0.2195169753349546
2008-09-12,5.643423888888889,29.291787719726585,6.887078285217285
2008-09-13,3.7022316666666666,27.691307322184286,18.200182914654302
2008-09-14,3.067197222222222,26.78555068969729,12.949213541730842
2008-09-15,2.515737222222222,26.65293401082357,3.887024561038288
2008-09-16,2.5920461111111117,26.55887819925948,4.030936956404219
2008-09-17,1.5070044444444444,25.76813341776534,15.292984247196271
2008-09-18,1.99118,26.02251014709475,24.654659628765785
2008-09-19,3.364348333333333,27.008444722493493,1.9134283065795896
2008-09-20,4.171050555555556,27.96403846740725,1.362813145533437
2008-09-21,4.731424444444444,27.212187703450525,0.0530421733806463
2008-09-22,5.054495329861111,26.7829528808594,0.1230478286693426
2008-09-23,4.546251775173611,26.07332572937014,0.2250662309393192
2008-09-24,5.538596892361111,25.922010040283222,0.0006003972998769
2008-09-25,5.280875555555555,25.84907493591311,0.0104932576050487
2008-09-26,5.372259861111111,25.62401351928713,0.0155658813127956
2008-09-27,5.735599149305555,25.964811579386435,0.0190980123804251
2008-09-28,5.818001649305556,26.13442001342776,0.0106692314147949
2008-09-29,5.770186875,25.94842173258468,0.003182888026032
2008-09-30,5.75475609375,26.35400225321456,0.002297758992853
2008-10-01,5.222277013888889,27.26066678365072,0.0223904848084544
2008-10-02,5.089906440972222,28.04377708435061,0.0236809252669445
2008-10-03,5.219627899305555,28.706939951578818,0.934271301730405
2008-10-04,5.839248559027777,29.842756525675497,0.0866664771024261
2008-10-05,5.752175190972222,29.467515563964863,0.0234097242355346
2008-10-06,5.517900572916667,28.258419291178427,0.0435121692703432
2008-10-07,5.470877680121528,27.981725947062216,0.2146840094496838
2008-10-08,5.857895372178819,27.120040512084984,0.0008503945991833
2008-10-09,5.779200699395074,28.00691630045577,0.0008638712856168
2008-10-10,5.696037777777778,28.780491129557333,0.0017225742112714
2008-10-11,5.843983888888889,29.17154210408529,0.0004261732087229
2008-10-12,5.902682222222222,28.701631164550804,0.0017200600268552
2008-10-13,5.931603888888889,28.352663930257165,0.0008583068833445
2008-10-14,5.948140555555556,28.303904469807943,0.0004351138613856
2008-10-15,5.635548888888889,28.22319628397628,0.0008486351816827
2008-10-16,4.820211666666666,29.37341461181643,0.0
2008-10-17,5.384392222222222,28.671524937947595,0.0
2008-10-18,5.715289444444444,28.17033920288088,0.0
2008-10-19,5.6682,27.419152832031276,0.0025662848202046
2008-10-20,5.802658888888889,27.269893900553427,0.0008523463748133
2008-10-21,5.769973333333334,27.49210891723635,0.0
2008-10-22,5.595157777777778,27.211860275268577,0.0
2008-10-23,5.705354444444445,27.738700485229515,0.0017285346416429
2008-10-24,5.670272222222223,27.40727577209475,0.0025819317670539
2008-10-25,5.675237777777777,27.353143946329794,0.0012733564744848
2008-10-26,5.657131111111111,26.347898101806663,0.0
2008-10-27,5.586278888888889,26.105917867024743,0.0
2008-10-28,5.516401111111112,26.207371012369837,0.0012874602930423
2008-10-29,5.422924444444445,26.394569015502952,0.000441074366364
2008-10-30,5.391371111111111,26.094049072265648,0.001722574154428
2008-10-31,5.423473333333333,25.77572911580404,0.0008582401846979
2008-11-01,5.403774444444444,26.12378082275393,0.0017375444372191
2008-11-02,5.3733377777777775,26.863629277547204,0.0004265274924364
2008-11-03,5.375051111111112,26.91372197469076,0.0004410743699168
2008-11-04,5.3387488888888885,26.55268758138021,0.0004351138045421
2008-11-05,5.260154444444445,26.36709047953292,0.0
2008-11-06,5.253314444444444,26.32225634257003,0.0017285345847994
2008-11-07,5.27511,26.68882840474447,0.0
2008-11-08,5.243146666666667,26.820851898193386,0.0008566926226194
2008-11-09,5.207147777777778,26.47766202290853,0.0012950153518431
2008-11-10,5.189065555555556,25.70631497701009,0.0
2008-11-11,5.167635555555556,25.035870488484704,0.0017146429058811
2008-11-12,5.16374,24.551653798421228,2.7356463760952465e-06
2008-11-13,5.100028888888889,24.520810063680017,0.0004261732051702
2008-11-14,5.122535555555555,24.007693227132165,0.0004351138045421
2008-11-15,5.05233,24.256021753946985,0.0008593928306765
2008-11-16,4.615515555555556,24.911594645182333,0.0025772969252102
2008-11-17,4.813302222222222,26.481048838297568,0.0124573707580566
2008-11-18,2.21107,24.941817220052087,1.4274566794938437
2008-11-19,3.455555555555556,26.094468688964863,0.331643223660194
2008-11-20,4.970395555555555,24.132195409139,0.0025689601557132
2008-11-21,5.000324444444445,23.21607996622725,0.0017106531231547
2008-11-22,4.892425555555556,23.334714508056663,0.0008432198796981
2008-11-23,4.913437777777777,23.097717539469443,0.0017106531231547
2008-11-24,4.928177777777778,22.718439356486044,0.0004351138045421
2008-11-25,4.929895555555556,22.58016738891604,0.0
2008-11-26,4.894864444444444,22.89899342854818,0.0012993811537853
2008-11-27,4.917877777777778,23.520738855997763,0.0021550984001805
2008-11-28,4.842505555555555,23.473538335164392,0.0008523463179699
2008-11-29,4.458596666666667,24.56836280822756,0.0008523463179699
2008-11-30,2.029622222222222,23.225437418619837,1.9091486919933232
2008-12-01,2.926038888888889,21.81175320943197,0.5596041680178132
2008-12-02,4.361224444444445,24.54528071085616,0.0008553266184208
2008-12-03,4.393993333333333,25.984330113728845,0.0
2008-12-04,4.4309755555555554,26.65680338541671,0.0008583068797918
2008-12-05,4.461558888888889,26.92121149698897,0.0025749205896374
2008-12-06,4.227633333333333,26.639226531982445,0.0008523463179699
2008-12-07,4.202164444444445,26.15215899149581,0.0008523463179699
2008-12-08,4.574132222222223,24.934305445353232,0.0
2008-12-09,4.537426666666667,24.57643534342452,0.0012934207802572
2008-12-10,4.479245555555556,24.24935747782393,0.0
2008-12-11,4.51786,23.25368843078616,0.000437533344666
2008-12-12,4.539433333333333,23.0657726287842,0.0
2008-12-13,4.482287777777778,23.97653795878097,0.0
2008-12-14,4.406974444444445,24.923230743408222,0.001718364444514
2008-12-15,4.351017777777778,25.550183868408222,0.0008523463179699
2008-12-16,4.376496666666666,25.58462804158529,0.0017165442613986
2008-12-17,4.347953333333333,25.896582539876302,0.0
2008-12-18,3.8409377777777776,25.51083653767904,0.0008642672355563
2008-12-19,2.8768966666666667,24.35450770060225,0.0012848558981204
2008-12-20,3.71278,23.901179250081384,0.001722574154428
2008-12-21,3.802842222222222,23.047025934855185,0.0025719403993207
2008-12-22,4.331476666666667,23.230683263142907,0.0004351138045421
2008-12-23,4.54761,22.595256423950214,0.0012874602930423
2008-12-24,4.627916666666667,21.2250750223796,0.0
2008-12-25,4.677153333333333,21.172463989257835,0.0008523463179699
2008-12-26,4.750392222222223,19.95643513997396,0.0004351138045421
2008-12-27,4.700913333333333,19.322246170043968,0.0008460859817205
2008-12-28,4.701441111111111,19.41485748291018,0.0
2008-12-29,4.65635,20.03262545267745,0.0
2008-12-30,4.710843333333333,20.176181411743187,0.0
2008-12-31,4.658057777777778,20.92579040527346,0.0008583068051848
2009-01-01,4.6982277777777774,20.919545110066736,0.0004380940481496
2009-01-02,4.707567777777777,21.113390858968103,0.0004351138045421
2009-01-03,4.714396666666667,21.34484125773116,0.0008591776250455
2009-01-04,4.715591111111111,20.67532564798995,0.0012952608017258
2009-01-05,3.94144,20.64082489013674,5.960464477539063e-05
2009-01-06,4.777426666666667,19.54431559244796,0.0025831207040027
2009-01-07,4.763297777777778,19.86697667439779,0.0004351138045421
2009-01-08,4.571355555555556,20.948917007446312,0.0082015990869876
2009-01-09,4.555622222222223,21.272997792561853,0.0030457972570729
2009-01-10,4.653681111111111,21.24043680826827,0.0073343514372936
2009-01-11,4.631867777777778,21.888525263468463,0.0
2009-01-12,4.497744444444445,22.723040517171228,0.018644332783424
2009-01-13,4.613451111111111,23.74587783813479,0.0059694051692815
2009-01-14,3.978181111111111,24.68966128031417,0.0008523463179699
2009-01-15,3.879836666666667,24.30996983846029,0.0
2009-01-16,4.58823,24.563962554931663,0.0017151797351289
2009-01-17,4.578887777777778,23.76895866394045,0.001710840308533
2009-01-18,4.851468888888889,22.71738713582357,0.0012874602361989
2009-01-19,4.5615966666666665,23.4241990407308,0.0021457671550706
2009-01-20,4.017087777777777,23.86193110148116,0.0
2009-01-21,3.301451111111111,23.167596435546898,0.0008575496508456
2009-01-22,4.860226666666667,23.26351381937667,0.0008523463179699
2009-01-23,5.062444444444444,23.47638028462728,0.0012904405366498
2009-01-24,4.3245144444444445,24.07334988911947,0.0025629996684983
2009-01-25,5.057886666666667,21.90732854207357,0.0017136654264504
2009-01-26,5.203754444444445,20.00322430928549,0.002598504636353
2009-01-27,5.230318888888889,20.522498067220056,0.0021221978840912
2009-01-28,5.343848888888889,20.819906489054404,0.0004351138045421
2009-01-29,5.124175555555556,21.11927185058596,0.0030102501114015
2009-01-30,5.430813333333333,21.48126118977865,0.0008457134299533
2009-01-31,5.435473333333333,21.70460154215499,0.0
2009-02-01,5.404743333333333,22.490759785970056,0.0012934207802572
2009-02-02,5.458788888888889,22.05471763610842,0.0008583068833445
2009-02-03,5.51855,21.407526270548544,0.001272934298413
2009-02-04,5.456832222222222,21.865553156534872,0.0
2009-02-05,5.437265555555555,21.709474817911826,0.0012993812106287
2009-02-06,5.524272222222222,21.36727104187014,0.0008344648563252
2009-02-07,5.626691111111112,22.33005358378097,0.0004351138613856
2009-02-08,5.631135555555556,22.70049374898275,0.0051547340262914
2009-02-09,5.503172222222222,22.27251777648928,0.0004354248517302
2009-02-10,5.556607777777778,21.373027420043968,0.0
2009-02-11,5.718002222222222,21.26070620218917,0.0012814998058274
2009-02-12,5.6814366666666665,21.5950752258301,0.0004291533741707
2009-02-13,5.6466344444444445,22.095751063029013,0.0025808803911786
2009-02-14,5.460798888888889,22.960207875569665,0.0017120052007157
2009-02-15,5.784393333333333,23.46443646748861,0.0012934207234138
2009-02-16,5.864375555555555,23.70966809590658,0.0
2009-02-17,5.878763333333334,23.91251907348635,0.0017229262425644
2009-02-18,5.920741666666666,24.33571014404299,0.0004351138045421
2009-02-19,5.8907638888888885,25.38406588236495,0.0
2009-02-20,5.67867,25.700999196370446,0.0
2009-02-21,5.851752222222222,26.909586207071985,0.0008702277796146
2009-02-22,5.908753333333333,26.945151265462243,0.0
2009-02-23,5.940393333333334,26.23280169169112,0.0008523463179699
2009-02-24,6.094614444444445,26.09345143636068,0.0012941285945089
2009-02-25,6.037647222222223,26.906029001871783,0.0012874602930423
2009-02-26,6.072038888888889,27.47060356140139,0.0021476376446116
2009-02-27,6.175321666666667,27.64989687601729,0.0012748533890771
2009-02-28,6.138353888888889,28.34929682413741,0.0008523463179699
2009-03-01,6.203442222222222,28.573089853922568,0.001281499748984
2009-03-02,6.424615555555556,27.884455617268884,0.0017387277466696
2009-03-03,6.403737254842122,27.783024724324548,0.0
2009-03-04,6.420945264756944,26.87074750264486,0.0017093233282139
2009-03-05,6.491242224392361,25.87432696024581,0.0012755393186125
2009-03-06,6.510785989583334,26.011209742228232,0.0004351138045421
2009-03-07,6.567801145833333,24.46533546447756,0.001710653293685
2009-03-08,6.538949010416666,25.622874832153343,0.0008523463748133
2009-03-09,6.647577621527778,27.0040279388428,0.0017198984778588
2009-03-10,6.73167703125,27.949063237508145,0.0
2009-03-11,6.762357048611111,28.10338935852053,0.0
2009-03-12,6.67777375,28.204062398274743,0.0008523463179699
2009-03-13,6.398876666666666,28.73287480672201,0.0012904405366498
2009-03-14,6.259521944444445,29.02585754394533,0.0038671099673592
2009-03-15,6.780438454861111,28.02822202046713,0.0008523463179699
2009-03-16,6.809873333333333,27.97238438924154,0.0008523463179699
2009-03-17,6.778330277777778,28.40948702494308,0.0021555322291533
2009-03-18,6.868430885416666,27.73040924072268,0.0008523463179699
2009-03-19,6.75685953125,28.191037750244163,0.0012859701428169
2009-03-20,6.708181526692709,28.361511484781943,0.000643730061256
2009-03-21,6.615803333333333,28.012833531697595,0.2711296080519787
2009-03-22,6.773233333333334,28.554168955485068,0.0008523463748133
2009-03-23,6.650257222222222,29.39904365539553,0.0022145173943499
2009-03-24,6.877368888888889,30.12236111958822,0.009271503643049
2009-03-25,6.975724444444444,29.12693303426107,0.0
2009-03-26,6.924955555555556,29.269549942016624,0.0
2009-03-27,5.944740555555556,29.420379892985068,0.0089406967163085
2009-03-28,6.930315555555556,29.70456530253097,0.0012863246183769
2009-03-29,7.0539016666666665,30.1658982594808,0.0
2009-03-30,7.032505,31.54340515136721,0.0
2009-03-31,7.084987222222222,32.25467007954916,0.002133193447662
2009-04-01,7.129800555555556,32.67372665405276,-5.959918780717999e-06
2009-04-02,7.051087222222222,32.769315973917685,0.0025788367565837
2009-04-03,7.119839444444445,31.897639211018884,0.0012814998058274
2009-04-04,6.855232222222222,32.143422063191736,0.0
2009-04-05,5.377021111111112,31.967943445841517,0.179538130755219
2009-04-06,6.888524444444444,31.569635009765648,0.0111192463805309
2009-04-07,7.099136666666666,30.002953465779623,0.0870883463903737
2009-04-08,7.211747222222222,28.099367396036826,0.0004351138045421
2009-04-09,7.475181111111111,29.15369059244796,0.0
2009-04-10,7.483930555555555,30.77567380269369,0.0008583068797918
2009-04-11,7.5639,31.21199442545577,0.0008583068833445
2009-04-12,7.609852222222222,31.540192540486657,0.0
2009-04-13,7.646286666666667,31.61407623291018,0.0
2009-04-14,7.469474444444445,31.76532135009768,0.0008523463179699
2009-04-15,6.873523333333333,30.67680765787765,0.0004351138045421
2009-04-16,7.234175,31.19265454610189,0.0008523463179699
2009-04-17,7.685808333333333,31.77108345031741,0.0008523463179699
2009-04-18,7.704782222222223,32.656777954101585,0.0008523463179699
2009-04-19,7.723738888888889,32.842818832397484,0.0008523463179699
2009-04-20,7.613279444444444,32.1845591227214,0.0004351138045421
2009-04-21,7.643439444444445,31.02860031127932,0.0025570392381268
2009-04-22,7.686483888888889,31.19171295166018,0.0004282976533431
2009-04-23,7.770495555555556,31.88675142923995,0.0
2009-04-24,7.34322,31.811728413899743,0.0008583068797918
2009-04-25,7.679961666666666,32.32148259480795,0.002575900094115
2009-04-26,7.851686666666667,33.66074714660647,0.0034367621992714
2009-04-27,7.879291111111111,33.540980911254906,0.0025732178983162
2009-04-28,7.820081111111111,33.75541013081869,0.0025708520183798
2009-04-29,7.825310555555555,33.5671045939128,0.0008523463179699
2009-04-30,7.622838333333333,32.13863588968917,0.0008583068797918
2009-05-01,7.586647777777777,32.4440793355306,0.0
2009-05-02,7.767498888888888,33.25657234191897,0.0008583068797918
2009-05-03,7.732836666666667,32.3415466308594,0.0008539904001736
2009-05-04,7.535673888888889,32.016814168294275,0.0017094595250455
2009-05-05,7.609767222222223,31.555557505289755,0.0
2009-05-06,7.630244444444444,31.827129618326865,0.0
2009-05-07,7.650392777777777,32.5406261444092,0.0017220692711816
2009-05-08,7.799064444444444,32.83633384704592,0.0
2009-05-09,7.837552777777778,32.281456883748376,0.0
2009-05-10,7.713426111111111,31.83786354064944,0.0017195939108205
2009-05-11,7.541425,31.9217302958171,0.0014859453152382
2009-05-12,7.499886666666667,32.23464228312179,0.0008523463179699
2009-05-13,7.593122222222222,32.86321156819662,0.0008523463179699
2009-05-14,7.642041111111111,32.70980288187667,0.0008553265615773
2009-05-15,7.473465555555555,32.11739056905111,0.0014543533275457
2009-05-16,7.472676666666667,32.09960962931319,0.0017213836258633
2009-05-17,7.584196666666666,32.539601262410486,-2.385661446169252e-06
2009-05-18,7.565884444444444,32.739673868815146,0.0025749204723979
2009-05-19,7.520405555555556,32.71672910054525,0.0004351138045421
2009-05-20,7.32632,32.93856201171877,0.0
2009-05-21,7.378206666666666,34.36921208699545,0.0017106532368416
2009-05-22,7.156448888888889,33.84896303812667,0.0008521437848685
2009-05-23,7.279405555555556,32.913088734944665,0.0004351138045421
2009-05-24,7.698787777777778,32.610550181071005,0.0017285346416429
2009-05-25,7.599724444444444,32.16755574544271,0.0
2009-05-26,7.570995555555555,32.15824661254885,0.0008642673492431
2009-05-27,7.527718888888889,32.0098536173503,0.0012814998058274
2009-05-28,7.394278888888889,32.426698939005576,0.0
2009-05-29,7.204681111111111,32.656329727172874,0.0022204310994311
2009-05-30,6.271364444444444,32.283502833048544,0.0688076019237371
2009-05-31,6.637541111111111,32.46971028645834,0.0012874602361989
2009-06-01,6.333074444444445,32.70220082600912,0.0004351138613856
2009-06-02,5.3893144444444445,32.641503270467126,0.0616610050201416
2009-06-03,4.712053333333333,32.673708852132165,0.0614285468714115
2009-06-04,6.541317777777778,32.84886767069503,0.0566955025647075
2009-06-05,6.8022366666666665,32.51009839375814,0.0158280133746302
2009-06-06,7.283431111111111,32.50870412190756,0.0021517275854421
2009-06-07,7.508827777777777,32.536018625895224,0.0
2009-06-08,7.342194444444444,32.60142606099447,0.0034487070479372
2009-06-09,7.234443333333333,32.61371002197268,0.0004302133334022
2009-06-10,7.382865555555555,32.590374883015954,0.0008588500577388
2009-06-11,7.191732222222222,32.429662958780966,0.0004261732051702
2009-06-12,7.263331111111111,32.47440872192385,0.0017062961887859
2009-06-13,7.0695733333333335,32.27511876424154,0.0008672979561197
2009-06-14,7.132494444444444,32.042249298095726,0.0017046927496267
2009-06-15,7.170781111111111,32.47294642130538,0.0
2009-06-16,6.577394444444445,32.778895950317406,0.0019311904679852
2009-06-17,7.003516666666667,32.91440162658694,0.0017208779468091
2009-06-18,6.91534,33.59276924133303,0.0017174583035739
2009-06-19,7.1051722222222224,33.77382876078292,0.0008732080232221
2009-06-20,7.2115044444444445,33.8658220926921,0.002586841219454
2009-06-21,6.1709877777777775,32.63097852071127,0.6530940897846449
2009-06-22,5.607661111111111,32.73420422871908,1.8214881420135496
2009-06-23,5.692704444444445,30.71131731669112,8.574235439198219
2009-06-24,2.9099077777777778,29.29399960835775,0.57735443114737
2009-06-25,6.091537777777778,30.32689501444503,0.9526968001232206
2009-06-26,5.570211111111111,31.12972284952804,0.1432001590728759
2009-06-27,5.846995555555556,31.488301849365257,0.2396643161723943
2009-06-28,4.900125555555555,31.06009063720705,1.941579580261532
2009-06-29,5.032947777777777,30.578488922119163,1.5659272670518476
2009-06-30,5.491345555555555,30.998406346639,0.1656357478054815
2009-07-01,5.65108,30.846395111084007,1.8466413021087649
2009-07-02,5.444766666666666,30.879378255208337,1.807728409762177
2009-07-03,5.146101111111111,30.29786071777346,9.535983204841614
2009-07-04,5.094261111111111,30.80281219482424,1.0738546467337071
2009-07-05,6.114538888888889,32.3300662994385,0.2513736480977968
2009-07-06,6.025286666666666,32.99094479878744,0.1439034938357508
2009-07-07,6.741597777777778,33.84196497599288,0.0021308660507202
2009-07-08,5.345895555555556,33.27453447977706,0.0304211089314776
2009-07-09,1.9940933333333333,30.56017328898116,6.563479809585715
2009-07-10,1.5943083333333334,27.320926284790065,25.13825927301383
2009-07-11,4.138713888888889,28.392599360148157,13.483285903930664
2009-07-12,4.965452222222222,29.105944569905603,5.711695551838147
2009-07-13,3.1256166666666667,27.97648646036788,10.545238852500916
2009-07-14,2.7422294444444444,27.64569753011068,16.562670469284058
2009-07-15,2.588416666666667,27.149923578898157,33.12557339668132
2009-07-16,1.98729,26.564097340901696,33.01684558391571
2009-07-17,1.69808,26.711922581990564,9.248170256512369
2009-07-18,1.0540577777777778,25.9379656473796,15.80287516117096
2009-07-19,4.028308888888889,27.91435966491701,3.429606556892395
2009-07-20,4.094131666666667,27.987310028076195,4.241058230395112
2009-07-21,1.60393,26.936507797241237,16.01002514361838
2009-07-22,1.7853522222222222,26.373574829101585,17.258736491157833
2009-07-23,1.1256261111111112,25.65941963195803,119.91632890897108
2009-07-24,1.2645233333333334,25.70052935282393,21.36963009833792
2009-07-25,1.885356111111111,26.806096649169945,35.15276610841056
2009-07-26,2.1346172222222224,27.504279708862327,1.92388296126822
2009-07-27,4.5101844444444446,28.32864532470705,1.345568895334992
2009-07-28,3.989769444444444,28.37439562479659,0.8280128240585327
2009-07-29,2.494987222222222,27.95573450724288,0.5027949810028076
2009-07-30,4.192458888888889,28.05499865214034,0.8430871328073408
2009-07-31,3.778036111111111,27.873689270019558,0.7099838480257858
2009-08-01,3.858285555555556,28.12946726481124,0.8687973022460938
2009-08-02,4.085067222222222,28.151879882812523,0.998660922050476
2009-08-03,4.236790555555555,28.252943929036466,0.8925974368594325
2009-08-04,4.20006,28.162364578247093,1.1158615349700085
2009-08-05,3.847713888888889,28.114611562093103,1.0691916865539497
2009-08-06,3.3063755555555554,28.07561391194662,1.0422691303801912
2009-08-07,3.79782,28.260010019938196,1.243993639945984
2009-08-08,3.5685694444444445,27.990340805053734,1.5856921672821045
2009-08-09,4.021897777777777,28.13968111673995,0.9226977824141612
2009-08-10,4.34222,28.371848042805997,0.868380069732666
2009-08-11,4.791497777777778,28.518149312337243,0.2344995737075805
2009-08-12,3.265711111111111,28.326420720418295,0.7112205027510754
2009-08-13,4.268690555555556,28.80458221435549,0.1536428928261557
2009-08-14,3.780048333333333,28.34708938598635,0.1781013628487926
2009-08-15,3.842197222222222,27.728138224283896,1.8367631948308367
2009-08-16,2.787977222222222,27.45816764831545,0.9472359478763792
2009-08-17,4.999556111111112,28.487186050415065,0.3609899770253832
2009-08-18,5.403238888888889,29.15327161153158,0.1400518784748783
2009-08-19,5.522153333333334,29.73716761271163,0.164613127708435
2009-08-20,5.462415,29.813893254597986,0.0239633780552139
2009-08-21,4.449903333333333,29.354046122233115,0.2248148452963505
2009-08-22,4.333629444444444,29.11690165201827,0.6047136588449575
2009-08-23,4.728113333333333,29.42877286275228,0.2016385457750402
2009-08-24,5.2451027777777774,29.93567047119143,0.1452356577260616
2009-08-25,5.209513333333334,29.762018458048544,0.5698651075363159
2009-08-26,2.758827222222222,28.428207015991237,1.9612498348919871
2009-08-27,2.3165727777777776,27.35116475423177,6.996834278105268
2009-08-28,0.9653272222222222,25.630632654825888,19.653983024625177
2009-08-29,2.061815,25.768087005615257,73.25940132130881
2009-08-30,1.7294116666666666,25.92066980997725,31.43905790034296
2009-08-31,4.5903833333333335,27.72571716308596,2.259024069815041
2009-09-01,5.298822222222222,28.31605237325033,1.329670996653931
2009-09-02,4.808306666666667,28.24638710021975,4.110973645499172
2009-09-03,4.149993333333334,28.06391805013021,2.9630858693394657
2009-09-04,4.284776666666667,28.2507097880046,1.1739153547409842
2009-09-05,4.860250555555556,28.398496246337917,0.4618763923645019
2009-09-06,4.611557777777778,27.86770591735842,1.2186944484255946
2009-09-07,5.007871111111111,28.10432141621908,0.3401786088943481
2009-09-08,6.041026111111111,28.488224919637048,0.0008672474791637
2009-09-09,5.720722222222222,28.319566980997763,0.0008523463179699
2009-09-10,5.154602222222223,27.818526840209984,0.0835614436027754
2009-09-11,5.240652222222222,27.275533930460654,0.0583112238814464
2009-09-12,5.215656111111112,27.771464920043968,0.0104367732092214
2009-09-13,6.010193888888889,28.44164301554366,0.0004261732620136
2009-09-14,6.141715555555556,28.047763442993187,0.224381685256958
2009-09-15,5.877227777777778,27.71069170633956,0.0021521572648453
2009-09-16,5.9396466666666665,27.67032076517745,0.026732575747701
2009-09-17,6.422365555555555,28.12901204427084,0.0012905201742796
2009-09-18,6.408536111111111,28.87497545878097,0.0004515111413638
2009-09-19,6.361649444444445,28.525088882446312,0.0030040728233871
2009-09-20,6.2498788888888885,27.589280700683616,0.0025822346287895
2009-09-21,6.300493333333334,28.08403167724612,0.000437351502569
2009-09-22,6.2379766666666665,28.564450836181663,0.001683812115516
2009-09-23,6.260506553819445,29.315206782023157,0.0
2009-09-24,6.184229253472222,30.014087931315142,0.0
2009-09-25,5.630118888888889,29.836861546834317,0.0022570329747395
2009-09-26,4.8379211458333335,29.099630610148157,0.0201106067834189
2009-09-27,5.98211953125,29.512322362264,0.0
2009-09-28,5.885446336805556,30.58132133483889,0.0
2009-09-29,5.881833697916667,31.34563471476241,0.0
2009-09-30,5.970155277777778,31.86342900594076,0.0
2009-10-01,6.097340364583333,31.4315181732178,0.0
2009-10-02,5.840787708333333,31.541506703694665,0.096827745437622
2009-10-03,5.796212621527777,31.832896804809597,0.0249177217028773
2009-10-04,4.774544704861111,29.87538617451986,2.423095703022682
2009-10-05,4.960914149305555,29.916827774047874,0.2286434173583984
2009-10-06,5.595388038194445,30.21812337239584,0.0029830706580469
2009-10-07,5.721163472222222,28.29207890828451,0.0054180621873456
2009-10-08,5.660340853949653,28.2022701263428,0.0031769274642101
2009-10-09,5.73934725789388,28.418065007527677,0.0
2009-10-10,5.3370138888888885,28.35743420918783,0.0060915946846762
2009-10-11,5.744733888888889,28.52751693725588,0.0004551065444502
2009-10-12,5.6442,28.935617701212607,0.0017173263699987
2009-10-13,5.6920383333333335,28.821641540527366,0.0021582092699645
2009-10-14,5.774636111111112,28.484921391805017,0.0008627813947725
2009-10-15,5.809047777777778,28.221543884277366,0.0
2009-10-16,5.805757777777778,28.389853413899743,0.0004261732051702
2009-10-17,5.353642222222223,27.611176427205407,0.0
2009-10-18,5.502289444444444,27.67418696085616,0.0
2009-10-19,5.502156666666667,27.184163665771507,0.0004351138045421
2009-10-20,5.751814444444444,27.228008524576865,0.0004261732051702
2009-10-21,5.79274,27.12684593200686,0.0004344486796981
2009-10-22,5.787193333333334,27.71722056070968,0.0034324066291446
2009-10-23,5.83472,27.497288004557333,0.0013005504797547
2009-10-24,5.883784444444444,26.3808481852214,0.0008523462611265
2009-10-25,5.788428888888889,26.32819201151534,0.0
2009-10-26,5.662548888888889,26.969570414225306,0.0017106531977617
2009-10-27,5.655157777777778,27.09909973144533,0.0008285045609568
2009-10-28,5.591787777777777,27.53836847941085,0.0008523463179699
2009-10-29,5.430006666666666,28.023628489176478,0.0008523463179699
2009-10-30,5.468562222222222,28.06541531880697,0.0025708731072882
2009-10-31,5.487321111111111,27.5468631744385,0.0
2009-11-01,5.507942222222222,27.197602844238304,0.0
2009-11-02,5.414455555555556,27.95414822896322,0.0017046928064701
2009-11-03,5.3849277777777775,27.33499107360842,0.0012970811731349
2009-11-04,5.34638,27.418316141764365,0.0008523463748133
2009-11-05,5.342141111111111,26.976960118611657,0.0
2009-11-06,5.326766666666667,26.95074615478518,0.0017225742112714
2009-11-07,5.216104444444444,27.16495793660482,0.0021487473418346
2009-11-08,4.850866666666667,27.74170837402346,8.94067397894105e-06
2009-11-09,4.9720144444444445,28.079416529337607,0.0008523463179699
2009-11-10,4.035911111111111,27.58870786031088,0.0
2009-11-11,1.79131,23.461391067504906,2.1560490131378174
2009-11-12,2.321937777777778,23.011088943481468,0.0015013084748716
2009-11-13,4.345857777777778,24.463084157307943,0.0
2009-11-14,4.2406266666666665,25.26007296244308,0.0531107186247936
2009-11-15,4.475987777777778,25.07048695882162,0.0
2009-11-16,4.908531111111111,24.79986724853518,0.0
2009-11-17,5.067703333333333,23.748941040039085,0.0012713210821857
2009-11-18,5.027724444444445,23.70612487792971,0.0004261732051702
2009-11-19,4.878144444444445,24.497563298543295,0.0008523463179699
2009-11-20,4.950364444444444,23.386848704020224,0.0008523463179699
2009-11-21,5.006033333333333,22.78397394816085,5.6843418860808015e-11
2009-11-22,5.02186,22.408343887329124,0.0012814998058274
2009-11-23,4.8792277777777775,23.367075856526696,0.0008523463179699
2009-11-24,4.680617777777778,24.768597539265954,0.0
2009-11-25,4.803108888888889,24.30006179809573,0.0
2009-11-26,4.912078888888889,23.55905113220217,0.0017106531977617
2009-11-27,4.857101111111112,23.96016209920248,0.0008523463179699
2009-11-28,4.753018888888889,24.48962554931643,0.0
2009-11-29,4.7481,23.89452387491866,0.0021517276422855
2009-11-30,4.711392222222222,23.675672149658222,0.0008523463179699
2009-12-01,4.700678888888889,23.197589492797874,0.0008612870487922
2009-12-02,4.719721111111111,23.12060127258303,0.0004351138045421
2009-12-03,4.651227777777778,23.46944389343264,0.0
2009-12-04,4.597215555555556,23.679281489054404,0.0008543709100194
2009-12-05,4.587088888888889,23.12445475260421,0.002144720212982
2009-12-06,4.60841,22.73040097554525,0.0
2009-12-07,4.681396666666667,21.67553227742513,0.0008523463748133
2009-12-08,4.680155555555555,21.427742894490564,0.0004351138045421
2009-12-09,4.653401111111111,22.17955614725753,0.0
2009-12-10,4.369471111111111,22.38063011169436,0.002148747398678
2009-12-11,4.632193333333333,22.251679356892907,0.0025749206429281
2009-12-12,4.501281111111111,23.597205098470056,0.0008523463179699
2009-12-13,4.485932222222222,23.2564687093099,0.0034387421692372
2009-12-14,4.437418888888889,24.12564048767092,0.0008583068797918
2009-12-15,4.457728888888889,23.76306368509933,0.0
2009-12-16,4.435863333333334,23.35797017415365,0.0008583068797918
2009-12-17,4.372835555555556,22.417928314209007,0.0004351138045421
2009-12-18,4.3531377777777776,22.533186213175497,0.0008523463179699
2009-12-19,4.446325555555555,23.62754910786947,0.0012844799925915
2009-12-20,3.9551777777777777,23.94933344523116,0.0027120113372802
2009-12-21,4.1335033333333335,24.281233088175497,0.0014364719049808
2009-12-22,3.8370044444444447,23.9638445536296,0.1760303973128429
2009-12-23,4.069128888888889,23.494901911417685,0.0238451276572959
2009-12-24,4.567601111111111,22.15194282531741,0.0
2009-12-25,4.608981111111111,20.942685063680017,0.0017195939676639
2009-12-26,4.618446666666666,20.459509785970056,0.0012951650774084
2009-12-27,4.669806666666667,20.44502156575521,0.0
2009-12-28,4.65342,20.572042083740257,0.0008523463179699
2009-12-29,4.593714444444444,20.9987681070964,0.0017299302044193
2009-12-30,4.623162222222223,20.96283874511721,0.0025829920105024
2009-12-31,4.595227777777778,21.40619303385421,0.0004291533173272
2010-01-01,4.69509,21.602167383829794,0.0
2010-01-02,4.188978888888889,23.668879445393884,0.0043690203597179
2010-01-03,3.723278888888889,21.44310022989913,1.6265541314055554
2010-01-04,4.656315555555556,20.68783022562667,0.0
2010-01-05,4.809778888888889,19.720037078857445,0.0004351138045421
2010-01-06,4.872362222222222,20.04256782531741,0.0
2010-01-07,4.820134444444444,20.86396433512374,0.0008523463179699
2010-01-08,4.628554444444444,21.44333229064944,0.0
2010-01-09,4.657528888888889,21.14009246826174,0.0
2010-01-10,4.760072222222222,20.596805191040065,0.0012802358355656
2010-01-11,4.635245555555556,21.92455507914229,0.0004351138613856
2010-01-12,4.750457777777778,21.680701828002952,0.0004351138045421
2010-01-13,4.95998,19.10799369812014,0.0
2010-01-14,4.974283333333333,19.3581481933594,0.0012868549106315
2010-01-15,4.93563,20.5097588857015,0.0017070676676667
2010-01-16,4.978042222222222,20.869047419230185,0.0025751164116627
2010-01-17,4.779027777777777,21.045489883422874,0.0008583063504374
2010-01-18,5.007927777777778,21.47766710917159,0.0
2010-01-19,5.040413333333333,21.969832992553734,0.0008523463179699
2010-01-20,5.068481111111111,22.33713429768881,0.0008584264037381
2010-01-21,5.014375555555556,22.568550999959317,0.0
2010-01-22,5.139507777777777,22.34046007792159,0.0008523463748133
2010-01-23,5.150234444444444,22.43696238199874,0.0012789236052412
2010-01-24,5.178303333333333,22.07497113545736,0.0008523463179699
2010-01-25,5.206112222222222,22.043118413289392,5.6843418860808015e-11
2010-01-26,5.199656666666667,22.664694086710654,0.0012874601225121
2010-01-27,5.132171666666666,23.31493085225424,0.0008463859444418
2010-01-28,4.858811111111111,23.366213734944665,0.0012962814821548
2010-01-29,5.217441111111111,23.16290372212728,0.0012849056929553
2010-01-30,5.232377222222223,23.70062217712405,0.0025789652227103
2010-01-31,5.354550555555556,23.01900189717611,0.0025689596441225
2010-02-01,5.3077177777777775,22.567087427775107,0.0021382026602623
2010-02-02,5.366178888888889,22.775818761189782,0.0042953114416377
2010-02-03,5.412663333333334,22.848232523600306,0.0038416583265643
2010-02-04,4.946631111111111,24.148838297526083,0.0021710329747293
2010-02-05,5.255282222222222,24.216387685139978,0.0017267963698941
2010-02-06,5.387156666666667,24.799478785196985,0.00171380690972
2010-02-07,5.326516666666667,26.464777882893884,0.0021658266859958
2010-02-08,4.320878888888889,25.258138910929404,0.3158926963919839
2010-02-09,5.374102222222223,21.666614151001,0.000849623859267
2010-02-10,5.729254444444445,21.28948936462405,0.0012934207802572
2010-02-11,5.490574444444444,23.12168973286947,0.0008523463748133
2010-02-12,5.776145555555556,22.30104789733889,0.0008523463179699
2010-02-13,5.794635555555556,22.32562917073568,0.0012844800494349
2010-02-14,5.716338888888889,22.772684351603232,0.001286269935008
2010-02-15,5.928175555555556,22.596052424113,0.0004261732051702
2010-02-16,5.911881111111111,22.34818293253585,0.000441074366364
2010-02-17,5.962265555555556,21.962373352050804,0.002992343979713
2010-02-18,6.038552222222222,21.91726201375326,0.0008586045510128
2010-02-19,6.083901666666667,22.73873418172201,0.0
2010-02-20,6.085093888888889,24.48882001241049,0.0012844800494349
2010-02-21,5.284922222222222,26.083910242716517,0.0
2010-02-22,5.488822222222222,25.732459640502952,0.0002086162567138
2010-02-23,6.030901666666667,23.655151621500693,0.0
2010-02-24,6.064027222222222,23.857165273030603,0.0004351138613856
2010-02-25,6.087857222222223,24.578556950887048,0.0021424560827654
2010-02-26,6.155877222222222,25.795145289103232,0.0025917530592778
2010-02-27,6.230098333333333,26.86812807718917,0.0
2010-02-28,6.3346,26.65966377258303,0.0008523463179699
2010-03-01,6.335857222222222,26.553086853027366,0.0017064855342141
2010-03-02,6.263432777777778,27.141270573933923,0.0
2010-03-03,6.089173333333333,27.112068430582724,0.0017106532368416
2010-03-04,6.160913542751736,26.763671493530296,0.0
2010-03-05,5.873413072916667,27.599044418334984,0.0004351138045421
2010-03-06,5.338140520833333,26.395111974080407,0.0032820069009176
2010-03-07,5.866820625,25.85842666625979,1.788140480130096e-05
2010-03-08,6.510308038194444,27.038924789428734,0.0008590428706156
2010-03-09,6.615004097222222,28.35479952494308,0.0
2010-03-10,6.567323923611111,29.151518122355185,0.0
2010-03-11,6.497921510416667,29.731305058797204,0.0017160460288323
2010-03-12,6.7984305902777775,29.53529510498049,9.174129900202388e-06
2010-03-13,6.821504409722222,28.23774871826174,0.0008523463179699
2010-03-14,6.756512048611111,28.22737973531088,0.0025808810164562
2010-03-15,6.769386267361111,28.63673171997073,0.0012941450222569
2010-03-16,6.750733333333334,28.911469395955407,0.000441074366364
2010-03-17,6.745617378472223,31.032696024576865,0.0
2010-03-18,6.765827829861111,32.61691055297854,0.0
2010-03-19,6.822963194444444,32.60651232401534,0.0
2010-03-20,6.946534045138889,31.94446716308596,0.0008523463179699
2010-03-21,6.920285,32.0889659881592,0.0
2010-03-22,7.010784444444444,30.00558179219564,0.0004351138045421
2010-03-23,7.008608888888889,28.550334548950214,0.0008523463748133
2010-03-24,7.006742222222222,28.32769927978518,0.0
2010-03-25,6.9180238888888885,29.589185969034872,0.0
2010-03-26,7.043127222222222,29.13897285461428,0.0021447783637995
2010-03-27,7.081391666666667,29.044319407145224,0.0012904405366498
2010-03-28,7.104315555555556,30.27600313822433,0.0
2010-03-29,7.1559083333333335,30.09190966288253,0.000441074366364
2010-03-30,7.145021111111111,29.89182434082033,0.0008523463179699
2010-03-31,7.093856111111111,28.87771059672042,0.0012874602361989
2010-04-01,7.034457222222223,28.73172976175948,0.0025824065232882
2010-04-02,7.076593333333333,29.31790695190432,0.001698732432942
2010-04-03,7.321877222222223,28.480587895711267,0.001281925733565
2010-04-04,7.275096111111111,29.70929044087728,0.0
2010-04-05,7.402131666666666,30.87563603719076,0.0004351138045421
2010-04-06,7.35219,31.759861882527677,0.0008523463179699
2010-04-07,7.394561666666666,33.01957537333175,0.0021427867977763
2010-04-08,4.601461111111111,32.38959655761721,0.0047126522986218
2010-04-09,5.890630555555555,31.430005645751976,7.975359039846808e-06
2010-04-10,7.343382222222222,30.551657613118493,0.0017225742112714
2010-04-11,7.408646111111111,30.151765441894558,-4.618641469278373e-06
2010-04-12,7.394770555555556,32.0803269704183,0.0025617422920731
2010-04-13,7.285866111111111,32.45304387410482,0.0
2010-04-14,7.427138333333334,33.30912233988448,0.002575492771939
2010-04-15,7.425412777777778,33.397179539998376,0.0008553265047339
2010-04-16,7.445971666666667,34.42083320617678,0.0008523463179699
2010-04-17,7.51977,32.68256785074874,0.0008523463179699
2010-04-18,7.438828333333333,32.383041000366234,0.0004351138045421
2010-04-19,7.353528888888889,32.33470624287924,0.0008523463179699
2010-04-20,7.183189444444444,32.724807993571005,0.0004351138045421
2010-04-21,7.0115,32.03030103047689,0.0017225738702109
2010-04-22,7.297700555555555,31.92864570617678,0.0017106534642152
2010-04-23,7.577133333333333,33.22043126424154,0.000852624680192
2010-04-24,7.621027777777778,33.08177655537924,0.0042945493987645
2010-04-25,7.532627777777778,32.399812316894554,0.0034233902397318
2010-04-26,7.551416666666666,33.20455067952474,0.0017194571455547
2010-04-27,7.4896255555555555,34.56158536275228,0.0008523463179699
2010-04-28,7.551155,34.58071670532229,0.0
2010-04-29,7.414702222222222,34.50113703409835,0.0
2010-04-30,7.533113333333333,34.31196428934737,0.0008523463179699
2010-05-01,7.410931666666666,33.63845342000326,0.0017225742112714
2010-05-02,7.341796666666666,34.843195851643884,0.0
2010-05-03,7.024835555555556,33.79863891601565,0.03821253761771
2010-05-04,7.496155555555555,33.85185521443685,-1.1920974429813214e-05
2010-05-05,7.488752222222222,33.38406397501632,0.0008642673492431
2010-05-06,7.398126666666666,34.000286992390954,0.0
2010-05-07,7.566295,35.16659634908041,0.0
2010-05-08,7.620133888888889,35.47364768981936,0.001725206118408
2010-05-09,7.650966111111111,35.375209426879906,0.0
2010-05-10,7.813630555555555,34.34777984619143,0.0
2010-05-11,7.764202777777777,34.420269902547204,0.0017046927496267
2010-05-12,7.677358333333333,35.63129259745284,0.0
2010-05-13,7.607306111111111,35.16626892089846,0.0008583068833445
2010-05-14,7.545708333333334,34.076312637329124,0.0
2010-05-15,7.723773333333333,33.59976921081545,0.0
2010-05-16,7.671464444444444,33.95097122192385,0.0008583068797918
2010-05-17,7.743278333333333,34.74000829060873,0.0008523463748133
2010-05-18,7.850993333333333,35.35328636169436,0.001713633480449
2010-05-19,7.675732222222222,36.85127220153811,8.792540029389784e-07
2010-05-20,7.456006666666666,37.76528320312502,0.0008583068797918
2010-05-21,7.508547777777777,37.65041122436526,0.0008523463748133
2010-05-22,7.554535555555556,36.8408034006755,0.0025717382641232
2010-05-23,7.631013333333334,35.96284255981448,0.0017229345985469
2010-05-24,7.610296666666667,35.45748863220217,0.0035345553897059
2010-05-25,7.610347777777778,35.19017817179366,0.001460313796997
2010-05-26,7.30681,34.9167413075765,0.0093698500904793
2010-05-27,7.147386666666667,34.90567804972335,0.0276207923839422
2010-05-28,7.2792844444444444,34.92962226867678,0.0100225210140081
2010-05-29,7.2630944444444445,34.19171867370608,0.0022232531478039
2010-05-30,7.350746666666667,33.99236132303878,0.0013560056686401
2010-05-31,7.545951111111111,33.912159856160486,0.0
2010-06-01,7.136063333333333,34.0517409006755,0.0008523463179699
2010-06-02,6.452184444444445,32.28270619710287,3.5941094160065745
2010-06-03,6.747653333333333,33.52765553792318,0.21230578422049
2010-06-04,6.557015555555555,33.93092816670736,0.0604234001002623
2010-06-05,5.784042222222222,33.72982877095541,0.2312009359179967
2010-06-06,6.633867777777778,32.60660514831545,1.1265147806511775
2010-06-07,4.7828888888888885,30.59147351582845,6.798748266021448
2010-06-08,6.384715555555555,31.87854601542159,0.3603100776672363
2010-06-09,7.147584444444444,33.34785741170248,0.0328212976441477
2010-06-10,6.893075555555556,35.00850448608401,0.3526508808135986
2010-06-11,6.877883333333333,37.270314153035486,0.0363618134429089
2010-06-12,6.983816666666667,37.389672215779626,0.0025813640718297
2010-06-13,7.146395555555555,36.62880922953292,0.0017191834444929
2010-06-14,6.740663333333333,34.79154167175295,0.0
2010-06-15,2.5854311111111112,29.308088556925497,3.405272960662842
2010-06-16,5.611335555555556,31.12635955810549,0.8691549301147461
2010-06-17,6.298482222222222,32.376852289835654,0.1945525406767956
2010-06-18,6.601664444444444,34.51590436299642,0.0314146280970817
2010-06-19,6.80688,35.40270767211916,0.0
2010-06-20,7.142511111111111,34.14190699259444,0.0008523463179699
2010-06-21,5.959643333333333,33.54437853495284,0.4980087270496369
2010-06-22,5.188424444444444,33.57041447957357,0.1614868639876476
2010-06-23,4.631863333333333,33.491059875488304,0.6740391236235155
2010-06-24,5.082996666666666,32.36661237080892,0.2175123815959523
2010-06-25,6.409307777777777,32.664491907755576,0.2287538376890552
2010-06-26,5.741498888888889,33.60859959920248,0.1462128309412946
2010-06-27,5.590263333333334,33.16712595621749,1.5697896480446616
2010-06-28,5.886901111111111,32.84432754516604,0.2429395913168264
2010-06-29,5.708821111111111,32.89133160909017,0.0004917383193969
2010-06-30,6.673883333333333,33.180944697062216,0.0035941599776379
2010-07-01,4.465954444444445,32.52971547444662,0.0053027673629912
2010-07-02,4.499537777777777,31.59296951293948,9.88497782094555
2010-07-03,4.689064444444444,30.24378865559896,12.9944860934188
2010-07-04,2.4346288888888887,27.380352274576865,35.049661993923564
2010-07-05,0.9856511111111111,26.255288696289085,44.70153848825476
2010-07-06,4.22347,27.67194773356124,8.938479423420631
2010-07-07,5.015007777777778,27.96610539754232,8.288368582725525
2010-07-08,4.888948888888889,27.82252591451009,15.33953845500946
2010-07-09,4.462357777777778,28.21988194783529,3.480285406112671
2010-07-10,3.62825,28.736223475138388,4.375718826850061
2010-07-11,4.907331111111112,29.74075851440432,0.8618831634521484
2010-07-12,4.636778333333333,29.622033055623376,1.1907458305344676
2010-07-13,3.961637777777778,29.185028966267907,1.021774609057502
2010-07-14,4.785618333333334,28.833012517293295,0.7692128419876099
2010-07-15,5.234493333333333,29.115607833862327,1.5147149561762774
2010-07-16,2.773510555555556,28.559533055623376,9.34156775468864
2010-07-17,3.270093333333333,28.222456868489587,7.014724612190548
2010-07-18,4.288332777777778,29.04999949137374,1.4468274727619246
2010-07-19,4.423027777777778,29.40589612325033,1.9213524466863416
2010-07-20,4.9329294444444445,29.1541737874349,2.277034521000587
2010-07-21,3.4062455555555555,28.266072845459007,9.758423249536463
2010-07-22,2.1672783333333334,27.123370107014978,46.97926109383843
2010-07-23,2.773206111111111,27.111217117309597,9.64412735714859
2010-07-24,2.725888333333333,26.82727457682296,39.76982235908011
2010-07-25,2.359815555555556,26.27831103007003,41.71306445311984
2010-07-26,0.6935844444444444,25.411119715372763,33.710342645520086
2010-07-27,4.17106,27.73434727986654,2.194497120399319
2010-07-28,5.368565555555556,28.038073476155603,1.3151223329259665
2010-07-29,5.057802222222223,28.032549794514978,1.809092249970945
2010-07-30,4.803666111111111,28.406067148844443,4.865365579462377
2010-07-31,2.874947777777778,27.33125648498537,24.640032435421237
2010-08-01,2.275217222222222,26.75020179748537,67.13932752609253
2010-08-02,2.1563966666666667,26.22676302591964,45.21226286887625
2010-08-03,2.716684444444444,26.610455449422204,52.10722088804687
2010-08-04,0.3964011111111111,25.92127380371096,119.50343502849135
2010-08-05,4.134213333333333,28.06107355753585,1.7341792582392657
2010-08-06,4.036953333333333,27.648525492350306,1.565369106685921
2010-08-07,1.6672594444444444,26.29559733072921,22.365653514857087
2010-08-08,1.5692005555555557,26.133526738484704,19.003296405454503
2010-08-09,4.781624444444445,27.391745503743493,3.461688756942749
2010-08-10,4.867303888888889,27.81439170837405,1.720641796680411
2010-08-11,4.095752222222222,28.138764317830407,1.525729894581218
2010-08-12,4.654357777777777,28.15416552225753,2.7367413044530053
2010-08-13,2.4944188888888887,27.532098388671898,3.861844539642334
2010-08-14,4.026415,27.976637140909872,3.024825453753266
2010-08-15,4.363296666666667,28.356687164306663,0.9191308501499408
2010-08-16,4.737756666666667,28.673849995930997,3.768858176442791
2010-08-17,4.194907222222223,28.497866566975915,3.027382492916786
2010-08-18,3.458110555555556,28.12861467997237,2.260056137970423
2010-08-19,4.103639444444444,28.19304682413741,0.4075646399996913
2010-08-20,4.2156738888888885,27.891414896647177,1.9322730096291707
2010-08-21,2.8088372222222224,26.961335118611657,6.167208202612073
2010-08-22,4.747807222222222,28.17562828063967,1.006594260672955
2010-08-23,4.933585555555555,28.25005366007491,0.9590382841224708
2010-08-24,4.717949444444445,27.981280899047874,2.931818366107564
2010-08-25,4.474471111111111,27.86865577697756,2.904310822486877
2010-08-26,4.507509444444445,27.69466107686361,15.12101181555181
2010-08-27,4.777528888888889,28.13294118245443,14.536604285240172
2010-08-28,3.53804,28.230704879760765,13.043195009231567
2010-08-29,2.300771666666667,27.08325347900393,42.97005534171561
2010-08-30,2.153758888888889,26.406047439575214,57.85861611354903
2010-08-31,2.227351111111111,26.651537831624356,11.344999074935911
2010-09-01,4.257491111111111,27.31706771850588,4.179000854492188
2010-09-02,4.572697777777778,27.827680842081747,1.3654232025146484
2010-09-03,3.8406277777777778,27.621383285522484,1.803576946258545
2010-09-04,2.253896111111111,27.269947306315142,1.9913256168138105
2010-09-05,3.146870555555556,27.025989151001,10.07007956502548
2010-09-06,3.400846111111111,27.312238947550497,8.696794509887695
2010-09-07,1.98759,26.676555252075214,22.428774833677775
2010-09-08,3.6993466666666666,27.66168111165365,14.271783828633032
2010-09-09,1.278461111111111,26.10843175252279,42.289131879801545
2010-09-10,1.0728344444444444,25.940042114257835,16.128605604080803
2010-09-11,4.756831666666667,27.30316823323568,0.3969967365264892
2010-09-12,2.518825,26.683920796712243,4.1068732737699065
2010-09-13,4.074430555555556,27.068460083007835,6.5415382384230725
2010-09-14,4.5280233333333335,27.61321729024252,3.673061728477478
2010-09-15,4.102166666666666,27.07516441345217,2.091530007703568
2010-09-16,4.499463888888889,27.52838795979818,1.7874311977834625
2010-09-17,4.474926111111111,27.489031092325888,0.713143154825957
2010-09-18,5.202826111111111,27.049642817179404,0.4882904638066065
2010-09-19,5.852962222222223,27.669714228312216,0.288158655166626
2010-09-20,5.495622777777778,27.76373888651534,0.0058487112255534
2010-09-21,5.893881111111111,28.011235809326195,0.0466108322143554
2010-09-22,6.021587222222222,27.93929506937667,0.0031739473342895
2010-09-23,5.574576701388889,27.6045026143392,1.6014426937545068
2010-09-24,5.83729359375,26.95159810384115,0.373386573528478
2010-09-25,6.36430859375,25.890981292724632,0.0008656098771098
2010-09-26,5.919154704861112,27.206025060017907,0.0002086162567138
2010-09-27,5.668366822916667,28.255477523803734,0.0004410743699168
2010-09-28,6.0232337326388885,29.46975860595705,0.0012934207234138
2010-09-29,5.033013454861111,29.01591262817385,0.6704509257247082
2010-09-30,5.351240243055556,28.495831425984704,0.0008583068797918
2010-10-01,6.219399548611111,28.129260635376,0.0004351138045421
2010-10-02,6.070020138888889,28.53451372782393,0.0030159944799379
2010-10-03,6.103479565972222,28.617290751139365,0.0021555797502514
2010-10-04,6.114781197916667,28.75497970581057,0.0012874598951384
2010-10-05,5.960427413194444,29.57848955790206,0.0021404714516393
2010-10-06,6.111139565972223,29.120576477050804,0.002160059466405
2010-10-07,6.05026046875,28.8309322357178,0.0008621215101811
2010-10-08,6.085483975694444,27.533580398559597,0.0008511502187502
2010-10-09,6.009170506727431,27.819848632812523,0.0004321336746215
2010-10-10,5.608566111111111,27.752057011922204,0.0023573635985485
2010-10-11,4.9646027777777775,27.012369410196985,1.5892088413238523
2010-10-12,4.664179444444445,26.8429949442546,2.167302369969093
2010-10-13,5.459211111111111,27.62775319417318,0.221474754994233
2010-10-14,5.45035,28.262944793701195,0.002002716030347
2010-10-15,5.675326111111112,28.947762425740564,0.000441074366364
2010-10-16,5.783758888888888,29.748956934611044,0.0017181367688579
2010-10-17,5.768295555555556,29.331651941935263,0.0025808803911786
2010-10-18,5.042617777777778,29.96716969807943,0.4607507732430349
2010-10-19,5.165622222222222,30.21832618713381,0.0188367048394866
2010-10-20,4.955446666666667,29.59374516805013,0.5772411823272705
2010-10-21,4.7761466666666665,29.443674977620446,0.00220835198661
2010-10-22,5.222346666666667,28.97731170654299,0.0116903221396569
2010-10-23,5.557888888888889,27.053503290812216,0.002567048795754
2010-10-24,5.344908888888889,27.16232070922854,0.0
2010-10-25,5.19857,27.451058324178064,0.0004410743699168
2010-10-26,5.311303333333333,27.947092946370446,0.0004261732051702
2010-10-27,5.4966188888888885,28.2244697570801,0.0012755393186125
2010-10-28,5.441961111111112,28.267634328206384,0.0
2010-10-29,5.024035555555556,27.484804407755576,0.0008583068620282
2010-10-30,5.371745555555556,27.58585383097335,0.0012904405366498
2010-10-31,5.239804444444444,27.387555058797204,0.001716613667213
2010-11-01,5.384996666666667,26.72583605448409,0.0004351138045421
2010-11-02,5.407901111111111,25.75979385375979,0.0008523463179699
2010-11-03,5.425253333333333,25.53227259318038,0.0008641176805213
2010-11-04,5.356532222222223,25.823316192626976,0.0008523463179699
2010-11-05,5.26106,26.315674718221032,0.0021457663024193
2010-11-06,5.153295555555555,26.369961039225306,0.0017112461137003
2010-11-07,5.199841111111111,26.060595448811853,0.0021473245510605
2010-11-08,4.962116666666667,27.39418500264486,0.0925672438434332
2010-11-09,3.759164444444445,28.35822194417318,2.12174654006958
2010-11-10,1.8302322222222225,25.44887504577639,2.794102548250521
2010-11-11,3.395906666666667,26.894792811075888,0.8723437786102295
2010-11-12,3.652278888888889,25.856553649902366,4.2691826820373535
2010-11-13,3.963658888888889,26.72860679626467,1.7117202281902166
2010-11-14,4.06111,27.412809626261435,0.320458412168989
2010-11-15,4.316418888888889,27.063216781616237,0.6608307361588572
2010-11-16,4.366124444444444,26.447496668497763,2.390168632189216
2010-11-17,4.398958888888889,25.72550608317061,6.285294890403748
2010-11-18,4.560896666666666,26.25538660685225,0.0946909189174505
2010-11-19,4.467672222222222,25.66181653340658,0.0883877277324529
2010-11-20,4.817675555555556,24.33846244812014,0.0008523463179699
2010-11-21,2.81308,23.44802373250326,2.85106544890823
2010-11-22,1.5301755555555556,21.776040649414085,9.833097457885742
2010-11-23,2.352883333333333,21.773965454101585,8.021026849746704
2010-11-24,1.0822566666666666,22.543268458048544,3.2937496900444785
2010-11-25,4.326292222222222,22.5321924845378,0.002157688072657
2010-11-26,4.590226666666666,22.40023002624514,0.0021399318939074
2010-11-27,4.512931111111112,22.276629384358728,0.0
2010-11-28,4.656734444444444,23.09154345194503,0.0004351138045421
2010-11-29,4.508127777777778,23.941068903605185,5.6843418860808015e-11
2010-11-30,4.573416666666667,23.61957702636721,0.0008523463748133
2010-12-01,4.573017777777777,23.083851114908896,0.0021398067246991
2010-12-02,4.642336666666667,23.01132164001467,0.0008702070317667
2010-12-03,4.599171111111112,23.233249918619837,0.0004261732051702
2010-12-04,4.595451111111111,22.82490247090658,0.0008523463179699
2010-12-05,4.261338888888889,23.521446482340536,0.0034353860201008
2010-12-06,4.549402222222223,23.35186856587728,0.0008523463179699
2010-12-07,4.676926666666667,21.444542821248376,0.0021398067246991
2010-12-08,4.714343333333334,20.471175765991237,0.001279918269148
2010-12-09,4.534372222222222,20.734719848632835,0.0008525035468665
2010-12-10,4.587211111111111,19.68790969848635,0.0012812699310416
2010-12-11,4.642754444444445,18.89842249552413,0.0017040162560988
2010-12-12,4.652355555555555,18.04158999125167,0.0008523463179699
2010-12-13,4.699856666666666,18.3891540527344,0.0004351138045421
2010-12-14,4.68245,18.75264383951827,0.0004351138045421
2010-12-15,4.654882222222223,20.168431218465173,0.0021489474875124
2010-12-16,4.689022222222222,20.0494374593099,0.0004367450010533
2010-12-17,4.689837777777778,20.138272221883145,0.0
2010-12-18,4.705991111111112,20.19817695617678,0.0
2010-12-19,4.726387777777778,20.628685251871783,0.0004351138045421
2010-12-20,4.728406666666666,19.77140897115072,0.0
2010-12-21,4.7463677777777775,19.119943873087607,0.0
2010-12-22,4.779865555555555,18.912580744425497,0.000867629807999
2010-12-23,4.617541111111112,19.80642725626632,0.0008485949365422
2010-12-24,4.590354444444444,19.760580317179404,0.0008523463179699
2010-12-25,4.688125555555556,19.481954828898157,0.0
2010-12-26,4.632751111111111,19.99273579915365,0.0008583068051848
2010-12-27,4.149518888888889,22.20493977864584,0.0088512897491455
2010-12-28,3.4407566666666667,22.58291842142745,0.3504723310356894
2010-12-29,3.184803333333333,21.338416035970056,1.6009926795277352
2010-12-30,4.591881111111111,19.62288754781088,0.0017225742112714
2010-12-31,4.786208888888889,17.690201695760095,0.0004351138045421
2011-01-01,4.838442222222223,17.688787078857445,0.0004351138045421
2011-01-02,4.867283333333333,17.558339055379236,0.0012755393186125
2011-01-03,4.769816666666666,18.50916061401369,0.0008702277227712
2011-01-04,4.631143333333333,18.87725664774581,0.0008583068797918
2011-01-05,4.799277777777778,18.484237289428734,0.0004261732051702
2011-01-06,4.914956666666667,18.16045468648275,0.0008583068833445
2011-01-07,4.848928888888889,18.145756657918295,0.002146671988612
2011-01-08,4.8945944444444445,18.54802474975588,0.0004261732051702
2011-01-09,4.923316666666667,19.1128866831462,0.0008523463179699
2011-01-10,4.968506666666666,18.507915115356468,0.0021471670379469
2011-01-11,4.97089,18.78653551737472,0.0008531106345799
2011-01-12,4.928263333333334,19.43511861165365,0.0008524980330548
2011-01-13,4.8414866666666665,20.332596079508505,0.0008553266184208
2011-01-14,4.843143333333333,20.50167363484701,0.0013005143273403
2011-01-15,4.958668888888889,19.07928047180178,0.0021408811790024
2011-01-16,5.143317777777778,17.462127939860068,0.003004072141266
2011-01-17,5.125843333333333,18.234734471639,0.0012755395459862
2011-01-18,4.866943333333333,19.664987818400107,0.0004261732051702
2011-01-19,5.039343333333333,19.736606216430687,0.0021422168288154
2011-01-20,5.115003333333333,19.63307151794436,0.0004331857326178
2011-01-21,5.11337,20.53684514363607,0.0017150093860607
2011-01-22,5.107926666666667,21.02044512430831,0.0021508110528145
2011-01-23,5.013725555555555,21.71941274007162,0.0004351138613856
2011-01-24,4.98918,22.20041936238607,0.0
2011-01-25,5.100533888888889,21.110945002238,0.0012904404798064
2011-01-26,5.3758566666666665,19.35303967793783,0.0004351138045421
2011-01-27,5.193164444444444,20.639791742960654,0.0012934207234138
2011-01-28,5.159741111111111,20.842247899373376,0.0008523463179699
2011-01-29,5.248168888888889,19.950551605224632,0.001294334481372
2011-01-30,5.113937777777778,21.365305836995446,0.0004351138045421
2011-01-31,5.318384444444445,21.758044179280603,0.0004351138045421
2011-02-01,5.299354444444444,21.94155654907229,0.0
2011-02-02,5.340728888888889,22.478778457641624,0.0008523869041709
2011-02-03,5.380512222222222,22.95556221008303,0.0004397979864734
2011-02-04,5.442430555555555,23.0131660461426,0.0021340592866181
2011-02-05,5.417927222222223,22.604935582478845,0.0008583068797918
2011-02-06,5.445783333333333,22.25652402242025,0.0
2011-02-07,5.422151111111111,22.972840245564782,0.0017225742112714
2011-02-08,5.405394444444444,22.54951629638674,0.0017106526684074
2011-02-09,5.604968888888889,21.989932632446312,0.001710653293685
2011-02-10,5.615700555555556,22.04413439432784,0.0017126909597209
2011-02-11,5.572987777777778,24.005111312866237,0.003439187821641
2011-02-12,5.611408888888889,24.23707733154299,0.002554749698902
2011-02-13,5.655065555555556,22.913388824462917,2.326942194486037e-05
2011-02-14,5.612626666666666,22.93725166320803,0.0031888484954833
2011-02-15,4.522539444444444,22.710823313395224,0.0201642512251964
2011-02-16,5.785119444444445,21.27607625325521,0.0012849243375967
2011-02-17,5.62203,21.648238754272484,0.0
2011-02-18,5.816200555555556,21.75682729085287,0.0008553266184208
2011-02-19,5.89366,22.10933202107748,0.0
2011-02-20,5.918529444444444,22.84478912353518,0.0021448282723213
2011-02-21,6.0286566666666666,21.622874832153343,0.0
2011-02-22,5.39573,22.156781133015954,0.001293420684334
2011-02-23,6.036848333333333,23.186709976196312,0.0008523463179699
2011-02-24,6.094285555555556,23.24297930399581,0.0
2011-02-25,6.142440555555556,23.21395200093588,0.0021495791315828
2011-02-26,6.141134444444444,23.83867225646975,0.0008736035965739
2011-02-27,6.270092777777778,23.89808362325033,0.0
2011-02-28,6.157669444444444,25.26617266337081,0.0008523463179699
2011-03-01,6.1278427777777775,25.654183324178064,0.0012803027971131
2011-03-02,6.134398333333333,26.013090387980185,0.0012886834497294
2011-03-03,6.152802777777778,26.58953119913741,0.0012755393754559
2011-03-04,6.291896558295356,24.949497477213583,0.0012904405366498
2011-03-05,6.327073980034722,25.18898162841799,0.0017216614764947
2011-03-06,6.405134142795139,25.583121871948265,0.000441074366364
2011-03-07,6.489409774305556,26.72601470947268,0.0004351138045421
2011-03-08,6.503046059027778,26.448210652669275,0.0021398063836386
2011-03-09,6.662388506944445,25.15839220682784,0.0017225742112714
2011-03-10,6.762210850694444,24.6784441630046,0.0
2011-03-11,6.833280381944444,24.786318079630576,0.0004351138045421
2011-03-12,6.796951336805556,24.953038152058923,0.0008702277227712
2011-03-13,6.73461734375,26.603292083740257,0.0012861339087066
2011-03-14,6.757116458333333,27.55652516682943,0.0
2011-03-15,6.754111597222222,28.97089983622237,0.0017293677387897
2011-03-16,6.838167847222223,28.98548787434896,0.0
2011-03-17,6.904224722222223,29.20886891682943,0.0004412074332549
2011-03-18,6.9341442013888885,30.09239857991537,0.0004351138045421
2011-03-19,7.040264722222222,27.950776672363304,0.0004351138045421
2011-03-20,6.904812204861111,26.88057161966964,0.0008541842362319
2011-03-21,7.006099635416667,26.518408075968463,0.0
2011-03-22,7.041908888888889,26.25662511189779,0.0
2011-03-23,6.976263888888889,26.23733545939132,0.0010132789611816
2011-03-24,6.908925555555555,27.704780197143577,0.0004351138045421
2011-03-25,6.837131111111111,28.21584599812826,0.00172420607214
2011-03-26,7.1276077777777775,29.03100929260256,0.0004261732051702
2011-03-27,7.227219444444445,29.70751533508303,0.0012920165772811
2011-03-28,7.317,29.3167491912842,0.0012934207802572
2011-03-29,7.155251666666667,29.205948766072595,0.000441074366364
2011-03-30,7.212805,28.859478886922204,0.0008523463179699
2011-03-31,7.216951111111111,27.65644607543948,0.0008583068797918
2011-04-01,7.146895555555555,28.20482406616213,0.0
2011-04-02,7.129234444444444,28.49626693725588,0.0017142413639703
2011-04-03,7.357223888888889,28.270935312906943,-4.017522314825328e-06
2011-04-04,7.293823888888889,28.886782582600915,0.0034286112509107
2011-04-05,7.377791111111111,29.90339622497561,0.0021762189703622
2011-04-06,7.2785005555555555,30.371849950154623,0.0004073326813625
2011-04-07,7.162930555555556,30.31921793619796,0.0017195939676639
2011-04-08,7.209051666666666,30.348743057251,0.0
2011-04-09,7.103457222222223,30.31514129638674,0.0
2011-04-10,7.266133333333333,31.282756423950214,0.0012912273064102
2011-04-11,7.233122777777778,30.96855570475265,0.0008541416036678
2011-04-12,7.164183888888889,31.605697250366237,6.226287041499745e-06
2011-04-13,7.059278888888889,31.619110361735068,0.0004947184493175
2011-04-14,6.973495555555555,32.138504282633505,0.0014245510087107
2011-04-15,7.057771111111111,32.497770563761435,0.0017014682498484
2011-04-16,6.879233888888889,32.41336530049642,0.0012958789739059
2011-04-17,6.9805794444444444,31.95186131795248,0.0139223849373593
2011-04-18,7.456691666666667,31.32770563761397,0.0
2011-04-19,7.539445,31.066621398925804,0.0004351138613856
2011-04-20,7.515981666666667,31.09896367390951,0.0004351138613856
2011-04-21,7.479646111111111,31.392133967081747,0.0
2011-04-22,7.71244,31.83244984944662,0.0
2011-04-23,7.762352222222222,31.65146153767904,0.0008642672923997
2011-04-24,7.715347777777778,32.22948290507003,0.0008583068797918
2011-04-25,7.708188333333333,32.421606953938806,0.0004261732051702
2011-04-26,7.646484444444445,32.70085678100588,0.0004351138045421
2011-04-27,7.6147744444444445,33.41982676188155,0.0008619959430689
2011-04-28,7.430027777777778,33.6066719055176,0.0012814998058274
2011-04-29,7.364514444444445,32.90709520975753,0.0004351138045421
2011-04-30,6.912763333333333,32.599638875325525,0.0008553266184208
2011-05-01,7.206242777777778,32.95548909505209,0.0004261732051702
2011-05-02,7.637993888888888,31.893389002482134,0.0008510136808581
2011-05-03,7.647115555555556,30.919356918334984,0.0008637583910342
2011-05-04,7.018507777777778,30.766837692260765,0.0015796065326867
2011-05-05,7.09457,30.59512990315756,0.0025663167093625
2011-05-06,7.765567777777778,30.50429306030276,0.0025791968596422
2011-05-07,7.354048888888889,31.29675699869796,7.644359811820323e-06
2011-05-08,7.520879444444445,32.451493199666345,0.0017135565144599
2011-05-09,7.750928888888889,32.07790908813479,0.0025637665999056
2011-05-10,7.587728888888889,31.40120786031088,0.0133395193984142
2011-05-11,7.594528333333334,31.774716313680017,0.0021488634729394
2011-05-12,7.559246666666667,31.546984608968103,0.0023186206767888
2011-05-13,7.607444444444444,31.99461898803713,0.0
2011-05-14,7.637512222222222,32.59863942464193,0.0008523463179699
2011-05-15,7.710215555555555,33.15289713541671,0.002152140950784
2011-05-16,7.582928888888889,33.035270309448265,0.0473856925964355
2011-05-17,7.169126666666667,34.17961400349935,0.0789105892131658
2011-05-18,7.3231922222222225,33.30267677307131,0.0
2011-05-19,7.622956666666667,32.625554656982445,0.0025691031737551
2011-05-20,7.544671666666667,33.37224477132162,0.0
2011-05-21,6.0105538888888885,32.76556994120284,0.0568658112456432
2011-05-22,6.656828888888889,32.750103886922204,0.0978559255599975
2011-05-23,7.18219,32.95474904378256,0.0051558017730712
2011-05-24,7.170904444444444,32.74950752258303,0.0003278255462646
2011-05-25,7.488515555555556,32.70685030619308,0.0012874602361989
2011-05-26,7.485064444444444,32.73652102152511,0.0017106531231547
2011-05-27,7.472904444444445,33.36310793558761,0.0
2011-05-28,7.443037777777778,33.33559633890792,0.0
2011-05-29,7.511808888888889,33.40981318155929,0.0004284621581973
2011-05-30,7.351044444444445,33.241890207926474,0.001713633480449
2011-05-31,7.104848888888889,32.98029162089034,0.0067442655513616
2011-06-01,6.848041111111111,32.99162890116378,0.0070184469223022
2011-06-02,7.341211111111111,33.633817927042685,0.0
2011-06-03,6.486018888888889,33.453249867757165,0.5116105079601141
2011-06-04,6.5500477777777775,34.44502474466964,1.0243147611568304
2011-06-05,7.102442222222222,35.26595522562667,0.0
2011-06-06,7.295047777777778,35.73695653279623,0.0031091171308617
2011-06-07,7.270644444444445,34.279434458414755,0.0
2011-06-08,7.09933,32.86216189066573,0.001716613667213
2011-06-09,6.146271111111111,33.2875693003337,0.0032031310865932
2011-06-10,6.048574444444444,32.381628926595056,0.0035464763641357
2011-06-11,5.541238888888889,31.606870269775413,0.102439522741804
2011-06-12,5.232834444444444,31.13190040588381,0.3366768360137939
2011-06-13,4.783597777777778,31.21336962382003,0.0230371952056884
2011-06-14,5.244875555555556,32.706691360473656,0.0022679566313854
2011-06-15,5.901785555555556,32.7568133036296,0.0025906670657604
2011-06-16,4.953677777777778,32.75585962931319,0.1954436301616624
2011-06-17,4.130968888888889,32.37612113952639,0.2489656208695123
2011-06-18,4.064596666666667,32.35107129414877,0.1886134192545796
2011-06-19,4.245263333333333,32.124604797363304,0.2475321292827459
2011-06-20,4.530164444444445,32.62195994059249,0.2218037843704223
2011-06-21,4.321382222222222,32.043178176879906,0.3058314323425293
2011-06-22,3.7298022222222222,32.025321578979515,0.4702396251445861
2011-06-23,1.8100166666666664,30.63922208150228,1.1460719112506013
2011-06-24,2.3179966666666667,29.95109583536788,3.0853867530709067
2011-06-25,3.2023544444444445,30.990724817911826,0.4660308360371346
2011-06-26,4.010134444444445,32.00711402893069,0.2270355798259515
2011-06-27,2.9515277777777778,31.295397694905603,0.2989969165128059
2011-06-28,3.205147777777778,31.17976086934408,0.6922960280348889
2011-06-29,2.3157844444444446,31.07555414835616,0.3648251295658156
2011-06-30,5.434496666666667,32.09753189086916,0.5119979380765471
2011-07-01,5.202606666666667,31.93505312601729,0.2794896960267579
2011-07-02,5.450688888888889,31.51082636515304,0.1209260752830232
2011-07-03,5.439885555555556,30.64319508870443,1.0273575492760756
2011-07-04,5.524237777777778,31.09508412679037,0.4257410764694214
2011-07-05,6.341227777777778,32.49958254496261,0.6449222564697266
2011-07-06,2.406083333333333,28.50083948771163,17.98515319813987
2011-07-07,4.1344666666666665,28.44944788614913,10.85565122684784
2011-07-08,2.1511244444444446,27.01208712259933,16.377592630988147
2011-07-09,1.3434355555555555,25.558573023478232,34.638160467068246
2011-07-10,1.6325644444444445,25.570648447672568,28.7301927805288
2011-07-11,2.551582777777778,26.99845148722335,11.50144934644004
2011-07-12,4.776518888888889,28.819482421875023,0.4490911960601806
2011-07-13,2.865231111111111,28.462409591674827,1.071515679257118
2011-07-14,2.710848888888889,27.758260345459007,4.577854274430138
2011-07-15,4.081135555555556,28.80262145996096,0.2364814281463623
2011-07-16,4.317377777777778,28.3090536753337,7.938053758824282
2011-07-17,4.406836111111111,28.67529131571456,7.393494220789165
2011-07-18,3.9526672222222223,28.31151479085287,13.043001294136047
2011-07-19,1.4421183333333334,27.270642852783222,12.654244899749756
2011-07-20,4.021471111111111,28.89871368408205,0.6700008667053226
2011-07-21,3.887104444444444,28.651783243815142,1.2663185596011317
2011-07-22,3.2256666666666667,28.290301259358728,1.889824867191692
2011-07-23,1.6265155555555555,26.665694173177087,16.00061058979918
2011-07-24,3.082321666666666,26.88308677673342,15.155708789791332
2011-07-25,3.5382422222222223,27.22556393941244,3.6272287367751233
2011-07-26,4.552741111111111,27.95961469014486,5.219192649235538
2011-07-27,4.706993333333333,28.28136787414553,3.611218527680649
2011-07-28,3.652187222222222,27.64792912801107,10.09562611579895
2011-07-29,4.062261111111111,27.688200887044275,4.044234752655029
2011-07-30,2.749988888888889,27.091120020548544,15.05661904811717
2011-07-31,2.0250244444444445,26.533452606201195,8.988413214638058
2011-08-01,2.524920555555556,26.773838933308923,2.5975704193115234
2011-08-02,4.701389444444445,28.280809656779013,0.7740442908357181
2011-08-03,4.342465,28.356501515706384,0.7247209547927014
2011-08-04,3.3902016666666666,28.07599538167318,1.3523399829864502
2011-08-05,4.376203333333334,28.627351379394558,0.8028745651245117
2011-08-06,4.298081666666667,28.55603561401369,1.622731994757487
2011-08-07,3.772643333333333,28.54656944274905,1.4037132263133856
2011-08-08,2.521036111111111,27.509089406331384,19.642606377601624
2011-08-09,0.7518522222222223,25.91509590148928,40.024055151718585
2011-08-10,1.4594105555555557,26.007173156738304,18.19406747815222
2011-08-11,2.970682777777778,26.40156898498537,9.606742858881743
2011-08-12,1.1961305555555557,25.580269749959317,31.75998032083172
2011-08-13,0.89676,25.717484410603845,38.68800584990595
2011-08-14,0.4071011111111111,25.47768936157229,94.92712020869476
2011-08-15,0.9927038888888888,25.596145884196005,22.572726011276245
2011-08-16,3.8070316666666666,26.96705017089846,2.641282762965602
2011-08-17,4.613732777777778,27.584568277994837,1.3481974601745603
2011-08-18,4.766338333333334,27.628829574584984,1.131623983269492
2011-08-19,3.558381111111111,27.51756820678713,0.8884757757172679
2011-08-20,1.6557588888888888,26.361555353800497,27.89255976676941
2011-08-21,1.8954244444444444,25.68240000406905,39.481672123429234
2011-08-22,2.7284744444444446,26.635797754923544,2.570498332488569
2011-08-23,4.917866666666667,28.17865397135421,1.78552063692905
2011-08-24,3.286802222222222,27.15964279174807,9.485402703319323
2011-08-25,2.1988094444444446,26.68436648050948,6.226824056568603
2011-08-26,2.3859938888888887,26.30402844746908,11.100770895723144
2011-08-27,3.2315494444444446,26.83128382364913,4.954862594502174
2011-08-28,3.629279444444444,27.412658945719443,2.1490838516911026
2011-08-29,1.23295,25.61246770222982,37.3146400717701
2011-08-30,3.486463888888889,26.92665824890139,1.279059052439635
2011-08-31,4.594122777777778,27.434463755289755,8.774975937924978
2011-09-01,4.445447222222223,27.3989145914714,7.264041900629792
2011-09-02,3.913584444444445,26.7913865407308,16.536816954612732
2011-09-03,3.900140555555556,26.911470031738304,9.76677022754302
2011-09-04,2.3472555555555554,26.892500178019247,9.515571119038668
2011-09-05,3.2535933333333333,27.26973114013674,9.456503391163553
2011-09-06,1.3323116666666666,25.82890726725265,17.887699603932106
2011-09-07,2.6892383333333334,26.26982714335128,20.488926768297944
2011-09-08,3.9181816666666665,27.206864293416345,1.7265528440475464
2011-09-09,2.675057777777778,26.88738657633468,10.496351122810664
2011-09-10,2.836174444444445,26.70698318481448,4.612403659280062
2011-09-11,1.9642366666666664,26.04821993509933,20.98149101061608
2011-09-12,2.2132716666666665,25.967640813191736,15.519767999649048
2011-09-13,3.840333333333333,27.208071645100915,1.0410547256469729
2011-09-14,4.539725,27.705437596639,2.1207511424563563
2011-09-15,4.130589444444444,27.33151206970217,5.837160348789894
2011-09-16,5.110214444444445,27.194445546468103,0.4631042480127689
2011-09-17,3.19032,26.472205098470056,2.7998030185649725
2011-09-18,4.902151666666667,26.623572285970056,0.3018856047560803
2011-09-19,5.110085555555556,26.26265360514327,0.0213610899209015
2011-09-20,5.194922777777777,26.27307217915853,0.258237123375693
2011-09-21,5.491302777777777,25.915869013468463,0.095909833873975
2011-09-22,5.061437222222223,25.816141382853232,0.3031641244888305
2011-09-23,5.278722606336806,26.19926923116049,0.2745389938354492
2011-09-24,5.416493956163195,26.60976498921713,0.4385888576052821
2011-09-25,4.943022881944445,26.647190348307333,0.611728429703362
2011-09-26,3.890975763888889,26.51656875610354,0.0409692524954152
2011-09-27,5.007026128472222,26.383983230590843,0.2862095832369959
2011-09-28,5.0420561458333335,26.56454048156741,0.1206248998073533
2011-09-29,5.472361475694444,26.69434254964193,0.3220957788698797
2011-09-30,5.778250815972222,26.69384028116866,0.2082407473835701
2011-10-01,5.739756649305556,26.934361394246423,0.0394761561892664
2011-10-02,5.9527922916666665,26.66555875142416,0.0012814998058274
2011-10-03,5.838810121527778,26.308293914794945,0.0004172325134277
2011-10-04,5.7395213541666665,25.99196014404299,0.0008583068833445
2011-10-05,5.780631197916667,26.64697672526046,0.0042088287273145
2011-10-06,6.024208350694445,27.30967165629073,0.0
2011-10-07,5.68252703125,27.482552464803064,0.0014122610423328
2011-10-08,5.556080594618056,27.347274398803734,0.0008415623256041
2011-10-09,5.668029650607639,28.194231287638388,0.0
2011-10-10,5.801957173377143,28.68168411254885,0.0021338461806408
2011-10-11,5.402484444444444,28.92472483317061,1.7242882677237503e-06
2011-10-12,5.648665555555556,29.06991157531741,0.0008398839099754
2011-10-13,5.336375555555556,29.643257395426478,0.0012915259048895
2011-10-14,4.772995555555555,30.11452827453616,0.0206470489487742
2011-10-15,5.173105555555556,29.899617767334007,0.0173403333860733
2011-10-16,5.569011111111111,29.82595405578616,0.0008688854791216
2011-10-17,5.081791111111111,29.38787676493331,0.0439723945646619
2011-10-18,5.214620555555555,29.62073415120443,-8.00861243988038e-06
2011-10-19,5.490224444444444,27.9113873799642,0.0008523463179699
2011-10-20,5.210351111111111,27.26348711649581,0.0025878507017296
2011-10-21,5.575964444444445,27.16670506795248,0.0008362704306819
2011-10-22,5.759242222222222,27.396709696451865,0.0008583068797918
2011-10-23,5.74656,27.53151982625326,0.0008642672923997
2011-10-24,5.64106,27.788720703125023,0.0008523463179699
2011-10-25,5.572754444444445,27.98792928059896,0.0004231928869558
2011-10-26,5.555144444444444,27.718949254353845,0.001290870898174
2011-10-27,5.555117777777777,27.03705240885421,0.0008553265615773
2011-10-28,5.561552222222222,26.66024297078451,0.0008440611054538
2011-10-29,5.512553333333333,26.71439450581869,0.0021433112920021
2011-10-30,5.18909,26.216862614949548,0.0008583068797918
2011-10-31,5.31749,26.06542803446456,0.0004412725047586
2011-11-01,4.297615555555556,25.648522949218773,0.001709937976102
2011-11-02,5.1110388888888885,26.742638524373376,0.0
2011-11-03,4.784027777777778,26.937619781494163,0.0
2011-11-04,4.762667777777778,27.391068394978845,0.0012748520248351
2011-11-05,4.880411111111111,27.89532368977865,0.0008523463748133
2011-11-06,5.13349,27.05278422037765,0.0004351138045421
2011-11-07,5.138162222222222,27.21846351623537,0.0004351138613856
2011-11-08,4.568195555555556,27.261116917928064,0.0017195939676639
2011-11-09,5.164661111111111,26.871172841389978,0.001275622025787
2011-11-10,5.13926,26.90423482259115,0.0004351138045421
2011-11-11,5.119355555555556,26.106245930989587,0.0012834020708396
2011-11-12,4.962875555555556,26.64181798299154,0.0
2011-11-13,4.963727777777778,27.12625083923342,0.0
2011-11-14,5.034276666666667,26.89116630554201,0.0008523463179699
2011-11-15,5.005468888888889,26.376720046997093,0.0004261732051702
2011-11-16,4.974562222222223,25.628605779012048,0.0025774343157536
2011-11-17,4.988545555555556,25.2349620819092,0.0004374257400741
2011-11-18,4.99309,24.599626795450888,0.0017210318787874
2011-11-19,4.994096666666667,24.460771814982134,0.0008522588359483
2011-11-20,4.9787655555555554,25.22574958801272,0.0021478196572388
2011-11-21,4.914468888888889,26.07557830810549,1.2582290764839854e-06
2011-11-22,4.908232222222222,25.57813097635909,0.0025689601557132
2011-11-23,4.902942222222222,24.66529235839846,0.0008523463179699
2011-11-24,4.797234444444444,24.598741785685263,0.0008583068051848
2011-11-25,4.7782744444444445,24.55825576782229,0.0
2011-11-26,4.739483333333333,24.405528640747093,0.0008523463748133
2011-11-27,3.8867,25.92353782653811,0.0008417023877882
2011-11-28,2.6961344444444446,26.396993891398157,0.0004576786523102
2011-11-29,4.243832222222222,26.61957384745284,0.0021517276422855
2011-11-30,4.514221111111112,25.248679097493493,0.0
2011-12-01,4.659734444444444,24.49367930094405,0.0008702277227712
2011-12-02,4.585618888888889,24.722605005900107,0.0004261732087229
2011-12-03,4.535656666666666,25.07789573669436,0.0012814998058274
2011-12-04,4.505508888888889,25.73297271728518,0.0004351138045421
2011-12-05,4.520921111111111,25.091139729817712,0.0004351138045421
2011-12-06,4.603555555555555,23.96504173278811,0.0004142522804784
2011-12-07,4.608578888888889,23.505334472656276,0.0
2011-12-08,4.579814444444445,23.8991587320964,0.0017046928064701
2011-12-09,4.554116666666666,23.44915924072268,0.0012993806421945
2011-12-10,4.68454,21.449969863891624,0.0
2011-12-11,4.846143333333333,19.60299453735354,0.0
2011-12-12,4.792423333333334,20.013669586181663,0.0017151648421531
2011-12-13,4.72185,20.1540243784587,0.0021500784441741
2011-12-14,4.703807777777778,20.339113489786826,0.000878063019627
2011-12-15,4.627211111111111,20.539903895060263,0.0012755393754559
2011-12-16,4.669502222222222,20.800781504313196,0.0004351138045421
2011-12-17,4.592245555555556,21.461202875773157,0.0008702277796146
2011-12-18,4.621833333333333,21.02583529154464,0.0004351138045421
2011-12-19,4.613443333333334,20.142959849039755,0.0004261732051702
2011-12-20,4.638292222222222,19.68860524495443,0.0008612870487922
2011-12-21,4.541744444444444,19.985149002075214,0.0012814998058274
2011-12-22,4.506211111111111,20.453785196940142,0.0004351138045421
2011-12-23,4.548858888888889,20.516189829508505,0.0004351138045421
2011-12-24,4.61773,20.18456548055013,0.0008375650395464
2011-12-25,4.648237777777778,19.42986704508468,0.0004351138045421
2011-12-26,4.695818888888889,18.8730242411296,0.0012870723367086
2011-12-27,4.655877777777778,18.90628140767416,0.0004354969291853
2011-12-28,4.63857,20.222002283732134,0.0017225742112714
2011-12-29,4.611562222222222,20.279711659749356,0.0004351138045421
2011-12-30,4.636917777777778,19.50360514322921,0.0008351298674824
2011-12-31,4.581521111111111,19.690622584025107,0.0008695628999078
2012-01-01,4.701083333333333,18.535865402221702,0.0008523463179699
2012-01-02,4.693343333333333,18.73340822855636,0.0008523463179699
2012-01-03,4.678665555555556,18.53757565816244,0.0008523463179699
2012-01-04,4.699818888888889,18.910632069905603,0.0008523463179699
2012-01-05,4.609594444444444,19.765988922119163,0.0029978270390529
2012-01-06,4.42844,20.26965993245443,0.0008612866508883
2012-01-07,4.778864444444444,18.885965601603232,0.0012897884289486
2012-01-08,4.896104444444444,17.452687835693382,0.0012851321571361
2012-01-09,4.815991111111111,17.39229863484701,0.0
2012-01-10,4.840626666666667,17.474321619669638,0.0
2012-01-11,4.8362066666666665,17.442976252237997,0.0012904404798064
2012-01-12,4.885908888888889,18.06421559651693,0.0008612871056357
2012-01-13,4.980385555555555,18.22854385375979,0.000441074366364
2012-01-14,4.949302222222222,18.4986288706462,0.0
2012-01-15,4.9369644444444445,19.80971616109213,0.0008536799214198
2012-01-16,4.144805555555555,20.885121917724632,0.1112473544253589
2012-01-17,5.09028,18.90527178446456,-1.1868507954204688e-05
2012-01-18,5.105912222222222,17.062548573811853,0.0004261732051702
2012-01-19,5.072815555555556,16.9413887023926,0.0008543420335627
2012-01-20,5.127543333333334,17.13220049540206,0.0004351138045421
2012-01-21,5.123672222222222,18.24702351888021,0.0017285346416429
2012-01-22,5.023434444444445,19.61205126444503,0.0004351138045421
2012-01-23,4.954468888888889,19.699629720052087,0.0012934207802572
2012-01-24,4.851066666666667,19.82842152913412,0.0
2012-01-25,5.084243333333333,20.731350199381552,0.0021338446458685
2012-01-26,4.969196666666667,20.127252833048544,0.0008683437044965
2012-01-27,5.2074,19.357573445638025,0.0017106531977617
2012-01-28,5.309404444444445,18.944832102457724,0.0008523463179699
2012-01-29,5.270848888888889,19.59691963195803,0.0004351138045421
2012-01-30,5.173507777777778,20.1135135650635,0.0
2012-01-31,5.358468888888889,19.69740130106612,0.001281499748984
2012-02-01,5.475675555555555,19.394183095296228,0.0008583068051848
2012-02-02,5.415055555555556,20.38058179219564,0.0012814998058274
2012-02-03,5.372192222222222,21.335003789265954,0.0004351138045421
2012-02-04,5.344194444444445,20.781894938151083,0.0012814998626708
2012-02-05,5.332668888888889,20.93007876078292,0.0012875523793809
2012-02-06,5.458411111111111,20.19820874532064,0.0008553266184208
2012-02-07,5.628,17.920352554321312,0.0004351138045421
2012-02-08,5.9054866666666666,14.81231587727865,0.0017046928633135
2012-02-09,5.793250555555556,16.050165430704794,0.0025898217472786
2012-02-10,5.732847777777778,17.764541880289755,0.0021517276422855
2012-02-11,5.712865,19.716231282552087,0.0012915353977405
2012-02-12,5.630671111111111,20.388377126057943,0.001281499748984
2012-02-13,5.542457222222223,21.22417030334475,0.0017046928064701
2012-02-14,5.686006111111111,21.17828267415365,0.0008523463179699
2012-02-15,5.795139444444445,19.85984128316244,0.0008555652470931
2012-02-16,5.784423888888889,20.02790095011397,0.0
2012-02-17,5.790105,21.71603736877444,0.0012874601225121
2012-02-18,5.809067777777778,22.285963312784872,0.0008523463748133
2012-02-19,5.853163333333334,23.18668390909835,0.0008523463179699
2012-02-20,5.955111111111111,23.419244384765648,0.0
2012-02-21,6.050412222222223,23.564256922404013,0.0008523463748133
2012-02-22,6.062892222222223,22.875373458862327,0.0008523463179699
2012-02-23,6.115431666666667,22.25596644083663,0.0021398066678557
2012-02-24,6.255573333333333,20.82313690185549,0.0012857061619797
2012-02-25,6.317565555555555,20.557652409871423,0.0
2012-02-26,6.283085555555555,22.14226366678878,0.0017163602592518
2012-02-27,6.265113333333334,23.02188390096029,0.0021378681935857
2012-02-28,6.407252777777778,22.56105003356936,0.0
2012-02-29,6.418488888888889,22.46841392517092,0.0008642672355563
2012-03-01,6.378854444444444,21.49978090922042,0.0004351138045421
2012-03-02,6.21757,22.624785359700525,0.0004351138045421
2012-03-03,6.315742160983615,23.538020070393884,0.0008523463179699
2012-03-04,6.367051775173612,25.158729171752952,0.0004351138045421
2012-03-05,6.484878193359375,25.18548990885421,0.0012955942452208
2012-03-06,6.495584288194444,22.54728024800619,0.0034543800211395
2012-03-07,6.629826666666666,22.725139872233115,0.0025686658773338
2012-03-08,6.806399565972222,21.244650777180997,0.0021517276422855
2012-03-09,6.947348871527778,20.8017459869385,0.0
2012-03-10,6.89470234375,21.879882431030296,0.0008523463179699
2012-03-11,6.8418488194444445,23.34419720967611,0.0017199723743033
2012-03-12,6.816207170138889,23.252063369751,0.0004206007133689
2012-03-13,6.842486666666667,23.39786364237472,0.004297075975046
2012-03-14,6.880127482638889,24.24676920572921,0.0021278501662891
2012-03-15,6.866529982638889,25.433193461100306,0.0021398066678557
2012-03-16,6.889788350694444,26.101729965209984,0.0
2012-03-17,6.9450749131944445,26.247396723429404,0.0034484334605622
2012-03-18,6.982307690972222,26.67506815592452,0.0004291529762667
2012-03-19,7.082341302083333,27.011074320475306,0.0
2012-03-20,7.063229715304905,26.36036834716799,0.0
2012-03-21,7.263363333333333,24.96511802673342,0.0
2012-03-22,7.27816,25.582175191243493,0.001716613667213
2012-03-23,7.282850555555555,26.59137624104818,0.0008553265615773
2012-03-24,7.2888922222222225,27.14383468627932,0.0021473506421898
2012-03-25,7.314583333333333,26.98028971354171,0.0029997269166415
2012-03-26,7.221231666666666,28.04931221008303,0.0
2012-03-27,6.996442222222222,29.20844802856448,0.001281499748984
2012-03-28,7.087231111111112,29.683027521769247,0.00085880057199
2012-03-29,7.114332777777777,30.077251688639365,0.0012849557151639
2012-03-30,7.0800133333333335,29.79788487752279,0.0
2012-03-31,7.0553638888888885,30.096690750122093,0.0004351138045421
2012-04-01,7.112061111111111,30.35365447998049,0.0017205312587975
2012-04-02,7.174357222222223,30.854884719848656,0.0017046494349415
2012-04-03,7.104651666666666,30.917522048950214,0.0008523463179699
2012-04-04,7.134741666666667,31.422198232014978,0.0
2012-04-05,7.238083333333333,30.507501856486044,0.0
2012-04-06,7.214520555555556,29.55963859558108,0.0004351138045421
2012-04-07,7.25482,30.00466499328616,0.0
2012-04-08,7.3530677777777775,30.28548393249514,0.0004351138045421
2012-04-09,7.1203288888888885,30.93499908447268,0.0008702277796146
2012-04-10,7.070081666666667,31.130178070068386,0.0017225742112714
2012-04-11,6.782296666666666,30.751414871215843,0.0004276632239452
2012-04-12,7.234215555555555,29.624189631144247,0.0008523463179699
2012-04-13,7.145936666666667,29.45528945922854,0.0025785917614484
2012-04-14,7.082845555555555,30.029205576578818,0.0012976441325918
2012-04-15,7.217408333333333,31.14238573710128,0.0008553068546746
2012-04-16,7.300481111111111,32.01316286722823,0.0017225000874532
2012-04-17,7.016785555555556,31.38175989786788,0.0
2012-04-18,6.8210733333333335,30.88451983133956,0.0017240074612345
2012-04-19,6.153124444444445,31.2263116200765,0.0071317081165034
2012-04-20,4.916138888888889,28.228698984781943,0.2583861351013183
2012-04-21,6.9537844444444445,29.413573837280296,0.0021510946339731
2012-04-22,7.475443888888889,29.51077359517416,-1.1287909273960396e-05
2012-04-23,7.329483888888888,29.258640543619837,0.0008583068051848
2012-04-24,7.217328333333334,29.574925359090173,0.0004351138045421
2012-04-25,6.768353888888889,30.455099360148157,0.0008583068833445
2012-04-26,7.300145,30.98909403483077,0.0
2012-04-27,7.144576666666667,31.24313952128097,0.002171153312247
2012-04-28,7.485661666666667,31.300478235880576,0.0004206645485282
2012-04-29,7.6657255555555555,31.564008967081747,0.0
2012-04-30,7.70192,31.554026540120446,0.0
2012-05-01,7.940937222222222,31.192199961344443,0.0017195939676639
2012-05-02,7.718076666666667,31.192507680257165,0.0008523463179699
2012-05-03,7.634374444444444,31.482169723510765,0.0004261732051702
2012-05-04,7.509748888888889,31.232893244425497,1.4901161193847656e-05
2012-05-05,7.4524655555555555,30.771990076700888,0.000441074366364
2012-05-06,7.394526666666667,30.767477289835654,0.0980615615162605
2012-05-07,7.302897777777778,31.300541814168295,0.1576423643996349
2012-05-08,7.298764444444444,32.26078313191732,0.1110017298628918
2012-05-09,7.172515555555556,33.12077674865725,0.2769351005440512
2012-05-10,7.292508888888888,32.707161839803064,0.5695196887813836
2012-05-11,7.615360555555555,31.62665201822921,0.00171065221366
2012-05-12,7.613691666666667,31.360467529296898,0.0021556810452239
2012-05-13,6.918265555555555,31.17858975728353,0.0021934508254162
2012-05-14,7.497492222222222,31.733691151936853,0.0008523463179699
2012-05-15,7.648475555555556,31.927605565389,0.0008612870487922
2012-05-16,7.71291,32.011408742268884,0.0012814998058274
2012-05-17,7.67846,32.285049692789755,0.0008553265615773
2012-05-18,7.728046666666667,32.35964609781905,0.0008642673492431
2012-05-19,7.684008888888889,32.9672955830892,0.0
2012-05-20,7.606147222222222,33.212892786661826,0.0008553265615773
2012-05-21,7.663738888888889,32.26017850240072,8.94073082235991e-06
2012-05-22,7.559322222222222,32.57177823384603,0.0008523463179699
2012-05-23,7.564658888888889,32.84954605102541,0.0034188750532848
2012-05-24,7.597905555555555,33.531393305460654,0.0004261732087229
2012-05-25,7.599334444444445,33.483053461710654,0.0012904404798064
2012-05-26,7.557341111111111,32.99877065022787,0.0
2012-05-27,7.594314444444445,32.5536991119385,0.002157688072657
2012-05-28,7.603595555555556,32.95100809733077,0.0008518818503944
2012-05-29,7.6122177777777775,32.892766571044945,0.000867488342493
2012-05-30,7.468673333333333,32.665166473388695,0.0008523463748133
2012-05-31,7.570017777777778,31.92007408142092,0.0017232114828402
2012-06-01,7.483427777777778,31.97151145935061,0.0030672918001073
2012-06-02,7.297694444444445,32.58702239990237,0.0048631060849402
2012-06-03,6.93228,32.258943176269554,0.0177197603647982
2012-06-04,6.563311111111111,32.632491683959984,0.0437378882907069
2012-06-05,7.006665555555555,32.19003257751467,0.0008523463748133
2012-06-06,6.865736666666667,32.06598052978518,0.0
2012-06-07,6.673683888888889,32.68463732401534,0.0008583068833445
2012-06-08,5.698692777777778,32.76315587361654,0.0030636787364812
2012-06-09,5.943484444444445,32.63111012776693,0.1055449246791795
2012-06-10,5.731264444444444,31.530080413818386,0.0152736902236938
2012-06-11,6.311338888888889,31.27265001932784,0.6688535213470459
2012-06-12,6.338056666666667,32.702333704630576,3.39244604100486
2012-06-13,6.303172222222222,31.903625106811543,2.5729387997444064
2012-06-14,5.719633333333333,31.63243001302084,0.1683592795984623
2012-06-15,5.709077777777778,31.668183898925804,0.2404987811992498
2012-06-16,4.9407588888888885,30.80458602905276,8.852258022670867
2012-06-17,5.414171111111111,31.778328196207724,0.1075267791748046
2012-06-18,6.267822222222223,32.34039014180502,0.236949324573743
2012-06-19,5.478206666666667,32.424918746948265,0.3332906040327543
2012-06-20,5.512431111111111,32.28520800272628,0.1717686652114025
2012-06-21,5.104903333333334,32.42385063171389,0.2309858797957531
2012-06-22,4.879198888888889,32.240006383260095,0.202628970043861
2012-06-23,5.484547777777777,32.4124523162842,0.3456175327869459
2012-06-24,4.986694444444445,32.74507802327474,0.1655638217243904
2012-06-25,6.003103333333334,32.89250272115072,0.2411789135408071
2012-06-26,5.6231277777777775,32.87502250671389,0.3364390568663111
2012-06-27,6.024992222222222,32.53556149800619,0.2773106098175049
2012-06-28,5.546726666666666,32.05435269673666,0.2999007701873779
2012-06-29,5.853321111111111,32.0961789449056,0.0008553265615773
2012-06-30,6.611232222222222,33.032308832804404,0.0173449516296386
2012-07-01,3.821654444444445,32.120865122477255,0.0191509723208582
2012-07-02,3.61574,32.403577423095726,0.0501665424508246
2012-07-03,5.445595555555555,31.604285176595056,6.466217444824451
2012-07-04,2.7018066666666667,28.62424558003744,17.154091596694343
2012-07-05,3.231631111111111,28.29048309326174,3.504023652567412
2012-07-06,3.412218888888889,28.837660725911466,2.1271944045793134
2012-07-07,4.01452,28.929865773518884,1.3452968482852157
2012-07-08,3.827741111111111,29.09774297078451,1.7800986766474125
2012-07-09,5.747919444444444,30.68351771036788,3.0052304267833563
2012-07-10,1.01184,26.60632540384933,78.1219184470956
2012-07-11,3.3405383333333334,27.34562708536788,4.032015800476074
2012-07-12,4.081820555555556,28.3605838775635,6.74563523159577
2012-07-13,2.7552938888888887,28.298586781819665,0.7165164902289689
2012-07-14,4.613592777777778,29.002633031209317,0.9585857391343212
2012-07-15,4.633034444444444,28.661207453409872,1.376509666442871
2012-07-16,4.765861666666667,28.450638071696005,3.1154990196213816
2012-07-17,4.556323888888889,28.82455978393557,1.4314293861161786
2012-07-18,4.87523,28.665745671590173,1.7005120120643369
2012-07-19,4.159391666666667,29.480041122436543,0.5973773588721087
2012-07-20,3.843236666666667,30.008470789591517,0.6857125559349697
2012-07-21,5.005338888888889,30.306333160400413,0.1724809408187866
2012-07-22,3.690943333333333,29.91742858886721,1.1352002611602074
2012-07-23,1.6354388888888889,28.109775797526083,1.1888712637286858
2012-07-24,3.634299444444444,29.86622581481936,0.4525929689407348
2012-07-25,3.7131427777777777,30.15756505330404,0.4709333405230609
2012-07-26,4.512839444444444,30.45781669616701,0.4739701747666913
2012-07-27,3.7101394444444447,29.963729476928734,0.653350353235993
2012-07-28,2.132030555555556,29.58222796122237,0.5424345930045149
2012-07-29,1.6292055555555556,27.74955774943038,6.583529710724179
2012-07-30,1.2772622222222223,27.11220258076986,5.766496062278748
2012-07-31,0.9502944444444444,26.25972137451174,25.188007950781355
2012-08-01,4.190112777777777,29.083640034993493,1.058921217918396
2012-08-02,3.92848,29.381657536824548,0.9945869445751044
2012-08-03,3.372646111111111,29.356633758544945,0.8177340029646984
2012-08-04,3.666615,29.655606206258145,0.3527496101582983
2012-08-05,3.29191,29.41765619913741,1.0020673274944158
2012-08-06,4.574467222222222,29.618133799235068,0.9808838367462158
2012-08-07,3.317727222222222,28.87733929951986,5.854243386874458
2012-08-08,1.6896705555555556,26.88557904561361,7.126295566557417
2012-08-09,1.835276111111111,27.566544469197595,5.557999014854431
2012-08-10,2.833440555555556,27.51158231099447,0.4369795321395031
2012-08-11,3.353775,27.47777264912924,17.720434069531166
2012-08-12,0.7643711111111111,25.648870086669945,39.40878245833801
2012-08-13,0.8925355555555555,25.554064051310263,40.91885685920715
2012-08-14,2.426220555555556,27.19160359700521,4.664951562876496
2012-08-15,4.280167777777778,28.07112973531088,0.7386296987483831
2012-08-16,4.8455216666666665,27.913573837280296,0.8427739143357371
2012-08-17,4.673940555555555,28.06438789367678,0.5497962235381237
2012-08-18,4.063721111111111,28.01331926981612,1.38111412525177
2012-08-19,4.632813888888889,28.38630065917971,0.2173602580910483
2012-08-20,4.507261111111111,28.51952196757003,0.3592550754270007
2012-08-21,3.9968966666666663,28.27657025655111,0.6183624267350751
2012-08-22,3.308727222222222,27.20616238911947,1.905261908010658
2012-08-23,4.735933888888889,27.476508712768577,8.03763452080375
2012-08-24,4.868931111111111,28.385298665364587,0.6223320960998535
2012-08-25,3.925318888888889,27.957460657755576,1.0420322418163153
2012-08-26,3.1676772222222223,27.34017206827804,4.300326108932495
2012-08-27,3.3797944444444443,26.83596890767416,14.122509956358442
2012-08-28,3.522673333333333,27.696422195434597,3.95388305186728
2012-08-29,3.5376072222222223,27.36846758524581,10.129788303856913
2012-08-30,3.21734,27.977122879028343,6.289160463893495
2012-08-31,4.059815555555556,27.921535746256552,8.816105127323226
2012-09-01,2.4755394444444443,27.33315366109213,4.694082647688447
2012-09-02,4.44946,28.38148460388186,2.9177069664001465
2012-09-03,2.5466261111111117,27.54370524088546,48.40561747550965
2012-09-04,1.811935,26.051592763264978,23.394587031589253
2012-09-05,3.828314444444445,27.26633288065597,8.488609978257955
2012-09-06,1.67323,26.21045583089193,55.78121312373696
2012-09-07,1.9328166666666664,26.363547261555997,14.032834768290314
2012-09-08,2.521962777777778,26.45010973612472,8.806177973724516
2012-09-09,1.9332566666666664,26.009332275390648,12.813934683720165
2012-09-10,1.5140977777777778,25.383020019531276,23.83348941799568
2012-09-11,2.1559405555555555,26.47275822957357,9.58537757396627
2012-09-12,2.8700288888888887,26.668885167439782,4.282540333122142
2012-09-13,4.176894444444445,26.934763209025107,2.662751078560177
2012-09-14,3.685654444444444,26.711115137736044,5.317559838260877
2012-09-15,4.216101666666667,27.567248280843103,0.9187787770201794
2012-09-16,4.055016666666667,27.3136033376058,0.7634373505425174
2012-09-17,4.541851666666667,27.08334248860677,0.5833685397647059
2012-09-18,5.084913333333334,26.619053141276083,1.2284308671901556
2012-09-19,5.372116666666667,26.929125722249356,0.4096418619106146
2012-09-20,5.464812222222222,27.944099044799827,1.0615633694897042
2012-09-21,5.246674444444444,27.934549585978232,1.3350144278660991
2012-09-22,4.884114496527777,26.76380627950033,6.207116871792096
2012-09-23,4.37106875,26.40068906148275,3.964955883816401
2012-09-24,4.965173350694444,26.189559555053734,2.591220375791181
2012-09-25,4.911986440972222,26.257679239908896,0.6371694989297794
2012-09-26,5.535260121527778,26.418538665771507,0.1275539398193359
2012-09-27,5.920373680555556,26.980941390991237,0.0597305806877557
2012-09-28,5.975055729166667,27.40452664693197,0.3461431448954499
2012-09-29,5.923292048611111,27.976406987508145,0.002137635760846
2012-09-30,6.027190729166667,28.46975415547689,0.0008684788213031
2012-10-01,6.023492482638889,28.6132637023926,0.0017209820839525
2012-10-02,5.766705277777778,28.93020718892416,0.001713633480449
2012-10-03,5.886159565972222,28.95645103454592,0.0
2012-10-04,5.868445538194444,28.840780512491904,0.0
2012-10-05,5.701081475694444,28.275256729126,0.0035852193818186
2012-10-06,5.563032152777778,28.44595616658529,0.3231942652632824
2012-10-07,4.644964659288195,28.52879358927413,0.0017166137240565
2012-10-08,5.153441136067708,28.801874415079794,2.9802436074533034e-06
2012-10-09,5.763151221110026,27.936241404215536,0.000441074366364
2012-10-10,6.069251666666666,27.210210418701195,0.0008583068797918
2012-10-11,6.0239127777777774,26.730692164103232,0.0
2012-10-12,5.933801666666667,27.276040649414085,0.0
2012-10-13,5.9364244444444445,26.48766161600753,0.0008523463748133
2012-10-14,5.807548888888889,26.6032374064128,0.0004351138613856
2012-10-15,5.748779444444445,27.046423212687216,0.0017106532368416
2012-10-16,5.848408888888889,26.564495976765954,0.0021427867977763
2012-10-17,5.785205555555556,26.57365506490072,0.0008463859444418
2012-10-18,5.6101366666666665,26.82808265686037,0.0008523463748133
2012-10-19,5.62955,26.754696782430017,0.0008583068797918
2012-10-20,5.508837777777778,26.88933652242025,0.0004261732051702
2012-10-21,5.502074444444444,27.55567893981936,0.0008501315278408
2012-10-22,5.553588888888889,26.573671595255576,0.002133688781214
2012-10-23,5.280923333333333,26.94609794616701,0.002596246019948
2012-10-24,5.494395555555555,26.955373382568386,-1.1920974429813214e-05
2012-10-25,5.562041111111111,26.17895024617513,0.0
2012-10-26,5.660592222222222,25.394958750406943,0.0004351138613856
2012-10-27,5.598691111111111,25.97648391723635,0.0004351138045421
2012-10-28,5.546882222222222,26.10039545694991,0.0017327120644949
2012-10-29,5.558341111111111,25.360919570922874,0.0004351138045421
2012-10-30,5.533355555555556,25.436748758951865,0.000441074366364
2012-10-31,5.486742222222222,25.804479853312216,0.0008642672923997
2012-11-01,5.329304444444444,25.596928532918295,0.003010980435647
2012-11-02,5.38854,25.172894414265954,0.0008553258226129
2012-11-03,5.399146666666667,24.61181475321456,0.0004351138045421
2012-11-04,5.415305555555555,24.192353185017907,0.0004351138613856
2012-11-05,5.395904444444445,23.811587270100915,0.0008523463179699
2012-11-06,5.393093333333334,23.794327672322595,0.0
2012-11-07,5.339632222222222,24.134943898518884,0.0008583068833445
2012-11-08,5.278435555555555,23.97959798177084,0.0004351138613856
2012-11-09,5.222645555555555,23.747031148274743,0.0008523463179699
2012-11-10,5.1821077777777775,24.13613408406576,0.0008523463748133
2012-11-11,5.119967777777778,24.465709304809597,0.0004351138613856
2012-11-12,5.067283333333333,24.402117029825888,0.0025678083375169
2012-11-13,4.864882222222223,24.754054641723656,0.0008583068797918
2012-11-14,4.768347777777778,25.22741851806643,0.0
2012-11-15,4.722325555555556,24.93823649088546,0.0
2012-11-16,5.020901111111111,23.794447199503622,0.0012904405366498
2012-11-17,5.071547777777778,23.344314829508505,0.0
2012-11-18,5.040041111111111,23.4412837982178,0.0008523463748133
2012-11-19,4.96104,23.717284774780296,0.001722583931496
2012-11-20,4.911247777777778,23.451835250854515,0.0004329879352837
2012-11-21,4.9086477777777775,22.72854830423995,0.0
2012-11-22,4.88509,22.62830505371096,0.0008583068797918
2012-11-23,4.811251111111111,22.144267654418968,0.0
2012-11-24,4.836295555555555,22.724583562215173,0.0004351138045421
2012-11-25,4.809818888888889,23.165837224324548,0.0008523463748133
2012-11-26,4.808682222222222,22.75735244750979,0.001281499748984
2012-11-27,4.787868888888889,22.8189464569092,0.0025629979631958
2012-11-28,4.782174444444444,22.298401133219443,0.0008612870487922
2012-11-29,4.75672,22.17062975565597,0.0008583068833445
2012-11-30,4.689846666666667,21.971058146158896,0.0
2012-12-01,4.718285555555555,21.483584976196312,0.0008553265615773
2012-12-02,4.63712,22.35085258483889,0.001711679260552
2012-12-03,4.507097777777778,24.379736836751302,0.0017104263960732
2012-12-04,4.554611111111111,24.96429405212405,0.0008523463179699
2012-12-05,4.338534444444444,24.386936442057333,0.0008523463179699
2012-12-06,4.457218888888889,23.9274834950765,0.0008694966027178
2012-12-07,4.567087777777778,24.34119186401369,0.001302933583247
2012-12-08,4.4964788888888885,24.073107020060263,0.0008553265615773
2012-12-09,4.595666666666666,22.60138282775881,0.0
2012-12-10,4.421128888888889,22.64077529907229,0.0025808810732996
2012-12-11,4.537053333333334,22.006371434529623,0.0008532720698894
2012-12-12,4.626413333333334,21.25758005777999,0.0004276632239452
2012-12-13,4.530936666666666,21.73517252604171,0.0021682986925952
2012-12-14,3.984255555555555,22.648533121744837,0.0326523880858076
2012-12-15,4.229688888888889,23.554615910847986,0.0014722347145834
2012-12-16,4.47007,22.996249771118187,0.0008523463179699
2012-12-17,4.424392222222222,23.628731664021814,0.0
2012-12-18,4.4246533333333335,23.33481877644857,0.0
2012-12-19,4.504131111111112,22.71034774780276,0.0012874602361989
2012-12-20,4.616941111111111,21.150597508748376,0.0017107918779402
2012-12-21,4.623201111111111,21.512968317667685,0.001281499748984
2012-12-22,4.60138,22.1343761444092,0.0004351138045421
2012-12-23,4.57774,22.226522699991904,0.0004351138045421
2012-12-24,4.582515555555555,21.502613957722986,0.0004351138045421
2012-12-25,4.701835555555555,20.793077087402366,0.0008702277227712
2012-12-26,4.708125555555555,20.534686660766624,0.0008642672355563
2012-12-27,4.733895555555556,20.01998100280764,0.0008523463179699
2012-12-28,4.739904444444444,19.36970990498861,0.0
2012-12-29,4.580591111111112,19.494711812337243,0.0
2012-12-30,4.096598888888889,20.0537041982015,0.0004351138045421
2012-12-31,4.62642,20.487329101562523,0.0004351138045421
2013-01-01,4.614405555555556,18.95947418212893,0.0017024541989485
2013-01-02,4.8547,17.623169199625693,0.0008523463179699
2013-01-03,4.784535555555555,18.433760579427087,0.0004351138045421
2013-01-04,4.8204,17.779077148437523,0.0008583068833445
2013-01-05,4.831517777777778,17.454062398274743,0.0012752646512126
2013-01-06,4.8268466666666665,18.457102711995446,1.5093348793016048e-05
2013-01-07,4.887532222222222,18.056614812215173,0.0017106532368416
2013-01-08,4.961271111111111,17.840499496459984,0.0034236927604069
2013-01-09,4.849177777777777,19.09755795796713,0.0
2013-01-10,4.880782222222222,19.72114524841311,0.0008523463748133
2013-01-11,4.852032222222222,20.97044970194503,0.0008702277227712
2013-01-12,4.831146666666666,21.9618965148926,0.0012904405934932
2013-01-13,4.794755555555556,22.049682871500693,0.0008386966214857
2013-01-14,4.78805,22.304738616943386,0.0017195939676639
2013-01-15,4.816223333333333,21.571727371215843,0.0017166137240565
2013-01-16,4.487251111111111,21.7635214487712,0.0008583068797918
2013-01-17,4.796451111111111,21.11252683003744,0.0021462090380452
2013-01-18,5.075903333333334,16.33940976460775,0.0
2013-01-19,5.164441111111112,17.050788497924827,0.0034329686968703
2013-01-20,5.193082222222222,17.93117802937826,0.0008642672355563
2013-01-21,5.15772,18.158848698933923,0.0
2013-01-22,5.209821111111111,19.2629498799642,0.0008523463179699
2013-01-23,5.179428888888889,20.02527453104659,0.0
2013-01-24,5.2278577777777775,20.666364924113,0.0008523463179699
2013-01-25,5.200506666666667,20.39416656494143,0.0017287227933593
2013-01-26,5.267338888888889,20.29703483581545,0.0008523463179699
2013-01-27,5.27113,20.618405278523767,5.6843418860808015e-11
2013-01-28,5.095852222222222,20.90238278706869,0.0008344650268554
2013-01-29,5.139764444444444,21.66213569641116,0.0
2013-01-30,4.631382222222222,22.605465189615927,0.0
2013-01-31,4.797982222222222,23.06596972147628,0.0
2013-02-01,5.269024444444445,23.23703282674154,0.0017225742112714
2013-02-02,5.221722222222223,23.806340154012048,0.0017082367662624
2013-02-03,5.220703333333334,24.67678286234542,0.0017259507103517
2013-02-04,4.8769688888888885,22.90403772989913,0.0047414083041985
2013-02-05,5.237338333333334,20.88468958536788,0.0038653606679872
2013-02-06,5.662047222222222,18.412218348185263,0.0012874602930423
2013-02-07,5.638827777777778,19.79661585489913,0.0
2013-02-08,5.684713333333334,20.08032379150393,0.0008642672923997
2013-02-09,5.691847777777777,20.919719314575214,0.0017166137240565
2013-02-10,5.487754444444445,23.3698663075765,0.0008523463179699
2013-02-11,5.429191111111111,24.650266265869163,0.0017161765981654
2013-02-12,5.4729238888888885,25.049144363403343,0.0012762859569193
2013-02-13,5.45538,25.691913223266624,0.0017046927496267
2013-02-14,5.306994444444444,25.453092829386435,0.9441226719673068
2013-02-15,3.7029111111111113,23.10540479024252,0.1806378364221927
2013-02-16,5.829551111111111,18.85450897216799,0.0017160478478217
2013-02-17,5.874477777777778,19.314253743489587,0.0
2013-02-18,5.879247777777778,21.46496798197433,0.0017175041193695
2013-02-19,5.846703333333333,22.607321039835654,0.0008642672355563
2013-02-20,5.882322222222222,23.447283681233728,0.0004351138045421
2013-02-21,5.9059333333333335,24.66130854288741,0.0012856573334829
2013-02-22,5.94136,25.1735499064128,0.002171457708755
2013-02-23,6.018287222222222,24.054094568888388,0.0012874602361989
2013-02-24,6.212721666666667,22.36215044657393,0.0017285346416429
2013-02-25,6.192876666666667,23.93477846781417,0.0
2013-02-26,6.170112222222222,24.606123224894247,0.0
2013-02-27,6.271732777777777,22.50364201863607,0.0
2013-02-28,6.451151111111111,23.21298116048177,0.0012814998058274
2013-03-01,6.508903888888889,23.607947921752952,0.001706877583274
2013-03-02,6.602827222222222,23.46413637797042,0.0004351138045421
2013-03-03,6.599617212049696,24.561049397786466,0.0
2013-03-04,6.526824398871528,25.766829427083337,0.0025817287792051
2013-03-05,6.5140943250868055,26.523533757527677,0.0008583068797918
2013-03-06,6.561806788194445,26.782964324951195,0.0
2013-03-07,6.56857640625,27.31751085917159,0.0
2013-03-08,6.579172482638889,27.728560384114587,0.0008523463748133
2013-03-09,6.621273923611111,26.970429356892907,0.0
2013-03-10,6.587861927083333,26.07006352742513,0.0017165407939501
2013-03-11,6.271172013888889,26.479624048868857,0.0012815720538128
2013-03-12,6.742240121527778,26.04603983561202,0.0012779165672327
2013-03-13,6.6403290451388886,25.97292035420736,0.001281499748984
2013-03-14,6.694797899305556,26.82935231526693,0.0008618820288575
2013-03-15,6.7568091145833336,27.75174102783205,0.0017175227071675
2013-03-16,6.186623732638889,27.850290552775107,0.0
2013-03-17,6.605996805555556,27.33433049519857,0.0017087083961087
2013-03-18,6.794696354166667,28.438409423828148,0.0
2013-03-19,6.819330104166666,28.67154973347982,0.0012755393754559
2013-03-20,6.885343993055556,27.23347117106124,0.0012864307450399
2013-03-21,6.920061666666666,27.34425061543783,0.0
2013-03-22,5.604297777777778,27.34024581909182,0.0017046926359398
2013-03-23,6.921376111111111,27.53144480387374,0.0
2013-03-24,6.974857777777777,27.57655741373702,0.0008523463748133
2013-03-25,7.037021111111111,28.395848210652677,0.0017136334236056
2013-03-26,6.012930555555555,28.843862152099632,0.0008612870487922
2013-03-27,5.817575555555556,27.352783457438196,0.0
2013-03-28,7.025263333333333,27.355943298339863,0.0025577268161214
2013-03-29,7.078317222222222,27.177511469523157,0.0004481393780508
2013-03-30,7.129623888888889,28.584739939371783,0.0008523463179699
2013-03-31,7.054735,29.125087992350306,0.0008523463179699
2013-04-01,7.226835555555556,29.13154373168948,0.0
2013-04-02,7.179412222222222,28.098112996419275,0.0
2013-04-03,7.193931666666667,27.02066891988119,0.0
2013-04-04,7.166737222222222,29.174605941772484,0.0008523463179699
2013-04-05,7.358115555555556,30.34233818054201,0.0004351138045421
2013-04-06,7.413373888888889,29.951789474487327,0.0004351138045421
2013-04-07,7.405639444444445,29.72131436665853,0.0008523463179699
2013-04-08,7.014907777777778,28.30273272196456,0.0
2013-04-09,6.536584444444444,29.34744224548342,0.2065950790779425
2013-04-10,7.310536666666667,29.169011688232445,0.0017141325088232
2013-04-11,7.367611666666667,29.302646255493187,0.0029929094580438
2013-04-12,7.454185,29.873185094197595,0.0008583068797918
2013-04-13,7.507387777777778,31.31087710062667,0.0
2013-04-14,7.462165555555556,31.78676821390792,0.0008583068833445
2013-04-15,7.432982777777778,31.84268404642745,0.0008523463179699
2013-04-16,7.418223888888889,30.11285489400228,0.0017046927496267
2013-04-17,7.386552777777778,29.3095692952474,0.0008585681996464
2013-04-18,6.573784444444445,29.85160980224612,0.0327825546264648
2013-04-19,7.134677222222222,29.59664370218917,0.2045355566338003
2013-04-20,6.867370555555556,29.203093465169275,0.8337050676345825
2013-04-21,6.742963333333333,29.65400085449221,0.3159672020842663
2013-04-22,6.724155,29.765405273437523,1.0065287351608276
2013-04-23,6.655123888888889,30.93848635355636,0.0172557789710481
2013-04-24,6.7969888888888885,32.48546943664553,-9.70044311543461e-06
2013-04-25,7.334188888888889,33.11818911234542,0.0004261732087229
2013-04-26,7.551452777777778,32.54402949015304,0.0004351138045421
2013-04-27,7.591597222222222,32.99210573832198,0.0004291534310141
2013-04-28,7.554544444444445,33.672063446044945,0.0008502227615281
2013-04-29,7.561686111111111,33.82817993164065,0.0008523463179699
2013-04-30,7.505777777777777,33.82972170511886,0.0017200013644469
2013-05-01,7.714180555555555,34.06697362263998,0.0
2013-05-02,7.738239444444444,33.41620915730795,0.0
2013-05-03,7.628917777777778,33.411785380045615,0.0030078062991378
2013-05-04,7.560187777777778,33.11739374796554,2.980414137709886e-06
2013-05-05,7.696505,31.89012616475424,0.0008592242934923
2013-05-06,7.5740477777777775,32.51380373636886,0.0004377262143862
2013-05-07,7.557369444444444,33.66763331095382,0.0004382770839583
2013-05-08,7.75985,33.39444948832198,0.0
2013-05-09,7.843246666666666,32.79228871663412,0.0004351138045421
2013-05-10,7.23513,32.46377207438155,0.0004351138045421
2013-05-11,7.525156666666667,32.28067677815756,0.0012814998058274
2013-05-12,7.378337777777777,31.959067281087243,0.0021398067246991
2013-05-13,7.707955,32.21445744832357,0.0008523463179699
2013-05-14,7.114800555555555,33.104327774047874,0.0004351138613856
2013-05-15,7.429164444444444,33.43128102620443,0.0
2013-05-16,7.726855555555556,32.64900932312014,0.002157688072657
2013-05-17,7.544093333333333,32.434925969441736,0.0003278255462646
2013-05-18,7.710974444444444,33.351737594604515,0.0004202127001917
2013-05-19,7.713166666666667,34.22792269388839,0.0
2013-05-20,6.950096666666667,34.84895032246908,0.0008523463179699
2013-05-21,7.2821155555555555,34.80281537373861,0.001710653293685
2013-05-22,7.77348,34.106185531616234,0.0012862374205724
2013-05-23,7.740281111111111,33.064607238769554,0.0009566544463268
2013-05-24,7.542076666666666,32.64476102193197,0.0007897615432739
2013-05-25,7.078902222222222,33.323840713501,0.0033944844126665
2013-05-26,5.778105555555555,33.18406194051107,0.1731216906364352
2013-05-27,6.3959866666666665,33.57007179260256,0.0378847121851322
2013-05-28,6.7626188888888885,33.418263371785486,0.0047564506076014
2013-05-29,7.277361111111111,33.40398241678878,0.0012814998058274
2013-05-30,7.525541111111111,33.27113240559896,0.0017195939108205
2013-05-31,7.306701111111111,33.68395830790206,0.0017231189985977
2013-06-01,7.10002,33.71914698282882,0.0017046928064701
2013-06-02,6.676283333333333,33.26412480672201,0.4807472228094411
2013-06-03,4.281775555555556,32.57212155659994,1.6489028930664062
2013-06-04,6.6469644444444445,33.5616228739421,0.0689029693603515
2013-06-05,5.905545555555555,33.927636082967126,0.0219368322404989
2013-06-06,6.46809,33.991661961873376,0.19322633744423
2013-06-07,5.851663333333334,32.6293827056885,0.2956924108161729
2013-06-08,5.727307777777778,32.433846410115564,0.0400391958415013
2013-06-09,5.85074,31.08026084899905,0.4455852682667682
2013-06-10,5.433604444444445,30.102281188964863,2.6982367037931
2013-06-11,4.504443333333334,28.979505793253622,2.8169453144073486
2013-06-12,3.2492477777777777,29.052856699625693,1.0059773921966553
2013-06-13,4.283455555555555,29.63045463562014,0.4822492598464123
2013-06-14,6.519923333333334,30.7059373219808,5.108922719955444
2013-06-15,4.352061111111111,29.886037445068386,4.9600750207901
2013-06-16,4.570403333333333,29.203597005208337,20.984788248540557
2013-06-17,2.034788888888889,27.234398142496783,32.20960345606727
2013-06-18,2.783965555555556,27.51462071736654,4.468554258341584
2013-06-19,4.15158,28.237008031209317,1.7006993293762207
2013-06-20,6.050154444444445,29.418085988362638,1.3230025767256848
2013-06-21,5.978487777777778,29.860900497436543,1.0738700627257458
2013-06-22,5.65617,29.474713261922204,0.818661099003748
2013-06-23,5.832833333333333,29.512225723266624,0.2871930598757899
2013-06-24,5.2667866666666665,30.080248769124356,0.2065777643629474
2013-06-25,4.2732866666666665,29.122861480712917,2.561923366613428
2013-06-26,2.640613333333333,27.604399617513025,6.622219085688386
2013-06-27,5.075067777777778,28.905609385172568,1.480817794799805
2013-06-28,4.77885,29.02313639322921,1.4826953411102295
2013-06-29,4.771165555555555,29.489729181925497,0.7627189158370129
2013-06-30,3.854924444444445,29.50661875406905,0.8269220590477744
2013-07-01,4.115963333333333,30.01742324829104,0.5940526722838513
2013-07-02,4.228758888888889,30.155063247680687,0.3327429293449313
2013-07-03,2.1117422222222224,29.537999089558923,4.923525452511512
2013-07-04,0.7146155555555556,25.49885965983077,77.77707576741477
2013-07-05,4.461788888888889,27.42259686787924,2.351456880564484
2013-07-06,4.343504444444444,27.51781171162924,9.579756855941923
2013-07-07,3.974363333333333,28.17657877604171,2.1168529987285467
2013-07-08,3.824695555555556,28.22682215372725,2.1581679581572644
2013-07-09,4.1548927777777775,27.768201446533222,2.161866214407837
2013-07-10,4.196797777777777,27.93872667948409,3.2286125720588643
2013-07-11,3.1724622222222223,27.449481582641624,1.8716797343927285
2013-07-12,2.809092777777778,27.569550450642907,27.39431313756313
2013-07-13,0.6931544444444444,25.187297439575214,74.90431342853299
2013-07-14,3.6144177777777777,27.182990646362327,6.054574251169953
2013-07-15,3.783484444444445,27.382611211140954,2.393637058503373
2013-07-16,2.78562,27.26216405232748,5.173206329345703
2013-07-17,3.0363522222222223,27.37614974975588,11.021926998921572
2013-07-18,2.574437777777778,27.35784746805831,2.3025721311569214
2013-07-19,3.3755533333333334,27.716914113362638,1.6885124374539373
2013-07-20,1.902765,26.56708361307784,2.534925937652588
2013-07-21,3.930945555555556,27.39553794860842,5.105197429656982
2013-07-22,2.596946111111111,27.5651845296224,1.3505816459655762
2013-07-23,2.585965555555556,27.22734476725265,2.2107213735580444
2013-07-24,3.160953888888889,27.251526133219443,15.31904935836792
2013-07-25,2.5747727777777776,26.71865170796713,6.095284223551545
2013-07-26,2.43336,26.21978022257491,16.81979298581382
2013-07-27,1.7132544444444444,25.98194274902346,19.688889384269714
2013-07-28,2.0839777777777777,25.74000256856283,22.336870431900024
2013-07-29,1.0273094444444444,25.279108301798544,13.780170679090986
2013-07-30,3.0365005555555555,26.470809555053734,8.886712789433204
2013-07-31,2.386486111111111,26.320176696777366,6.425768136978149
2013-08-01,2.0626872222222223,26.27041842142745,19.227088532886683
2013-08-02,2.251856111111111,25.92886950174972,32.8578579516261
2013-08-03,2.2753005555555554,26.221573766072595,1.6208440065383911
2013-08-04,4.375667222222222,26.992227172851585,1.2907534837722778
2013-08-05,4.625139444444445,27.545105870564782,0.3362334917937915
2013-08-06,3.720419444444445,27.26728973388674,0.8689100539527317
2013-08-07,3.3822722222222223,27.382616933186853,1.3691297782543188
2013-08-08,3.704168888888889,27.123145039876302,1.506970639354677
2013-08-09,2.869160555555556,26.072316741943386,15.725940465927124
2013-08-10,1.1627666666666667,24.976904169718463,13.46580088138083
2013-08-11,4.035046666666666,26.578654861450214,2.302989363670349
2013-08-12,4.598683333333334,27.03777720133468,9.488525986625971
2013-08-13,1.542538888888889,25.519677734375023,10.88597774505118
2013-08-14,3.1962944444444443,26.119154866536466,4.369593349395018
2013-08-15,3.9785427777777778,26.96913617451986,3.1746685504003835
2013-08-16,1.3989538888888888,25.959202067057333,6.230819225208961
2013-08-17,4.573216111111111,27.4468990325928,3.1488120554854504
2013-08-18,4.601099444444444,27.701599375406943,0.3592073917388916
2013-08-19,3.777735555555556,27.095330810546898,0.8505612610747448
2013-08-20,3.335435555555556,27.19787686665853,0.9023696184158324
2013-08-21,2.012017777777778,26.51802024841311,0.5715310573464194
2013-08-22,2.724152222222222,26.912307993571005,0.5564979618561949
2013-08-23,3.675683333333333,27.00036201477053,6.12362408621081
2013-08-24,0.8163222222222222,25.41871350606283,17.826780676841736
2013-08-25,2.2208977777777776,26.4830038706462,2.7998268603255383
2013-08-26,4.470823333333334,27.182484563191736,0.2849668263138483
2013-08-27,4.47465,27.069113032023157,0.3304956652527835
2013-08-28,4.456596111111111,27.376194890340173,0.4183888435314031
2013-08-29,4.346161666666666,27.296049372355185,0.7514268159525272
2013-08-30,4.660415555555556,27.42403628031417,0.6013467191223754
2013-08-31,4.813458333333333,27.18516565958663,0.7509369281599731
2013-09-01,5.187022777777778,27.43474159240725,0.4768133163111088
2013-09-02,4.683215555555556,27.381955083211267,1.1755973100662231
2013-09-03,4.467975555555555,27.11703262329104,0.7663277348228803
2013-09-04,5.126828888888889,27.22051073710128,0.1067575037154711
2013-09-05,5.149072777777778,27.17971445719405,0.1460313795860202
2013-09-06,5.089147222222223,27.017960484822595,1.0828077793121338
2013-09-07,4.869150555555556,27.082697168986044,1.1096149682998655
2013-09-08,5.436116666666667,27.1562489827474,1.1151427228810462
2013-09-09,6.068978888888889,28.054088211059597,0.2971589564140231
2013-09-10,6.167988333333334,28.82825241088869,0.0161591060532373
2013-09-11,6.218705,29.331789271036826,0.215386265779216
2013-09-12,5.4069,29.577264404296898,0.0012874602361989
2013-09-13,5.799912777777778,30.01974767049154,0.68734288208816
2013-09-14,5.727656111111111,29.687616602579794,2.753227949142456
2013-09-15,6.133756666666667,30.2537609100342,0.0058948993633123
2013-09-16,6.131257777777778,29.416357930501302,0.3906071185042492
2013-09-17,6.074326111111112,29.275494511922204,0.2542734146118164
2013-09-18,5.999757777777778,30.12765846252444,0.002312660114967
2013-09-19,5.958399444444445,30.549846267700214,0.0820040701796642
2013-09-20,6.316814444444445,30.23399251302084,0.0
2013-09-21,3.0233327777777776,27.459682083129906,14.577084779734406
2013-09-22,3.168747361111111,27.072688039143884,35.87585091590384
2013-09-23,2.4181853972032337,26.49935175577804,53.7512540817211
2013-09-24,1.4583075868055555,25.94480985005697,34.84599590296966
2013-09-25,0.828500625,25.03434333801272,37.000292539591584
2013-09-26,1.9034775,25.543915685017907,15.174508094787598
2013-09-27,2.3950381944444445,26.04020207722982,15.86833000182608
2013-09-28,3.2455946875,26.13640429178878,12.283936142921448
2013-09-29,2.957564565972222,26.45283342997237,6.01331471016664
2013-09-30,3.750117361111111,26.790514246622763,5.128791169056512
2013-10-01,1.6645283333333334,26.050810750325525,1.0717511177062988
2013-10-02,4.639081232638889,27.59503389994308,5.578666925430298
2013-10-03,4.858218315972223,27.87727063496908,1.21508836735984
2013-10-04,4.312183246527778,27.200213368733728,1.4840245245864023
2013-10-05,5.313708107638889,28.11713816324874,0.8163899183273315
2013-10-06,4.414810520833333,27.48360977172854,2.6262044906566477
2013-10-07,4.230505562065972,26.675804392496783,11.28128170967102
2013-10-08,4.359383206380208,26.41555811564132,29.29675579071045
2013-10-09,3.1582976713053386,25.949740982055687,16.295751749169085
2013-10-10,4.571334444444444,26.22363878885909,1.3155102729456305
2013-10-11,4.203818888888889,27.04902801513674,1.4395296573752605
2013-10-12,4.707947777777778,26.542712148030603,2.8384625911712646
2013-10-13,5.308321666666667,27.022889073689782,0.2173185348510742
2013-10-14,5.370353888888889,27.317363993326865,0.0032126902738127
2013-10-15,5.380309444444444,27.526438649495446,0.0095903873393865
2013-10-16,5.549532777777777,26.96846478780111,0.0140875577017141
2013-10-17,5.723891111111112,27.065430577596032,0.00042617324425
2013-10-18,5.6567533333333335,27.48653055826827,0.0008583068833445
2013-10-19,5.644437777777778,27.19485499064132,0.0004351138613856
2013-10-20,5.588305555555555,26.7536394755046,0.0012858885156674
2013-10-21,5.673613333333333,25.7940670013428,0.0008583068797918
2013-10-22,5.7367944444444445,25.544876352946005,0.0
2013-10-23,5.736017777777778,25.552774047851585,0.0004270704074826
2013-10-24,5.6378844444444445,25.523434575398767,0.0012934207234138
2013-10-25,5.444482222222222,26.87296765645345,0.0021454223428918
2013-10-26,5.448105555555555,26.103909428914392,0.0
2013-10-27,5.470694444444445,25.46872545878097,0.000859507103712
2013-10-28,5.468768888888889,25.502780532836937,0.0008553265615773
2013-10-29,5.45654,25.342527008056663,0.0008583068797918
2013-10-30,5.430642222222223,23.954180018107134,0.0
2013-10-31,5.413806666666667,23.67728958129885,0.000441074366364
2013-11-01,5.334693333333333,23.875359471639,0.0008583068797918
2013-11-02,5.260255555555555,24.609166081746423,0.0012976313428225
2013-11-03,5.230137777777778,25.117155965169275,0.0
2013-11-04,5.260571111111111,24.95364341735842,0.0
2013-11-05,5.195337777777778,24.712527211507165,0.0012993811537853
2013-11-06,4.571776666666667,25.28024953206381,0.0008612870487922
2013-11-07,4.632766666666667,24.495390828450525,0.0009715556075207
2013-11-08,4.688651111111112,24.08848470052084,0.0012916234481963
2013-11-09,4.758861111111111,23.618692016601585,0.0
2013-11-10,5.029602222222223,23.53058077494308,0.0008709540679774
2013-11-11,5.120624444444444,22.425611750284872,0.0
2013-11-12,5.041867777777778,22.21987241109213,0.0
2013-11-13,4.930226666666667,22.850731150309286,0.0017167993746625
2013-11-14,4.970487777777778,22.95583877563479,0.0012874602930423
2013-11-15,4.968042222222223,22.9742256164551,0.0008404253435401
2013-11-16,5.074888888888889,21.56698570251467,0.0008523463179699
2013-11-17,5.118307777777778,21.59587949117025,0.0004351138045421
2013-11-18,5.059206666666666,21.66753094991049,0.0
2013-11-19,5.056515555555555,21.49992459615072,0.0
2013-11-20,5.025608888888889,20.91557909647628,0.0025689596441225
2013-11-21,4.956637777777778,21.619931157430017,0.0
2013-11-22,4.904501111111111,22.02392031351729,0.0
2013-11-23,4.902742222222222,22.0332968393962,0.0008547270340386
2013-11-24,4.813278888888889,22.51453297932943,0.0013038645079177
2013-11-25,4.710201111111111,23.580235417683923,0.0004351138613856
2013-11-26,4.61139,23.970086669921898,0.0017225742112714
2013-11-27,4.455421111111111,24.035436884562216,0.0025696963348309
2013-11-28,4.628784444444444,24.065092341105185,0.0008523463179699
2013-11-29,4.692711111111112,23.260991032918295,0.001281499748984
2013-11-30,4.77172,22.35315539042159,0.0004261732051702
2013-12-01,4.643808888888889,22.82755177815756,0.0
2013-12-02,4.481997777777778,22.52174339294436,0.0
2013-12-03,4.74002,21.86779874165853,0.0012755393754559
2013-12-04,4.530695555555556,23.364132817586267,0.0004470348358154
2013-12-05,4.570335555555555,22.992282485961937,0.0017293319274358
2013-12-06,4.6525,21.743182118733728,0.0029772297125418
2013-12-07,4.645562222222222,21.08637135823568,0.000869716075158
2013-12-08,4.653624444444445,20.9075974782308,0.0008523463179699
2013-12-09,4.664348888888889,20.4507773081462,0.0008581911856708
2013-12-10,4.667195555555556,20.741423543294275,0.0
2013-12-11,4.63587,20.725885009765648,0.0008523463179699
2013-12-12,4.642698888888889,20.643703079223656,0.0004351138045421
2013-12-13,4.656666666666666,20.470044708251976,0.0004351138045421
2013-12-14,4.70546,19.90400975545248,0.0008553266184208
2013-12-15,4.713732222222222,19.58397000630697,0.0008523463179699
2013-12-16,4.667383333333333,19.293261464436853,0.0004261732051702
2013-12-17,4.667687777777778,18.710900243123376,0.0
2013-12-18,4.563036666666667,19.74400418599447,0.0004351138045421
2013-12-19,4.5641477777777775,19.784601465861044,0.0008523463179699
2013-12-20,4.722797777777778,17.786799367268884,0.0008702277227712
2013-12-21,4.686675555555556,17.54181505839034,0.0017046927496267
2013-12-22,4.621261111111111,17.847215270996116,0.0017174697859445
2013-12-23,4.56782,19.455961481730185,0.0008523463179699
2013-12-24,4.244655555555555,20.019944763183616,0.0004351138045421
2013-12-25,4.409162222222222,20.54275538126632,0.0017225738702109
2013-12-26,4.29746,21.01244061787924,0.0004351138045421
2013-12-27,4.467088888888889,19.56468861897787,0.0008523463179699
2013-12-28,4.660516666666667,17.940843200683616,0.0
2013-12-29,4.50323,19.178620910644558,0.0
2013-12-30,4.478792222222222,19.10954627990725,0.0025822324118962
2013-12-31,4.690974444444445,17.530223464965843,0.0017054289287443
2014-01-01,4.072707777777778,19.92167116800948,0.0008564820177525
2014-01-02,3.183935555555556,20.561338043212917,0.0008544209890715
2014-01-03,3.926163333333333,21.748494720459007,0.0017191346159961
2014-01-04,3.963626666666667,19.559404627482134,0.0008642672355563
2014-01-05,4.842176666666667,17.888258870442712,0.0
2014-01-06,4.758507777777778,18.34283854166671,0.0004276632239452
2014-01-07,4.755711111111111,19.22832323710128,0.00215680393012
2014-01-08,4.684817777777778,21.11062711079916,0.0004351138045421
2014-01-09,4.798306666666667,18.598168945312523,0.0004351138045421
2014-01-10,4.876112222222222,17.042647298177087,0.0012910262512377
2014-01-11,4.345597777777778,17.60864664713546,2.394472176092677e-06
2014-01-12,4.912212222222222,17.859215037028036,0.0012895013696834
2014-01-13,4.758118888888889,19.37193959554037,0.0004351138045421
2014-01-14,4.806345555555556,18.99883295694991,0.001281499748984
2014-01-15,5.044158888888889,18.42199287414553,0.0021463277448674
2014-01-16,4.97553,18.811727778116904,8.94073082235991e-06
2014-01-17,4.920512222222222,17.722210820515954,0.0004351138045421
2014-01-18,5.097007777777778,17.49281018575033,0.0
2014-01-19,5.097924444444445,19.247411982218463,0.0004351138045421
2014-01-20,4.77089,21.63701655069991,1.8927206998000656
2014-01-21,2.7558344444444445,20.65860519409182,5.068674393953643
2014-01-22,4.408488888888889,19.975651677449548,0.0643312930037609
2014-01-23,4.778862222222222,19.5167226155599,0.0030093070222392
2014-01-24,4.832466666666667,19.84606196085616,0.0025862609618343
2014-01-25,4.8563044444444445,20.560154851277677,0.0008495123324792
2014-01-26,5.019097777777778,20.83125203450521,5.6843418860808015e-11
2014-01-27,5.076126666666666,20.58537317911788,0.0
2014-01-28,5.196685555555556,19.856755193074548,0.0021519535948755
2014-01-29,5.278631111111111,20.04748687744143,-6.187292456161231e-06
2014-01-30,5.314516666666667,20.716075515747093,0.0008553265615773
2014-01-31,5.338142222222222,21.21006100972494,0.0025667102931947
2014-02-01,5.230914444444444,22.396529134114587,0.0021486072228071
2014-02-02,4.778625555555555,22.82307395935061,0.0008553023462809
2014-02-03,5.271845555555555,23.64333750406905,0.0004351138045421
2014-02-04,5.38963,22.96269378662112,0.0
2014-02-05,5.323092222222222,23.226176834106468,0.0008523463179699
2014-02-06,5.415204444444444,23.87700742085775,0.0
2014-02-07,5.396555555555556,22.414704259236657,0.000862682782099
2014-02-08,5.62562,20.29926452636721,0.0008600427463534
2014-02-09,5.72675,19.170986429850306,0.0008706012977199
2014-02-10,5.636678888888889,19.124962107340536,0.0
2014-02-11,5.523372222222222,19.23340441385909,0.0021290420022523
2014-02-12,5.67403,20.31916516621908,0.0008523463179699
2014-02-13,5.5775644444444445,21.130445098876976,0.0012934207802572
2014-02-14,4.917908888888889,19.955227788289392,0.002330541349238
2014-02-15,4.789398888888889,19.606413777669275,0.0281810759474865
2014-02-16,5.761644444444444,19.60074895222982,0.0008523463179699
2014-02-17,5.923946666666667,19.77963091532393,0.0012832520042138
2014-02-18,6.017956111111111,20.20927899678549,0.0004351138045421
2014-02-19,5.965943333333334,21.152394866943386,0.0004351138045421
2014-02-20,5.62851,22.949634806315142,0.0008642672355563
2014-02-21,4.15403,22.71840375264486,0.0012917034268866
2014-02-22,5.964654444444444,22.22955411275228,0.0004351138613856
2014-02-23,6.053948888888889,22.67657559712728,0.0017149332052213
2014-02-24,5.186992222222222,23.56509679158529,0.0004261732051702
2014-02-25,5.731273333333333,24.497541681925497,0.2590507268855901
2014-02-26,5.511274444444444,23.08692703247073,2.116262912750244
2014-02-27,6.074178333333333,23.00535100301107,0.001281499748984
2014-02-28,6.281796111111111,21.49049847920736,2.980300450872164e-06
2014-03-01,6.385173333333333,20.541044489542685,0.0
2014-03-02,6.383104444444444,21.45329055786135,0.0017230703406312
2014-03-03,5.867835555555556,21.610613123575888,0.000441074366364
2014-03-04,6.359193325737847,22.71513137817385,0.0
2014-03-05,5.893580256076389,23.66534767150881,0.0019311904857488
2014-03-06,5.795937152777777,24.509074783325214,0.0008601072671865
2014-03-07,6.078884288194445,24.97193044026693,0.0
2014-03-08,5.860097534722223,25.81573638916018,0.0008523463179699
2014-03-09,6.053745121527778,25.974245961507165,0.1697117273806725
2014-03-10,5.776135659722223,26.1948066711426,0.03214478482505
2014-03-11,6.438125503472223,25.89988797505697,0.0
2014-03-12,6.593142986111111,25.15774180094405,0.0
2014-03-13,6.650997083333333,26.121202723185263,0.0025719403993207
2014-03-14,6.645359444444445,27.66599553426107,0.0008791683967501
2014-03-15,6.675087204861111,28.696326192220056,0.0
2014-03-16,6.772953368055555,28.487048085530603,0.0008523463748133
2014-03-17,6.748470138888889,27.85933392842611,0.0021489248069883
2014-03-18,7.158772621527778,24.984751637776696,0.0021522840256693
2014-03-19,7.093712256944444,26.04388135274252,0.0
2014-03-20,7.109010347222222,26.07757275899252,0.0004351138045421
2014-03-21,7.111282222222222,24.200802739461267,0.0017062158121916
2014-03-22,6.806226666666666,25.738987223307333,0.0008757216924948
2014-03-23,6.801406666666667,27.916819508870446,0.0008656139165452
2014-03-24,6.911764444444445,28.418841298421228,0.0017317217384515
2014-03-25,6.960666111111111,27.728007888793968,0.0008439505627677
2014-03-26,6.988510555555555,28.31476745605471,0.0
2014-03-27,6.723703888888889,28.8498416900635,0.0025779008296922
2014-03-28,7.0427977777777775,29.07073682149252,-5.960430371487746e-06
2014-03-29,7.124223333333333,28.381897226969443,0.0008523463179699
2014-03-30,7.071805,28.858266448974632,0.0008731695970709
2014-03-31,7.068066111111111,29.141827519734704,0.0008553265615773
2014-04-01,7.198047222222222,28.773796971639,0.0
2014-04-02,7.133146111111111,28.641035334269247,0.0
2014-04-03,7.185766111111112,29.09922116597494,0.0008523463179699
2014-04-04,7.3057477777777775,30.064315414428734,0.00171065221366
2014-04-05,7.315497777777778,30.546166992187523,0.0004351138045421
2014-04-06,7.383083333333333,29.821395492553734,0.0012962314031028
2014-04-07,7.227465,29.738410568237327,0.0021578160271928
2014-04-08,7.310293888888889,29.4918259938558,-2.3969789708644385e-05
2014-04-09,7.493845555555556,28.59389266967776,0.0
2014-04-10,7.45984,28.40331166585287,0.0008523463179699
2014-04-11,7.463253333333333,29.11545333862307,0.002142166295016
2014-04-12,7.412797777777778,29.38447723388674,1.3283795397001086e-05
2014-04-13,7.377887222222222,29.45131899515792,0.0008583068797918
2014-04-14,7.303855,29.68475748697921,0.0017195939676639
2014-04-15,7.209235,30.755148824055997,0.0
2014-04-16,7.327423333333333,31.819673156738304,0.001720061504784
2014-04-17,7.2067105555555555,30.751302337646507,0.0008523463179699
2014-04-18,7.306885,29.991646703084317,0.0008523463748133
2014-04-19,7.151543888888889,30.13096707661947,0.426560640335083
2014-04-20,6.900933333333334,30.975347137451195,0.9589791297912598
2014-04-21,7.213741666666666,31.730769093831384,1.4901161193847656e-05
2014-04-22,7.304706111111111,31.81531422932943,0.0
2014-04-23,7.590359444444444,31.707707341512048,0.0
2014-04-24,7.562657777777778,31.81871821085616,0.000854392567362
2014-04-25,7.545191666666667,32.143294906616234,0.0012874602930423
2014-04-26,7.456157222222222,32.27322158813479,0.0004261732051702
2014-04-27,7.269556111111111,33.50998967488607,0.0017173548485516
2014-04-28,7.567347777777778,34.07820854187014,0.0
2014-04-29,7.361916666666667,33.965727742513025,0.0
2014-04-30,7.587112222222222,33.112206395467126,0.0021427869114631
2014-05-01,7.677765555555555,32.68608118693038,0.0017114348906943
2014-05-02,7.708720555555556,31.690639114379906,0.0017225742112714
2014-05-03,7.465126666666666,31.55295842488607,0.0008404254572269
2014-05-04,7.538211111111111,31.32135162353518,0.0
2014-05-05,7.309243333333334,32.55665041605636,1.431918144021438
2014-05-06,7.400926111111111,33.69139188130697,0.0008523463179699
2014-05-07,7.2690777777777775,34.125422414143884,0.001710643118713
2014-05-08,7.648643333333333,34.33617299397787,0.0008523463179699
2014-05-09,7.791177222222222,32.89515647888186,0.0017091613813136
2014-05-10,7.079666666666666,30.99974657694503,0.0271737575481267
2014-05-11,7.154906666666666,31.32886085510256,0.0
2014-05-12,7.199783333333333,30.979252751668295,0.0047430713152607
2014-05-13,7.358741666666667,31.05689964294436,0.5910590788289483
2014-05-14,7.108056666666666,31.171497599283896,0.0296749922767958
2014-05-15,7.441696666666667,31.519984817504906,0.0
2014-05-16,7.221303333333333,31.910724258422874,0.0272184610317083
2014-05-17,7.279664444444444,32.560071563720726,0.1544952392578125
2014-05-18,7.384445555555556,33.029113388061546,0.0890916926437057
2014-05-19,7.410574444444444,33.34719874064132,0.0008560480182495
2014-05-20,7.302054444444445,33.0121894836426,0.0
2014-05-21,7.69876,33.236991500854515,0.0012909839028907
2014-05-22,7.669076666666666,33.457233047485374,0.0025750283043635
2014-05-23,7.711348888888889,32.90193010965987,0.0008523463179699
2014-05-24,7.667902222222223,33.23754717508956,0.0
2014-05-25,7.32372,34.24556439717611,0.0478327274322509
2014-05-26,7.280111111111111,34.77480723063155,0.0008821486403576
2014-05-27,7.128222222222222,34.86340166727706,0.0
2014-05-28,7.254174444444445,34.910394922892294,0.0020444392134777
2014-05-29,7.522923333333333,34.217205301920615,0.0008523463179699
2014-05-30,7.496528888888889,33.13908220926925,0.0025727804313646
2014-05-31,7.372814444444445,33.0191474914551,0.0047901548896334
2014-06-01,7.40317,33.2427803039551,0.0017354382180201
2014-06-02,7.352263333333333,35.1402634938558,0.0008404255140703
2014-06-03,7.23991,35.862975692749046,0.1277474004268697
2014-06-04,7.209371111111111,35.1445416768392,0.0012952956467415
2014-06-05,7.239946666666666,34.529801305135095,0.0008598613625565
2014-06-06,7.223196666666666,34.609229024251306,2.002348509222429e-06
2014-06-07,7.467462222222222,33.766522343953454,0.0
2014-06-08,7.473133333333333,33.51805903116866,0.0008523463179699
2014-06-09,7.42095,33.32169876098635,0.0012814998058274
2014-06-10,6.975901111111111,33.8016124725342,0.0008583068797918
2014-06-11,5.919666666666667,32.594256973266624,0.1615315674712292
2014-06-12,5.909694444444445,32.25195719401046,0.0133663415908813
2014-06-13,6.730068888888889,32.62571614583334,0.4358172416232264
2014-06-14,5.990917777777778,32.42844098409017,0.2965927122886569
2014-06-15,5.5725766666666665,31.27922401428225,1.4709532260894775
2014-06-16,5.464642222222222,31.18795547485354,0.5892813205718994
2014-06-17,5.1661,31.254455184936543,0.7067910192972704
2014-06-18,5.338777777777778,31.510776774088583,0.1974396675450407
2014-06-19,6.187677777777778,32.355084355672204,0.4796236753463745
2014-06-20,6.667445555555555,32.61616223653158,0.0024982364834613
2014-06-21,5.461984444444444,32.855861282348656,0.0992298126547552
2014-06-22,5.064246666666667,33.19896469116213,0.1266449689865112
2014-06-23,6.606274444444445,33.59716504414877,0.1075267791748046
2014-06-24,6.602605555555556,33.42703208923342,0.0409662722518078
2014-06-25,6.1090044444444445,32.99616966247561,0.1668483018875122
2014-06-26,5.564592222222222,32.41605720520022,0.1248002051283947
2014-06-27,6.469523333333333,32.655767059326195,0.0257521866728893
2014-06-28,6.4555,32.62957598368331,0.03996789445182
2014-06-29,5.866806666666666,32.58070208231612,0.121328142938637
2014-06-30,5.343728888888889,32.58902066548666,0.214827473087098
2014-07-01,3.655403333333333,32.110176340738974,0.3454536199569702
2014-07-02,5.499013333333333,32.559084828694665,0.5978744755452681
2014-07-03,4.98709,32.266275024414085,0.2247266099288936
2014-07-04,5.29039,32.69205754597982,0.1507293488884897
2014-07-05,6.4075066666666665,32.74374478658041,0.0034235958032979
2014-07-06,6.246468888888889,33.22212498982748,0.0016093253520921
2014-07-07,5.430233333333334,33.53726412455245,0.0398427247318977
2014-07-08,6.386685555555555,32.994153594970726,0.0021457672687574
2014-07-09,4.565628888888889,31.92584953308108,0.0336766242980957
2014-07-10,3.761251111111111,31.461499786376976,0.149548053741455
2014-07-11,5.065230555555556,31.22120310465499,4.62612509727478
2014-07-12,5.27784,30.652036285400413,0.3829836845383738
2014-07-13,5.552887777777777,31.0906978607178,0.7994860410676097
2014-07-14,2.689817777777778,29.62995045979818,1.2070960938785902
2014-07-15,3.247478333333333,29.31839205423995,7.697399304333885
2014-07-16,1.7337044444444445,27.69965833028158,15.42690396308899
2014-07-17,3.061060555555556,28.429880396525107,5.3155452011992566
2014-07-18,1.2775722222222223,26.81341451009115,75.24707913398743
2014-07-19,2.7774566666666667,28.075404739379906,3.1716018915126654
2014-07-20,4.5236616666666665,29.11286570231124,0.5815093392129711
2014-07-21,4.779934444444445,29.04162686665853,1.0691843458516814
2014-07-22,4.114812222222223,29.024325942993187,1.4466524123122326
2014-07-23,1.535128888888889,26.3474060058594,40.01772403717041
2014-07-24,1.053568888888889,25.393841679890954,57.44765698904075
2014-07-25,1.5898838888888889,26.314558283488,28.473922199680143
2014-07-26,4.055458333333333,27.52326609293624,17.76223182667991
2014-07-27,3.441816111111111,28.10974210103353,1.3851463794658514
2014-07-28,3.638710555555555,27.71661465962728,6.834015250205994
2014-07-29,1.802655,26.43265304565432,31.374186277389526
2014-07-30,1.9918644444444444,26.598311360677087,15.250498056410322
2014-07-31,2.8596583333333334,26.911013539632165,6.851918577012839
2014-08-01,4.33901,27.79243113199874,1.4683402951050084
2014-08-02,3.3201183333333333,27.645440673828148,5.671057104962074
2014-08-03,1.8399516666666669,27.17081413269045,7.448577880854401
2014-08-04,3.779846111111111,27.79188499450686,1.7692446708714726
2014-08-05,2.314426666666667,26.883019383748376,4.986444371922971
2014-08-06,1.62126,25.95140164693197,11.667430400848389
2014-08-07,2.8095483333333333,26.36428349812826,4.876206475955769
2014-08-08,3.5980544444444447,26.55401763916018,4.279293071363099
2014-08-09,3.650001111111111,26.79491640726729,1.8051862716674805
2014-08-10,4.788971111111112,27.640782292683923,2.7533054351351893
2014-08-11,4.435886111111111,28.02754364013674,1.426398754119873
2014-08-12,4.607685555555555,27.68193206787112,1.4420896768569946
2014-08-13,4.555177222222222,27.77311286926272,0.7715821266174316
2014-08-14,3.448165555555556,27.49681688944503,1.017928123474121
2014-08-15,4.051472222222222,27.44857050577804,1.7995300055986263
2014-08-16,4.355035555555555,27.88820927937826,1.058613726513613
2014-08-17,4.704319444444445,27.873064931233728,1.3240724802017212
2014-08-18,4.8607716666666665,27.74162635803225,0.3361031857025409
2014-08-19,5.6118427777777775,28.48853836059573,0.2377689633590307
2014-08-20,5.780455555555555,28.79765345255538,0.1271634080310946
2014-08-21,5.075982222222223,28.652366892496783,0.2560615539550781
2014-08-22,5.832505,28.85135739644369,0.3855645654766704
2014-08-23,3.892368333333333,28.419042841593463,3.053039312362671
2014-08-24,3.165487222222222,27.418752288818386,17.819344997406006
2014-08-25,4.694338888888889,28.23164520263674,2.3845970630596014
2014-08-26,4.283995555555555,27.956185277303064,0.0717133283387738
2014-08-27,5.517953888888889,28.050235366821312,0.3698557615230413
2014-08-28,5.555604444444445,28.464125569661466,0.343363431625221
2014-08-29,5.874349444444444,29.142731602986657,1.5109668695458822
2014-08-30,4.438211666666667,27.886959966023767,29.539712519579098
2014-08-31,3.2720177777777777,27.357514953613304,36.48679806224209
2014-09-01,3.35721,27.19602292378744,15.312376951442277
2014-09-02,3.524062222222222,27.027129109700525,8.018458406411355
2014-09-03,2.335068333333333,26.54889068603518,9.424964498407462
2014-09-04,1.766722777777778,26.166370010376,11.89299449816872
2014-09-05,4.157073333333333,27.768472925821985,0.747779011703642
2014-09-06,3.9787066666666666,27.414250946044945,0.9249220906326628
2014-09-07,4.80837,27.49906247456869,0.7197606461772921
2014-09-08,1.7583172222222223,26.18974647521975,23.64160120487213
2014-09-09,1.0960283333333334,24.82719192504885,117.03774333000185
2014-09-10,0.7488638888888889,24.450994110107445,19.24761533736685
2014-09-11,0.8730922222222223,25.01177113850912,12.914597988128662
2014-09-12,4.477094444444444,27.08256556193038,0.6560564040114514
2014-09-13,4.977576111111111,27.411886469523157,0.0704139937965919
2014-09-14,5.09175,27.13500811258956,0.4839990518803461
2014-09-15,4.839230555555556,27.27764981587728,0.9590900886564668
2014-09-16,4.901712777777778,27.41382815043136,0.4453749235899806
2014-09-17,4.850781111111111,26.981542841593463,0.7474601267745129
2014-09-18,5.224203888888889,27.332873280843103,0.1370579004174033
2014-09-19,5.024670555555556,26.88852971394857,0.323918461674566
2014-09-20,4.706736666666667,26.52029126485189,0.0575482845306396
2014-09-21,5.0547683333333335,26.61469739278158,0.1214852964039892
2014-09-22,5.300036666666666,26.92055473327639,0.0729671746739768
2014-09-23,5.9684034201388885,26.867956415812216,0.0005134261300554
2014-09-24,5.335985659722223,26.936049397786466,0.2474814652941859
2014-09-25,4.782288211805556,27.34371401468917,0.5800959670523298
2014-09-26,5.687064375,27.545579528808616,0.2875298538356219
2014-09-27,5.823207361111111,27.89275449117025,0.3710836172103882
2014-09-28,5.8878790104166665,28.02474428812667,0.0010669231400584
2014-09-29,5.801141701388889,28.580717976888025,0.0008553266184208
2014-09-30,5.758829236111112,28.777666346232134,0.0784903763815236
2014-10-01,5.801427934027778,28.990335083007835,0.1539009860493934
2014-10-02,5.834330694444445,28.814452743530296,0.002144423149275
2014-10-03,6.020786649305555,29.67383473714193,0.0021457670982272
2014-10-04,6.002688038194444,29.189859008789085,0.0008523464885001
2014-10-05,5.920484826388889,28.362933095296228,0.0012934207234138
2014-10-06,5.715563246527778,28.534295018514,0.1341342925798017
2014-10-07,5.776059717881944,28.84039141337081,0.0069916247298351
2014-10-08,5.805633931206597,29.10126393636068,0.0008606466685989
2014-10-09,5.609199216579861,28.87282206217452,0.0008523463179699
2014-10-10,5.881445,28.924433008829794,0.0017199096760123
2014-10-11,5.945836666666667,29.629745101928734,-2.876788585126633e-06
2014-10-12,5.957243888888889,28.611346181233728,0.000441074366364
2014-10-13,5.996026666666666,27.81354420979818,0.0008583068797918
2014-10-14,5.903167777777778,27.085356648763025,0.0008575220817874
2014-10-15,5.809955,27.88117688496908,0.0
2014-10-16,5.8783594444444445,27.485935465494837,0.0008508991413691
2014-10-17,5.861874444444444,26.817693328857445,0.000862889265818
2014-10-18,5.826273333333333,26.754760996500693,0.0
2014-10-19,5.710296666666666,27.471820449829124,0.0017106531231547
2014-10-20,5.672586666666667,28.145757293701195,0.0008553265615773
2014-10-21,5.674496666666666,28.445524470011435,0.0
2014-10-22,5.348308333333334,28.13819656372073,0.0008523463748133
2014-10-23,5.263881111111111,28.2700127919515,0.0004351138045421
2014-10-24,4.89753,27.800484593709317,0.0004351138045421
2014-10-25,5.289176111111111,27.34505424499514,0.00320651633956
2014-10-26,5.262746666666667,26.744367853800497,0.0021437165855786
2014-10-27,5.27699,27.07097460428878,0.0
2014-10-28,4.9293177777777775,26.71074256896975,0.0
2014-10-29,4.287242222222222,27.53620045979818,0.0008523463179699
2014-10-30,4.0081388888888885,28.347381846110068,0.0008523463179699
2014-10-31,4.468882222222223,28.30349502563479,0.000441074366364
2014-11-01,4.753167777777778,28.2823310852051,0.0013075811580165
2014-11-02,5.09651,28.06477063496908,0.0
2014-11-03,5.2879877777777775,27.30516141255697,0.0008553265615773
2014-11-04,5.184741111111111,26.85294431050619,0.0012813263197131
2014-11-05,5.22574,26.458889897664392,0.0004261732051702
2014-11-06,5.195402222222223,26.42975451151534,0.0017195938930569
2014-11-07,5.1903266666666665,25.322342173258505,0.0012874602361989
2014-11-08,5.161147777777778,26.425446446736657,0.0017212013858625
2014-11-09,5.1208,27.213769531250023,1.3727685654885136e-06
2014-11-10,4.840651111111111,27.431651687622093,0.0008523463179699
2014-11-11,4.969097777777778,27.608045196533222,0.002143443452951
2014-11-12,4.741943333333333,28.17833607991537,0.0696957110335461
2014-11-13,4.496591111111111,28.70743522644045,0.4521310329437256
2014-11-14,4.421056666666667,28.712497965494837,0.537568329850302
2014-11-15,4.121764444444445,27.111964797973656,1.9450366496016611
2014-11-16,4.3006,26.733590062459317,1.636865734951698
2014-11-17,4.476781111111111,27.546082433064782,0.0851941268251721
2014-11-18,4.5359477777777775,27.163929875691736,0.0008523463179699
2014-11-19,4.781278888888889,26.70207811991378,0.0021408200723271
2014-11-20,4.880771111111111,25.90062611897787,0.0004351138045421
2014-11-21,4.898722222222222,24.585748291015648,0.0017046928064701
2014-11-22,4.838732222222222,24.515521621704124,0.001722574154428
2014-11-23,4.844467777777778,24.04690640767416,0.0016929069488469
2014-11-24,4.783681111111111,24.51815249125167,0.0034314716685912
2014-11-25,4.770107777777778,24.68768272399905,-1.0982148523908108e-05
2014-11-26,4.787064444444445,23.95482915242513,0.000441074366364
2014-11-27,4.79352,23.773461278279623,0.0004351138045421
2014-11-28,4.742805555555556,23.660918172200525,0.0008553265615773
2014-11-29,4.668335555555555,23.76161727905276,0.0
2014-11-30,4.609874444444444,24.285021718343103,0.0004351138045421
2014-12-01,4.628197777777777,24.459751383463583,0.0008702277227712
2014-12-02,4.604813333333333,24.603189722696985,0.0016987324507056
2014-12-03,4.596955555555556,24.097693379720056,0.0
2014-12-04,4.614103333333333,23.767280197143577,0.0
2014-12-05,4.597961111111111,23.85687535603841,0.0004351138045421
2014-12-06,4.541108888888889,23.633847808837917,0.0
2014-12-07,4.573363333333333,22.936173375447595,0.0008523463179699
2014-12-08,4.470097777777778,22.45427029927572,0.0008642672355563
2014-12-09,4.617288888888889,22.468940353393577,0.0004231928869558
2014-12-10,4.517176666666667,22.49358774820968,0.001716170970667
2014-12-11,4.50239,23.512359873453818,0.0004351138045421
2014-12-12,4.501175555555555,22.791094716389978,0.0021457926777657
2014-12-13,4.677543333333333,19.81820449829104,0.0008463859444418
2014-12-14,4.699955555555555,18.41598218282064,0.0008523463748133
2014-12-15,4.761354444444445,17.95943412780764,0.0
2014-12-16,4.691808888888889,18.838557179768884,0.0025848154336927
2014-12-17,4.70802,18.205086644490564,0.0012725854503514
2014-12-18,4.278736666666667,18.832840855916345,0.001726163134208
2014-12-19,4.459523333333333,19.347624079386435,0.0008583068797918
2014-12-20,3.765458888888889,18.650296147664392,0.000441074366364
2014-12-21,4.668652222222223,18.842531458536826,0.0012874602930423
2014-12-22,4.645445555555556,19.312943394978845,0.0021530555613935
2014-12-23,4.600202222222222,19.02889976501467,-2.9802322387695312e-05
2014-12-24,4.623143333333333,19.83820749918624,0.0021347895540202
2014-12-25,4.584758888888889,20.801543172200525,0.0038848466488161
2014-12-26,4.638157777777778,19.6699043273926,0.0008519932279682
2014-12-27,4.777981111111111,18.615184402465843,0.0
2014-12-28,4.753257777777778,18.23341776529952,0.0008553265615773
2014-12-29,4.751497777777778,18.19346644083663,0.0008523463179699
2014-12-30,4.688661111111111,18.38293863932296,0.0004351138045421
2014-12-31,3.911908888888889,19.922705586751302,0.068670511154778
2015-01-01,2.4766944444444445,20.541268285115564,0.1761584699124796
2015-01-02,2.7422477777777776,19.923066711425804,0.0102125923717721
2015-01-03,4.378453333333334,19.59053446451827,0.0031989262652132
2015-01-04,4.639417777777778,20.0083944956462,0.0008574304501962
2015-01-05,4.836546666666667,18.553655242919945,0.002593292720121
2015-01-06,4.830996666666667,18.79301541646322,0.0038757825677748
2015-01-07,4.79712,18.95622787475588,0.0025674787025309
2015-01-08,4.805322222222222,19.90151748657229,0.0021712315856348
2015-01-09,4.854122222222222,19.859447097778343,0.0008523463748133
2015-01-10,4.869862222222222,19.937799072265648,0.0008619472282589
2015-01-11,4.927834444444445,20.089820480346702,0.0
2015-01-12,4.956816666666667,20.18443323771163,0.001710653293685
2015-01-13,4.938432222222223,20.58429870605471,0.0025931169034265
2015-01-14,3.835284444444445,20.066509501139365,0.5342594030821601
2015-01-15,4.832346666666667,20.294711685180687,0.0004351138045421
2015-01-16,4.934056666666667,19.8957235972087,0.0
2015-01-17,5.006347777777778,19.313795344034872,0.0017046927496267
2015-01-18,5.052311111111111,18.88121121724447,0.0008523464316567
2015-01-19,4.961734444444445,20.350390370686853,0.000429148308001
2015-01-20,4.85189,21.248818969726585,0.0021449623162084
2015-01-21,3.316258888888889,20.934894180297874,2.1164596079756848
2015-01-22,4.692464444444444,19.749084091186543,0.0169456004073254
2015-01-23,4.966516666666666,19.13602981567385,0.0
2015-01-24,4.720698333333333,19.957095082600915,0.0421702861785888
2015-01-25,4.348950555555556,19.98070360819503,0.3065347670485607
2015-01-26,4.592785555555556,18.879578526814782,0.0001043081283569
2015-01-27,5.178941111111111,18.113398488362638,0.0022588816932511
2015-01-28,5.29836,17.588876978556357,0.0
2015-01-29,5.328772222222222,18.183955128987638,0.0012662422363973
2015-01-30,5.340777777777777,19.29748624165853,0.0008676038305566
2015-01-31,5.364891111111112,19.82015190124514,0.0008583068797918
2015-02-01,5.370251111111111,20.69344927469893,0.0012843089507441
2015-02-02,5.305217777777778,21.30617802937826,0.0012814998058274
2015-02-03,5.326543333333333,21.7394958496094,0.0008523463748133
2015-02-04,5.371098888888889,22.128271357218463,0.0017152869986603
2015-02-05,5.342261111111111,22.306253051757835,0.0012879575592705
2015-02-06,5.219636666666666,22.929761505126976,0.0075697898864746
2015-02-07,5.525291666666667,22.349797185262048,0.0012810099292437
2015-02-08,5.580322222222223,21.341746902465843,0.0008610395525465
2015-02-09,5.586076666666667,22.000301615397177,0.0008523463179699
2015-02-10,5.253312222222222,22.89593785603841,0.0004172325134277
2015-02-11,5.5108122222222224,22.51707992553713,0.0012895628742626
2015-02-12,5.6665133333333335,22.13190040588381,0.0012870751788796
2015-02-13,5.747022222222222,22.28703079223635,0.0008642672923997
2015-02-14,5.73731,23.04566408793136,0.0017225742112714
2015-02-15,5.669397777777778,23.339665985107445,0.0
2015-02-16,5.8254488888888885,23.774950281779013,0.0004351138045421
2015-02-17,5.806881111111111,24.051800664265954,0.0008523463748133
2015-02-18,5.776124444444444,24.69318224589034,0.0021477022187355
2015-02-19,5.818801111111111,24.389226531982445,0.0008523463748133
2015-02-20,5.908915,24.54442621866866,0.0008523463179699
2015-02-21,5.961637777777778,25.787598546346032,0.0008583068051848
2015-02-22,5.953606111111111,26.570326105753622,0.0008523463179699
2015-02-23,5.955329444444445,26.89181289672854,0.0
2015-02-24,5.337043888888889,26.34046897888186,0.0008550630923309
2015-02-25,5.985817777777778,23.258626556396507,0.0004231928869558
2015-02-26,6.328102222222222,20.735558446248376,0.0008565258440285
2015-02-27,6.258741666666666,21.33027038574221,0.0025719728000694
2015-02-28,5.773551666666667,22.997656122843463,0.0386962521474743
2015-03-01,2.284230555555556,18.669197972615564,38.7012876582844
2015-03-02,6.043018888888889,18.991927719116237,0.0156790017058483
2015-03-03,4.790401666666667,18.80038032531741,0.0004351138045421
2015-03-04,6.298600148654514,21.2002998352051,0.0012755393186125
2015-03-05,6.355324103732639,21.283239618937216,0.0012934207234138
2015-03-06,6.353388194444444,22.971660868326865,0.0021418759956759
2015-03-07,6.32947609375,24.24980634053549,0.0012801145885532
2015-03-08,6.506826371527778,23.6775896708171,0.0012853121802436
2015-03-09,6.717827725694445,22.86761054992678,-3.812374416156672e-06
2015-03-10,6.482601770833333,23.908673222859704,0.0004351138045421
2015-03-11,6.254267048611111,25.886825180053734,0.0004351138045421
2015-03-12,5.9704202777777775,26.25212694803878,1.5990912913252942
2015-03-13,5.324151388888889,25.13188769022628,0.0442117452621459
2015-03-14,5.598260138888889,24.11403299967452,3.7511939656837967
2015-03-15,6.425966510416667,23.42091522216799,0.2547979353835217
2015-03-16,6.734164826388889,22.59590492248537,0.0017106531231547
2015-03-17,6.727562048611111,24.22610626220705,0.0017172702087009
2015-03-18,6.866547239583333,24.50854326883956,0.0034332275049564
2015-03-19,6.84638875,25.43680343627932,0.0008523463179699
2015-03-20,6.851508142361111,26.88553644816085,0.0004261732051702
2015-03-21,6.808233611111112,28.361091232299827,0.0
2015-03-22,6.786699444444444,29.74483769734701,0.0017106532368416
2015-03-23,6.866541111111111,31.0286861419678,0.0008676120728523
2015-03-24,6.93588,30.909644699096702,0.0008523463179699
2015-03-25,6.969903333333333,31.473711903889978,0.0
2015-03-26,6.841366666666667,31.71828422546389,0.0012874602930423
2015-03-27,6.513176111111111,30.29216537475588,2.2900679346093966
2015-03-28,6.853582222222222,31.556024805704794,0.0008441895715805
2015-03-29,4.420041666666667,29.525276438395224,0.0844746828079223
2015-03-30,7.086131111111111,28.583599344889365,0.0017106532368416
2015-03-31,7.216393333333333,27.68104960123702,0.0008553265615773
2015-04-01,7.132024444444444,28.551970418294275,0.0034279670444448
2015-04-02,7.077937222222222,29.31018600463869,0.0008553266184208
2015-04-03,7.142271111111112,28.948597208658896,0.0016941054923336
2015-04-04,5.750636666666667,28.407195027669275,0.1448422669341198
2015-04-05,7.034431666666666,27.78859036763509,0.0004351138045421
2015-04-06,7.065487222222222,29.219511922200525,0.0
2015-04-07,6.602145,29.770162836710654,0.0
2015-04-08,6.789848888888889,30.90756060282393,0.002564981798514
2015-04-09,7.08142,31.62714856465658,0.0017375954257659
2015-04-10,6.904276666666667,30.37457427978518,0.112965703010559
2015-04-11,6.8348,28.78347740173342,0.8819997301543481
2015-04-12,6.574380555555556,27.744067128499356,0.6522518991118886
2015-04-13,6.792805555555556,28.09186515808108,0.1860593938545207
2015-04-14,6.504396666666667,28.78702634175619,0.0057167558225046
2015-04-15,6.663746111111111,29.48235982259115,0.0008523463179699
2015-04-16,7.179536111111111,31.5560292561849,0.0004351138045421
2015-04-17,7.342318888888889,32.677222188313806,0.0008523463179699
2015-04-18,7.437968333333333,33.206197992960654,0.0008523463179699
2015-04-19,7.502757777777778,32.945904032389365,0.0008593316351834
2015-04-20,7.532109444444444,33.211993789672874,0.0
2015-04-21,7.465819444444445,33.86666577657064,0.0025808810732996
2015-04-22,7.374829444444445,32.84194399515792,0.0012755392617691
2015-04-23,7.728181666666667,30.72796465555831,0.0
2015-04-24,7.551737222222222,30.99639790852865,0.0008523463748133
2015-04-25,7.564835555555556,30.567788696289085,0.0017166137240565
2015-04-26,7.531718888888889,31.6362021128337,0.0008523463748133
2015-04-27,7.563479444444445,32.177681223551474,0.0017275480104217
2015-04-28,7.612666666666667,32.53118794759115,0.0
2015-04-29,7.599143888888888,32.671491877238,0.0017195939108205
2015-04-30,7.717871666666666,32.14210472106936,0.0008523463179699
2015-05-01,7.43485,32.75189870198568,0.0008583068833445
2015-05-02,7.716288333333333,33.34566205342611,0.0
2015-05-03,7.791271111111111,32.58279953002932,0.0012816457228836
2015-05-04,7.706134444444444,32.86187451680502,0.0008658619776724
2015-05-05,7.446843333333334,33.287865575154626,0.0
2015-05-06,7.671384444444445,32.5168116251628,0.0017225742112714
2015-05-07,7.710187777777778,32.97751833597823,0.0008523463179699
2015-05-08,7.45662,33.11733144124349,0.0017195939108205
2015-05-09,7.706636666666666,33.0015642801921,0.0
2015-05-10,7.675891111111111,32.73326644897463,0.0008523463179699
2015-05-11,7.48482,33.13569602966311,0.0025932529865713
2015-05-12,7.391798333333333,32.67339096069338,0.0558197498321533
2015-05-13,7.367543888888889,33.47181663513186,0.0221312045027843
2015-05-14,7.012181111111111,33.47724113464358,0.0073701143215032
2015-05-15,7.238385555555555,34.32291692097982,0.0008523463748133
2015-05-16,7.716906666666667,35.12995745340987,0.0008523463748133
2015-05-17,7.790661111111111,34.73324991861983,0.0
2015-05-18,7.715944444444444,34.37504730224612,0.0
2015-05-19,7.622114444444445,33.81280670166018,0.0025814364335019
2015-05-20,7.625656666666667,33.15870310465499,0.0008523463179699
2015-05-21,7.570537777777778,33.739374415079794,0.0008612871624791
2015-05-22,7.569023333333333,33.62213732401534,0.0
2015-05-23,7.418684444444445,34.08649088541671,0.002589821804122
2015-05-24,7.390078888888889,34.0641806284587,0.0065207481334539
2015-05-25,7.0501233333333335,33.61977856953939,0.0349521636913152
2015-05-26,7.310443333333334,33.58205629984542,0.0075995922088623
2015-05-27,7.377078888888889,33.62694956461593,0.0008642672923997
2015-05-28,7.44619,33.57680282592776,0.0008583068797918
2015-05-29,7.530724444444444,34.46325391133627,0.0008523463748133
2015-05-30,7.629153333333333,34.22788454691573,0.0017195939108205
2015-05-31,7.654978333333333,33.70244496663412,0.0
2015-06-01,7.601218333333334,32.475968297322595,0.0008583068833445
2015-06-02,7.256037777777777,31.98502311706545,0.0025749206429281
2015-06-03,6.465238888888889,32.37954800923666,0.0301539897868963
2015-06-04,6.941405555555556,33.89628054300948,0.0136047601699829
2015-06-05,7.201485555555555,35.52987060546877,0.0
2015-06-06,6.866312222222223,35.68318710327151,0.0025609208478272
2015-06-07,6.671545555555555,35.11016743977865,1.4972385997680249e-05
2015-06-08,4.892987777777778,32.042761739095056,1.539352536099159
2015-06-09,5.703016666666667,32.32627766927084,0.3263801336856886
2015-06-10,6.642341111111112,32.40616505940756,0.1955807207991711
2015-06-11,5.715052222222222,32.290251668294275,1.0662317275986766
2015-06-12,5.597103333333333,31.643123881022177,0.8167773485183716
2015-06-13,6.31763,31.262902196248376,0.6538422118360643
2015-06-14,5.968365555555556,31.617360051472986,1.134748054724355
2015-06-15,5.76057,31.078013992309597,0.732243060951987
2015-06-16,6.000301111111111,30.703466669718463,0.6759613752933546
2015-06-17,5.135774444444444,30.913717524210654,0.0872254371628855
2015-06-18,5.780343333333334,31.38300921122237,0.3449499606063
2015-06-19,4.743993333333333,30.43426348368331,3.047496080341716
2015-06-20,4.970474444444444,31.362549082438196,0.0048637389227224
2015-06-21,5.33004,31.216106033325214,0.6860792636871338
2015-06-22,4.0753433333333335,29.70243161519369,6.898462772369385
2015-06-23,3.144111111111111,28.90400848388674,5.333065986633301
2015-06-24,0.6330388888888889,27.105682627360068,28.452426195144653
2015-06-25,3.899836666666667,29.67941055297854,0.8948028086592785
2015-06-26,4.875124444444444,29.96002794901534,0.3170967102619215
2015-06-27,5.681064444444444,30.03824895222982,0.2214908599853515
2015-06-28,5.550702222222222,29.857080078125023,0.2458691596984863
2015-06-29,6.260144444444444,29.966404851277677,0.0025033950805664
2015-06-30,6.4861844444444445,30.623348490397177,0.0008583068797918
2015-07-01,5.702475555555556,31.15237070719405,0.1506209373474121
2015-07-02,5.70195,31.10107574462893,0.2721339464173411
2015-07-03,5.149564444444445,31.32195688883468,0.1932263373305431
2015-07-04,5.38464,32.103009160359704,0.414627790405575
2015-07-05,4.391435555555556,31.95505104064944,0.3383584039511333
2015-07-06,3.538985555555556,31.242291386922204,0.3424044912208046
2015-07-07,3.5631244444444445,31.60974527994796,0.2022117375304333
2015-07-08,3.5919266666666667,31.250807698567712,0.5545049904753796
2015-07-09,4.106832222222223,31.78738619486495,0.3868430852662641
2015-07-10,4.501142777777778,31.783402379353845,0.365877151484284
2015-07-11,3.583480555555556,31.349821980794275,0.3123819827806073
2015-07-12,4.915962777777778,31.66822967529299,0.0122666358493006
2015-07-13,4.287486666666666,31.50853436787924,0.0701189040910321
2015-07-14,5.879449444444444,32.20850270589193,0.0278204678352267
2015-07-15,4.381284444444445,31.71632474263509,0.3468036651383954
2015-07-16,4.254568888888889,31.70533841451009,0.1265108584220797
2015-07-17,3.56212,32.41803131103518,0.1138806342169118
2015-07-18,2.3998677777777777,31.055462137858115,0.8565366267703212
2015-07-19,1.3542927777777778,28.439363098144558,3.4633129835128784
2015-07-20,2.3198938888888887,28.538295364379906,4.17895913119537
2015-07-21,2.93457,28.12696482340499,14.741519093508517
2015-07-22,0.4710338888888888,26.03367703755697,123.42139780520256
2015-07-23,4.603414444444445,28.24592234293624,10.35773754119873
2015-07-24,4.369919444444444,28.37236048380538,10.905635356891707
2015-07-25,1.42901,26.5334354400635,8.60873162741882
2015-07-26,0.4986188888888889,25.00284538269045,68.5737329084759
2015-07-27,0.56824,25.03986384073897,79.93173599243164
2015-07-28,0.3934216666666666,24.95104560852053,102.25152854848928
2015-07-29,2.6497494444444443,26.754299418131552,7.820579997655841
2015-07-30,3.5039161111111112,27.58049672444662,1.9813786488498408
2015-07-31,3.6918522222222223,27.74535649617513,2.0639181136630214
2015-08-01,3.399781111111111,27.98306935628256,1.9520644746080509
2015-08-02,3.1732366666666665,27.26037686665853,1.19959303486894
2015-08-03,3.5615044444444446,27.6338878631592,1.0632601424340749
2015-08-04,4.084873888888889,27.710741297404013,0.7512215352676321
2015-08-05,3.5875061111111117,27.52151514689132,1.6404390335083008
2015-08-06,3.4780644444444446,27.89221343994143,1.126462221066049
2015-08-07,4.407393888888889,28.32759056091311,0.4081130027770996
2015-08-08,4.433638333333334,28.23342666625979,0.3758072853088379
2015-08-09,4.544429444444445,28.228947575887048,0.1770257949829101
2015-08-10,4.0299788888888886,28.367826716105185,1.22966229019994
2015-08-11,4.403608888888889,28.402670160929404,0.4991620778014294
2015-08-12,3.2575755555555554,27.699117914835654,5.807891488075256
2015-08-13,2.607292777777778,27.355578358968103,2.026468515396118
2015-08-14,4.165940555555555,27.449630355834984,5.932202935127862
2015-08-15,3.950894444444444,27.86979001363119,6.86897337436676
2015-08-16,4.787433888888889,28.45482406616213,1.155811548130714
2015-08-17,5.073486666666667,28.537074661254906,1.0296881197859875
2015-08-18,4.278795555555556,28.246722793579124,2.703651785793681
2015-08-19,4.663592222222222,28.44115664164229,0.6564408540725708
2015-08-20,3.967090555555556,27.74092063903811,1.43229961383895
2015-08-21,4.518982222222222,28.18732922871908,0.8795857429504395
2015-08-22,3.712222777777778,28.00043131510421,1.1976659297943115
2015-08-23,4.331318333333333,28.394204711914085,0.9278595447490544
2015-08-24,4.214495,28.147142028808616,1.1746615170977748
2015-08-25,3.842010555555556,28.392016347249356,0.8766382088651881
2015-08-26,4.337763333333333,28.21816024780276,0.9217444007774134
2015-08-27,4.660843333333333,28.54551022847494,0.1687943935380076
2015-08-28,4.962615,28.692770894368493,0.1413673162460327
2015-08-29,5.0231377777777775,28.8494589487712,0.7591724394728772
2015-08-30,3.673590555555556,28.673518117268884,0.2704799175212713
2015-08-31,4.407422222222222,28.486383692423544,0.1037995630781551
2015-09-01,5.592788888888889,28.376019414265954,0.0061322634792304
2015-09-02,6.329908333333333,27.922148640950525,0.0026702879836193
2015-09-03,5.846769444444444,27.876826222737638,0.2498924732208252
2015-09-04,5.904577777777778,28.632173156738304,0.0189125536849132
2015-09-05,5.575135,28.344230270385765,0.0665992499193635
2015-09-06,6.099352222222223,28.24793841044112,0.0192970037460327
2015-09-07,5.526095555555556,28.287993367513025,0.3058165311813354
2015-09-08,5.8485177777777775,28.92839902242025,0.5384479944723353
2015-09-09,5.989048888888889,29.436853027343773,0.943606088355864
2015-09-10,5.754170555555556,29.939885075887048,0.4900031243550984
2015-09-11,6.066122777777778,31.16033515930178,0.1191020011965804
2015-09-12,5.788781666666667,31.47612342834475,0.2215838830288419
2015-09-13,5.752862222222222,31.32394752502444,0.1242041587588005
2015-09-14,5.876284444444445,31.227801259358728,0.1480295107398888
2015-09-15,4.704857222222223,30.155356343587243,0.0457406043956609
2015-09-16,6.081439444444444,30.82787030537924,0.0378727912888621
2015-09-17,5.622442222222222,31.558782196044945,0.0934451818466186
2015-09-18,4.1484877777777776,29.864481226603232,16.41584651207495
2015-09-19,3.2155922222222224,28.3526384989421,3.3065259456179774
2015-09-20,1.827420555555556,26.415550486246783,6.331339478492737
2015-09-21,1.3420783333333333,25.655095036824548,7.5816958891437025
2015-09-22,3.630553333333333,27.42975069681808,2.474023182571728
2015-09-23,5.087296439887153,26.972679392496783,0.0434517860412597
2015-09-24,5.79219392469618,26.362458801269558,0.0132416101337184
2015-09-25,5.790402951388889,26.150953547159872,0.0104904174804687
2015-09-26,6.075997725694444,26.74973449707033,0.0009983777999877
2015-09-27,5.779163888888889,27.12006212870284,0.0083708912370639
2015-09-28,6.178632777777778,27.48502438863119,0.0008450497261947
2015-09-29,5.382916579861111,29.51219647725424,0.0008523463179699
2015-09-30,5.20008109375,29.90317306518557,0.0008523463179699
2015-10-01,6.240830746527778,29.529854710896814,0.0
2015-10-02,6.051229305555555,30.27092068990072,0.0
2015-10-03,5.8378727604166665,30.240101114908896,0.001281499748984
2015-10-04,6.098163211805556,29.686774826049827,0.0
2015-10-05,5.733149913194445,30.026557540893577,0.0008523463179699
2015-10-06,5.070141666666666,30.814944203694665,0.0
2015-10-07,5.525337361111111,31.08328399658205,0.0004351138045421
2015-10-08,5.656905184461806,30.615143076578818,0.0004261732051702
2015-10-09,5.956549837239583,30.69098625183108,0.0004261732051702
2015-10-10,5.97747,30.16114959716799,0.0008523463179699
2015-10-11,5.888855555555556,29.590133285522484,0.001722574154428
2015-10-12,5.714305,30.306732432047568,0.0008523463748133
2015-10-13,5.375956666666666,31.11178932189944,0.0774711370468139
2015-10-14,5.5754544444444445,31.44688504536947,0.0
2015-10-15,5.664007222222223,31.172052001953148,0.0008583068797918
2015-10-16,5.192126111111111,31.01550127665206,0.0017121495261562
2015-10-17,5.1451344444444445,31.083161290486657,0.0017245394587916
2015-10-18,4.938685555555556,31.1778611501058,0.0
2015-10-19,4.97807,30.823318735758505,0.0
2015-10-20,5.001463333333334,30.37557881673177,0.0612616538546717
2015-10-21,5.317425,30.395398712158222,0.1417279242446056
2015-10-22,5.1866288888888885,29.86622645060225,0.0107765196730724
2015-10-23,5.679296666666667,29.12510197957357,0.0
2015-10-24,5.661696111111112,28.314454015096032,0.0025749206429281
2015-10-25,5.473571111111111,29.032166417439782,0.0008523463179699
2015-10-26,5.115775555555556,28.70063934326174,0.0108778476715087
2015-10-27,5.0080277777777775,28.45548655192061,0.0
2015-10-28,5.530561111111111,27.42763163248702,0.0
2015-10-29,5.660866666666666,25.41191444396975,0.0004351138045421
2015-10-30,5.482782222222222,25.7386521657308,0.0008523463179699
2015-10-31,5.409022222222222,25.78770535786947,0.0008523463179699
2015-11-01,5.274783333333334,27.03984667460128,0.0
2015-11-02,5.114418888888889,28.474629974365257,0.0008603500312176
2015-11-03,4.561733333333334,28.77811520894369,0.000441074366364
2015-11-04,5.138887777777778,28.454329427083337,0.0008583068797918
2015-11-05,5.247936666666667,27.8438710530599,0.0021427858882816
2015-11-06,5.200302222222223,27.52795244852706,0.000863822059216
2015-11-07,5.040704444444445,27.20863304138186,0.0
2015-11-08,5.15942,26.76648101806643,0.0
2015-11-09,5.130241111111111,26.774459457397484,0.0
2015-11-10,5.043821111111111,27.326334253946985,0.0004351138045421
2015-11-11,4.997576666666666,27.950441614786826,0.0017252121438104
2015-11-12,5.017582222222222,28.1978755950928,0.0013053416410002
2015-11-13,4.996631111111111,27.987043635050497,0.0021355680246415
2015-11-14,5.029701111111111,26.98208134969076,0.0017166162820103
2015-11-15,5.053766666666666,26.370592371622763,-3.451532393228263e-07
2015-11-16,5.027718888888889,26.322229003906276,0.0004351138045421
2015-11-17,5.041722222222222,25.887516911824548,0.0008583068051848
2015-11-18,4.995563333333333,25.972176488240564,0.0
2015-11-19,4.961675555555556,25.916330591837607,0.0004261732051702
2015-11-20,4.98144,25.61425043741866,0.0
2015-11-21,4.90195,26.128041839599632,0.0030100336516625
2015-11-22,4.498934444444444,27.056398646036826,0.0008583068797918
2015-11-23,4.22493,27.91035232543948,0.0683963298797607
2015-11-24,4.016494444444445,28.599574661254906,0.0358313322017522
2015-11-25,4.077895555555555,28.763689295450888,0.0
2015-11-26,4.446844444444444,27.31706581115725,0.0042915326048387
2015-11-27,4.425332222222222,22.574578857421898,0.0012887764455626
2015-11-28,4.67297,22.057969665527366,0.0021472691855706
2015-11-29,4.771907777777778,23.53958346048995,0.0017255114812542
2015-11-30,4.42262,25.38024482727053,0.0017195939676639
2015-12-01,4.58169,24.78661244710287,0.0
2015-12-02,4.758216666666667,23.35914700826009,0.0021517276422855
2015-12-03,4.800772222222222,22.70831642150881,0.0
2015-12-04,4.802728888888889,22.494947687784872,0.0008523463748133
2015-12-05,4.723858888888889,23.167834218343103,0.0
2015-12-06,4.718315555555556,23.676719919840536,0.0017065702877516
2015-12-07,4.703207777777778,23.543499883015954,0.0
2015-12-08,4.682638888888889,23.7178722381592,0.0008523463179699
2015-12-09,4.558895555555556,24.6122985839844,0.001713633480449
2015-12-10,4.325643333333334,23.881686782836937,0.0008523463748133
2015-12-11,4.6819,20.66399281819662,0.0
2015-12-12,4.767044444444444,19.21096318562826,0.0017020102518472
2015-12-13,4.741522222222223,19.28264706929525,0.0017282594626522
2015-12-14,4.748106666666667,19.32487068176272,0.0004174513605903
2015-12-15,4.773936666666667,18.654403305053734,0.0008523463179699
2015-12-16,4.7566733333333335,19.03460973103841,0.0025652271347098
2015-12-17,4.693287777777778,19.396539942423544,-8.864333267410984e-06
2015-12-18,4.759385555555555,19.27668724060061,0.0008583068797918
2015-12-19,4.6814366666666665,19.72316958109542,0.0
2015-12-20,4.737601111111111,18.91049029032393,0.0
2015-12-21,4.6679844444444445,19.26656557718917,0.0030047785912756
2015-12-22,4.65096,19.10617345174154,0.0004154368866693
2015-12-23,4.63646,18.798129653930687,0.0008523463179699
2015-12-24,4.728335555555556,18.208186086018884,0.0008523463179699
2015-12-25,4.703878888888889,18.496743774414085,0.0008523463179699
2015-12-26,4.561603333333333,19.198547617594443,0.0008523463179699
2015-12-27,4.539385555555556,20.89408391316732,0.0008523463179699
2015-12-28,4.583073333333333,22.651462173461937,0.0008523463179699
2015-12-29,4.523231111111111,23.79644991556808,0.0004351138045421
2015-12-30,4.593504444444444,24.358820215861044,0.0
2015-12-31,4.51713,23.6883261362712,0.0
2016-01-01,4.68225,22.617532348632835,0.0004351138045421
2016-01-02,4.648372222222222,22.48604036966964,0.0
2016-01-03,4.655832222222222,22.74950752258303,0.0
2016-01-04,4.657258888888889,22.84044672648116,0.0
2016-01-05,4.622265555555556,22.605588531494163,0.0017046926359398
2016-01-06,4.627582222222222,23.172079340616904,0.0012874602361989
2016-01-07,3.566701111111111,23.33005358378097,0.0008612871056357
2016-01-08,4.709144444444444,22.189471181233728,0.0008523463179699
2016-01-09,4.848448888888889,20.916129684448265,0.0004351138045421
2016-01-10,4.879174444444445,21.124872461954794,0.0008523463179699
2016-01-11,4.8045,21.93417129516604,0.0
2016-01-12,4.765764444444445,21.88410657246908,0.0
2016-01-13,4.826382222222223,21.586389160156276,0.0012799181376976
2016-01-14,4.829087777777778,20.951237614949548,0.0025549816768943
2016-01-15,4.923292222222222,20.11509157816573,0.0008728398483981
2016-01-16,4.867041111111111,21.091733551025413,0.0
2016-01-17,4.6935633333333335,21.14089419047042,0.000441074366364
2016-01-18,3.963673333333333,20.326156234741237,0.0263899564743042
2016-01-19,4.979092222222223,19.51278266906741,0.0
2016-01-20,4.985771111111111,19.04956652323409,0.0
2016-01-21,5.203801111111111,18.25089352925619,0.0017046927496267
2016-01-22,5.223514444444445,18.42634989420577,0.0
2016-01-23,5.270073333333333,18.94704971313479,0.0017046928064701
2016-01-24,5.273538888888889,19.1754140218099,0.0008523463748133
2016-01-25,5.227344444444444,19.17965215047201,0.0
2016-01-26,5.243945555555555,19.94746170043948,0.002135361683031
2016-01-27,5.045734444444444,21.163539505004906,0.0016980999930638
2016-01-28,5.133104444444444,22.322750981648767,0.0
2016-01-29,5.169261111111111,23.199282582600915,0.0008523463179699
2016-01-30,5.195627777777778,22.416615422566736,0.0008523463748133
2016-01-31,5.200152222222222,22.998542404174827,0.0
2016-02-01,5.212868888888889,22.90908012390139,0.0017210477949447
2016-02-02,5.428236111111112,21.6075155893962,0.0017195939108205
2016-02-03,5.420403333333334,21.299008941650413,0.0025689601557132
2016-02-04,5.52296,20.9677508036296,0.0008727876661396
2016-02-05,5.529296666666666,21.40590629577639,0.0004351138045421
2016-02-06,5.5261877777777775,20.963776524861657,0.0008523463179699
2016-02-07,5.580618888888889,20.949938710530603,0.000858306975715
2016-02-08,5.688005555555556,21.34158604939779,0.0008523463179699
2016-02-09,5.609714444444444,21.93730634053549,0.0
2016-02-10,5.718591111111111,21.169260279337607,0.0008523463179699
2016-02-11,5.513962222222222,21.82098541259768,0.0008583068833445
2016-02-12,5.693061666666667,20.91553649902346,0.0
2016-02-13,5.729055555555555,20.587128575642907,0.0025796225600061
2016-02-14,5.839875555555556,20.576482391357445,0.0
2016-02-15,5.78854,21.6182577768962,0.0029938573788967
2016-02-16,5.4982066666666665,24.81105130513509,0.0008625621603641
2016-02-17,4.655893333333333,26.120208994547568,0.0464051960875622
2016-02-18,5.318902777777778,26.72014516194662,0.0
2016-02-19,5.0920733333333335,26.382122294108115,0.0008523463748133
2016-02-20,5.595103333333333,25.773793792724632,0.0008523463748133
2016-02-21,5.970220555555556,23.74851506551107,0.003443003151915
2016-02-22,5.679778333333333,23.74092318216964,0.0017061179846677
2016-02-23,6.237656666666667,23.737037277221702,0.0
2016-02-24,5.917477222222222,24.27985534667971,0.0017046927496267
2016-02-25,5.597730555555556,24.54780413309737,0.0008583068833445
2016-02-26,5.890497222222222,25.258806482950888,0.0004310965024956
2016-02-27,6.306182222222223,25.410653050740564,0.0008523463179699
2016-02-28,6.2128355555555554,26.29052314758303,0.0029986954359628
2016-02-29,6.11207,27.597155507405603,0.0008523463179699
2016-03-01,6.090267777777778,28.95047213236495,0.001717797999845
2016-03-02,5.804923888888889,28.590613301595056,0.359654426574707
2016-03-03,6.036163209838867,28.46143239339193,0.0004357758029982
2016-03-04,5.906295545789931,27.96448351542159,0.4670631924454937
2016-03-05,6.35508544813368,26.86040204366049,0.0
2016-03-06,6.351738472222222,26.236970520019558,0.001716613667213
2016-03-07,6.251187899305555,26.265991465250693,0.0005066394805908
2016-03-08,6.433810954861111,26.27639541625979,0.0025871427737911
2016-03-09,6.454022621527778,26.78449083964034,0.0008523463179699
2016-03-10,6.408671909722222,27.701433436075888,0.0017106532368416
2016-03-11,6.483340260416667,27.944455718994163,0.0017195939108205
2016-03-12,6.13139734375,26.476711527506552,0.002991686869791
2016-03-13,6.36266875,25.456084187825525,0.0008583068797918
2016-03-14,6.560976788194444,26.09387359619143,0.0008583068797918
2016-03-15,6.102866388888889,26.808635965983115,0.0028789042971766
2016-03-16,6.682631111111111,27.932845052083337,0.0008583068797918
2016-03-17,6.597037065972223,28.84366887410482,0.0017230232742804
2016-03-18,6.639419340277778,28.96113866170248,0.0017021400253725
2016-03-19,6.684461006944445,29.942966715494837,0.0008612274626784
2016-03-20,6.873389373168945,29.489986673990927,0.0008523463179699
2016-03-21,6.997573333333333,29.101993179321312,0.0
2016-03-22,7.097753333333333,29.10976626078292,0.0025687031666166
2016-03-23,7.237888333333333,28.787263488769558,0.0008555832096135
2016-03-24,7.141687222222222,29.847201919555687,0.0017167781152238
2016-03-25,6.21047,30.936809158325214,0.000871372947131
2016-03-26,6.50343,30.613383865356468,0.0
2016-03-27,7.126413333333334,30.074220911661826,0.0
2016-03-28,7.142767222222222,29.821745173136435,0.0
2016-03-29,7.152475,28.570330556233728,0.0
2016-03-30,7.164823888888889,29.353433863321985,0.0017285346416429
2016-03-31,7.023952222222222,28.88690783182784,-6.458662937802728e-06
2016-04-01,7.025811111111112,29.583477910359704,0.0008523463748133
2016-04-02,6.417113333333333,30.76204325358077,0.0008657935950395
2016-04-03,6.541588333333333,31.15920982360842,0.0008523463179699
2016-04-04,6.480829444444445,29.999128595988,0.0017230525521938
2016-04-05,7.1813416666666665,30.16433423360189,0.0004351138045421
2016-04-06,6.804635,29.762941614786826,0.0017046927496267
2016-04-07,7.083703333333333,29.43489481608077,0.0008523463179699
2016-04-08,7.321145555555556,28.89668553670248,0.0017396496332366
2016-04-09,7.20518,29.91683158874514,0.0008583068833445
2016-04-10,6.858723333333334,31.569231287638388,0.0017148383335552
2016-04-11,7.1873788888888885,31.228897984822595,0.0
2016-04-12,7.334892777777778,31.597907638549827,0.000435608171756
2016-04-13,7.463566111111111,31.444779332478845,0.0
2016-04-14,7.465457777777778,31.73812319437667,0.0034460201732144
2016-04-15,7.464204444444444,31.2933123270671,0.0008523463179699
2016-04-16,7.476976666666666,31.16739171346029,0.0008702278933014
2016-04-17,7.103265,31.44083875020345,0.0012759587093569
2016-04-18,7.173104444444444,31.13336906433108,0.0008534091762157
2016-04-19,7.321588888888889,31.76603279113772,0.0
2016-04-20,7.435385,31.9743476867676,0.0008523463179699
2016-04-21,7.510659444444444,30.937651570638025,0.0008583068833445
2016-04-22,7.523807777777778,30.290087000529013,0.0008523463179699
2016-04-23,7.392481111111111,30.76644350687667,0.0017046927496267
2016-04-24,7.493307222222223,30.213901138305687,0.0
2016-04-25,6.861228333333333,31.365969594319665,0.0
2016-04-26,4.75007,30.360313669840536,0.0034301592677365
2016-04-27,7.671668333333334,32.762490844726585,0.0017121342352766
2016-04-28,7.631148888888889,33.28293126424154,-1.4276849924499402e-05
2016-04-29,7.427166111111111,33.87713648478194,0.0
2016-04-30,7.626636666666666,33.36011085510256,0.0
2016-05-01,7.501781111111111,33.37421061197921,0.0008523463179699
2016-05-02,6.826828888888889,33.25077273050948,0.3226757047514184
2016-05-03,7.379794444444444,32.96976559956869,0.7277429103851318
2016-05-04,6.73931,32.0170773824056,0.0320315361008738
2016-05-05,7.48711,31.96577288309737,0.0879233475075125
2016-05-06,7.101010555555556,33.04716771443685,0.0075072006211485
2016-05-07,6.838816666666666,33.15195554097494,0.0
2016-05-08,7.212844444444444,33.50594228108724,0.0103354453990789
2016-05-09,7.41895,33.65861663818362,0.0
2016-05-10,7.504397777777778,34.4687324523926,0.0
2016-05-11,7.37125,34.52772483825686,0.0
2016-05-12,7.530593333333333,34.51101710001632,0.0008523463179699
2016-05-13,7.604891666666667,34.93290481567385,0.0025812573198891
2016-05-14,7.7107455555555555,34.698064422607445,0.0017225767123818
2016-05-15,7.761507777777778,34.832936223347986,0.0
2016-05-16,7.723092222222222,35.04017283121749,0.0008583068797918
2016-05-17,7.453695555555556,36.01434478759768,0.0008523463748133
2016-05-18,7.658552222222222,36.91047058105471,0.0
2016-05-19,7.648675555555555,36.43373133341476,0.0
2016-05-20,7.603698333333333,34.77036565144857,0.0008523463179699
2016-05-21,7.411893333333333,34.40603726704916,0.0017242321241894
2016-05-22,7.28569,34.221767044067406,0.0050038097292315
2016-05-23,7.254912222222222,34.246791458129906,0.0030696392059326
2016-05-24,7.073622222222222,33.99459927876791,0.070041738126747
2016-05-25,6.475876666666666,34.03972142537435,0.1330247768578374
2016-05-26,6.321751111111111,34.0638086954753,0.0132620334625244
2016-05-27,7.00788,34.29397226969405,0.0
2016-05-28,6.1723,33.83533821105959,0.2477794884612194
2016-05-29,6.811355555555555,33.68403142293295,0.0080764293670654
2016-05-30,6.861202222222222,33.64481569925948,0.0897198915481567
2016-05-31,7.328934444444444,33.95231081644698,0.001716613667213
2016-06-01,7.200352222222223,33.68585421244308,0.0008523463748133
2016-06-02,7.392742222222222,33.81536000569662,0.0008523463748133
2016-06-03,7.458796666666666,34.508539454142294,0.0008523463179699
2016-06-04,7.333817777777778,35.89327201843264,0.0017195939676639
2016-06-05,7.482377777777778,36.43950678507491,0.0017117172887992
2016-06-06,7.563705555555556,35.74244588216146,0.0008586210533678
2016-06-07,7.485915555555556,34.6888086954753,0.0008523463215226
2016-06-08,7.37645,33.68426411946615,0.0
2016-06-09,7.336573333333333,34.09827321370443,0.0
2016-06-10,5.82468,34.12588907877608,0.0058978323522751
2016-06-11,5.631334444444445,33.758218383789085,0.0140187967403448
2016-06-12,6.594954444444444,33.73316853841146,0.0178399198489387
2016-06-13,6.22496,33.70771751403811,0.04007220271518
2016-06-14,4.599466666666666,33.19979057312014,0.09995698928833
2016-06-15,5.632975555555555,33.48431294759115,0.0247061251457125
2016-06-16,5.666354444444444,32.98599650065108,0.0230332533419641
2016-06-17,6.420256666666667,33.03375396728518,0.0034272670177415
2016-06-18,6.474953333333334,33.392806625366234,0.0807620680234322
2016-06-19,2.7981666666666665,31.08233985900881,0.7048873014809942
2016-06-20,5.626285555555556,33.805374399821005,0.6055682897567749
2016-06-21,4.218901111111111,32.36431655883791,1.7924576997643271
2016-06-22,4.751686666666667,31.73890075683596,2.276557683842384
2016-06-23,4.438172222222223,31.341889953613304,3.707826137485881
2016-06-24,4.689768888888889,31.517038599650107,0.1597523688587898
2016-06-25,5.55298,31.68957926432296,0.247725844438662
2016-06-26,4.489737777777778,30.80023028055831,1.0473817586849066
2016-06-27,5.746882222222222,31.426497395833337,1.3285428285634282
2016-06-28,5.533403333333333,31.57735150655111,6.392687559127808
2016-06-29,3.026525555555556,28.75111796061202,38.702016492834446
2016-06-30,5.115461111111111,30.311339950561543,0.3543943166732788
2016-07-01,4.482711111111112,30.30971488952639,1.0216056175131882
2016-07-02,4.376858888888889,29.553076680501302,9.871634840919796
2016-07-03,3.499173333333333,28.610659535725915,16.922715306179725
2016-07-04,4.147788888888889,29.86202456156417,0.4743427038143011
2016-07-05,4.360265,29.97830988566085,0.4108995199203491
2016-07-06,3.979721111111111,29.768800989786826,0.4285067319820257
2016-07-07,3.5531094444444444,29.653776423136435,0.6656334209651504
2016-07-08,3.919166111111111,29.89738171895345,1.523374723433335
2016-07-09,2.174628333333333,29.14574648539229,2.053976058959961
2016-07-10,1.888945555555556,29.23926760355636,0.5480647087097168
2016-07-11,1.8854394444444444,28.382820383707724,5.976828932659828
2016-07-12,0.6508011111111112,26.255040105183923,39.03313279147369
2016-07-13,2.217886111111111,27.03400065104171,6.349081012047009
2016-07-14,5.285741666666667,28.67786051432296,1.7003446816943324
2016-07-15,4.765862222222222,28.62352078755697,5.56124746799469
2016-07-16,2.4201722222222224,27.23090515136721,16.499191522598267
2016-07-17,2.2073666666666667,27.42241312662765,3.132700920048137
2016-07-18,3.3757244444444443,27.58261006673177,4.991149902195957
2016-07-19,3.700232777777778,28.06988741556808,1.138940453529358
2016-07-20,4.22535,28.43423995971682,1.4596372842774483
2016-07-21,3.84527,28.412618891398157,1.144319772720337
2016-07-22,4.250372777777778,28.74276059468588,0.7458984851496098
2016-07-23,5.138483888888889,28.91465657552084,0.8083909742708784
2016-07-24,2.8064366666666665,28.270530954996783,7.35531747341156
2016-07-25,2.805621111111111,28.255486424764,2.3816061491288565
2016-07-26,3.3808972222222224,27.92481129964193,9.36262607564231
2016-07-27,1.170616111111111,26.569317754109704,8.181348443031311
2016-07-28,2.75432,26.935414886474632,11.251360177993774
2016-07-29,2.7758522222222224,26.922873433430997,6.497976150967588
2016-07-30,3.2052572222222224,27.11393381754561,7.288777828211579
2016-07-31,3.268152777777778,26.962159093221032,16.92553758605797
2016-08-01,2.421221666666667,28.194189325968463,1.7513224106551206
2016-08-02,1.370603888888889,27.118276214599632,4.365424877864399
2016-08-03,1.9710844444444444,26.944741821289085,8.585242180004116
2016-08-04,2.494743333333333,26.72882995605471,19.322147462009557
2016-08-05,3.061930555555556,27.110388692220056,6.354647874729835
2016-08-06,1.4186016666666668,25.717078781127952,14.651077985661232
2016-08-07,0.7426727777777777,25.31273485819503,6.913542747497559
2016-08-08,1.6460183333333334,25.415805435180687,13.005365602111851
2016-08-09,0.9104066666666668,25.620477930704794,24.54745290054916
2016-08-10,2.137626111111111,26.522391891479515,5.950728058810029
2016-08-11,2.3382627777777776,27.0846884409587,0.3935217857069517
2016-08-12,3.9435633333333335,27.98577524820968,1.5590608119850913
2016-08-13,3.779519444444445,27.92963816324874,0.9300053119609686
2016-08-14,4.479045,27.976228332519558,1.07708851840016
2016-08-15,4.146666111111111,27.62758852640792,0.7609244486275202
2016-08-16,3.81339,27.67515080769857,0.516241686682406
2016-08-17,4.281140555555556,27.81855735778811,1.082024622519384
2016-08-18,4.602001111111111,27.847534434000693,0.6085216998599208
2016-08-19,2.200222777777778,26.925107574462917,0.0064909458110662
2016-08-20,1.6603405555555557,26.493703460693386,11.729181954365233
2016-08-21,2.5376316666666665,27.121988550821985,5.386927723879609
2016-08-22,3.3369677777777778,27.57171211242678,2.684408135682048
2016-08-23,1.3630555555555557,25.829766845703148,20.85551619529724
2016-08-24,0.6006938888888889,24.880961990356468,117.24581122388145
2016-08-25,1.7228138888888889,25.753622945149743,37.35699653624991
2016-08-26,2.0279422222222223,26.335497156779013,9.918963435140428
2016-08-27,4.497022222222222,27.409055328369163,6.384828686709199
2016-08-28,3.064618888888889,27.40397224426272,7.156437635387647
2016-08-29,3.466720555555556,27.565234120686853,10.055297613138949
2016-08-30,2.009313888888889,26.94735997517904,13.88750216221979
2016-08-31,3.216798333333333,27.125686899821005,9.530836343760283
2016-09-01,3.5719244444444445,27.116566594441736,2.320879697794709
2016-09-02,4.50711,27.15699857076009,1.0057568549086682
2016-09-03,4.417658888888889,26.688952382405603,0.1476676246845443
2016-09-04,3.972392222222222,26.7463368733724,0.5141437053630682
2016-09-05,4.418107222222222,26.595093027750693,0.7256299256255261
2016-09-06,4.936348333333333,26.725606536865257,0.3091990947723388
2016-09-07,4.560125555555556,26.844800567626976,0.6715335381386467
2016-09-08,5.168948888888889,26.915094629923544,0.3333766780997393
2016-09-09,5.127206111111111,27.48834063212081,0.17632024798786
2016-09-10,5.042225555555556,27.44474118550619,0.2138912677764892
2016-09-11,5.348826111111111,27.50599568684896,0.0551713494019168
2016-09-12,5.45027,27.73501358032229,0.0671041289592722
2016-09-13,4.8172588888888885,27.739133453369163,0.5235701798369519
2016-09-14,5.89,28.807390467325888,0.2091974020004272
2016-09-15,5.694825555555555,29.52179870605471,0.1599043607711792
2016-09-16,3.106558888888889,28.940783437093103,0.0209689139865076
2016-09-17,5.456706111111111,30.019788996378622,0.0569446676195184
2016-09-18,2.305171111111111,28.023330942789755,2.05850601196289
2016-09-19,2.6593633333333333,27.84995040893557,0.386577844437852
2016-09-20,3.790945555555556,28.180057144165065,0.0025713912350511
2016-09-21,4.942215555555555,28.626861826578818,0.0059902667999267
2016-09-22,5.092347101779514,29.227030054728232,0.0353582748857661
2016-09-23,5.75155060655382,29.60166829427084,0.1269701645583154
2016-09-24,6.007015677083333,29.15288632710775,0.0018030404476121
2016-09-25,5.865666440972222,29.00236600240072,0.0008636275765638
2016-09-26,6.0739181944444445,28.838339742024743,0.0
2016-09-27,6.09964375,28.661384201049827,0.0
2016-09-28,6.095039166666667,28.292515055338583,0.0008523463748133
2016-09-29,6.080460607638889,27.6954341888428,0.0
2016-09-30,5.8887825,28.306935882568386,0.0
2016-10-01,1.8116404166666664,26.254850641886435,32.5164794921875
2016-10-02,4.287284583333333,27.87432187398275,10.143893957035743
2016-10-03,4.564009565972222,27.794396972656276,26.9141765651284
2016-10-04,1.7144869270833334,25.869698460896814,11.849656701087952
2016-10-05,1.3606755729166666,25.18812395731612,14.60882127281593
2016-10-06,1.7725040104166667,24.92545598347982,18.528729677143478
2016-10-07,3.928830679253472,27.06567217508956,3.8751989602587855
2016-10-08,4.959565960286458,27.85439071655276,2.1415680639620405
2016-10-09,4.808592403021918,28.04913673400881,0.9227067230312967
2016-10-10,5.516619444444444,27.24255587259933,0.0017106532368416
2016-10-11,4.840953333333333,26.06732584635421,0.0707522931406856
2016-10-12,5.424341666666667,25.50066210428878,0.0183671222089287
2016-10-13,5.239991666666667,26.05141220092776,0.040701031593926
2016-10-14,5.359975555555556,26.596527989705407,0.0098645687103271
2016-10-15,4.853745,26.946269607543968,0.0017100825289162
2016-10-16,5.096004444444445,27.44941991170248,0.0008642672923997
2016-10-17,5.611887222222222,26.92889556884768,0.0004261732087229
2016-10-18,5.194165555555555,26.011286036173544,0.0
2016-10-19,5.748273333333334,25.1581855773926,0.0008523463179699
2016-10-20,5.771202222222223,24.91197992960616,0.0
2016-10-21,5.655862222222222,25.141142145792685,0.0
2016-10-22,5.5645927777777775,25.59011548360189,0.0008523463179699
2016-10-23,5.548752222222222,25.60922012329104,0.0008523463179699
2016-10-24,5.507993333333333,25.005859629313196,0.0008523463179699
2016-10-25,5.425691111111111,24.80681444803878,0.0
2016-10-26,5.377335555555556,26.16598472595217,0.0
2016-10-27,5.498838888888889,26.944059626261435,0.0008523463179699
2016-10-28,5.607734444444445,25.447856521606468,0.0008595229807895
2016-10-29,5.529963333333333,24.17832400004073,0.0004351138045421
2016-10-30,5.445441111111111,24.70623677571615,0.0029981356419739
2016-10-31,5.467531111111111,24.7459484100342,0.0034419717849232
2016-11-01,5.430854444444445,25.02325274149581,0.0012814998058274
2016-11-02,5.458418888888889,24.890735244751,0.000441074366364
2016-11-03,5.399343333333333,24.755805587768577,0.0
2016-11-04,5.355254444444444,24.389683659871423,0.0
2016-11-05,5.310278888888889,24.42153892517092,0.0
2016-11-06,5.2611566666666665,24.116305923461937,0.0008583068797918
2016-11-07,5.273384444444445,24.18403460184737,0.0004414210579284
2016-11-08,5.340904444444444,23.75503311157229,0.0025808803911786
2016-11-09,5.305577777777778,23.944967524210654,0.0012993812106287
2016-11-10,5.266288888888889,23.662881469726585,0.0025676852146716
2016-11-11,5.272612222222223,22.940017954508505,0.0008655407555124
2016-11-12,5.159041111111111,23.25609423319503,0.0008523463179699
2016-11-13,5.172785555555556,23.13364690144857,0.0008553265615773
2016-11-14,5.120324444444444,22.990045166015648,0.0
2016-11-15,5.110033333333333,22.85970395406088,0.0012916735840917
2016-11-16,5.038542222222223,23.589782969156943,0.0025802955860854
2016-11-17,5.040946666666667,23.546346918741904,0.0
2016-11-18,4.999438888888889,23.23144048055013,0.0
2016-11-19,4.96152,23.07636985778811,0.0
2016-11-20,4.992361111111111,22.98737169901534,0.0
2016-11-21,4.785445555555556,23.209481175740564,0.0012639992519325
2016-11-22,4.90281,23.32122446695968,0.003022870089353
2016-11-23,4.858295555555555,23.598449325561543,-1.192074705613777e-05
2016-11-24,4.808775555555555,23.82686576843264,0.00170693255086
2016-11-25,4.8640244444444445,23.48707605997725,0.0
2016-11-26,4.871053333333333,23.46895243326827,0.0008523463179699
2016-11-27,4.832575555555556,23.673013305664085,0.0008523463179699
2016-11-28,4.8291844444444445,23.25913899739584,0.0017262897813452
2016-11-29,4.806843333333333,22.87338218688967,0.0012874602930423
2016-11-30,4.769494444444445,22.533226267496783,0.0012814998058274
2016-12-01,4.689536666666666,23.04223213195803,0.0004291534310141
2016-12-02,4.634588888888889,24.565148289998376,0.0025719403424773
2016-12-03,4.649988888888889,24.143930689493857,0.0012814998058274
2016-12-04,4.688502222222223,23.34454689025881,0.0
2016-12-05,4.723211111111112,22.357429122924827,0.0
2016-12-06,4.690755555555556,22.44583918253585,0.0008523463748133
2016-12-07,4.705177777777778,22.62760632832845,0.001284834127091
2016-12-08,4.699338888888889,22.325776672363304,0.0017122915210165
2016-12-09,4.676795555555556,22.00822029113772,0.0012964009101779
2016-12-10,4.648281111111111,21.554291661580407,-5.960487214906607e-06
2016-12-11,4.546792222222222,22.440845743815142,0.0004351138045421
2016-12-12,4.595382222222222,22.402242914835654,0.0008462452569801
2016-12-13,4.612297777777778,22.22444623311361,7.785274647176266e-07
2016-12-14,4.576908888888889,22.71310132344564,0.001281499748984
2016-12-15,4.6686644444444445,21.99867719014486,0.0008583068797918
2016-12-16,4.657885555555556,21.877271270751976,0.0025749204723979
2016-12-17,4.546844444444444,22.286246871948265,0.0
2016-12-18,4.585536666666667,21.40353673299154,0.0008523463179699
2016-12-19,4.5991,21.127374903361044,0.0
2016-12-20,4.599901111111111,21.305963134765648,0.0
2016-12-21,4.627723333333333,21.506278610229515,0.0030040740170989
2016-12-22,4.625922222222222,21.241869227091517,0.0004351138045421
2016-12-23,4.637804444444445,21.036899820963583,0.0008523463179699
2016-12-24,4.640475555555556,20.80223744710287,0.0004351138045421
2016-12-25,4.7351833333333335,20.924865341186543,0.0004351138613856
2016-12-26,4.764018888888889,19.66704648335775,0.0
2016-12-27,4.6831966666666665,20.261756515502952,0.0012874602361989
2016-12-28,4.648773333333334,21.0115734100342,0.0008523463179699
2016-12-29,4.663477777777778,21.58467000325521,0.0
2016-12-30,4.663245555555555,21.92904561360677,0.0008612870487922
2016-12-31,4.650458888888889,21.510236994425497,0.001716613667213
2017-01-01,4.670936666666667,20.82311592102053,0.0012876149639851
2017-01-02,4.643635555555556,21.243803914388025,0.0017099776528084
2017-01-03,4.649088888888889,21.047664896647177,0.0012844800494349
2017-01-04,4.69995,21.204770660400413,0.0004351138045421
2017-01-05,4.698663333333333,21.17106653849288,0.0008523463179699
2017-01-06,4.651856666666666,20.46380322774252,0.001726419895931
2017-01-07,3.778328888888889,21.32710736592611,0.0443786381651989
2017-01-08,4.194425555555555,20.13953552246096,0.0004351138045421
2017-01-09,4.783286666666666,19.028755442301478,0.00129175219854
2017-01-10,4.714041111111111,18.44024747212728,0.0004281806127437
2017-01-11,4.938172222222223,17.309075927734398,0.0025779008296922
2017-01-12,4.967936666666667,17.1807685852051,-5.960430371487746e-06
2017-01-13,4.992951111111111,17.658820724487327,0.0012883065778623
2017-01-14,4.743375555555556,19.536907450358115,0.0025639578780101
2017-01-15,4.715642222222222,21.356500244140648,0.0004351138045421
2017-01-16,4.879942222222223,19.65368487040206,0.0008523463179699
2017-01-17,5.046438888888889,17.981188074747763,0.0004351138045421
2017-01-18,4.963574444444444,19.52831484476729,0.0004351138613856
2017-01-19,4.420525555555556,21.81822802225753,0.0004351138045421
2017-01-20,3.854458888888889,21.95509490966799,0.0008523463179699
2017-01-21,4.831095555555556,22.89625956217452,0.0
2017-01-22,4.927945555555556,23.478707249959317,0.001281499748984
2017-01-23,4.940533333333334,24.270120239257835,0.001718888427149
2017-01-24,5.005766666666666,24.94004275004073,0.0008623470080237
2017-01-25,4.8463666666666665,24.12044486999514,0.0
2017-01-26,4.601248888888889,21.587219492594443,0.0004351138045421
2017-01-27,5.328226666666667,19.69288724263509,0.0
2017-01-28,5.2812866666666665,20.121165847778343,0.0
2017-01-29,5.323797777777778,21.132338460286466,0.0008612871056357
2017-01-30,5.379658333333333,21.409896469116237,0.000441074366364
2017-01-31,5.474366666666667,20.89123751322433,0.0021424416836168
2017-02-01,5.426596666666667,21.540975189209007,0.0008583068833445
2017-02-02,5.446561111111111,22.89393005371096,0.0012764174890378
2017-02-03,5.298017777777778,25.087995783488,0.0012886303011327
2017-02-04,5.128298888888889,22.718282318115257,0.0030036808311706
2017-02-05,5.604333333333333,19.11506614685061,2.0857441995758563e-05
2017-02-06,5.654877777777778,18.39301897684737,0.0004351138045421
2017-02-07,5.665291111111111,19.87415911356612,0.0021517276422855
2017-02-08,5.604903333333334,20.182327524821005,0.0004231928301123
2017-02-09,5.771363333333333,20.01634813944503,0.0008523463179699
2017-02-10,5.740713333333333,20.81633338928225,0.0
2017-02-11,5.6139833333333335,21.882042821248376,0.0008583068797918
2017-02-12,5.577508888888889,22.547933832804404,0.0004360040115614
2017-02-13,5.232565555555556,24.24874649047854,0.0021427867977763
2017-02-14,5.542935555555555,25.728359476725306,0.0004354566840447
2017-02-15,5.567955555555556,26.476984278361044,0.0
2017-02-16,5.554996666666667,26.315156555175804,0.002584912920156
2017-02-17,5.745817777777778,26.71664263407393,0.0025749205860847
2017-02-18,5.834189444444444,26.86141484578451,0.0008523463179699
2017-02-19,5.861053888888889,26.72058512369796,0.0017106532368416
2017-02-20,5.866238333333333,25.59906285603841,0.0
2017-02-21,5.999313333333333,23.117937342325888,0.0017040207467289
2017-02-22,5.9998,22.28835830688479,0.0
2017-02-23,6.1506227777777776,23.104281997680687,0.0012934207234138
2017-02-24,6.171394444444444,23.8915789286296,0.0
2017-02-25,6.218477777777778,24.38143374125167,0.0034242866604472
2017-02-26,6.232975,25.31083831787112,0.0012934207234138
2017-02-27,6.254759444444445,26.002035395304404,0.0004261732051702
2017-02-28,6.250791111111111,26.75581130981448,0.0008702277227712
2017-03-01,6.244143333333334,26.64675992329916,0.0017225742112714
2017-03-02,6.308569444444444,25.19941355387374,0.0017166137240565
2017-03-03,6.428092856377496,25.104306793212917,0.0025765960458556
2017-03-04,6.37776587890625,25.19517542521163,0.0
2017-03-05,6.424533589409722,25.29322204589846,0.0004351138045421
2017-03-06,6.495842899305556,25.5018306732178,0.0017245665731024
2017-03-07,6.430731423611111,25.8461853027344,0.0
2017-03-08,6.349721458333334,26.151485697428427,0.0
2017-03-09,6.276365399305556,25.34631563822433,0.0
2017-03-10,5.514468732638889,24.774486160278343,0.0119983685067381
2017-03-11,6.9197781944444445,22.35408871968588,-4.47494130639825e-06
2017-03-12,6.974736736111111,21.85393358866378,0.0004351138045421
2017-03-13,6.928191111111111,23.031481043497763,0.0
2017-03-14,6.9461162326388886,24.96033948262533,0.0012904404798064
2017-03-15,6.796554322916666,26.36820500691732,0.0030047578434277
2017-03-16,6.828699288194445,26.638525263468463,0.0012862977314398
2017-03-17,6.728154392361111,27.61927185058596,0.0
2017-03-18,6.691799357638889,28.653450902303064,0.0017263744211959
2017-03-19,6.57381390625,27.133388773600306,0.0012666736211031
2017-03-20,6.864800954861111,27.74682769775393,0.0008523463748133
2017-03-21,6.874132777777778,28.555764770507835,0.0008583068797918
2017-03-22,6.899674444444445,28.98623110453292,0.0008523463179699
2017-03-23,6.894208333333333,29.38643099466964,0.0
2017-03-24,6.974285555555555,29.397112782796228,0.0008523463179699
2017-03-25,6.987277777777778,29.56661949157717,0.0017082966792258
2017-03-26,7.026785555555556,30.66009483337405,0.0029994251349307
2017-03-27,7.0270544444444445,32.37149327596029,0.0004380933091852
2017-03-28,7.081455555555555,32.46339886983236,0.0008523463179699
2017-03-29,7.1652788888888885,31.59762280782064,0.0017225742112714
2017-03-30,7.155377777777778,30.59332618713381,0.0
2017-03-31,7.161903333333333,30.43110364278158,0.0012904405366498
2017-04-01,7.187386111111112,29.919144566853845,0.0
2017-04-02,7.274419444444445,29.4772722880046,0.0008553265615773
2017-04-03,7.18032,30.05433616638186,0.0012814998058274
2017-04-04,7.153357777777778,30.081224060058616,0.0017084829551095
2017-04-05,7.065163888888889,30.44778404235842,0.003006161932717
2017-04-06,7.228312777777778,29.75316327412924,1.7881575331557542e-05
2017-04-07,7.586565,27.229787445068386,0.0004351138045421
2017-04-08,7.657156666666666,28.384041722615564,0.001281499748984
2017-04-09,7.662115,29.96515235900881,0.0004261732051702
2017-04-10,7.652057777777777,30.878944015502952,0.0008523463748133
2017-04-11,7.685717777777778,31.68412043253585,0.0
2017-04-12,7.641456111111111,32.30532035827639,0.0017296105170316
2017-04-13,7.637383888888888,33.47391789754232,0.0017068520037355
2017-04-14,7.610103888888889,33.3357927958171,0.0017101491494031
2017-04-15,7.620310555555555,32.89577700297042,0.0008523463179699
2017-04-16,7.608667777777778,32.54687271118166,0.0
2017-04-17,7.582191666666667,32.190583801269554,0.0025808803911786
2017-04-18,7.664575,32.00503629048666,0.000441074366364
2017-04-19,7.503778888888889,31.788130696614587,0.0008523463179699
2017-04-20,7.538626111111111,31.751674270629906,0.0008583068797918
2017-04-21,7.563834444444445,31.098343785603845,0.0017246679817617
2017-04-22,7.176162222222223,30.470773951212607,0.0060498714447021
2017-04-23,7.316728333333334,29.840615844726585,0.0030040740917058
2017-04-24,7.486717777777778,29.20446929931643,0.0017225742112714
2017-04-25,7.413315555555555,29.91693013509115,0.0008702277227712
2017-04-26,7.681036666666666,30.0732354482015,0.0017814049897424
2017-04-27,7.715941666666667,30.833475367228232,0.0012934207234138
2017-04-28,7.631230555555556,31.08473167419436,0.0008523463179699
2017-04-29,7.351310555555555,30.953256861368857,0.4348456859588623
2017-04-30,7.330782777777777,31.81329752604171,0.0026673078536987
2017-05-01,7.597192222222223,32.32559738159182,0.0008523463748133
2017-05-02,7.614148333333333,33.64185295104983,0.0025985993374888
2017-05-03,7.373,33.716839090983115,0.0016842259356053
2017-05-04,7.473895,34.50003903706869,0.0008583068797918
2017-05-05,7.615136111111111,34.461091613769554,0.0
2017-05-06,7.732112777777778,33.79193458557131,0.0017152477198578
2017-05-07,7.719753333333333,33.4892510732015,-4.594483016262529e-06
2017-05-08,7.719038888888889,33.518989817301474,0.0
2017-05-09,7.736716111111111,33.37547454833987,0.0008374733511118
2017-05-10,7.669672222222222,33.70660998026534,0.0008678604430656
2017-05-11,7.4539277777777775,34.0424635569255,0.0025689596441225
2017-05-12,7.276628888888889,35.41915092468264,0.0030815603118128
2017-05-13,7.463258888888889,36.03815358479818,0.0008523463748133
2017-05-14,7.192194444444445,35.18831087748214,0.0
2017-05-15,7.590318888888889,33.75735244750979,0.0
2017-05-16,7.586635555555556,33.57055753072103,0.0008523463748133
2017-05-17,7.462473333333333,33.17459068298342,0.0
2017-05-18,7.413948888888889,33.2452388763428,0.0051319590852472
2017-05-19,7.472066666666667,33.51774050394698,0.0008583068797918
2017-05-20,7.683207777777778,32.6472056070964,3.552713678800501e-12
2017-05-21,7.183565555555556,32.62091153462728,0.0366568565368652
2017-05-22,7.476177777777778,33.523092524210654,0.1224428415298461
2017-05-23,7.583865555555556,34.11125717163088,0.0
2017-05-24,7.559441111111111,34.72193298339846,0.0008553265615773
2017-05-25,7.282008888888889,34.93740933736166,0.0176313462816324
2017-05-26,7.508921111111111,34.55010821024581,0.0
2017-05-27,7.487203333333333,33.6070273081462,0.0008583068797918
2017-05-28,7.295127777777778,33.35475311279299,0.0033603862839015
2017-05-29,6.701653333333334,33.527094141642294,0.0522077083573435
2017-05-30,6.8738866666666665,33.89633522033694,0.0021338462374842
2017-05-31,7.264461111111111,33.38357060750326,0.0
2017-06-01,7.218402222222222,33.97372779846194,0.0017106532368416
2017-06-02,6.736431111111111,35.43381716410323,0.0085413454939953
2017-06-03,6.183072222222222,35.391529973347986,0.0924795865557825
2017-06-04,6.570051111111111,33.80560900370284,0.0194191932223475
2017-06-05,6.94212,34.0273319244385,0.0025891421842061
2017-06-06,6.706177777777778,33.606100336710654,0.2306282519271008
2017-06-07,6.50618,33.08074722290041,0.6349802016529793
2017-06-08,6.129088888888889,32.61319567362472,2.164846658615716
2017-06-09,5.953655555555556,31.825610097249356,6.183990877389078
2017-06-10,5.480036666666667,31.580379740397177,0.4512548446200526
2017-06-11,6.399746666666666,33.14888979593917,0.5947649478912354
2017-06-12,6.934897777777778,34.11618321736654,0.0012695788313976
2017-06-13,7.139625555555556,33.75137545267745,0.0012755393754559
2017-06-14,6.923553333333333,33.543449020385765,0.0004529952093434
2017-06-15,6.878023333333333,33.84173609415694,0.0008583068797918
2017-06-16,7.018295555555556,33.44931882222494,0.0012987833315492
2017-06-17,6.537258888888889,33.467916742960654,0.0351011753068064
2017-06-18,5.6855633333333335,33.36741154988607,0.0407099723815918
2017-06-19,4.805204444444445,33.034704462687216,0.0954272622379903
2017-06-20,4.025141111111111,32.44589576721194,0.5983114241416843
2017-06-21,4.33023,32.61263300577804,0.5626082420349121
2017-06-22,5.258135555555556,33.059480285644554,0.5808234213304786
2017-06-23,5.636975555555556,31.640469487508145,3.221595287318024
2017-06-24,4.173167777777778,30.30433298746749,3.301686144652649
2017-06-25,5.2072577777777775,30.716072972615564,2.816189452175877
2017-06-26,5.092723333333334,30.425691223144558,2.2180231226229807
2017-06-27,2.617621111111111,28.36393826802572,4.883721470832825
2017-06-28,3.4317466666666667,28.640721257527677,8.751691879581358
2017-06-29,3.0069866666666667,27.85606473286947,18.508856108859103
2017-06-30,2.140203333333333,26.70221354166671,21.11303806304932
2017-07-01,1.6195755555555555,27.553584035237638,22.22133424089634
2017-07-02,1.2681988888888889,27.944690322876,7.436871528625488
2017-07-03,1.6580555555555556,27.618827438354515,4.258498549461365
2017-07-04,4.1112633333333335,29.00979766845705,1.999706029891968
2017-07-05,4.739323333333333,29.59342155456545,0.5154027981575382
2017-07-06,4.673583333333333,29.55911026000979,0.4979699850196084
2017-07-07,5.07331,29.119191741943386,2.1316081285363
2017-07-08,5.206807777777778,28.85539779663088,1.2986836808295266
2017-07-09,5.398547777777778,29.2361827850342,1.264512538909912
2017-07-10,4.778291111111111,29.34428558349612,1.1905133724212646
2017-07-11,4.209053888888889,29.01831652323409,0.7377952337037641
2017-07-12,3.8657333333333335,28.530819193522177,3.178197145377481
2017-07-13,3.037425,27.390213902791345,12.175683761881828
2017-07-14,0.8059922222222222,25.38944778442385,342.169567822566
2017-07-15,1.3456305555555557,25.62309735616049,66.8437421309136
2017-07-16,3.1897116666666667,27.056188837687216,11.592459678183786
2017-07-17,3.1430611111111117,27.3613385518392,6.197267770762238
2017-07-18,3.8882938888888887,27.88062502543136,2.983379363286076
2017-07-19,4.385382222222222,28.439592615763388,1.1937320232391355
2017-07-20,4.118603888888889,28.04173876444503,6.603914498555241
2017-07-21,3.0617977777777776,27.486647542317712,42.96782612800598
2017-07-22,0.9511372222222222,25.77911974589034,59.56508517255088
2017-07-23,1.0940538888888889,25.86187070210775,100.76943039894104
2017-07-24,0.3375805555555555,25.36578267415365,105.05064129819176
2017-07-25,1.2492922222222222,25.885986582438196,50.75386464585563
2017-07-26,0.8367511111111111,25.37905209859213,33.37053954589919
2017-07-27,0.7774011111111111,25.345615005493187,115.24495482444765
2017-07-28,1.9066444444444444,26.27430559794112,8.213940262692176
2017-07-29,3.60642,26.425730005900107,5.677750706638562
2017-07-30,3.644805,27.187786356608115,1.603120565409455
2017-07-31,3.295281666666667,27.36829274495443,2.039605379103193
2017-08-01,4.286076666666666,27.9744646708171,1.484607547183714
2017-08-02,4.541551666666667,27.9665186564128,1.2280821799208752
2017-08-03,4.467539444444444,28.239427820841517,0.9317785501430365
2017-08-04,3.917944444444444,28.186244583129906,0.6493180990219116
2017-08-05,4.181994444444444,28.174164072672568,0.4946142435073852
2017-08-06,4.086588333333333,28.015547688802087,0.9965538978526922
2017-08-07,4.315052777777778,28.196496582031276,0.8658021688461304
2017-08-08,4.359993333333334,28.150908406575525,0.9605884552001952
2017-08-09,4.5394483333333335,28.07359402974447,1.4059722422530283
2017-08-10,5.260678888888889,28.18509890238448,1.5161430751504668
2017-08-11,4.471171111111111,28.263887023925804,0.5882084369659424
2017-08-12,2.6590272222222224,27.54538497924807,2.3778676986694336
2017-08-13,3.989767777777778,27.81959304809573,2.346003055492929
2017-08-14,4.4412666666666665,28.327206548055017,1.1220574378967283
2017-08-15,4.2357466666666665,27.637072499593103,1.432514190639722
2017-08-16,4.4540444444444445,27.709251658121783,0.5424965439715379
2017-08-17,4.379219444444445,28.183323160807333,0.4987746476672328
2017-08-18,4.74419,28.328952407836937,0.3961037455155747
2017-08-19,3.8286261111111113,28.112309392293295,1.507893204689026
2017-08-20,2.5066522222222223,26.238217926025413,20.47255635261536
2017-08-21,4.275754444444445,27.702262496948265,9.597527980702123
2017-08-22,2.718599444444445,26.70749944051107,5.212008953094482
2017-08-23,3.968873888888889,27.74997545878097,2.012386918067932
2017-08-24,4.921857222222222,28.246579742431663,0.359654426574707
2017-08-25,4.827751666666667,28.411729431152366,0.2197653054167858
2017-08-26,4.298555,28.291621144612638,1.551508903503418
2017-08-27,4.151662777777778,28.566449101765954,1.1098623275742625
2017-08-28,3.3232222222222223,28.034580485026083,23.0989358007605
2017-08-29,3.678249444444445,27.641978200276696,20.236484092436054
2017-08-30,1.5569333333333333,26.040771102905296,7.790347933756436
2017-08-31,4.159870555555556,26.8425397237142,4.337280988693237
2017-09-01,5.207705,27.18219210306808,0.9410381317138672
2017-09-02,2.966493333333333,26.644204711914085,5.789881944565423
2017-09-03,4.025589444444445,27.836630121866904,1.1257529259296462
2017-09-04,4.819339444444444,28.07501373291018,0.245258980669405
2017-09-05,4.533292222222222,27.71313819885256,0.1348793506572576
2017-09-06,4.633008333333334,26.970455423990927,0.344014167694695
2017-09-07,4.884056666666667,27.15929247538253,0.054976344017632
2017-09-08,5.655468333333333,27.72277094523116,0.0024527311310862
2017-09-09,5.859033888888889,28.841034825642907,0.0235736370086669
2017-09-10,5.454659444444444,29.068978246053064,0.8955895900726318
2017-09-11,4.810780555555556,29.61776313781741,0.8301387312030784
2017-09-12,4.686133888888889,29.10235684712728,10.76158881187439
2017-09-13,4.7231644444444445,28.363323465983115,1.1829137802124023
2017-09-14,5.710439444444445,28.750450388590536,0.5976617330816225
2017-09-15,5.714114444444444,28.49583969116213,5.0737500190685125
2017-09-16,4.046455555555555,27.937053934733115,8.271354436772071
2017-09-17,2.8059327777777776,26.59260203043624,23.53942394256592
2017-09-18,3.79907,27.87815945943197,7.272312044960927
2017-09-19,5.88434,29.3713368733724,0.0291682188731101
2017-09-20,5.952672222222223,28.94554672241213,0.0
2017-09-21,4.669600555555555,28.05318984985354,0.0006556510925292
2017-09-22,4.722676527777778,27.882701492309597,0.028091243336803
2017-09-23,5.56832735941569,27.54117991129561,0.0065863132476806
2017-09-24,5.093448524305556,27.48091023763021,0.0936686992076829
2017-09-25,5.457062222222223,27.03720372517904,0.0175416468550793
2017-09-26,5.937498055555555,26.8745005289714,0.0
2017-09-27,5.9929742881944446,27.627404149373376,0.0
2017-09-28,6.075042361111112,28.573672866821312,0.0025821393592195
2017-09-29,6.103825954861111,28.423316574096702,0.0008468052783427
2017-09-30,6.0499728125,28.94112866719564,5.6843418860808015e-11
2017-10-01,5.959693472222222,29.965386962890648,0.0
2017-10-02,6.065789288194445,29.336369450887048,0.0012705816061497
2017-10-03,6.001658732638889,29.5668661753337,0.0016927718320403
2017-10-04,5.852705399305555,29.364198939005576,0.0017216403875863
2017-10-05,6.018681788194445,29.368437703450525,0.0004202126433483
2017-10-06,5.958310034722222,29.4144283294678,0.0008583068797918
2017-10-07,5.970375241970486,29.197713470459007,0.0008583068797918
2017-10-08,6.076537782118056,28.87279790242513,0.0025840099624474
2017-10-09,5.838586296047635,28.595931625366237,0.0008614663222772
2017-10-10,5.733816111111112,29.45161717732748,0.0004351138045421
2017-10-11,2.965906111111111,29.023927942911826,0.0
2017-10-12,2.4001794444444444,28.91211280822756,0.0103708103438293
2017-10-13,4.275956111111111,29.28061447143557,0.0134650869654251
2017-10-14,5.749995555555556,29.625170644124356,0.000441074366364
2017-10-15,5.875108333333333,28.965180333455407,0.0
2017-10-16,5.914983888888889,28.6916163126628,0.0004351138045421
2017-10-17,5.894622777777778,28.894755935668968,0.0012904405934932
2017-10-18,5.872366111111111,29.497674560546898,0.0017367148075209
2017-10-19,5.884776666666666,28.189659372965536,0.0008523463179699
2017-10-20,5.780342222222222,28.41630706787112,0.0
2017-10-21,5.646507777777778,28.807483927408896,0.0017166137240565
2017-10-22,5.755108888888889,28.591662343343103,7.0223222792265005e-06
2017-10-23,5.67484,27.004556274414085,0.0008523463179699
2017-10-24,5.50609,27.852370198567712,0.0008523463179699
2017-10-25,5.6121,28.19222348531088,0.0
2017-10-26,5.63883,27.251329040527366,0.0
2017-10-27,5.571505555555556,27.3885271708171,0.0008523463179699
2017-10-28,5.522231111111111,26.76361681620284,0.0008583068797918
2017-10-29,5.23095,27.221538798014365,0.0008543190475052
2017-10-30,5.43928,26.875531133015954,0.0017059697370314
2017-10-31,5.494612222222222,26.22694104512533,2.9801867640344426e-06
2017-11-01,5.429906666666667,25.999344762166345,0.0008523463748133
2017-11-02,5.404727777777778,26.068180974324548,0.0004261732051702
2017-11-03,5.369274444444445,26.249204254150413,0.0
2017-11-04,5.377,26.54483566284182,0.0021691254801226
2017-11-05,5.299083333333333,25.942831929524743,0.0025796589397941
2017-11-06,5.257404444444444,26.05114898681643,0.0008629914596269
2017-11-07,5.1755,25.78581835428878,0.0008550231704873
2017-11-08,5.145513333333334,26.22620162963869,0.0
2017-11-09,4.990211111111111,25.96358070373537,0.0008583068797918
2017-11-10,4.754325555555556,25.68012835184737,0.0
2017-11-11,5.119885555555555,25.099176661173544,0.0008608301982349
2017-11-12,5.145711111111111,23.927356974283896,0.0008523463179699
2017-11-13,5.114565555555555,23.632817204793295,0.0
2017-11-14,5.029104444444444,23.242068862915065,0.0
2017-11-15,4.845242222222222,23.63179359436037,0.0008523463179699
2017-11-16,5.070447777777778,23.16223360697433,0.0021636486735587
2017-11-17,4.622121111111111,23.63071212768557,0.0008555893487027
2017-11-18,4.76414,23.569088872273767,0.0012928771866427
2017-11-19,4.539688888888889,23.606352106730185,0.0012874602361989
2017-11-20,4.787461111111111,24.06709060668948,0.0
2017-11-21,4.33866,23.7388905843099,0.0004351138045421
2017-11-22,4.8119233333333336,23.3346941630046,0.0
2017-11-23,4.789901111111111,22.910749689738,0.0012891771916656
2017-11-24,4.80083,22.835375086466517,0.0008366146175831
2017-11-25,4.829845555555556,22.79672520955404,0.0012934207802572
2017-11-26,4.791032222222222,22.792254384358728,0.0
2017-11-27,4.814005555555555,22.53876393636068,0.0004261732087229
2017-11-28,4.815681111111111,22.36423772176107,0.002148747398678
2017-11-29,4.77129,22.584597524007165,0.0008642672923997
2017-11-30,4.698456666666667,23.02285537719729,0.0008583068833445
2017-12-01,4.685077777777778,23.237572606404623,0.0
2017-12-02,4.519075555555555,23.267586008707724,0.0
2017-12-03,3.020566666666667,23.03718973795577,0.0017046926359398
2017-12-04,1.8587877777777777,22.7977284749349,0.4346549510501063
2017-12-05,0.4414155555555555,18.259887949625693,22.86878526200553
2017-12-06,0.8868422222222222,18.058848953247093,1.6482263802686248
2017-12-07,3.474867777777778,21.37418708801272,0.0257194041637376
2017-12-08,3.7775766666666666,23.22551625569662,0.0598364383108673
2017-12-09,3.799451111111111,24.382231648763025,0.0
2017-12-10,3.97229,24.22235005696615,0.2046406268050304
2017-12-11,3.4740855555555554,21.977886454264365,0.0043541191985241
2017-12-12,4.345087777777778,19.38235181172689,0.0012949859069522
2017-12-13,4.679165555555556,18.355736668904623,0.000429675083069
2017-12-14,4.638256666666667,19.32872098286947,0.0017337082454105
2017-12-15,4.407534444444445,21.261106109619163,0.0
2017-12-16,4.048188888888889,22.139985656738304,0.0008788795753389
2017-12-17,4.398531111111111,22.401890055338583,0.0017186317791129
2017-12-18,4.251763333333333,21.8497361501058,0.0004261732087229
2017-12-19,3.490778888888889,21.80220184326174,0.000441074366364
2017-12-20,3.597681111111111,21.76983731587728,0.0
2017-12-21,3.762697777777778,21.69665107727053,0.0
2017-12-22,3.6049777777777776,22.35548362731936,0.002567504509443
2017-12-23,4.45115,21.058356857299827,0.0025646834842518
2017-12-24,4.66731,20.464016215006552,0.0
2017-12-25,4.684761111111111,20.76882133483889,0.0021565725205618
2017-12-26,4.711827777777778,20.390749867757165,0.0004120333301216
2017-12-27,4.691918888888889,20.29016520182296,0.0017367486293551
2017-12-28,4.676386666666667,20.43274586995443,0.0008344265438609
2017-12-29,4.625523333333334,21.07296460469564,0.0008523463179699
2017-12-30,4.661596666666667,20.97527656555178,0.0008523463179699
2017-12-31,4.618981111111111,21.068617757161466,0.0
2018-01-01,4.672204444444445,20.3657330830892,0.0004261732051702
2018-01-02,4.692856666666667,20.31270815531417,0.0008523463179699
2018-01-03,4.714377777777778,19.974368031819665,0.000441074366364
2018-01-04,4.727698888888889,20.099465942382835,0.0012755393754559
2018-01-05,4.828663333333333,19.058389282226585,0.0025737381292856
2018-01-06,4.749525555555556,19.31823310852053,0.0008603067271906
2018-01-07,4.79331,19.114774958292685,0.0017225738702109
2018-01-08,4.7784877777777774,20.22834167480471,0.0017116101389547
2018-01-09,4.718705555555555,21.747242228190142,0.0004351138045421
2018-01-10,4.694848888888889,22.004439926147484,0.0008463859444418
2018-01-11,4.53003,22.69539731343588,0.0004351138045421
2018-01-12,3.8883133333333335,24.183564758300804,0.0004351138045421
2018-01-13,3.970731111111111,24.49695994059249,0.0004351138045421
2018-01-14,4.584271111111111,24.73928476969405,0.0
2018-01-15,4.832795555555555,23.912093734741237,0.001716613667213
2018-01-16,4.838202222222222,23.943159993489587,0.0004351138045421
2018-01-17,4.889146666666667,22.35023206075033,0.0
2018-01-18,4.990484444444444,21.717137273152677,0.0017195939108205
2018-01-19,5.082864444444445,20.859473164876302,0.0008534627795597
2018-01-20,5.035474444444445,21.46818186442061,0.0
2018-01-21,5.000962222222222,22.277182515462243,0.0
2018-01-22,4.972725555555556,22.191908772786466,0.0004351138045421
2018-01-23,5.11063,20.16958071390792,0.0017180493045998
2018-01-24,5.254454444444445,19.71028099060061,0.0012844800494349
2018-01-25,5.275511111111111,18.47890116373702,0.0008582565556025
2018-01-26,5.306371111111111,19.37579561869308,0.0
2018-01-27,5.291757777777778,19.840973790486657,0.0
2018-01-28,5.316567777777777,19.94455871582033,0.0017046927496267
2018-01-29,5.322836666666666,20.29783655802413,1.788146164471982e-05
2018-01-30,5.30702,21.773517227172874,0.0012943312412971
2018-01-31,5.306002222222222,22.72477811177572,0.0008523463179699
2018-02-01,5.307597222222222,23.170096969604515,0.001287203758693
2018-02-02,5.307921666666667,22.900921122233115,0.0013098866133987
2018-02-03,5.377271111111111,22.200596110026083,0.0
2018-02-04,5.3922638888888885,22.347093836466517,0.0
2018-02-05,4.627452222222222,23.144905344645224,0.001278440720398
2018-02-06,2.090418333333333,22.21880366007491,0.1818418501784435
2018-02-07,5.208124444444445,23.11603571573897,0.0096410512924194
2018-02-08,5.560847222222222,21.54065157572433,0.0012874602930423
2018-02-09,5.662232777777778,20.60401369730636,0.0
2018-02-10,5.248606666666666,21.08196729024252,0.0
2018-02-11,5.543538888888889,21.50518697102865,0.0008583068797918
2018-02-12,5.638760555555556,21.50393956502279,0.001281499748984
2018-02-13,5.684568333333333,22.47547810872396,0.0012874602361989
2018-02-14,5.695412777777777,22.670975621541345,0.0017288033973272
2018-02-15,5.779544444444444,22.6027770996094,0.0017243422689716
2018-02-16,5.788445,23.53300946553549,0.0008556250463698
2018-02-17,5.852769444444444,23.930176035563196,0.0025836693566816
2018-02-18,5.813593333333333,24.11866149902346,0.0008523463179699
2018-02-19,5.742095555555555,24.80345751444503,0.0017195939676639
2018-02-20,5.882176666666667,25.43946482340499,0.0012815000332011
2018-02-21,5.900095555555556,25.721056874593103,0.0008583068833445
2018-02-22,5.966207777777778,25.38477541605636,0.0012820214152498
2018-02-23,5.903138333333334,26.05126787821456,0.0008523463748133
2018-02-24,6.037242222222222,25.462691243489587,0.0
2018-02-25,6.058691666666666,26.540659840901696,0.0
2018-02-26,6.083439444444444,27.06418444315597,0.0017046928064701
2018-02-27,6.0811327777777775,27.335471089680997,0.0017175140101244
2018-02-28,5.435386666666667,28.158736165364587,0.0008523463748133
2018-03-01,6.066483333333333,28.32626622517904,0.0008523463179699
2018-03-02,6.251061666666667,27.780628458658896,0.0012874602930423
2018-03-03,6.32516,26.55456631978353,0.0008523463748133
2018-03-04,6.163234366319444,26.219594573974632,0.0
2018-03-05,6.383088918185764,26.476045227050804,0.0004261732051702
2018-03-06,6.466678611111111,26.774413681030296,0.0
2018-03-07,5.986207239583333,27.376738484700525,0.0
2018-03-08,6.29027125,27.78021074930831,0.0163078307195974
2018-03-09,6.5355165625,26.924680328369163,0.0004112719125259
2018-03-10,6.5453924826388885,26.48496335347494,0.0
2018-03-11,6.669022899305555,26.65250295003256,0.002137676347047
2018-03-12,6.767575329861111,26.631443913777677,0.0
2018-03-13,6.656933524305556,26.970161056518577,0.0012846412005274
2018-03-14,6.709324236111111,26.384301757812523,0.0
2018-03-15,6.766612048611111,27.04015947977706,0.0029999509933986
2018-03-16,6.806174097222223,27.410322443644247,2.856722858268768e-06
2018-03-17,6.697462361111112,27.63312428792318,0.0
2018-03-18,5.479887083333334,27.846878941853845,0.0008523463179699
2018-03-19,5.0442311631944445,27.908940251668295,0.0976711049816003
2018-03-20,6.8494305381944445,27.437354024251302,0.0
2018-03-21,6.883426111111112,26.495082473754906,0.0004351138613856
2018-03-22,6.990528888888889,26.941747919718463,0.0025774953655854
2018-03-23,6.990010555555555,27.16423377990725,0.0
2018-03-24,6.996765555555555,28.82382736206057,0.0017166137240565
2018-03-25,7.074770555555555,29.529845809936543,0.0017117357060669
2018-03-26,7.043416111111111,30.04517898559573,0.0008523463179699
2018-03-27,7.164541666666667,29.577715810139978,0.0017216743231074
2018-03-28,7.184653333333333,29.80121256510421,1.5656382856832352e-06
2018-03-29,7.185297222222222,30.702055867513025,0.0021442140223371
2018-03-30,7.257937222222222,30.93289337158205,0.0012934207802572
2018-03-31,7.321532777777778,30.090084966023767,0.0008531587809557
2018-04-01,7.358043333333334,29.879937744140648,3.728814590431284e-06
2018-04-02,7.119250555555555,30.621172205607134,0.0004351138613856
2018-04-03,7.241003888888889,30.993781661987327,0.0
2018-04-04,7.156418888888889,31.09011357625326,0.0008523463179699
2018-04-05,6.934200555555556,31.02812919616701,0.0008523463179699
2018-04-06,7.208737222222222,30.64681205749514,0.0017285346416429
2018-04-07,7.242305,30.764146423339863,0.0
2018-04-08,6.7680983333333335,30.350446955363,0.0017043801108229
2018-04-09,7.222870555555556,30.390239969889365,0.0025822231464189
2018-04-10,7.0244205555555554,30.83238881429037,0.0008523463179699
2018-04-11,7.112525,31.399324035644558,0.0004351138045421
2018-04-12,6.734234444444445,31.544248199462917,0.0017114317074629
2018-04-13,6.956551666666667,32.07676912943526,0.0017127717910625
2018-04-14,7.180557222222222,32.717476145426474,0.0
2018-04-15,6.643286111111111,32.22716356913253,0.0016987322055683
2018-04-16,7.297742222222222,32.24957364400228,0.0030006419251549
2018-04-17,7.431091111111111,31.975968297322595,0.0008583068797918
2018-04-18,7.485725,32.550972874959314,0.0
2018-04-19,7.481923333333333,33.12236620585128,0.0004351138613856
2018-04-20,7.291243333333333,31.971124903361044,0.0024914741061365
2018-04-21,7.617365,29.841799036661826,0.0012765194696839
2018-04-22,7.762489444444444,30.409495290120446,0.0
2018-04-23,7.893158333333333,30.96328951517745,0.0
2018-04-24,7.903455,31.3836494445801,0.0008523463748133
2018-04-25,7.750786666666666,30.918602244059286,0.0017207987070833
2018-04-26,7.586361666666667,31.10420951843264,0.0017373500327266
2018-04-27,7.487753333333333,32.59431991577151,0.0017274845731662
2018-04-28,7.507452777777778,33.18683840433761,-7.890605502325343e-06
2018-04-29,7.616153333333333,32.58351097106936,0.0012756838145833
2018-04-30,7.527377777777778,33.32409439086916,0.0004351138613856
2018-05-01,7.606028888888889,32.94650293986007,0.0008523463748133
2018-05-02,7.684809444444444,32.259889856974326,0.0008523463179699
2018-05-03,7.714522777777778,32.0903252919515,0.0008523463179699
2018-05-04,7.480378333333333,32.5542986551921,0.0008523463179699
2018-05-05,7.562755,33.67764816284182,0.0034239970432281
2018-05-06,7.750948888888889,33.250110244751,0.0008523463179699
2018-05-07,7.7348727777777775,31.796216583251976,0.0008600665637459
2018-05-08,7.529862777777778,32.42449022928878,0.0008642673492431
2018-05-09,7.583838888888889,33.46151123046877,0.0
2018-05-10,7.7096655555555555,34.51858228047689,0.0008583068833445
2018-05-11,7.683998888888889,34.60895945231124,0.0017258442994716
2018-05-12,7.797643333333333,33.91046867370608,0.0
2018-05-13,7.662927777777778,34.297671254475915,0.0
2018-05-14,7.717685555555556,33.90688858032229,0.0008523463179699
2018-05-15,7.691213333333334,33.987185414632165,0.0
2018-05-16,7.704013333333333,34.53891270955404,0.0017197903616761
2018-05-17,7.771152222222222,35.258048629760765,0.0017106532368416
2018-05-18,7.400183888888889,34.66220054626467,0.0004351138045421
2018-05-19,7.776637777777778,33.36523145039877,0.0
2018-05-20,7.738573333333333,34.86844151814779,0.0008583068797918
2018-05-21,7.722353333333333,33.86026407877608,0.0012779465237144
2018-05-22,7.749291111111111,34.21022249857589,0.0008532248330084
2018-05-23,7.806996666666667,35.06388689676925,0.001722574154428
2018-05-24,7.724134444444444,34.95911051432296,0.0008583068797918
2018-05-25,7.643811111111111,33.5111022949219,0.0008642135576053
2018-05-26,7.620942222222222,35.21276563008627,0.0008535890856364
2018-05-27,7.624781111111111,36.25320142110189,0.0042671084656831
2018-05-28,7.574696666666667,35.15152193705245,0.0
2018-05-29,7.393201111111111,33.49135615030929,0.0057292830319966
2018-05-30,7.2748944444444446,33.33735872904464,0.0008553265615773
2018-05-31,7.274431111111111,33.75595944722494,0.0008599625758165
2018-06-01,6.996038888888889,34.15814234415694,0.0330060720443725
2018-06-02,7.184631111111111,35.44607251485189,0.0148504959724959
2018-06-03,7.314112222222223,34.98568178812667,0.0178933139522996
2018-06-04,7.20587,34.32426478068038,0.0017064029975699
2018-06-05,7.230031111111111,35.086125946044945,0.0017192482459904
2018-06-06,7.150162222222222,34.94794680277511,0.0008289432571473
2018-06-07,7.156633333333334,34.617943700154626,0.001280178480556
2018-06-08,6.86307,34.33498598734542,0.0172754686786902
2018-06-09,6.251232222222222,34.324227269490564,0.1065582036972045
2018-06-10,5.813521111111111,34.03621126810714,0.1200091527380209
2018-06-11,6.418678888888889,34.31430905659994,0.3015076558767759
2018-06-12,6.4142,33.99642079671224,0.1016364725501262
2018-06-13,6.825022222222223,34.13162574768069,0.0489532946517101
2018-06-14,6.460583333333333,33.73031578063967,0.0866174697762289
2018-06-15,5.486645555555556,33.24115905761721,0.0938397845402505
2018-06-16,5.380544444444444,32.28096478780111,0.0698506832073064
2018-06-17,5.276447777777777,32.25054957071944,0.119778513806068
2018-06-18,4.618783333333333,32.29754282633468,0.0712722539901733
2018-06-19,6.638607777777778,33.42621892293295,0.0008583068833445
2018-06-20,7.291334444444445,34.18430544535323,1.017362194488669e-06
2018-06-21,7.234548888888889,33.69272257486983,0.0
2018-06-22,5.159308888888889,33.02081006368002,0.0021904706954956
2018-06-23,5.466334444444445,33.503327941894554,0.0126034020304643
2018-06-24,3.1290044444444445,31.27289479573568,0.6779682722708458
2018-06-25,4.007325555555555,32.0916623433431,2.948130377205871
2018-06-26,2.684503333333333,31.16051826477053,1.2722031015073298
2018-06-27,5.569773333333333,32.063054656982445,0.552825144666258
2018-06-28,4.597953333333333,31.56698379516604,0.38539469233001
2018-06-29,5.168508888888889,31.046200688680017,1.340442780133344
2018-06-30,5.600018888888889,30.763088480631552,0.2946210140066796
2018-07-01,5.933341111111111,31.13327878316244,0.3203952965691314
2018-07-02,5.026041111111111,30.44082857767745,2.857014536743918
2018-07-03,3.953412222222222,28.928053792317712,7.171731710798213
2018-07-04,1.6078511111111111,28.40296643575033,1.4648203844558338
2018-07-05,5.400797777777778,31.247609710693386,0.6836712359472585
2018-07-06,5.237463888888889,31.23966051737472,0.6284358390189482
2018-07-07,4.770784444444445,31.161339060465536,3.494704959507544
2018-07-08,3.629889444444444,30.42706896464034,3.873184323310852
2018-07-09,3.9079622222222223,30.769867833455407,0.8948627667564324
2018-07-10,2.927567222222222,28.72886110941573,12.191593647003174
2018-07-11,2.736071111111111,28.418557739257835,6.161013245577607
2018-07-12,2.4770794444444446,27.617189661661826,5.907425405553113
2018-07-13,2.547223333333333,28.223310724894247,2.553412227655372
2018-07-14,1.0072305555555556,26.695350265502952,26.178121476391425
2018-07-15,2.257651111111111,27.32808265686037,17.817521095270905
2018-07-16,1.695286111111111,26.72638155619308,38.486154699853614
2018-07-17,3.2819261111111118,27.34077288309737,1.8767058849320504
2018-07-18,2.8057855555555555,27.15914433797201,1.1511147022247314
2018-07-19,1.909503333333333,27.056550598144558,11.621459511967911
2018-07-20,0.7739138888888889,25.984379704793295,57.96516239632865
2018-07-21,1.333558888888889,26.555282211303734,8.273059263508742
2018-07-22,3.426238333333333,28.044623947143577,1.5210212915235388
2018-07-23,2.160317777777778,27.3886377970378,2.674756660212552
2018-07-24,1.9937711111111112,26.64447619120284,6.437828541947965
2018-07-25,2.633006111111111,27.274065907796228,0.8377388323879131
2018-07-26,3.12484,27.83518371582033,1.6270751493152602
2018-07-27,3.2130355555555554,27.93160209655764,1.1250555514266125
2018-07-28,4.398328888888889,28.635660425821985,0.7034442306803612
2018-07-29,3.5445361111111118,27.7993052164714,1.1455804109523626
2018-07-30,4.422556111111111,28.334678904215536,0.9292811155319214
2018-07-31,4.381338333333333,28.267076110839863,1.0522693395564886
2018-08-01,4.045016666666666,28.417066192626976,1.0446399450252386
2018-08-02,4.195016111111111,28.56520233154299,1.0289788246105047
2018-08-03,3.989423888888889,28.553929265340173,1.2736111879334544
2018-08-04,4.369095555555556,28.79243431091311,0.8752346038818359
2018-08-05,3.7335677777777776,28.55441627502444,0.9922442885113014
2018-08-06,3.5926444444444443,28.477255757649743,0.9417355059895272
2018-08-07,3.398676666666667,28.36444244384768,1.263268063439682
2018-08-08,3.06082,27.69303538004561,6.379327462582296
2018-08-09,2.9571494444444446,27.699388758341517,8.658602833747864
2018-08-10,3.871475,28.40550702412924,1.830846071243286
2018-08-11,4.027010555555556,28.560018157959007,1.5309393405900096
2018-08-12,3.1612044444444445,28.238011296590173,1.281205411544306
2018-08-13,3.336762222222222,28.561640040079794,1.5229340464202323
2018-08-14,2.9454055555555554,28.5538319905599,1.0114461183547974
2018-08-15,3.7343022222222224,28.79383684794112,0.7280837979806165
2018-08-16,2.614548888888889,28.70547002156576,0.4811236618138537
2018-08-17,1.4870972222222223,25.918138758341517,19.677051482688057
2018-08-18,3.217793888888889,27.02338307698568,1.0179091774666915
2018-08-19,1.8937683333333333,26.96921819051107,0.4660189151763916
2018-08-20,2.656744444444445,27.104116058349632,5.416244268417358
2018-08-21,0.9494594444444444,25.265869394938196,21.763082601751197
2018-08-22,0.9553911111111112,25.34687957763674,12.64057457439094
2018-08-23,3.046653333333333,26.90821609497073,1.1632442474365234
2018-08-24,3.043365,27.020843760172568,0.652313232421875
2018-08-25,2.953323888888889,26.35961176554366,5.687147378921509
2018-08-26,2.395792777777778,26.040859476725306,4.2391598224185145
2018-08-27,4.221971666666667,26.74394887288412,1.0883808135986328
2018-08-28,4.797455,27.337444559733115,1.2123912571837536
2018-08-29,2.387366111111111,26.233539199829124,4.659631848330292
2018-08-30,3.251600555555556,26.45184987386068,5.850568413734436
2018-08-31,2.6762566666666667,26.06073404947921,10.181462764592196
2018-09-01,2.636513888888889,25.86892852783205,2.437628798361402
2018-09-02,4.291130555555555,26.76738637288412,1.2864023447036743
2018-09-03,3.895105,26.655992762247763,1.5082985162280238
2018-09-04,4.426408888888889,26.78982060750326,0.6999105215186319
2018-09-05,4.710015,26.401202774047874,0.5054414272258612
2018-09-06,5.362960555555556,26.208721415201865,0.1624591504878481
2018-09-07,4.379571111111111,26.03838183085128,0.8169077473212383
2018-09-08,2.2767822222222223,25.49277585347494,11.588424444198608
2018-09-09,1.772068888888889,25.14088528951009,4.142044546654233
2018-09-10,3.077018333333333,26.5343897501628,0.2809613941963107
2018-09-11,4.383835,27.20685221354171,0.2075672149608465
2018-09-12,4.612578888888889,27.215839004516624,0.7546559437514588
2018-09-13,4.335152777777778,26.86015408833822,0.276777148144447
2018-09-14,4.998544444444445,26.923118845621783,0.0741779804229736
2018-09-15,5.561295,27.000424957275413,0.2106666564891668
2018-09-16,5.683452777777778,27.26553624471029,0.3906190395355224
2018-09-17,4.924688888888888,27.47783559163412,0.2142637968063354
2018-09-18,6.039648888888889,28.114678955078148,0.116443633999097
2018-09-19,5.824715555555556,28.48387934366866,0.0008583068797918
2018-09-20,6.265201666666667,28.927911376953148,0.0
2018-09-21,6.085166111111112,29.847603098551478,0.0
2018-09-22,3.256572222222222,27.97291018168136,6.049811840057373
2018-09-23,1.8093597048611112,28.082219060262048,0.6931519346835557
2018-09-24,5.081604809027778,28.60769297281905,0.0277066619105426
2018-09-25,6.001699982638889,28.42340494791671,0.0017350516472447
2018-09-26,6.278397482638889,27.56424929300948,0.0004351138613856
2018-09-27,6.243937847222222,28.114626820882165,0.0017233816151929
2018-09-28,6.130561857638889,29.05327504475912,0.0008404254572269
2018-09-29,6.091850763888889,29.290903981526696,0.0021496229010153
2018-09-30,6.184882708333333,29.34257659912112,0.000856072990274
2018-10-01,6.168549722222222,29.38055572509768,0.0
2018-10-02,5.709207760416667,30.22894439697268,0.0027206808113078
2018-10-03,5.1818094270833335,30.983589426676478,0.0029057263759568
2018-10-04,5.47360109375,31.055273310343463,0.0270605087280273
2018-10-05,5.581106736111111,30.68997472127279,0.0426663706321051
2018-10-06,5.648415069444445,30.585130945841517,0.0012805597862097
2018-10-07,5.221991945529514,30.30543289184573,0.0008523463748133
2018-10-08,5.149490939670139,30.021977996826195,0.0004261732051702
2018-10-09,5.496957000664605,30.03320910135909,0.0008583068797918
2018-10-10,5.461975,30.941543833414755,0.0030149360554787
2018-10-11,5.251396111111111,30.64850641886397,0.0008583068797918
2018-10-12,5.61826,30.13202565511068,0.0008523463179699
2018-10-13,5.7902177777777775,30.076444880167685,0.0
2018-10-14,5.522528888888889,29.993601735432943,0.0
2018-10-15,5.956465555555556,29.573791122436543,0.0008583068797918
2018-10-16,5.555716111111111,30.160548782348656,0.0008523463748133
2018-10-17,5.675975,29.83709615071615,0.0008523463179699
2018-10-18,5.469445555555556,29.951106007893884,0.0008511565283697
2018-10-19,5.293056666666667,30.27901420593264,0.0
2018-10-20,5.329616666666666,30.59974060058596,0.0042855739579295
2018-10-21,5.694353333333333,28.8643572489421,0.0008523463179699
2018-10-22,5.779955555555556,27.68866373697921,0.0
2018-10-23,5.686252222222223,28.04051297505697,0.0008612871056357
2018-10-24,5.088741111111111,28.502038574218773,0.000932812685761
2018-10-25,5.309271111111111,29.062169011433923,0.0014922584341547
2018-10-26,5.104493333333333,28.41044705708822,0.0
2018-10-27,5.132113333333334,28.16860478719076,0.0894218682105929
2018-10-28,5.37397,28.07725550333663,0.0004351138045421
2018-10-29,5.495322222222223,27.987407938639365,0.0008525721000296
2018-10-30,5.538466666666666,27.40440394083663,0.0008583068797918
2018-10-31,5.41174,27.56962102254232,0.0017089562334149
2018-11-01,5.338445555555555,28.294425582885765,0.0008523463179699
2018-11-02,5.043977777777778,28.60012969970705,0.0
2018-11-03,4.885998888888889,28.80554415384933,0.0008702277796146
2018-11-04,4.99485,28.96045583089193,0.0004351138045421
2018-11-05,5.1144477777777775,27.895977910359704,0.0008523463179699
2018-11-06,5.232945555555555,26.370743052164755,0.0008523463179699
2018-11-07,5.36129,25.188481267293295,0.0008523463748133
2018-11-08,5.2963088888888885,25.142955398559597,0.0008523463748133
2018-11-09,5.239371111111111,25.311056391398157,0.0
2018-11-10,5.16422,25.56684646606448,0.001284480084962
2018-11-11,5.122546666666667,26.25312767028811,0.0008523463748133
2018-11-12,5.100248888888889,26.128935750325525,0.0008677103551235
2018-11-13,5.000116666666667,26.89576174418136,0.0
2018-11-14,4.951612222222222,26.58690414428713,0.0021558819298661
2018-11-15,4.924918888888889,26.750231043497763,0.0008424994462075
2018-11-16,4.979817777777778,25.79181823730471,0.0008523463179699
2018-11-17,4.984542222222222,25.22279828389486,0.0012820678989555
2018-11-18,4.976621111111111,25.61917330423995,8.372637694264995e-06
2018-11-19,4.941902222222223,25.8555955251058,0.0017195939108205
2018-11-20,4.90951,25.647570546468103,0.0004351138045421
2018-11-21,4.835211111111111,26.59803924560549,0.0
2018-11-22,4.625328888888889,27.483035024007165,0.0008523463179699
2018-11-23,4.727316666666667,26.899519220988,0.0
2018-11-24,4.790591111111112,25.84871762593588,0.0
2018-11-25,4.791474444444445,25.53337631225588,0.0
2018-11-26,4.43681,25.209151840209984,0.0008523463179699
2018-11-27,3.957215555555556,24.726325607299827,0.0
2018-11-28,4.107001111111111,24.492694473266624,0.0025955081355277
2018-11-29,4.727648888888889,24.10056139628097,0.0017106531799981
2018-11-30,4.71013,23.67057507832845,0.0025808810732996
2018-12-01,4.386361111111111,23.12077356974288,0.0
2018-12-02,4.32167,23.12831967671713,0.0
2018-12-03,4.607808888888889,23.45974693298342,0.0
2018-12-04,4.214942222222223,23.79867006937667,0.0008583068797918
2018-12-05,4.562154444444444,23.285008366902677,0.0
2018-12-06,4.591802222222222,22.48178952534994,0.001717222858133
2018-12-07,4.675815555555555,22.189808781941736,0.0008583068051848
2018-12-08,4.626301111111111,22.417865371704124,0.0
2018-12-09,4.6277188888888885,22.1076319376628,0.0008523463179699
2018-12-10,4.54414,21.9605709075928,0.0
2018-12-11,3.214391111111111,23.24108721415206,0.0218451023101806
2018-12-12,4.153206666666667,22.55935757954916,0.0057816505432128
2018-12-13,4.678276666666667,19.85936762491866,0.0017267963130507
2018-12-14,4.714662222222223,19.473860677083337,0.0004394121901896
2018-12-15,4.681838888888889,19.91764094034835,0.0008553265615773
2018-12-16,4.581448888888889,19.991683578491237,0.0012872145589426
2018-12-17,4.150065555555556,19.214606857299827,0.0017046927496267
2018-12-18,4.719097777777778,18.714494959513388,0.0004351138045421
2018-12-19,4.744494444444444,18.96246236165365,0.0012814998626708
2018-12-20,4.700428888888889,19.225620524088583,0.0008523463179699
2018-12-21,4.6665133333333335,19.934976832071985,0.0017131458207586
2018-12-22,4.6858,20.089304224650107,0.0008583068797918
2018-12-23,4.656263333333333,20.9201319376628,0.0008523463748133
2018-12-24,4.624274444444445,20.76829554239913,0.0008523463179699
2018-12-25,4.71918,19.571673329671228,0.0008553266184208
2018-12-26,4.705793333333333,18.795919672648157,0.0004261732087229
2018-12-27,4.765732222222222,18.222674306233728,0.0008463858875984
2018-12-28,4.828261111111111,17.754170989990257,0.0025749559426913
2018-12-29,4.83831,17.672891871134482,0.0021483520526999
2018-12-30,4.749985555555556,18.659101740519247,0.0017241968066628
2018-12-31,4.745845555555555,19.397094980875693,0.0017206703546435
2019-01-01,4.744662222222222,19.7907653808594,0.0
2019-01-02,4.749214444444444,20.093689854939782,0.0008523463179699
2019-01-03,4.7636344444444445,20.248593266805017,0.0
2019-01-04,4.750925555555556,20.570317204793295,0.0008523463179699
2019-01-05,4.571352222222222,20.719657516479515,0.0
2019-01-06,4.88177,19.75904235839846,0.0017166137240565
2019-01-07,4.860185555555556,18.397569910685263,0.0025765862687876
2019-01-08,4.849074444444445,18.612275060017907,0.0008523463179699
2019-01-09,4.812428888888889,19.17172075907393,0.0004231928869558
2019-01-10,4.84398,19.5437948862712,0.0013094172572891
2019-01-11,4.708147777777778,19.986704126993857,0.0021522338897739
2019-01-12,4.82045,20.245114898681663,0.0
2019-01-13,4.725477777777778,21.125711695353232,0.0008583068797918
2019-01-14,4.9150277777777776,20.57539647420248,0.0012932691788591
2019-01-15,4.883901111111111,19.853988265991237,0.0
2019-01-16,4.995518888888889,20.35895436604818,0.0008583068620282
2019-01-17,4.965034444444444,20.78592007954916,0.0004231928869558
2019-01-18,4.952114444444445,22.014590835571312,0.0025743360083652
2019-01-19,5.007332222222222,22.893238957722986,0.0008523463179699
2019-01-20,5.021982222222222,23.584369277954124,0.0008523463179699
2019-01-21,5.013205555555556,22.34896685282393,0.0017046927496267
2019-01-22,5.000978888888889,20.41670188903811,0.0
2019-01-23,5.052401111111111,19.74949035644533,0.0012934207234138
2019-01-24,5.1788,19.43507474263509,0.0025789189521674
2019-01-25,5.250173888888889,17.931884384155296,0.001713068115805
2019-01-26,5.318317222222222,17.148193613688193,0.0012884055422546
2019-01-27,5.297878888888889,16.954581832885765,0.0008523463748133
2019-01-28,5.405283333333333,16.80554606119796,0.0004419105152919
2019-01-29,5.405325555555556,17.118364588419638,0.0016811059708743
2019-01-30,5.380348888888889,18.53738110860189,0.0
2019-01-31,4.6352577777777775,19.637079493204794,0.0
2019-02-01,5.327655,19.90211639404299,0.0025868415605145
2019-02-02,5.406245,19.526778157552087,0.0
2019-02-03,5.100838888888889,22.055804189046228,0.0
2019-02-04,4.220693333333333,24.362681961059597,0.0017149225755019
2019-02-05,5.145856666666667,24.081975555419945,0.0004351138045421
2019-02-06,5.291156666666667,22.245236968994163,0.0004351138045421
2019-02-07,5.528085,18.136743164062523,0.0051690049076569
2019-02-08,5.719620555555555,16.798116938273154,0.0021150274278625
2019-02-09,5.644106666666667,17.371226247151696,0.0008583068833445
2019-02-10,5.74466,18.930247243245446,0.0004351138045421
2019-02-11,5.696068333333334,21.036433156331384,0.0017195939108205
2019-02-12,5.641737777777778,23.559498087565142,0.0008523463179699
2019-02-13,5.07601,24.765940602620446,0.0
2019-02-14,5.66339,22.53349647521975,0.0008553265615773
2019-02-15,5.759416666666667,22.33221715291341,0.0008523463179699
2019-02-16,5.889108333333334,20.935418701171898,0.0004351138045421
2019-02-17,5.826863888888889,22.08475011189779,0.0
2019-02-18,5.844381666666667,22.60397936503097,0.0008523463179699
2019-02-19,5.731338333333333,23.11690228780111,0.0017046928064701
2019-02-20,5.847768333333334,26.25667915344241,0.0017225742112714
2019-02-21,5.849606111111111,24.79681358337405,0.0016961233200163
2019-02-22,5.842646666666667,24.54761085510256,0.001722823867567
2019-02-23,5.101256666666667,23.088456090291345,0.0030017681638128
2019-02-24,5.451766111111112,23.22455749511721,0.0017105289771279
2019-02-25,6.111134444444445,24.072801844279013,0.0008523463179699
2019-02-26,5.318048888888889,23.43228429158529,0.0298840813002243
2019-02-27,5.9392933333333335,22.347345606486044,0.0008536081850252
2019-02-28,6.353262777777778,21.18750343322756,0.0004351138613856
2019-03-01,6.229489444444445,23.03844286600753,0.0
2019-03-02,6.054844444444444,26.165697352091517,0.0004351138045421
2019-03-03,3.407285,24.249509429931663,0.1388639211654663
2019-03-04,6.2894002103000215,23.064976628621423,0.0017046927496267
2019-03-05,6.402831518012153,23.15378468831381,0.0
2019-03-06,6.477266545138889,23.853537495930997,0.0004384993417261
2019-03-07,6.462327638888889,24.319076156616237,0.0
2019-03-08,6.405996649305555,24.859035746256552,0.0008523463179699
2019-03-09,6.569488194444444,25.33638979593917,0.0017195939108205
2019-03-10,6.472556215277778,26.140360132853232,0.0021383744979175
2019-03-11,6.599739444444444,23.878123219807943,0.0030339183467731
2019-03-12,6.661995989583334,24.187897618611657,0.0004185351585306
2019-03-13,5.487343645833334,24.79584973653158,0.0807493925094604
2019-03-14,6.859064895833333,24.281752522786466,0.0012806197560166
2019-03-15,6.798054253472222,24.82473335266116,0.0025888119239425
2019-03-16,6.6381000694444445,25.69443791707357,0.001710653293685
2019-03-17,6.758944704861111,26.23592974344893,1.78813479578821e-05
2019-03-18,6.85605875,26.73754399617513,0.0017046928064701
2019-03-19,6.800473958333333,27.92446861267092,0.0012874602930423
2019-03-20,6.813475815972223,26.876804606119837,0.00171454246356
2019-03-21,6.888371163194445,26.91609598795577,1.826549578254344e-06
2019-03-22,6.929478333333333,28.016208267211937,0.0017210263081324
2019-03-23,6.873265555555555,28.839254633585654,0.0034567801776574
2019-03-24,6.8887044444444445,30.245987828572595,-1.6322701412718743e-05
2019-03-25,6.471251111111111,30.49416694641116,0.0
2019-03-26,7.108189444444444,29.7392237345378,0.0
2019-03-27,6.989541111111111,30.63853352864584,0.001281499748984
2019-03-28,7.0074588888888885,31.998415883382165,0.0
2019-03-29,7.035607777777778,32.008812840779626,0.0021516570996027
2019-03-30,7.11991,31.88636614481612,0.0008318719437738
2019-03-31,7.151317222222223,31.61979192097982,0.0
2019-04-01,7.1909,31.13386179606124,0.001725454183088
2019-04-02,7.261002222222222,31.407786305745446,0.0017111132706304
2019-04-03,7.224053333333333,32.015678024292015,0.0008523463179699
2019-04-04,7.034143888888889,33.01326713562014,0.0008523463748133
2019-04-05,7.174381111111111,31.53644396464034,0.0017225215174221
2019-04-06,7.2840605555555555,31.04292195638021,0.0017219060737261
2019-04-07,7.162918888888889,31.508231735229515,-1.0313385701010702e-05
2019-04-08,7.315775,31.590955352783222,0.0017257762578992
2019-04-09,7.321786111111111,31.501105880737327,0.0017175289208637
2019-04-10,7.248182777777778,32.0635702768962,0.0008523463179699
2019-04-11,7.26997,33.01614341735842,0.0017271875094593
2019-04-12,7.188295,33.56568298339846,0.0494509935364817
2019-04-13,7.263357222222222,33.44313837687179,0.0004351138045421
2019-04-14,7.297359444444444,34.11995086669924,0.0008523463748133
2019-04-15,6.106079444444444,32.77608515421554,0.2417266368865966
2019-04-16,6.758277222222223,28.47045415242513,1.174990623155736
2019-04-17,5.987142777777778,27.73939984639486,0.0010609625746837
2019-04-18,7.047133888888889,29.5290517171224,0.0017058546859516
2019-04-19,7.533966666666666,30.41846682230636,0.003007982343206
2019-04-20,7.548095,31.06429570515951,-1.417674866388552e-07
2019-04-21,7.52856,31.925860977172874,0.0017195939108205
2019-04-22,7.517796111111111,32.88309694925948,0.0008523463748133
2019-04-23,7.521483888888889,33.92207489013674,0.0008523463179699
2019-04-24,7.513013888888889,33.78735694885256,0.0
2019-04-25,7.5033722222222226,33.61916631062826,0.0008583068797918
2019-04-26,7.322938333333333,34.84253845214846,0.0
2019-04-27,7.673615555555555,35.02146364847823,0.0
2019-04-28,7.773375555555556,34.56818033854171,0.0017245289427592
2019-04-29,7.729408888888889,33.873933410644554,0.0025668271064205
2019-04-30,7.706803333333333,32.65823389689132,0.0017076305312002
2019-05-01,7.705735555555555,32.566552098592126,0.0008523463179699
2019-05-02,7.660351666666666,32.44406534830733,0.001710653293685
2019-05-03,7.328082222222222,32.41194368998214,0.0012994059943594
2019-05-04,7.472861111111111,31.65258369445803,0.0192701815535656
2019-05-05,7.565838888888889,32.02753601074221,1.4901161193847656e-05
2019-05-06,7.64147,33.02130724589034,0.0008523463748133
2019-05-07,7.711968888888889,33.37839215596517,0.0
2019-05-08,7.770802222222223,32.16696446736654,0.0008523463179699
2019-05-09,6.964956666666667,31.3918395996094,0.0008583068797918
2019-05-10,7.624547777777778,31.16505203247073,0.0034247955795763
2019-05-11,7.555651666666667,31.99777755737307,0.0
2019-05-12,7.531058888888888,32.90761082967123,0.0004351138045421
2019-05-13,7.580069444444445,32.50347607930502,0.0008523463179699
2019-05-14,7.649527222222222,32.26108131408694,0.0008583068833445
2019-05-15,7.547262222222222,31.95619354248049,0.0017225742290349
2019-05-16,7.413827222222222,32.15979728698733,0.0010609625746837
2019-05-17,7.189502222222222,32.06084213256838,0.6811022758483887
2019-05-18,6.98088,32.902949269612634,0.0037431716464197
2019-05-19,7.150811111111112,33.59366188049319,0.0008553445240977
2019-05-20,7.2051,34.53962987263998,0.0017250449104722
2019-05-21,7.5090844444444445,34.97334442138674,0.0012874592876244
2019-05-22,7.523616666666666,34.84791208902999,0.0008583068797918
2019-05-23,7.531942222222222,34.80362917582198,0.0017305233654951
2019-05-24,7.601943333333334,33.93730697631838,0.0
2019-05-25,7.18121,34.29206492106124,0.0004460890146162
2019-05-26,7.301817777777778,34.69926668802901,0.0017212094576279
2019-05-27,7.620534444444444,34.5120724995931,-5.102265276946127e-06
2019-05-28,7.507577777777778,34.69956423441573,0.0021398066678557
2019-05-29,7.579698888888889,34.595352427164755,0.0021398067815425
2019-05-30,7.586677777777778,34.18606783548995,0.0012796497799172
2019-05-31,7.511661111111111,33.72284596761068,0.0021576881295004
2019-06-01,7.370143333333333,33.95833231608077,0.0012934207234138
2019-06-02,7.430194444444444,34.83132578531905,-5.960430371487746e-06
2019-06-03,7.438665555555556,34.410055414835654,0.0004261732051702
2019-06-04,7.417712222222222,34.524511591593466,0.0
2019-06-05,7.41359,34.725495910644554,0.0
2019-06-06,7.3534822222222225,34.15946286519369,0.0017113877675001
2019-06-07,7.199048888888889,35.59338722229006,0.0008417345043199
2019-06-08,7.287874444444444,35.324871317545615,0.0
2019-06-09,7.237274444444444,34.644417699178064,0.0008583068797918
2019-06-10,6.680702222222222,33.92418123881026,0.0009119509627453
2019-06-11,6.937715555555555,35.04521458943685,0.001744216035604
2019-06-12,4.772027777777778,32.82462590535482,6.812850448078223
2019-06-13,4.420464444444445,30.82682380676272,0.0215321779251098
2019-06-14,5.265941111111111,30.56147664388021,0.9792327879836192
2019-06-15,4.20303,29.846605555216517,0.5910843611331984
2019-06-16,5.762387777777778,30.625682449340843,0.8879393339142894
2019-06-17,5.858723333333334,30.8489706675212,0.7031080464798833
2019-06-18,3.185188888888889,28.995421981811543,9.283974635309278
2019-06-19,6.009926666666667,31.196658706665065,0.0518739223025477
2019-06-20,4.782257777777778,30.52971547444662,0.0025689600988698
2019-06-21,6.073363333333333,31.82176678975424,0.0159800051733327
2019-06-22,6.047877777777778,32.3145799001058,1.188099384307861
2019-06-23,6.154655555555555,32.22806638081869,0.2455105062040274
2019-06-24,5.76879,31.50199915568038,7.616551990849985
2019-06-25,3.323768888888889,28.37550506591799,13.635587692249374
2019-06-26,4.970221111111111,29.67961146036788,15.65687358379364
2019-06-27,6.0577966666666665,30.2937999725342,2.7167797088623047
2019-06-28,4.104297777777778,29.885261154174827,0.9759008884380194
2019-06-29,4.620043333333333,30.813174819946312,0.4817026398313828
2019-06-30,5.240572222222222,30.56367327372237,0.487566194806277
2019-07-01,3.902022222222222,30.135027821858728,0.1008540391467249
2019-07-02,5.47872,30.460205968221032,5.530908703804016
2019-07-03,3.56467,28.69548060099288,10.722100734710692
2019-07-04,1.6711377777777778,27.86405970255538,9.991466999053957
2019-07-05,1.5923722222222223,27.692815399169945,5.640307068802031
2019-07-06,1.5637655555555556,27.851314798990927,4.375355577053597
2019-07-07,4.3604577777777775,29.685366566975915,0.2843618391921154
2019-07-08,5.036034444444445,29.79309743245443,0.2415180206298828
2019-07-09,5.061193888888889,29.990122095743857,0.5448997020671698
2019-07-10,5.314678333333333,30.4185787200928,0.1800552605004668
2019-07-11,4.6235116666666665,30.808970387776696,0.3476613657085181
2019-07-12,4.9428366666666665,30.5146366119385,0.1700699328353039
2019-07-13,5.314601666666666,31.167710876464863,0.3550052642822265
2019-07-14,4.731192222222222,31.649977620442712,0.3463864326427313
2019-07-15,5.094397777777778,31.94510421752932,0.213623046875
2019-07-16,4.311066666666667,31.41678390502932,0.3854006528740683
2019-07-17,4.679071111111111,31.305217997233115,0.2952424848103874
2019-07-18,5.358313888888889,31.496176656087243,0.0256299972534179
2019-07-19,5.940726111111111,32.09925231933596,0.2731025218167815
2019-07-20,5.948092777777778,33.228157297770224,2.0425349472930066
2019-07-21,4.828545,31.24546902974447,11.447441577900008
2019-07-22,5.817625,31.261773681640648,3.5805344581554266
2019-07-23,5.116155555555555,31.90874125162765,1.156109571354591
2019-07-24,5.067286111111111,31.72826983133956,0.5843284949627048
2019-07-25,4.002535555555555,30.324229812622093,1.671516895271452
2019-07-26,3.6432166666666665,30.11187896728518,2.0561516284942627
2019-07-27,3.136776111111111,29.81658833821615,1.9799013560373169
2019-07-28,2.4407944444444443,28.63855641682943,4.564300179481506
2019-07-29,2.71621,28.03469810485842,14.916592836357268
2019-07-30,1.7596794444444444,27.395321146647177,16.227352619068824
2019-07-31,1.5940716666666668,26.956194814046228,10.572646931564122
2019-08-01,0.5738127777777777,25.90260276794436,36.03915289244242
2019-08-02,1.98629,26.83792203267416,21.970504522318635
2019-08-03,1.92927,27.191873804728232,35.128891468048096
2019-08-04,1.7180477777777778,27.15721600850424,6.857812404632568
2019-08-05,2.473378333333333,28.101756032307943,1.372182369227204
2019-08-06,3.3764844444444444,28.699022547404013,1.8710196018218996
2019-08-07,3.661914444444444,28.64520161946615,4.430808816209719
2019-08-08,1.225865,26.72269655863448,10.927522182459626
2019-08-09,0.42781,25.72491671244308,297.07636833188644
2019-08-10,0.7286688888888889,25.481127039591517,82.96743274814844
2019-08-11,1.6937127777777778,26.63812853495284,2.120760455568416
2019-08-12,4.9955066666666665,27.833475367228232,0.5441993474910589
2019-08-13,5.007547222222223,28.401109313964863,0.3476023672988049
2019-08-14,3.062985555555556,27.403464253743493,13.887763023376465
2019-08-15,0.853955,26.020192082722986,13.33455741405487
2019-08-16,1.891885555555556,26.01056124369308,12.590253353113924
2019-08-17,3.827515,27.714302953084317,1.1285245418548584
2019-08-18,4.566981111111111,27.88826141357424,1.1444687843322754
2019-08-19,3.51494,27.671214040120446,0.4227608442306518
2019-08-20,5.257960555555556,28.153146998087607,0.7972225066197325
2019-08-21,4.767987777777778,27.82250048319503,0.8580489189142781
2019-08-22,5.062351111111111,27.72344296773275,0.4270672798156738
2019-08-23,5.529108888888889,27.87053451538088,0.6592347381229047
2019-08-24,5.412873888888889,28.18772277832033,0.5311117412425403
2019-08-25,4.0128466666666665,27.926913833618187,2.7712473179803965
2019-08-26,0.8903161111111111,26.03236096700033,6.830650567906105
2019-08-27,2.4950255555555554,26.681401189168295,6.227013720604191
2019-08-28,3.1145222222222224,26.88132565816244,7.416992488117557
2019-08-29,3.270825555555556,27.451682027180997,0.9762962871491254
2019-08-30,4.145174444444445,27.81349271138509,8.382420095927046
2019-08-31,3.7662344444444447,28.081529871622763,2.8468774227121685
2019-09-01,3.349632222222222,27.039774195353232,14.50653672208091
2019-09-02,4.022087222222222,27.67027180989584,0.9676098823092616
2019-09-03,3.937552777777778,27.608394877115927,12.175798416137695
2019-09-04,3.3539394444444444,27.469478861490927,14.700570702547822
2019-09-05,3.238322777777778,27.53834622701009,8.34726691243759
2019-09-06,4.088285555555555,27.843137359619163,14.523370241136035
2019-09-07,3.8362266666666662,28.079663848876976,5.323871970176697
2019-09-08,4.44141,28.16549135843917,4.774504899973664
2019-09-09,2.2118072222222223,27.132820383707724,22.52769470214844
2019-09-10,1.053075,25.177734629313196,28.61554324626425
2019-09-11,1.56002,25.96436780293783,7.14382529258728
2019-09-12,3.0195688888888887,27.33204676310225,1.0688483714034192
2019-09-13,0.9927272222222222,26.2083787282308,8.20322334766388
2019-09-14,1.4787244444444445,27.278920745849632,0.2870887516905895
2019-09-15,1.7358927777777775,27.24679908752444,0.3955066204071045
2019-09-16,3.543496111111111,28.0512634277344,0.3839433193206787
2019-09-17,4.308025,28.47857246398928,0.2301369395922847
2019-09-18,5.475797222222222,28.7087176005046,2.2240668535218333
2019-09-19,5.659327222222222,29.092516199747763,0.0521838665008544
2019-09-20,4.47915,27.89849052429201,6.898763775723182
2019-09-21,3.248366666666666,27.136034266154013,7.491007447242737
2019-09-22,4.319733333333334,27.59647585550948,6.432488560676575
2019-09-23,4.2790606564670135,27.725026067097986,5.641612790952877
2019-09-24,4.66408644422743,28.127964274088583,2.20144689082602
2019-09-25,5.171988732638889,28.2917413075765,2.595442533390724
2019-09-26,4.55671984375,27.517643864949548,13.986200094279866
2019-09-27,1.3071941493055557,25.283273951212607,35.67193746562225
2019-09-28,2.0931966666666666,25.70643513997396,25.316890658434232
2019-09-29,2.681449375,25.94642346700033,10.039418935775757
2019-09-30,1.376216059027778,24.99811515808108,48.81428182125092
2019-10-01,4.204099184027778,26.71144828796389,5.594545988572008
2019-10-02,4.498468038194445,26.760075505574548,2.824657711244072
2019-10-03,5.511124565972223,27.47345759073897,0.6261944770358241
2019-10-04,5.251213038194445,27.33724555969241,1.152634620666504
2019-10-05,5.393676666666667,27.00106264750167,1.3644598739119829
2019-10-06,5.581895607638889,27.11354471842452,0.1738846301009289
2019-10-07,5.477638020833333,27.33745473225912,1.1713206768035889
2019-10-08,5.442498416883681,28.061559931437216,0.608035922049055
2019-10-09,5.313417061631944,27.974209721883145,0.5239309484750265
2019-10-10,5.421895555555556,27.779509480794275,0.4547894000097585
2019-10-11,5.932668333333333,26.66583340962728,0.0025600194817343
2019-10-12,6.015961666666667,26.15898857116701,0.0017127204614553
2019-10-13,5.893271666666666,26.409497833251976,-3.579600615921663e-06
2019-10-14,5.686385,27.143347040812216,0.0004261732087229
2019-10-15,5.305675555555555,27.76721026102706,-7.363574638930004e-06
2019-10-16,5.607739444444444,27.634868876139365,0.0008583068797918
2019-10-17,5.512461666666667,27.457468287150107,0.0017240497527382
2019-10-18,5.529605,27.680403645833337,0.0004187011199974
2019-10-19,5.031556111111111,27.50538024902346,0.0008583068797918
2019-10-20,5.168400555555555,27.04475809733077,0.3463208674929774
2019-10-21,4.657323333333333,26.76295115152999,0.012904405593872
2019-10-22,4.481974444444444,26.97250900268557,0.0396595704046376
2019-10-23,5.286945555555556,26.29662030537924,0.0008545907235202
2019-10-24,5.486915555555556,25.63372764587405,0.0
2019-10-25,5.564063333333333,26.07197214762374,0.0025749205860847
2019-10-26,4.918763333333334,26.631572977701865,0.0164359807968139
2019-10-27,3.5151744444444444,26.75250651041671,0.8042752742767334
2019-10-28,4.435197777777778,27.290242767334007,1.2911170720144582
2019-10-29,3.7689077777777777,26.749875005086267,9.872251749033722
2019-10-30,4.337523333333333,27.290334320068386,8.126366239423533
2019-10-31,4.83059,27.742405827840173,0.336378812789917
2019-11-01,4.788338888888889,28.03055343627932,1.1340260504653088
2019-11-02,3.24333,25.44496625264486,12.525320053100586
2019-11-03,3.4243166666666665,26.177904383341517,0.0044256448745727
2019-11-04,4.306594444444444,26.5685751597087,0.1772373913695446
2019-11-05,4.461455555555555,26.887438074747763,0.0932484865074911
2019-11-06,4.538701111111111,26.69611829121908,0.3491342067718506
2019-11-07,3.29399,24.857232666015648,8.717179298400879
2019-11-08,4.3103444444444445,25.64226938883468,0.3444880246092907
2019-11-09,4.3208866666666665,26.244687016805017,0.5988508462451136
2019-11-10,4.511287777777778,26.157756423950214,0.7618695496489636
2019-11-11,4.461301111111111,25.819479242960654,0.119426846556081
2019-11-12,4.364607777777778,25.601931508382165,0.0004351138613856
2019-11-13,4.5673377777777775,26.04547716776534,0.0005960464477539
2019-11-14,4.686833333333333,25.79564374287924,0.0017106531231547
2019-11-15,4.854985555555555,24.9572642008464,0.0
2019-11-16,4.583166666666667,25.32485478719076,0.0008523463179699
2019-11-17,4.59227,25.54420941670736,0.0008523463179699
2019-11-18,4.630326666666667,24.64279136657717,0.0
2019-11-19,4.346775555555555,23.784627532959007,0.0
2019-11-20,4.620282222222222,24.12504348754885,0.0
2019-11-21,4.665483333333333,24.99347330729171,0.0012814998058274
2019-11-22,4.68824,24.756272888183616,0.0012958482216163
2019-11-23,4.4419,25.170973078409872,0.0012814998058274
2019-11-24,4.600164444444444,25.395077641805017,0.000859490626226
2019-11-25,4.5752733333333335,25.144544855753622,0.0008409547831433
2019-11-26,4.540825555555555,25.328404362996423,0.0
2019-11-27,3.797302222222222,25.027736918131552,0.042402566293731
2019-11-28,4.057864444444444,24.57985331217452,0.1445144407625775
2019-11-29,4.438371111111112,24.03497912089034,0.0008523463179699
2019-11-30,4.183106666666666,24.44495162963869,0.0239014625549316
2019-12-01,4.283124444444445,23.93658599853518,0.0037074088368171
2019-12-02,4.315523333333333,24.351415888468463,0.0119984149478113
2019-12-03,4.266207777777778,24.625547027587917,0.0045806168600392
2019-12-04,3.699167777777778,24.848803456624356,0.0076293945880934
2019-12-05,4.303144444444444,25.636131540934286,0.0
2019-12-06,2.534466666666667,23.34597295125326,0.0012814998626708
2019-12-07,4.475831111111111,22.09639701843264,0.0
2019-12-08,4.589591111111111,21.77300287882491,0.0
2019-12-09,4.531867777777777,21.953370030721032,0.0008523463179699
2019-12-10,4.523988888888889,21.9135681152344,0.0
2019-12-11,4.560694444444445,21.019708251953148,0.0017106257814702
2019-12-12,3.80796,21.21082204182943,0.0007241964290471
2019-12-13,4.240166666666667,20.70672251383468,0.0180393457185346
2019-12-14,4.518268888888889,19.860566075642907,0.0012874602361989
2019-12-15,4.521012222222223,19.738799031575525,0.0017136334236056
2019-12-16,4.545193333333334,19.11944478352865,0.0012964010807081
2019-12-17,4.557908888888889,19.20490989685061,0.0012834959761676
2019-12-18,4.436091111111111,20.14309972127279,0.0017283012105906
2019-12-19,4.458498888888889,20.76942151387533,0.0
2019-12-20,4.31254,21.270595804850306,0.0004351138045421
2019-12-21,4.437542222222223,21.94862327575686,0.0
2019-12-22,4.251392222222222,23.139815266927087,0.0008523463179699
2019-12-23,3.9287722222222223,23.153815841674827,0.0
2019-12-24,4.322222222222222,22.581545130411826,0.0002086162567138
2019-12-25,4.44247,20.88550720214846,0.001280501066958
2019-12-26,4.639554444444444,19.26312090555831,0.0
2019-12-27,4.826413333333333,17.842795308430993,0.0004351138045421
2019-12-28,4.823475555555556,17.303679402669275,0.0008523463179699
2019-12-29,3.98127,17.831756846110068,0.0021457670982272
2019-12-30,4.640696666666667,18.605129496256552,0.0008623936196272
2019-12-31,4.1136333333333335,19.373001352946005,0.0008523463179699
2020-01-01,3.738112222222222,20.46072476704916,0.0021457671550706
2020-01-02,4.014716666666667,19.717601394653343,0.0140786169708917
2020-01-03,4.562485555555556,18.62228736877444,0.0017046927496267
2020-01-04,4.619843333333334,18.58885790507003,0.0025784656827454
2020-01-05,4.675243333333333,18.75224393208822,0.0017219385313183
2020-01-06,4.596118888888889,20.484757359822595,0.0008523463179699
2020-01-07,3.966997777777778,21.561952845255576,0.1207441091537475
2020-01-08,4.5231844444444445,18.83626518249514,0.0
2020-01-09,4.95235,16.641392008463583,0.0004410743699168
2020-01-10,4.951426666666666,17.151218668619833,0.0
2020-01-11,4.620512222222223,19.96271349589034,0.0
2020-01-12,4.627054444444444,23.07960281372073,0.0
2020-01-13,3.4003377777777777,19.61634534200033,0.4395157097860647
2020-01-14,4.650902222222222,17.814314778645837,0.0
2020-01-15,4.930343333333333,16.66054178873702,0.0008523463179699
2020-01-16,4.779423333333333,16.200925445556663,0.0017143987065537
2020-01-17,4.887384444444445,16.79036992390951,0.0008405303901781
2020-01-18,4.930853333333333,17.819519297281943,0.0021531753873205
2020-01-19,4.969374444444444,18.44888839721682,0.0008523463179699
2020-01-20,5.043638888888889,18.500240580240927,0.0004261732051702
2020-01-21,5.045605555555556,19.08905626932784,0.0008523463179699
2020-01-22,5.046916666666666,20.28585332234701,0.0021281070985423
2020-01-23,5.057654444444444,20.42706896464034,0.0017225740975845
2020-01-24,5.086847777777778,19.95938072204592,0.0
2020-01-25,5.035374444444445,20.322472508748376,0.0
2020-01-26,5.074762222222223,20.974277114868187,0.003434891652887
2020-01-27,5.017361111111111,21.32009595235189,0.0008523463179699
2020-01-28,4.046996666666667,18.99881769816085,0.0019252300944572
2020-01-29,5.25051,17.564196523030603,0.0025680947146611
2020-01-30,5.298566666666667,18.20365422566732,0.0008553258226129
2020-01-31,5.300623333333333,18.718502298990927,0.0004351138045421
2020-02-01,5.4634744444444445,19.356550470988,0.002567815954535
2020-02-02,5.315943333333333,20.454862848917685,0.0004503146442402
2020-02-03,5.2362166666666665,20.67510566711428,0.0034302472613489
2020-02-04,5.481786666666666,19.60426038106283,2.9802436074533034e-06
2020-02-05,5.472884444444444,20.142765935262048,0.0008523463179699
2020-02-06,5.486496666666667,20.068748728434286,0.0013033928780714
2020-02-07,5.508141111111111,20.10209999084475,0.0
2020-02-08,5.662187777777778,19.97284215291341,0.0008523463179699
2020-02-09,5.635655555555555,19.862454350789392,0.0
2020-02-10,5.600813333333333,20.52711194356283,0.0
2020-02-11,5.516026666666667,22.64923184712728,0.0008523463179699
2020-02-12,5.291775555555556,24.13535588582357,0.001269376809887
2020-02-13,5.462734444444444,23.67314936319991,0.0
2020-02-14,5.670127777777778,23.04225629170736,0.0025749205860847
2020-02-15,5.516335,22.88896776835128,0.0008583068833445
2020-02-16,5.652566666666667,24.96762046813967,0.001286824044655
2020-02-17,5.737436111111111,24.650985336303734,0.0008523463179699
2020-02-18,5.859145555555555,24.118747965494837,0.0
2020-02-19,5.694444444444445,25.00450922648116,0.0017195939108205
2020-02-20,6.002430555555556,23.796739832560263,0.0
2020-02-21,5.865795,23.705428695678734,0.0008523463748133
2020-02-22,5.9610433333333335,23.551248804728232,0.0008523463179699
2020-02-23,5.83832,23.72356185913088,0.0008523463748133
2020-02-24,6.011383888888889,23.59103164672854,0.0025717307039485
2020-02-25,6.087460555555555,23.84950218200686,0.0008553265615773
2020-02-26,6.035935,24.71825243632003,0.0008553266184208
2020-02-27,6.0640938888888885,25.08783556620284,0.0
2020-02-28,5.711478888888889,26.360094324747763,0.0014781950881115
2020-02-29,6.070578888888889,25.95287602742513,0.0086498783957722
2020-03-01,6.225701111111111,25.419234848022484,-1.1920974429813214e-05
2020-03-02,6.309566111111111,25.28055788675948,0.0008523463179699
2020-03-03,6.278154538438585,25.147240575154623,0.0017237575775652
2020-03-04,6.359263118489583,24.165583546956384,0.0
2020-03-05,5.503954463975695,23.178182856241904,0.1128017902374267
2020-03-06,5.991150399305556,22.43260281880697,0.1072227954814764
2020-03-07,6.623623072916667,21.555273310343463,0.0017046928064701
2020-03-08,6.631453576388889,23.342868423461937,0.0017556599232193
2020-03-09,6.351532065972222,25.094105656941736,0.0008523463748133
2020-03-10,6.578164010416667,24.161958312988304,0.0
2020-03-11,5.7972063715277775,23.198764419555687,0.0123023986589032
2020-03-12,6.849821649305556,21.49835866292318,1.788140480130096e-05
2020-03-13,6.601521927083334,21.600115076700888,0.0
2020-03-14,6.878752760416667,23.008966064453148,0.0017046928064701
2020-03-15,6.601496649305555,23.94406725565597,0.0
2020-03-16,6.525879704861112,24.963389968872093,0.0
2020-03-17,6.75789484375,26.662855402628622,0.0008583068833445
2020-03-18,6.797820833333334,27.874560292561853,0.0008551529049327
2020-03-19,6.336205677083333,27.98433901468917,0.0017225742112714
2020-03-20,6.744357814398872,26.094599660237638,0.0008464606366942
2020-03-21,6.732331666666667,26.598011271158896,0.0017155225009446
2020-03-22,6.151677222222222,28.413188552856468,0.0
2020-03-23,6.511186666666666,29.434323883056663,0.7116973399092785
2020-03-24,6.285254444444444,29.577599461873376,0.0077486038208007
2020-03-25,5.105081111111111,29.904735183715843,0.324144959449768
2020-03-26,4.193828888888889,27.08191579182943,3.5434365272521973
2020-03-27,5.563117777777777,25.09671045939132,0.0026673078536987
2020-03-28,7.107395555555556,25.77198499043783,0.0008553266184208
2020-03-29,7.169912777777777,27.033417002360068,0.0008672474791637
2020-03-30,7.145877777777778,28.3368799845378,0.0
2020-03-31,7.110241666666667,28.66786600748702,0.0013004656125303
2020-04-01,7.1069233333333335,28.50843645731612,0.0
2020-04-02,7.259296666666667,28.27210896809896,0.0021487473418346
2020-04-03,7.248606666666666,29.42098261515304,0.0008538614224562
2020-04-04,7.279881666666666,30.04386990865072,0.0017074406173378
2020-04-05,7.334576111111111,30.00771102905276,0.0008523463179699
2020-04-06,7.298191111111111,30.82517077128097,0.0
2020-04-07,7.249381111111111,30.00057309468588,0.0008523463179699
2020-04-08,7.0684088888888885,29.878989156087243,0.0008523463179699
2020-04-09,6.784695,30.06917915344241,0.0
2020-04-10,7.196515,30.7193599700928,0.0013006434187445
2020-04-11,7.334845555555556,31.842865244547568,0.0
2020-04-12,7.462544444444444,32.27977650960287,0.0021264645511109
2020-04-13,7.449758888888889,32.90251948038741,0.0012814998058274
2020-04-14,7.389433333333334,33.25889104207357,0.0
2020-04-15,7.135438888888889,32.62845827738448,0.0008583068797918
2020-04-16,7.28666,32.766718800862634,0.0008583068833445
2020-04-17,6.993565555555556,32.47159919738772,0.0114224131380069
2020-04-18,7.312160555555556,32.61100603739425,0.00169501805658
2020-04-19,7.187987777777778,32.37962430318197,0.0
2020-04-20,7.433563888888889,31.77334556579592,0.0008636380606219
2020-04-21,6.948626666666667,32.290142313639365,0.0008523463179699
2020-04-22,6.970043333333333,33.002473449707054,0.0
2020-04-23,7.338749444444445,33.596284484863304,0.0
2020-04-24,7.408463333333334,32.584685262044275,0.0008583068797918
2020-04-25,7.264713888888889,31.280859247843463,0.0008523463215226
2020-04-26,7.265941666666666,31.589528020222986,0.0
2020-04-27,7.451184444444444,31.6878429412842,0.0
2020-04-28,7.257211111111111,32.961394246419275,0.0
2020-04-29,6.874975,34.27571258544924,0.0017046927496267
2020-04-30,6.924415,35.00818850199386,0.0008761882845931
2020-05-01,7.102527222222222,34.68235359191897,0.0008583068797918
2020-05-02,7.637008888888888,33.4526471455892,0.0008583068797918
2020-05-03,7.504189444444444,33.70240999857589,0.0008523463179699
2020-05-04,7.371332777777778,33.992004013061546,0.0536680221330243
2020-05-05,7.147428333333333,34.34108505249026,5.784954737464432e-06
2020-05-06,7.610624444444444,34.02966461181643,0.0
2020-05-07,7.6884427777777775,33.27783355712893,0.0
2020-05-08,7.6741,33.829605356852255,0.0008285045574041
2020-05-09,7.63468,33.81264966328939,0.0
2020-05-10,7.577272777777778,33.629532750447595,0.0008583068833445
2020-05-11,7.515726111111111,32.84393908182784,0.0
2020-05-12,7.478394444444445,33.70708363850912,0.0008523463179699
2020-05-13,7.517077777777778,34.510702387491904,0.0
2020-05-14,7.357685555555555,34.447377141316736,0.0
2020-05-15,6.809206666666666,34.792005157470726,0.0008523463179699
2020-05-16,7.203986666666666,35.06805063883468,0.0
2020-05-17,7.22185,34.75814844767257,0.0008583068797918
2020-05-18,6.863678888888889,33.99681116739913,0.0334680080413818
2020-05-19,7.3857655555555555,34.146235402425134,0.0
2020-05-20,7.629071111111111,35.55591799418136,0.001722574154428
2020-05-21,7.817038888888889,35.37711359659835,0.0
2020-05-22,7.744695555555555,34.72153180440267,0.0
2020-05-23,7.73345,34.75481885274252,0.0
2020-05-24,7.712773333333334,35.191686884562216,0.000862291081205
2020-05-25,7.674925555555555,34.864199574788415,0.0
2020-05-26,7.677518888888889,34.53852424621584,0.0017267087741856
2020-05-27,7.5402877777777775,34.601612345377646,0.000882148697201
2020-05-28,7.420876666666667,34.667132949829124,0.000860019014226
2020-05-29,6.885011111111111,33.87711677551272,0.005275011062622
2020-05-30,6.9921766666666665,33.922052637736044,0.0012099741866222
2020-05-31,7.272491111111111,34.58044013977053,0.0024378299663396
2020-06-01,7.137715555555555,34.0739793141683,0.2298057079315185
2020-06-02,6.769365555555556,33.14799842834475,0.7724508103592598
2020-06-03,6.326444444444444,33.134807840983115,0.1784741878054774
2020-06-04,6.339791111111111,32.29498507181808,1.4933288097331854
2020-06-05,6.20716,31.794319407145224,1.8220096826553345
2020-06-06,6.09251,31.15706342061361,3.777181416182884
2020-06-07,5.498094444444445,29.79078826904299,7.927492260932922
2020-06-08,5.4545,29.36599884033205,8.109480142593384
2020-06-09,6.005318888888889,30.5538319905599,1.4748156069686047
2020-06-10,5.874093333333334,31.235726292928064,1.3875544070174328
2020-06-11,4.855231111111111,31.388770039876302,0.0120103359222412
2020-06-12,5.833252222222222,32.20024261474612,8.084885931111785
2020-06-13,5.198155555555555,31.48374392191573,3.429293632507324
2020-06-14,3.2695444444444446,30.42259686787924,8.318263292267147
2020-06-15,3.896247777777778,30.7686592102051,0.9676487292722412
2020-06-16,5.1526266666666665,32.13948593139651,0.0453456419222675
2020-06-17,5.148144444444444,31.458099619547568,0.1098046886909287
2020-06-18,5.539348888888889,31.107500330607134,0.3514218049076589
2020-06-19,5.99067,31.92084147135421,0.0351946948740078
2020-06-20,6.166883333333334,31.943966166178427,0.0224412854095135
2020-06-21,5.504281111111111,30.854339853922568,0.5666452055379523
2020-06-22,5.628367777777778,30.458386993408222,0.5252063274383545
2020-06-23,4.437477777777778,30.34069658915206,1.0351240634918213
2020-06-24,3.766914444444444,30.37983347574874,1.4604181051254272
2020-06-25,4.984412222222222,32.02773691813155,0.3412032086202998
2020-06-26,6.068047777777778,32.933418528238974,0.0727117061600779
2020-06-27,5.756222222222222,32.78347295125326,0.1777708530426025
2020-06-28,6.303778888888889,33.38562609354659,0.0012872098977823
2020-06-29,5.784671111111111,32.92176462809249,0.9482707069992102
2020-06-30,4.944074444444444,32.04201532999679,2.1659135818481445
2020-07-01,5.909615555555556,31.99177513122561,0.4619067032827217
2020-07-02,5.617752222222222,32.55431391398116,0.1876880815530057
2020-07-03,5.005535555555555,32.72699699401858,0.798547267891081
2020-07-04,5.425258888888889,31.086782073974632,3.3028453587462536
2020-07-05,1.8551977777777775,28.099223709106468,3.110414969626163
2020-07-06,2.347983333333333,27.663792546590173,13.21394443510826
2020-07-07,3.1865977777777776,29.36832962036135,1.8346309661865237
2020-07-08,4.784018888888889,29.35741259257003,8.483022451400757
2020-07-09,5.463795555555556,29.926749801635765,1.2386440339469118
2020-07-10,5.113583888888889,29.84759801228841,2.3862898351580952
2020-07-11,4.327165,29.09122365315756,7.843571901219093
2020-07-12,3.951233333333333,28.882470703125023,4.386755824043576
2020-07-13,4.85124,29.087105687459317,2.592107653583753
2020-07-14,5.1681888888888885,29.83462740580245,1.7456829547981556
2020-07-15,4.326083333333333,29.80046869913741,4.340356948318913
2020-07-16,2.163667777777778,27.986160532633505,16.34758114814261
2020-07-17,4.771887222222222,29.33752593994143,0.2458125351836315
2020-07-18,4.805963888888889,29.174979782104515,1.1099427938461304
2020-07-19,5.071542222222222,30.099650955200214,0.960707664489746
2020-07-20,5.186473333333334,30.185007349650107,0.4874781308785714
2020-07-21,5.520607777777777,29.89217402140304,0.4604995250652166
2020-07-22,5.76181,30.66760342915853,0.2197027206420898
2020-07-23,5.294161666666667,30.703244145711267,1.0091066360473633
2020-07-24,5.05856,29.91961313883468,1.6916632652232977
2020-07-25,4.585895555555555,28.934014892578148,5.071401596069336
2020-07-26,5.164984444444444,29.322647349039755,2.001851797103882
2020-07-27,5.5597433333333335,30.23951746622725,0.2836823463390203
2020-07-28,4.278786666666667,30.37765274047854,0.8967145975589119
2020-07-29,4.175533888888889,29.991768773396814,1.0031059684934007
2020-07-30,2.7000533333333334,28.565300877889,5.149260163193503
2020-07-31,4.888003333333334,29.87447319030764,2.4833357072679973
2020-08-01,4.659547777777778,30.20942395528158,0.5761593579904911
2020-08-02,5.409578333333333,30.7434014638265,0.4122406244277954
2020-08-03,5.1995177777777775,30.231145477294945,0.9311139583587646
2020-08-04,5.122542222222222,31.029960250854515,0.9328671075081728
2020-08-05,3.6456455555555554,30.08621495564779,21.87490463256836
2020-08-06,2.6744244444444445,28.39844411214193,11.52440163087931
2020-08-07,2.563712222222222,28.215010579427087,3.038883209228516
2020-08-08,4.2788,27.92481765747073,10.031849145889282
2020-08-09,1.3858366666666666,26.96049842834475,19.61829128759973
2020-08-10,1.5407794444444445,27.12300071716311,11.249626623566655
2020-08-11,3.5047116666666667,27.78999671936037,9.681755304331574
2020-08-12,1.0229105555555555,26.59112383524581,34.58617925633689
2020-08-13,0.6142844444444444,25.697750981648767,47.3270890112758
2020-08-14,1.1429766666666668,25.95328801472982,10.750478505940464
2020-08-15,2.719386111111111,27.171272532145224,3.3179521560668945
2020-08-16,1.0799872222222222,26.846597925821985,12.276485562324524
2020-08-17,2.5581994444444445,27.094225819905603,10.659828782081604
2020-08-18,1.882581111111111,26.449411646525107,9.28818583487967
2020-08-19,2.973767222222222,26.69865506490072,3.71873667349476
2020-08-20,1.5742877777777775,26.61937739054366,3.789209330761878
2020-08-21,2.797273333333333,27.16207656860354,7.858303697673818
2020-08-22,1.697173888888889,26.513823445638025,16.588074375672335
2020-08-23,0.5830633333333334,25.40624453226729,55.63800020710019
2020-08-24,0.7027194444444445,25.676325098673544,108.87309908866882
2020-08-25,3.6351594444444446,27.42707087198897,2.645432949066162
2020-08-26,4.612766111111111,27.420465087890648,1.8965184687544931
2020-08-27,4.807536111111111,27.093523279825888,2.0360350608825684
2020-08-28,3.377206111111111,26.674019749959317,10.448220372097694
2020-08-29,2.0088844444444445,25.9794860839844,25.25746226310233
2020-08-30,0.4025777777777777,24.73627624511721,55.45161962498924
2020-08-31,3.9777816666666665,26.71357116699221,16.272562742130958
2020-09-01,5.124657222222222,27.52844772338869,0.1814961433410644
2020-09-02,5.050817777777778,27.87622985839846,0.9685754776000975
2020-09-03,4.50067,28.36334381103518,0.8821636438369751
2020-09-04,5.671335555555555,29.032717005411826,0.5832689266185298
2020-09-05,5.704447777777777,28.8371406555176,0.3058905031139147
2020-09-06,5.807486666666667,28.715475972493493,0.1151307116629141
2020-09-07,5.722245,28.605776723225915,0.1375317573533152
2020-09-08,5.270614444444444,28.28678983052572,0.0386267899443737
2020-09-09,5.291008333333333,28.560679372151696,0.461798906144395
2020-09-10,5.562743333333334,29.30380783081057,0.1233369110877902
2020-09-11,5.428940555555555,29.153609848022484,5.838572978973389
2020-09-12,4.209408333333333,27.998399988810263,11.650443077087402
2020-09-13,4.278991111111111,28.206317520141624,14.385312795639038
2020-09-14,4.266576111111111,27.95948435465499,1.9569873808791272
2020-09-15,4.154711666666667,28.261590576171898,1.457768678562843
2020-09-16,5.074924444444444,28.693287150065142,0.8593201637268066
2020-09-17,4.977619444444445,28.674394861857134,0.8298635481764904
2020-09-18,4.439493333333333,28.497706985473656,0.5125327972450577
2020-09-19,4.886903333333334,28.98371086120608,0.8033990860099038
2020-09-20,5.063870555555556,29.130473709106468,3.821406820748052
2020-09-21,4.587585555555555,29.22563832600912,1.7648249863668752
2020-09-22,5.255832986111111,30.13280258178713,0.0107824802348943
2020-09-23,3.4810326584201388,29.25858840942385,0.0166296958923339
2020-09-24,5.563705486111111,29.20758845011397,0.0166893005371093
2020-09-25,4.6016411631944445,28.46298116048177,0.6664872168471447
2020-09-26,4.9112521875,27.526521301269558,0.2640783786773681
2020-09-27,5.577324565972222,27.07037442525228,0.2154588698317638
2020-09-28,5.60684265625,27.15096944173177,0.2938210964202881
2020-09-29,5.776507083333334,27.217685317993187,0.064193611990504
2020-09-30,5.553704565972223,27.488338724772177,0.2879530190966761
2020-10-01,5.464806649305555,27.83637835184737,0.2450495958328247
2020-10-02,6.02967359375,27.901192601521814,0.0
2020-10-03,6.078255954861112,27.933977381388388,0.0012934207802572
2020-10-04,6.055442638888889,27.55229530334475,0.0
2020-10-05,5.871544340277778,27.72381490071615,0.0
2020-10-06,5.996993402777778,27.91805229187014,0.0008523463179699
2020-10-07,5.828930244140625,28.16094106038412,0.0
2020-10-08,5.8931833213975695,28.560833231608115,0.002572260711986
2020-10-09,5.55810022386339,28.57295061747237,0.000438094104993
2020-10-10,5.8324477777777775,28.61832262674972,0.0
2020-10-11,5.765735,29.01897837320968,0.0004410743699168
2020-10-12,5.440452777777778,28.96115964253744,0.0030141636671032
2020-10-13,5.722452222222223,29.353870646158896,0.0004358013825367
2020-10-14,5.159467222222222,30.065747833251976,0.0
2020-10-15,5.262877777777778,31.289158121744837,0.0007897615432739
2020-10-16,4.94499,30.26136614481612,6.802622135978709
2020-10-17,4.347198888888889,29.244281387329124,6.483512062402497
2020-10-18,4.241885555555555,28.38789265950521,1.7042070626871464
2020-10-19,4.585324444444445,28.90774688720705,1.1164305191755377
2020-10-20,4.417169444444444,29.223773574829124,1.3499259948730469
2020-10-21,4.649922222222222,29.070728556315142,0.210645794766151
2020-10-22,5.486181111111111,27.89097620646163,0.0004261732087229
2020-10-23,5.785688888888889,26.931759770711267,0.0008702277227712
2020-10-24,5.277223333333334,26.53115615844729,0.0
2020-10-25,4.344406666666667,26.3388559977214,0.001285600887968
2020-10-26,5.455453333333334,26.12645746866866,0.0004325735289967
2020-10-27,5.554981111111111,25.83392613728841,-3.1539570954919327e-06
2020-10-28,5.500645555555556,25.557646687825525,0.0
2020-10-29,5.3815,25.876108423868857,0.0008583068797918
2020-10-30,4.9935366666666665,25.95778872172042,0.0034405547921778
2020-10-31,4.97091,26.460663096110068,0.0008523463179699
2020-11-01,4.665671111111111,25.82780227661135,0.0
2020-11-02,4.904726666666667,25.956210708618187,0.0004351138613856
2020-11-03,5.335934444444445,25.5081611633301,0.0004351138045421
2020-11-04,5.375101111111111,24.5341735839844,0.0017106532368416
2020-11-05,5.296986666666666,25.035962677001976,1.78813479578821e-05
2020-11-06,5.237913333333333,24.981907145182333,0.0034433696782798
2020-11-07,5.251162222222222,24.904171244303427,0.001713633480449
2020-11-08,5.248951111111111,24.82965494791671,0.0
2020-11-09,5.236401111111111,24.54119517008468,0.0021398066678557
2020-11-10,5.193195555555556,24.27722320556643,0.0017211025920005
2020-11-11,5.200771111111111,23.892352040608728,-8.767074177740142e-06
2020-11-12,5.154863333333333,23.805010732014978,0.0008523463179699
2020-11-13,5.050456666666666,24.680279032389365,0.0008523463748133
2020-11-14,4.944738888888889,26.066992060343463,0.0004351138613856
2020-11-15,4.309227777777778,26.634979502360068,0.0013024215945733
2020-11-16,4.917907777777778,25.85170962015792,0.0017085824310925
2020-11-17,4.874065555555555,24.66894365946456,0.0038575223584302
2020-11-18,4.77336,23.17568486531576,0.0008523463748133
2020-11-19,4.919472222222222,22.692722574869837,0.0
2020-11-20,4.856434444444444,22.943940099080407,0.0
2020-11-21,4.914926666666667,22.227888361613,0.0004351138045421
2020-11-22,4.90462,22.02580286661788,0.0
2020-11-23,4.804394444444444,22.52284647623702,0.0
2020-11-24,4.877535555555555,22.347175852457724,0.001710653293685
2020-11-25,4.075923333333333,24.08200607299807,0.0021641645844283
2020-11-26,4.476724444444445,24.191896692911826,0.0
2020-11-27,4.73492,23.075246429443386,0.0
2020-11-28,4.823088888888889,22.35152397155764,0.0004351138045421
2020-11-29,4.467426666666666,24.23518333435061,0.0
2020-11-30,4.48048,25.179280853271507,0.0004351138045421
2020-12-01,4.576681111111111,24.811736043294275,0.0
2020-12-02,4.654936666666667,23.81299171447756,0.0021576879589702
2020-12-03,4.688317777777778,23.34613189697268,-2.3842403606977317e-05
2020-12-04,4.641267777777778,23.360087966918968,0.0008553265615773
2020-12-05,4.604338888888889,23.68830515543624,5.6843418860808015e-11
2020-12-06,4.59677,23.81479860941573,0.0012993811537853
2020-12-07,4.593106666666666,23.78588447570803,0.0
2020-12-08,4.593383333333334,23.73513501485189,0.0
2020-12-09,4.560506666666667,23.86587486267092,0.0008583068833445
2020-12-10,3.972523333333333,24.959331130981468,1.478731632232666
2020-12-11,1.6532933333333333,20.55246569315597,3.665173053736481
2020-12-12,3.986676666666667,21.64328346252444,0.0401884317398071
2020-12-13,3.911113333333333,21.70719045003256,0.0023424624941981
2020-12-14,3.861103333333333,21.850837961832724,0.0018805264403454
2020-12-15,4.244827777777778,21.105009333292685,0.0
2020-12-16,4.553278888888889,20.31839777628585,0.0025749205292413
2020-12-17,4.555034444444445,19.239034271240257,0.0008523463179699
2020-12-18,4.584971111111111,19.123871103922568,0.0008523463179699
2020-12-19,4.629568888888889,19.447469329834007,0.0
2020-12-20,4.370318888888889,19.44129842122396,0.0008583068797918
2020-12-21,4.678753333333334,19.606354649861657,0.002146017322957
2020-12-22,4.616467777777777,19.39328600565597,-3.230525180697441e-06
2020-12-23,4.559355555555555,19.699571863810263,0.0008523463179699
2020-12-24,4.608587777777778,20.403601582845056,0.0004351138045421
2020-12-25,4.561162222222222,21.704333241780603,0.0012845866876887
2020-12-26,4.515622222222222,21.96914443969729,0.0021516208903449
2020-12-27,4.607972222222222,19.919581985473656,0.0008523463748133
2020-12-28,4.899622222222222,16.384653981526696,0.0008523463179699
2020-12-29,4.811778888888889,16.801831817626976,0.000861323655954
2020-12-30,4.703345555555556,18.042191441853845,0.0008523463179699
2020-12-31,4.543983333333333,19.648007965087917,0.0008557963155908
2021-01-01,4.453643333333333,21.84685414632162,0.0008642673492431
2021-01-02,4.089207777777778,20.072478230794275,0.0004172325134277
2021-01-03,4.518004444444444,18.809856669108115,0.0008583068797918
2021-01-04,4.507042222222222,19.88964678446456,0.0008523463179699
2021-01-05,4.696961111111111,18.733321126302087,0.0008523463179699
2021-01-06,4.837337777777778,18.37285703023275,0.0008583068833445
2021-01-07,4.219555555555556,21.4025983174642,0.0763535499572753
2021-01-08,4.29939,22.04982719421389,0.0028252601573797
2021-01-09,3.98211,22.388034439086937,0.0165139020964488
2021-01-10,4.529252222222223,23.088790512084984,0.002973139316964
2021-01-11,4.575694444444444,22.858095423380576,0.0017225742112714
2021-01-12,4.768707777777778,21.411093012491904,0.0025726330363795
2021-01-13,4.977314444444445,19.817139561971032,0.0008523463179699
2021-01-14,4.954457777777778,20.18469645182296,0.0008523463179699
2021-01-15,4.781301111111112,21.447056070963583,0.0
2021-01-16,4.855601111111112,22.37098655700686,0.0
2021-01-17,4.865058888888889,22.650579071044945,0.0
2021-01-18,4.912337777777778,22.04219207763674,0.0004351138045421
2021-01-19,5.001063333333334,20.96585871378585,0.0
2021-01-20,4.996561111111111,21.28399556477865,0.0
2021-01-21,5.043563333333333,21.53415514628097,0.0
2021-01-22,5.0908066666666665,21.38341547648116,0.0
2021-01-23,4.985144444444445,20.27604255676272,0.0004351138045421
2021-01-24,5.25759,19.19950192769369,0.0
2021-01-25,5.300084444444445,18.416410700480185,0.0
2021-01-26,5.354971111111111,17.91783167521163,0.0004351138045421
2021-01-27,5.344288888888889,17.685489273071312,0.0004351138045421
2021-01-28,5.385901111111111,18.0845714569092,0.001281499748984
2021-01-29,5.465467777777778,17.84758847554525,0.0012986694741812
2021-01-30,5.51256,18.006247456868493,0.0017157172464976
2021-01-31,5.45372,19.34573008219405,0.0004351138045421
2021-02-01,5.397076666666667,20.5969228108724,0.0012818524055546
2021-02-02,5.378038888888889,21.238186772664392,0.001281499748984
2021-02-03,5.257837777777778,22.337267812093103,0.0017200663364747
2021-02-04,5.399472222222222,21.78685976664229,0.0012814998058274
2021-02-05,5.559691111111111,20.7050720214844,0.0017255543980354
2021-02-06,5.64924,20.1358689626058,0.0012891325695818
2021-02-07,5.666038888888889,20.25329742431643,0.0012934457913615
2021-02-08,5.663753333333333,20.685660934448265,0.0008485461080454
2021-02-09,5.5163633333333335,21.60050163269045,0.0017225742112714
2021-02-10,5.470145555555556,21.92131067911788,0.0
2021-02-11,5.130836666666666,22.364179865519247,0.0004261732087229
2021-02-12,5.620722222222223,23.45660298665365,0.0008523463179699
2021-02-13,5.643582222222222,23.93337529500326,0.0008523463179699
2021-02-14,5.689391111111111,23.625376001993857,0.0025794424800551
2021-02-15,5.575735555555555,22.82522290547689,0.0008486429123877
2021-02-16,5.771585555555555,22.51859372456869,0.0008523463179699
2021-02-17,5.873711111111112,22.62766100565597,0.0017046927496267
2021-02-18,5.2636988888888885,23.76489410400393,0.0004351138045421
2021-02-19,5.86133,23.89852739969893,0.0
2021-02-20,6.002497777777778,23.594824727376302,0.0
2021-02-21,6.008834444444444,23.53304379781088,0.0
2021-02-22,5.971451111111112,24.406774775187216,0.0029967990258228
2021-02-23,6.049348888888889,24.621945953369163,0.0008523453516318
2021-02-24,6.0428677777777775,24.771383539835654,0.0008523463179699
2021-02-25,6.108306111111111,24.52946243286135,0.0
2021-02-26,6.061262777777777,25.73468233744308,0.0008523463179699
2021-02-27,6.058716666666666,26.2990610758464,0.0012884902389487
2021-02-28,6.078205555555556,26.61462809244796,0.0017046927496267
2021-03-01,6.404233888888889,25.304302469889365,0.0004351138045421
2021-03-02,6.502010555555556,24.98303820292159,0.0
2021-03-03,6.562060151638455,25.033088302612327,0.0
2021-03-04,6.448807761501736,26.02908096313479,0.0004351138045421
2021-03-05,6.366518912760417,27.18950360616049,0.0012904405366498
2021-03-06,6.396380104166667,28.09939346313479,0.0
2021-03-07,6.562244010416666,26.83858451843264,0.0012874602361989
2021-03-08,6.453243055555555,27.112928009033222,0.0004410743699168
2021-03-09,6.548865486111112,27.85320116678878,0.0
2021-03-10,6.561389878472222,27.16808916727706,0.0012934207802572
2021-03-11,6.293353524305555,27.23824017842611,0.0017195939676639
2021-03-12,6.611213715277778,26.99403025309249,0.0
2021-03-13,6.750715173611111,26.95148048400881,0.0017212887541973
2021-03-14,6.759218628472222,27.58437054951986,0.0017180329905386
2021-03-15,6.79118109375,27.318163172404013,3.867342002195073e-06
2021-03-16,6.801725625,28.128230031331384,0.0
2021-03-17,6.795919253472222,28.33163223266604,0.0004351138613856
2021-03-18,6.150598298611111,28.14292933146163,0.0008523463179699
2021-03-19,6.409226111111111,27.47791760762533,0.0030034998417249
2021-03-20,6.843812281901042,28.135452524821005,0.0004351138613856
2021-03-21,6.857428333333333,28.37507273356124,0.0017195939108205
2021-03-22,6.775804444444445,28.603007888793968,0.0427663326263427
2021-03-23,6.939335555555555,28.47457847595217,0.0004351138045421
2021-03-24,6.997426111111111,28.65725161234542,0.0008523463179699
2021-03-25,7.231028888888889,28.401472345988,0.0008553265615773
2021-03-26,7.151479444444444,28.628521855672204,0.0004261732051702
2021-03-27,7.1318866666666665,29.55943196614584,0.0025752862029548
2021-03-28,7.206483888888889,30.412228520711267,0.00128062197291
2021-03-29,7.239112222222222,30.09730491638186,0.0017092575603783
2021-03-30,7.207552777777778,29.79001388549807,0.0008523463179699
2021-03-31,7.074927777777778,30.528358078002952,0.001707727676603
2021-04-01,7.539162777777777,28.9876698811849,0.0017010105466397
2021-04-02,7.401232222222222,29.09758656819662,0.0008753334554967
2021-04-03,7.358795555555556,29.78386522928878,0.0017184348735099
2021-04-04,7.254876111111111,30.07226079305013,0.0012774415267813
2021-04-05,7.242493333333333,31.040252939860068,0.0008697522275724
2021-04-06,7.351096111111111,31.076497650146507,0.0004261732087229
2021-04-07,7.368835,30.77109298706057,0.0
2021-04-08,7.358465555555555,30.514842605590843,0.0
2021-04-09,7.481037777777778,30.67169850667318,0.0
2021-04-10,7.562885,30.681750869751,0.0
2021-04-11,7.536188888888889,30.614635086059597,0.0004351138613856
2021-04-12,7.194444444444445,31.12414131164553,0.0012940516285198
2021-04-13,6.972367222222222,31.270529047648157,0.0012934450133172
2021-04-14,6.963356111111112,30.35033760070803,0.0004351138613856
2021-04-15,7.256466111111111,30.450399653116904,0.0017166632915177
2021-04-16,7.34024,30.97548319498702,0.0025630716322666
2021-04-17,7.261195555555555,31.002059555053734,0.0004261732051702
2021-04-18,7.345706666666667,32.02133267720541,0.0004351138045421
2021-04-19,7.273836666666667,32.228568649292015,0.0
2021-04-20,6.343287777777777,31.23046391805013,0.0
2021-04-21,7.565866666666666,30.754123942057333,0.0
2021-04-22,7.4862472222222225,31.37029037475588,0.0013001368301956
2021-04-23,7.483463333333333,31.499530410766624,0.0021297994976521
2021-04-24,6.46022,31.628154373168968,0.0012874602930423
2021-04-25,7.546897777777778,32.35512059529623,6.581274192285491e-06
2021-04-26,7.334478888888888,32.73053576151534,0.0018477439880371
2021-04-27,7.129672222222222,33.31590932210287,0.0058852991742242
2021-04-28,7.228027777777778,32.93838462829592,1.3201266526152722
2021-04-29,6.993877777777778,32.762810643514,0.6833314895580145
2021-04-30,7.240378888888888,32.76978963216146,0.0422328709532848
2021-05-01,6.604393888888889,32.58215738932296,0.0105798244476318
2021-05-02,7.243176666666667,32.02131487528487,0.4480332136154175
2021-05-03,7.350555555555555,32.27284138997396,0.0008583068797918
2021-05-04,7.416863888888889,32.40071767171224,0.0008583068797918
2021-05-05,7.554436666666667,32.63718185424807,0.0008523463179699
2021-05-06,7.501239444444445,33.21709785461428,0.0008523463179699
2021-05-07,7.429585555555556,33.5536876678467,0.0004261732051702
2021-05-08,6.755702222222222,34.338147735595726,0.0
2021-05-09,6.60283,34.29996515909835,0.0203257912971821
2021-05-10,7.5251222222222225,33.03036842346194,0.0008415373144998
2021-05-11,7.51321,32.05598729451498,0.00342130658737
2021-05-12,7.65143,31.856862004597986,0.0017195939676639
2021-05-13,7.382336666666666,31.52694664001467,0.0017210674627676
2021-05-14,7.418832777777777,32.93663813273116,0.0017425424516659
2021-05-15,7.211287777777778,34.818847274780296,0.0025601584638934
2021-05-16,5.496957777777777,35.36049804687502,0.9632470280394044
2021-05-17,4.117965555555555,30.884447987874356,9.022417664425577
2021-05-18,0.6136444444444444,25.31817715962728,78.92664670949401
2021-05-19,3.506572222222222,26.604120508829794,0.5828082561443182
2021-05-20,7.557892777777778,28.721239980061853,0.0008523463748133
2021-05-21,7.200084444444444,28.77298507690432,0.0421404838562011
2021-05-22,7.169304444444444,28.817230478922568,0.0060051679611206
2021-05-23,6.952076666666667,29.67506116231283,0.0042915344238281
2021-05-24,6.703262222222223,30.53003273010256,0.1328830691029736
2021-05-25,7.4982122222222225,30.67593154907229,0.0
2021-05-26,6.974607777777778,30.30825322469076,0.0319048160122292
2021-05-27,6.85264,30.914912160237638,0.0036358833312988
2021-05-28,7.198076666666666,31.100559488932333,0.0
2021-05-29,7.28264,31.57583389282229,0.0
2021-05-30,7.184714444444444,31.460172907511435,0.0008523463748133
2021-05-31,7.444246666666666,31.232493972778343,0.0
2021-06-01,7.2940177777777775,31.101673380533896,0.0012713479122794
2021-06-02,7.39804,31.488753890991237,0.0
2021-06-03,7.381585555555556,32.09922879536947,0.0012771693036484
2021-06-04,7.081701111111111,32.284819539388025,0.0
2021-06-05,7.009994444444445,32.14252306620284,0.0314950942943426
2021-06-06,6.387546666666666,32.23613573710128,0.0650882720982792
2021-06-07,6.572458888888889,32.53274752298995,0.1389086246490478
2021-06-08,6.354717777777778,33.10067011515304,0.0022679566313854
2021-06-09,5.345205555555555,32.836353556315146,0.0401139259338378
2021-06-10,5.6485,32.479922231038415,0.1574158668518066
2021-06-11,5.633225555555556,32.54577471415206,0.11502206325531
2021-06-12,6.021428888888889,33.33942565917971,0.1452863216400146
2021-06-13,6.1463833333333335,32.9905881245931,0.001716613667213
2021-06-14,6.034522222222222,32.82545051574709,0.0004023313522338
2021-06-15,6.160707777777778,32.81935590108236,0.0035289901347823
2021-06-16,4.82678,32.17099469502767,0.6530165671279065
2021-06-17,5.265785555555556,30.114938990275107,15.747156739223556
2021-06-18,2.283308888888889,27.14955673217776,34.70921516418457
2021-06-19,2.2905866666666665,26.609113947550497,16.218962764355638
2021-06-20,2.336717777777778,26.61605097452804,18.53277631698802
2021-06-21,5.149588888888889,28.76471608479818,2.541452646255493
2021-06-22,5.231775555555555,29.23554382324221,0.5542188882827759
2021-06-23,3.947426666666667,28.944767888387048,0.1576877970705936
2021-06-24,4.134165555555556,28.470269775390648,1.5686213969843266
2021-06-25,5.124782222222223,29.5144147237142,0.0930789566950807
2021-06-26,5.618977777777777,29.614790217081747,0.0282973051071167
2021-06-27,5.7633777777777775,30.34876848856612,0.6615221500396729
2021-06-28,2.420133333333333,28.94437433878585,0.4021257161070934
2021-06-29,6.113155555555555,30.38190358479818,0.3078520297954412
2021-06-30,5.254686666666666,30.62351315816244,0.0390291212966076
2021-07-01,4.917046666666667,30.379526392618857,0.3713071346282959
2021-07-02,4.8523877777777775,30.397201156616237,0.3004670143127441
2021-07-03,4.803561111111111,30.157319641113304,0.1795828341641936
2021-07-04,5.299345555555556,30.395860926310263,0.0142669619549451
2021-07-05,6.197191111111112,30.650114313761435,0.0222777460976431
2021-07-06,5.985984444444444,30.950691477457724,0.0118017196655273
2021-07-07,6.583718888888889,31.31375401814779,0.0008583068797918
2021-07-08,4.857585555555556,31.23863245646163,0.0041803185126809
2021-07-09,5.106544444444444,31.000939941406276,0.2626925705726535
2021-07-10,6.046881111111111,31.934774017334007,1.6177624463011853
2021-07-11,4.339252222222222,29.903532918294275,15.830519795315467
2021-07-12,4.766536666666667,29.710223770141624,8.382907509712823
2021-07-13,5.847265555555556,29.813174819946312,0.4125860777435264
2021-07-14,5.19033,29.722652689615927,0.5255403669544023
2021-07-15,5.352522777777778,29.834443664550804,5.3892016409804455
2021-07-16,5.113488888888889,29.65770047505697,0.9455382823944092
2021-07-17,5.306597222222222,30.172679519653343,1.4185190199782485
2021-07-18,3.2823622222222224,29.130686060587607,6.361466646126246
2021-07-19,3.990562777777778,29.40512936909994,0.7090121507644653
2021-07-20,2.681986111111111,28.628977076212607,2.2608190774917603
2021-07-21,3.636656666666666,29.4906885782878,2.0408034324646
2021-07-22,3.876053888888889,30.244744873046898,1.436412334442139
2021-07-23,2.311619444444444,28.966963704427087,2.3299694061265086
2021-07-24,3.12176,28.345859781901083,12.48773336410025
2021-07-25,0.6736777777777778,26.25870348612472,77.5836966511747
2021-07-26,1.2100761111111111,26.66354649861654,14.667817950243744
2021-07-27,1.71177,26.89256947835287,8.002057671546936
2021-07-28,4.036089444444444,28.19403228759768,3.973025083439552
2021-07-29,2.367825,27.27632102966311,7.823575027543939
2021-07-30,3.5907594444444446,28.55605532328292,1.2107431888530584
2021-07-31,2.62802,27.942678070068386,1.3768385543393435
2021-08-01,2.189300555555556,27.580309804280603,1.4385610818408168
2021-08-02,1.2389016666666666,27.25137608846029,1.344227833545375
2021-08-03,1.7635716666666668,27.26641680399581,2.3335703559723697
2021-08-04,2.4323372222222224,27.859979883829794,0.7848143577575684
2021-08-05,3.961027777777778,28.38017425537112,0.5969405174255371
2021-08-06,2.438550555555556,27.183576838175497,0.9482860564844486
2021-08-07,3.565451111111111,28.049183781941736,0.1012563704421154
2021-08-08,5.0379394444444445,28.756686782836937,0.0319462718039176
2021-08-09,4.82315,28.7371599833171,0.055323056585621
2021-08-10,4.765936666666667,28.348653411865257,0.2307891845703125
2021-08-11,4.825074444444445,28.744942601521814,0.3469371294499979
2021-08-12,4.529375,28.65775578816732,0.4662848522798413
2021-08-13,3.970231111111111,28.311345036824548,0.4955976321738831
2021-08-14,4.477690555555555,28.418186442057333,0.7739085455114036
2021-08-15,4.764872222222222,28.67144673665365,0.6276816129684448
2021-08-16,4.699799444444444,28.61638730367025,0.2386629580541921
2021-08-17,5.569294444444444,29.317980702718103,0.1023441552092663
2021-08-18,2.75736,28.07381401062014,0.9234368800434822
2021-08-19,3.329734444444445,28.274050649007165,0.7553549452268271
2021-08-20,2.737347222222222,27.449402745564782,0.2905256397411904
2021-08-21,2.180675555555556,26.37920405069991,6.569463014500343
2021-08-22,3.010516111111111,27.29791475931808,0.5321145057628485
2021-08-23,4.077733333333334,28.03853886922201,0.3480195998122326
2021-08-24,4.594443888888889,28.86451174418136,0.0969125994174646
2021-08-25,4.4923166666666665,28.80129521687826,0.2907563122676038
2021-08-26,3.882089444444445,28.676229095459007,0.2058863639717856
2021-08-27,4.454917222222222,28.55874595642092,0.1798948883902085
2021-08-28,5.660956111111111,29.05546086629232,0.0132411718318792
2021-08-29,5.628616111111112,29.39018338521322,0.7474448702851078
2021-08-30,3.987645,28.627706146240257,15.683704614634308
2021-08-31,3.0535866666666664,27.29565836588546,18.832701444523536
2021-09-01,3.738252222222222,27.193531926472986,24.146753549473488
2021-09-02,3.9489472222222224,27.129702504475915,5.151679591790526
2021-09-03,4.033036666666667,27.482738113403343,2.2631548508798005
2021-09-04,5.209386111111111,28.04771321614584,0.6610749705941998
2021-09-05,3.735175,27.84082438151046,2.2565126419067383
2021-09-06,4.474183888888889,28.44057553609213,3.219059616810682
2021-09-07,5.227966111111111,29.49776929219564,10.97075641155243
2021-09-08,3.9943488888888887,28.01629600524905,27.030187845127784
2021-09-09,1.5594266666666667,26.20260327657064,17.79401049623175
2021-09-10,3.4764816666666665,27.142729695638025,1.5828525375809477
2021-09-11,1.3757855555555556,25.52744954427084,3.859788179397583
2021-09-12,1.8686072222222223,26.080089187622093,12.649625539779665
2021-09-13,3.5442738888888887,27.510301844279013,4.439345002140271
2021-09-14,4.831328333333333,27.803841527303064,6.200048327343666
2021-09-15,3.779734444444444,27.72131945292159,0.564479827858122
2021-09-16,3.737188333333333,27.511815007527677,3.723302483535917
2021-09-17,3.895510555555556,27.43161862691244,0.8310032142730961
2021-09-18,4.139751666666666,27.487963612874356,7.492512464523315
2021-09-19,2.2316422222222223,26.714936192830407,11.70409989589416
2021-09-20,3.1474261111111117,27.326630528767907,18.54550838470459
2021-09-21,2.1805666666666665,26.107355372111044,22.93420135964652
2021-09-22,3.8962499305555554,27.0600690205892,2.0244598387648693
2021-09-23,3.27261841668023,26.353894805908222,6.502717733326335
2021-09-24,3.503439392361111,26.781858062744163,1.6941934264309566
2021-09-25,3.5671026041666667,27.42359886169436,3.3454921083375666
2021-09-26,4.108428020833333,27.154236729939782,9.643769264130242
2021-09-27,1.3827656423611112,25.70353469848635,20.148158073425293
2021-09-28,4.893153090277778,27.96074638366701,23.281949758427345
2021-09-29,1.4151877430555555,26.00199661254885,39.165297937927335
2021-09-30,3.5220021875,26.713718032836937,3.715562820332252
2021-10-01,4.945409166666667,27.620287831624356,0.6618738174211103
2021-10-02,5.383536475694444,28.14007403055831,0.1552940752915788
2021-10-03,5.305617135416667,28.468092854817712,0.0687852467962102
2021-10-04,4.7231427777777775,27.83960304260256,0.1043826341629028
2021-10-05,4.67904984375,28.137382125854515,0.0951468943526379
2021-10-06,5.497756840277778,29.153925832112638,0.0355660915438704
2021-10-07,5.523076413845486,29.46345926920577,0.8998364210128784
2021-10-08,5.163952725694444,29.11725451151534,1.256406307220459
2021-10-09,4.72381029554579,28.61222546895345,0.4659593105316162
2021-10-10,5.216601666666667,28.388305918375693,0.4319101572036743
2021-10-11,5.080945555555555,28.389234797159872,0.5082789160155698
2021-10-12,5.278216666666666,28.439562733968103,0.1588195561339489
2021-10-13,5.630938888888889,28.263726806640648,0.0
2021-10-14,5.204937222222222,27.65009778340658,0.002159459086215
2021-10-15,5.924646666666667,26.31099917093917,0.0008523463179699
2021-10-16,5.89818,25.646752293904623,0.0
2021-10-17,5.039231111111111,26.6402577718099,0.001710653293685
2021-10-18,5.8899244444444445,25.230487442016624,0.0008702277796146
2021-10-19,5.802473333333333,25.283746337890648,0.0012993812106287
2021-10-20,5.68672,25.336206054687523,0.0
2021-10-21,5.5908066666666665,25.42527796427413,0.0
2021-10-22,5.609215555555555,25.33407363891604,0.0017195939108205
2021-10-23,5.444147222222222,25.50230433146163,0.0212132930705877
2021-10-24,4.535744444444444,25.58236211140951,0.0937432050704956
2021-10-25,4.5566,25.48356335957845,0.1250220184942918
2021-10-26,4.588135555555556,25.77517280578616,0.0027149914672008
2021-10-27,4.800077777777778,25.914585367838583,0.0008523463179699
2021-10-28,5.484878888888889,24.919733937581384,0.0
2021-10-29,5.514444444444444,24.09836158752444,0.0
2021-10-30,5.571187777777777,23.44301694234213,0.0008523463179699
2021-10-31,5.582125555555556,23.26591517130538,0.0
2021-11-01,5.489238888888889,23.562783813476585,0.0
2021-11-02,5.453392222222222,24.27234293619796,0.0017136451333499
2021-11-03,5.364616666666667,24.413445409139,0.0017109309169427
2021-11-04,5.344145555555556,24.60840250651046,0.0025920111283994
2021-11-05,5.1773388888888885,24.695010757446312,0.0008523463748133
2021-11-06,4.688215555555556,24.2540107727051,0.0004261732051702
2021-11-07,5.16589,24.32734069824221,0.0017203702782353
2021-11-08,5.073718888888889,25.201229349772177,0.0017093202018259
2021-11-09,5.146773333333333,24.79591458638509,0.0017069392583834
2021-11-10,5.206732222222223,24.161002731323265,0.0016983161685857
2021-11-11,5.1897,23.879486974080407,0.0017131405911641
2021-11-12,5.105868888888889,23.768938318888388,0.0012928152841595
2021-11-13,5.172232222222222,23.811396535237638,0.001713633480449
2021-11-14,5.025528888888889,23.95929552714034,0.0012844799925915
2021-11-15,4.985452222222222,23.968860244751,0.0004351138045421
2021-11-16,4.986377777777777,24.00259679158529,0.0012904405366498
2021-11-17,3.743531111111111,25.279833094279013,0.0032365321089855
2021-11-18,2.919313333333333,23.50511767069503,3.4769713878581854
2021-11-19,3.065932222222222,23.895828501383505,2.38450169558746
2021-11-20,4.323131111111112,25.75602429707845,0.0023186206590253
2021-11-21,4.482323333333333,26.73393020629885,0.0041853555785564
2021-11-22,4.278394444444444,26.96225954691573,0.0262260436443284
2021-11-23,4.677488888888889,25.13542264302572,0.0008553266184208
2021-11-24,4.869454444444444,23.092940266927087,0.001281499748984
2021-11-25,4.905155555555556,22.51706530253097,0.000438094104993
2021-11-26,4.806255555555556,23.332968648274743,0.0
2021-11-27,4.750285555555555,24.12861976623537,0.0008553266184208
2021-11-28,4.71298,24.458854293823265,4.368416739453096e-07
2021-11-29,4.683737777777778,24.256501134236657,0.0004351138045421
2021-11-30,4.177037777777778,24.529808934529623,0.7540494203226444
2021-12-01,1.22407,19.779806391398157,3.573691844849236
2021-12-02,1.3880433333333333,17.9509101867676,0.9339690207639252
2021-12-03,3.6409077777777776,20.708207066853845,0.0008523463179699
2021-12-04,3.953072222222222,22.58520024617513,0.0042915335143334
2021-12-05,3.4648444444444446,23.28834495544436,0.2767242940535652
2021-12-06,4.463884444444444,23.41316693623861,0.0017141086345873
2021-12-07,4.442154444444444,22.916748301188196,0.0017238896816706
2021-12-08,4.42636,22.65645243326827,0.0
2021-12-09,4.2336688888888885,22.41938489278158,0.0017239907492694
2021-12-10,4.505757777777778,22.38819592793783,0.0008523463179699
2021-12-11,4.5404277777777775,22.00896797180178,0.0012874602930423
2021-12-12,4.407028888888889,22.209874089558923,0.0
2021-12-13,4.315237777777778,22.62916272481283,0.0008553266184208
2021-12-14,4.55598,21.108178710937523,0.0021636485598719
2021-12-15,4.441621111111111,21.09013455708822,0.000441074366364
2021-12-16,4.57345,19.796719487508145,0.0
2021-12-17,4.555778888888889,19.494111633300804,0.0004351138045421
2021-12-18,4.549702222222222,19.040603892008505,0.0
2021-12-19,4.636151111111111,18.278090413411466,0.0
2021-12-20,4.682535555555556,18.224448140462243,0.0012934207802572
2021-12-21,4.5174988888888885,18.583955383300804,0.0008583068833445
2021-12-22,4.587086666666667,19.04311078389486,0.0004351138045421
2021-12-23,4.5488188888888885,20.03166224161788,0.0
2021-12-24,4.307527777777778,21.305743153889978,0.0008523463179699
2021-12-25,4.453412222222222,21.033559417724632,0.0
2021-12-26,4.171803333333333,21.225052769978845,0.0021424626197585
2021-12-27,4.1106066666666665,21.75066719055178,0.7664534712148452
2021-12-28,3.1448222222222224,19.28824068705245,0.7984578609416815
2021-12-29,4.605125555555556,18.58346837361654,0.004266559567867
2021-12-30,4.650827777777778,18.57541173299154,0.0017151471070064
2021-12-31,4.1703077777777775,19.902873611450214,0.0193595885207287
2022-01-01,4.306543333333333,20.980736668904623,0.001722574154428
2022-01-02,4.354003333333333,21.635407384236657,0.0008642673492431
2022-01-03,4.506147777777778,22.394974644978845,0.0016901151980164
2022-01-04,4.460515555555555,22.989212926228845,0.0
2022-01-05,3.874933333333333,23.33505020141604,0.8689314126968384
2022-01-06,2.9238,18.92247670491537,4.874381422894203
2022-01-07,3.850801111111111,20.467046356201195,0.2151310442854992
2022-01-08,4.546121111111111,17.185716247558616,0.0
2022-01-09,4.875756666666667,15.817117945353232,0.0008553266184208
2022-01-10,4.8436988888888886,16.109903589884482,0.0012858445188612
2022-01-11,4.937343333333334,15.94965260823568,0.0012904404798064
2022-01-12,4.935678888888889,15.658293660481776,0.0
2022-01-13,4.8686533333333335,16.209536488850915,0.0012851718338424
2022-01-14,4.893694444444445,16.84913024902346,0.0021427869683066
2022-01-15,4.89997,17.908366775512718,5.718618467653869e-06
2022-01-16,4.895418888888889,18.95122871398928,0.0
2022-01-17,4.857235555555556,19.795014953613304,0.0021401110643637
2022-01-18,4.867183333333333,19.818237559000693,0.0012878651318715
2022-01-19,4.853174444444444,20.90924479166671,0.0
2022-01-20,4.863276666666667,20.831187184651696,0.000441074366364
2022-01-21,4.140038888888889,22.09809265136721,0.1266157735813067
2022-01-22,4.058415555555555,20.695855712890648,0.4192382097016889
2022-01-23,5.126502222222222,16.32790908813479,0.0
2022-01-24,5.245645555555556,16.017063395182333,0.0017046926359398
2022-01-25,5.208252222222222,16.662868118286156,0.0008523463179699
2022-01-26,5.2710944444444445,16.81750068664553,0.0
2022-01-27,5.338443333333333,17.178628540039085,0.0025773711627152
2022-01-28,5.4103288888888885,17.496310806274437,0.0004069082883972
2022-01-29,5.397347777777778,18.422872797648157,0.0012814998058274
2022-01-30,5.417287777777778,18.95987790425619,0.0004351138045421
2022-01-31,5.246304444444444,19.928119277954124,0.0017285328794969
2022-02-01,5.24691,21.62253468831381,0.0008523463179699
2022-02-02,5.390478888888889,22.10137837727865,0.0
2022-02-03,5.368064444444444,20.111726379394558,0.0004261732051702
2022-02-04,5.624176666666667,18.93749008178713,0.0012934207802572
2022-02-05,5.572857777777778,19.301012293497763,0.0008523463179699
2022-02-06,5.614166666666667,20.255612945556663,0.0021526329874177
2022-02-07,5.548265555555555,20.4489735921224,0.0008434732876594
2022-02-08,5.468891111111111,20.913856124877952,0.0004351138613856
2022-02-09,5.082146666666667,21.519417699178064,0.0038630359995295
2022-02-10,5.5632488888888885,21.085418955485068,0.0004291536193079
2022-02-11,5.797978888888889,20.20638999938967,0.0
2022-02-12,5.818501111111111,20.39690488179525,0.0
2022-02-13,5.786443333333334,20.860918299357134,0.0025732676931511
2022-02-14,5.747674444444445,21.738322830200214,0.0025704803192638
2022-02-15,5.720496666666667,21.80802942911788,0.0008634974619781
2022-02-16,5.520838888888889,22.39618072509768,0.0
2022-02-17,5.294436666666667,22.939768727620446,0.0
2022-02-18,5.593525555555556,23.867402013142907,0.0
2022-02-19,5.79711,24.50600649515792,0.0008615441338122
2022-02-20,6.052395555555556,22.93944574991866,0.0004351138045421
2022-02-21,5.96903,23.51394424438479,0.0
2022-02-22,6.079688888888889,23.403482691446985,0.0017246334778064
2022-02-23,6.09455,23.063874816894558,0.0008702277227712
2022-02-24,6.148342222222222,23.631923929850306,0.0
2022-02-25,6.194553333333333,25.01223971048995,0.0008523463179699
2022-02-26,6.215541111111111,23.380569712321005,0.0004351138045421
2022-02-27,6.252418888888889,24.36493072509768,0.0008523463179699
2022-02-28,6.179586111111111,24.81087710062667,0.0008702277796146
2022-03-01,6.227125555555555,24.92663790384933,0.0
2022-03-02,6.289632777777777,25.590578969319665,0.0008612870487922
2022-03-03,6.406201111111111,25.234057362874356,0.0017225727333425
2022-03-04,6.474287383897569,24.33636309305831,0.0012874602930423
2022-03-05,6.52662056640625,24.31212450663253,0.0017225742112714
2022-03-06,6.5007349479166665,25.58308118184408,0.0042885531001957
2022-03-07,6.327983072916667,26.90016581217452,0.002157688072657
2022-03-08,6.123740625,27.28934567769369,0.0449419021606445
2022-03-09,6.045690121527778,27.12914047241213,0.0283932880051906
2022-03-10,6.539851944444444,27.1572255452474,0.0008523463179699
2022-03-11,6.576952204861112,27.433723704020224,0.0008583068833445
2022-03-12,6.7028863888888885,27.417284266154013,0.0008665701329846
2022-03-13,6.644259288194444,28.2862265268962,0.0004351138045421
2022-03-14,6.645695260416667,29.45953776041671,0.0017256346040994
2022-03-15,6.777570555555555,30.12221171061202,0.0
2022-03-16,6.807574565972223,29.892331695556663,0.0004351138045421
2022-03-17,6.852738767361111,29.77104848225912,0.0008612870487922
2022-03-18,6.879590729166667,30.158884938557943,0.0
2022-03-19,6.862739097222223,29.536899185180687,0.0008523463179699
2022-03-20,6.886227972005209,28.86099459330245,0.0030107139536994
2022-03-21,6.922588175998264,29.319229380289755,0.0008603078072155
2022-03-22,6.598120555555556,29.579890187581384,0.0004351138045421
2022-03-23,6.540884444444444,29.298451995849632,0.0017195939108205
2022-03-24,6.635807777777778,29.08119672139486,0.0017252261841349
2022-03-25,5.906136111111112,28.93465449015304,0.001700730479115
2022-03-26,6.618844444444444,30.84182510375979,0.0
2022-03-27,7.038733888888889,30.7546103159587,0.0021338461806408
2022-03-28,7.224418888888889,30.625981267293295,0.0
2022-03-29,7.240752777777778,30.369989649454794,0.0008583068797918
2022-03-30,7.300636111111111,29.32943178812667,0.0
2022-03-31,7.233013333333333,30.256137466430687,0.0
2022-04-01,7.181032777777777,30.767599995930997,0.0025771948344299
2022-04-02,7.225345,30.908338165283222,0.0012965458040525
2022-04-03,7.293463333333333,31.28585268656417,0.0008523463179699
2022-04-04,7.3372094444444445,31.453642781575525,0.0017285328794969
2022-04-05,7.1894277777777775,32.25651130676272,0.001713633480449
2022-04-06,7.283147777777778,31.238399759928427,0.0030128161938591
2022-04-07,7.322221111111111,31.878977711995446,0.0004432125315645
2022-04-08,7.353569444444444,32.692395782470726,0.0
2022-04-09,7.393627777777778,31.370453135172568,0.0
2022-04-10,7.373926666666667,30.628009414672874,0.0
2022-04-11,7.176196111111111,30.587293243408222,0.0008523463748133
2022-04-12,7.292891111111111,30.452246602376302,0.0017032865571309
2022-04-13,7.553268888888889,30.78812688191732,0.0
2022-04-14,7.639664444444445,31.139374669392907,0.0
2022-04-15,7.500319444444444,30.643703715006552,0.0021382859927143
2022-04-16,7.524683333333333,30.98929812113448,0.0008404254003835
2022-04-17,7.543178888888889,30.91866010030111,0.0008523463179699
2022-04-18,7.519626111111111,31.218038177490257,0.0008523463179699
2022-04-19,7.384287777777778,31.85091044108077,0.0004351138045421
2022-04-20,6.88078,32.79228426615401,0.0018507241748011
2022-04-21,6.875435,32.85810496012374,0.0252426723363896
2022-04-22,7.441699444444445,32.43535385131838,0.0008597827978462
2022-04-23,7.500516111111111,32.88292147318526,0.0008523463179699
2022-04-24,7.602334444444445,32.68504931132003,5.6843418860808015e-11
2022-04-25,7.670020555555555,32.2435076395671,0.0004351138045421
2022-04-26,7.758543888888889,32.32381591796877,0.0025581157387932
2022-04-27,7.667649444444445,33.15198923746749,0.0012874602930423
2022-04-28,7.637923333333333,33.89476102193197,0.0008642673492431
2022-04-29,7.671750555555556,33.7387634277344,0.0008523463179699
2022-04-30,7.4215494444444445,33.592110570271814,0.0008523463179699
2022-05-01,7.521648333333333,33.169239298502646,0.0008672475928506
2022-05-02,7.294730555555556,33.13810946146651,0.0
2022-05-03,7.448546111111111,32.11557540893557,0.0
2022-05-04,7.70405,32.59050203959151,0.0008600252847656
2022-05-05,7.673277777777778,32.19494463602706,0.0037074088368171
2022-05-06,7.561948888888889,33.46603418986007,0.0
2022-05-07,7.337612777777778,33.79385019938155,0.0
2022-05-08,7.494882777777778,34.18094406127932,0.001710653293685
2022-05-09,7.692807222222222,34.41518046061202,0.0008523463179699
2022-05-10,6.993315555555555,34.75779813130697,0.000441074366364
2022-05-11,7.3360755555555555,35.63145980834963,0.0017166137240565
2022-05-12,7.505839444444445,34.941931025187216,0.0
2022-05-13,7.694357222222222,32.94751574198409,0.0008523463179699
2022-05-14,7.61838,33.205250676472986,0.0017195939108205
2022-05-15,7.526966666666667,33.562760289510095,0.0004351138613856
2022-05-16,7.790331111111111,32.60707562764486,0.0012904404798064
2022-05-17,7.569361111111111,31.8190577189128,0.0
2022-05-18,7.710868888888889,32.71768913269045,0.0008523463179699
2022-05-19,7.568783333333333,33.90649757385256,0.0
2022-05-20,7.690606666666667,32.86589139302572,0.0
2022-05-21,7.619334444444444,32.801943079630576,0.0022917985234016
2022-05-22,7.127316666666666,32.77074330647787,0.0034451483656994
2022-05-23,6.723402222222222,32.9456503550212,0.0082999467281297
2022-05-24,7.198664444444445,32.4711846669515,0.0008553261636734
2022-05-25,7.387201111111111,32.63896840413412,0.0012844799925915
2022-05-26,7.508225555555556,32.07181002298995,0.000441074366364
2022-05-27,6.863162222222222,32.54647216796877,0.0012814998626708
2022-05-28,6.957977777777778,32.748628234863304,0.0334262846877209
2022-05-29,6.800677222222222,32.672450637817406,0.0111839663645696
2022-05-30,7.316451111111111,32.24479955037435,0.0012785216654265
2022-05-31,7.504607222222222,32.66646601359054,0.0008751667337492
2022-06-01,7.558617222222222,32.8526486714681,0.0
2022-06-02,7.540931111111111,33.064991887410486,0.0004261732051702
2022-06-03,7.297398888888889,33.2577955881755,0.0008583068797918
2022-06-04,7.479976666666666,33.23652801513674,0.0021448173583848
2022-06-05,7.489961111111111,33.221355692545615,0.0008523463748133
2022-06-06,7.468068888888889,33.1877272288005,0.0004351138045421
2022-06-07,7.346578888888889,33.604114151001,0.0004351138045421
2022-06-08,6.708422222222223,33.667333857218466,0.0432163476489222
2022-06-09,7.103904444444445,33.38554979960128,0.0021438349904201
2022-06-10,7.155987777777778,33.65108261108401,0.0008631237733425
2022-06-11,6.942704444444445,33.29914372762045,0.2182087163191681
2022-06-12,5.33772,31.662101364135765,1.3405889266095985
2022-06-13,5.074486666666667,31.315493520100915,0.2996116876552435
2022-06-14,6.144666666666667,31.673605855305997,0.2472162245794606
2022-06-15,5.460034444444444,31.58249562581381,0.7658630609057582
2022-06-16,6.03253,31.967892583211267,0.3443807363510132
2022-06-17,6.53389,32.29214948018392,0.2515673637049076
2022-06-18,5.505567777777777,31.54228935241701,3.8374641534346665
2022-06-19,5.047404444444444,31.130251820882165,0.6748948770791685
2022-06-20,5.919406666666666,31.637059148152677,0.4464387893676758
2022-06-21,6.296517777777778,31.375733311971032,0.4339367151260376
2022-06-22,6.391932222222223,32.35089708964034,0.3927588462779852
2022-06-23,5.853202222222222,33.184747950236044,0.1507341861675115
2022-06-24,5.357881111111111,33.13817621866866,0.0247396353643125
2022-06-25,5.9656633333333335,33.679947153727255,0.0021517276422855
2022-06-26,5.877624444444445,33.520980453491234,0.7540881632621677
2022-06-27,4.717267777777778,30.82143046061202,1.503834128374848
2022-06-28,5.000086666666666,31.53056106567385,0.7330358027957118
2022-06-29,4.777882222222222,32.172575887044275,0.012820959000237
2022-06-30,4.917122222222222,31.13892771402999,4.532322287559509
2022-07-01,4.931792222222223,30.073192214965843,4.060350732004281
2022-07-02,4.221636666666667,28.93983103434249,6.876140832901001
2022-07-03,4.1621,29.01179656982424,7.963660359280311
2022-07-04,2.23046,28.091357167561853,9.824895858759676
2022-07-05,3.969637777777778,28.2823533376058,18.779044848258764
2022-07-06,3.319691111111111,27.84442736307784,3.773468732731544
2022-07-07,4.382150555555556,28.31733411153158,10.025303072268343
2022-07-08,2.75905,27.918113962809286,14.516137546799255
2022-07-09,3.559970555555556,27.840424474080407,17.12097337360774
2022-07-10,3.4296844444444443,27.222351328531943,8.906726225347938
2022-07-11,1.878183333333333,26.39843266805013,9.999021887779236
2022-07-12,2.7689322222222224,26.620016988118493,14.40481841558494
2022-07-13,2.099375555555556,26.61458676656088,12.883547293711215
2022-07-14,1.6259677777777777,26.263254419962607,10.367193818090923
2022-07-15,3.032015555555556,26.97827491760256,14.795325706185023
2022-07-16,3.4740877777777777,27.88272374471029,1.067093014682996
2022-07-17,4.58478,28.46605008443197,4.05780375001541
2022-07-18,2.3948377777777776,27.401675160725915,5.502626299858093
2022-07-19,1.4306044444444443,26.080277379353845,14.003425836449424
2022-07-20,4.7028944444444445,28.03024253845217,0.9077372483830004
2022-07-21,4.718547777777777,28.19802818298342,1.5621947913473375
2022-07-22,4.819858888888889,27.848670578002952,4.100641557329254
2022-07-23,2.5552883333333334,26.96216163635256,9.105249587776145
2022-07-24,1.4148661111111112,25.986153539021814,9.412470159418262
2022-07-25,4.329587222222222,27.409087117513025,14.410892128942976
2022-07-26,2.178081111111111,26.432843144734704,5.089247061675906
2022-07-27,4.761903333333334,27.6437876383464,1.4174520969163495
2022-07-28,5.40412,28.62199935913088,0.355577468667434
2022-07-29,4.475976666666667,28.328875478108728,0.5422890171757899
2022-07-30,4.745417777777778,28.3620379130046,0.2648657121540054
2022-07-31,4.825182777777778,28.43846600850424,0.3337502479503484
2022-08-01,4.807609444444444,28.34364471435549,0.450497793337945
2022-08-02,4.537797222222222,27.992990748087607,2.511397004070659
2022-08-03,5.0422183333333335,28.388462956746423,10.58273911475638
2022-08-04,3.35872,28.033917363484704,16.232628636544177
2022-08-05,1.6110511111111112,26.66897354125979,11.717072129215468
2022-08-06,3.8629077777777776,27.64330571492513,3.915062546695936
2022-08-07,5.081010555555555,28.90749829610189,0.8210570710502907
2022-08-08,3.687738333333333,28.444120661417685,9.266480803489683
2022-08-09,4.21277,28.337091700236044,12.705429420975634
2022-08-10,3.7384,27.68356666564944,11.819952726359162
2022-08-11,2.013437222222222,26.970275497436543,7.440188527102265
2022-08-12,3.705395,27.472676849365257,7.542307177526908
2022-08-13,4.054786666666667,27.658884302775107,1.0570068042916605
2022-08-14,4.439178333333333,27.27765490214034,2.2133707999500984
2022-08-15,2.286723333333333,26.41078147888186,21.9435956172056
2022-08-16,1.1232455555555556,25.547933197021507,25.865307450203545
2022-08-17,1.541475,25.79653892517092,8.331701159477234
2022-08-18,4.1844544444444445,27.090987777709984,3.4410685299803845
2022-08-19,3.740665555555556,27.00515327453616,3.2197069867834216
2022-08-20,3.8483005555555554,27.774055735270224,0.6010293960230229
2022-08-21,4.060411666666667,27.66751950581869,0.849569855347454
2022-08-22,2.5051183333333333,26.759278233846032,5.764025449764176
2022-08-23,1.1535122222222225,25.69296099344893,10.692435502903663
2022-08-24,3.899382777777778,26.93133443196615,0.9958624839327967
2022-08-25,4.962701111111112,27.170375442504906,0.8795499801586004
2022-08-26,5.364777222222222,27.08600196838381,0.0161528587341308
2022-08-27,4.875013333333333,26.74717165629073,0.6950497627258301
2022-08-28,5.061601111111111,27.232827758789085,0.0478565692851873
2022-08-29,4.101574444444444,27.56337827046713,0.678718090057373
2022-08-30,5.281694444444445,28.321345265706384,0.3260552882125012
2022-08-31,5.774841111111111,29.40497423807784,0.0749227906062799
2022-09-01,4.323252222222222,28.399492518107134,5.154129862773971
2022-09-02,5.278811666666667,28.72084452311202,0.7926719530928494
2022-09-03,5.874945555555556,29.44797286987307,0.3063112496874964
2022-09-04,4.142100555555556,28.459660466512048,0.1343208486446201
2022-09-05,4.499826666666666,28.190793609619163,0.9108667970281203
2022-09-06,4.941228333333333,27.708424504597986,1.1894021456555492
2022-09-07,5.577339444444444,29.01097768147787,0.1427228959478554
2022-09-08,5.617036111111111,30.34769719441732,0.1089801702960358
2022-09-09,5.9492,30.374866104126,4.01990413661224
2022-09-10,5.64219,29.613336181640648,21.63379788398601
2022-09-11,4.559808888888889,28.45632578531905,7.24458268671313
2022-09-12,3.5025122222222222,27.90693435668948,22.03109860420227
2022-09-13,3.2797922222222224,27.66888008117678,6.056204438095847
2022-09-14,3.301643888888889,26.938832219441736,9.557592868702612
2022-09-15,1.9729822222222224,26.63179740905764,17.115993239087857
2022-09-16,4.573679444444444,27.62504348754885,0.789162339970062
2022-09-17,4.764596111111112,27.27007319132491,0.1222292111151546
2022-09-18,4.84886,27.23613001505538,0.5856841802547308
2022-09-19,5.118631111111111,27.248413340250693,0.0279311561826034
2022-09-20,5.408234444444444,26.9083241780599,0.0220388174057006
2022-09-21,5.074217777777778,26.793016688029013,0.0274628400802612
2022-09-22,5.294995,26.81489206949874,0.010523199932777
2022-09-23,3.3587572916666666,26.52887051900228,0.055354487869863
2022-09-24,4.8109215625,26.676588312784872,0.0716771314728248
2022-09-25,5.602269774305555,26.74020983378097,0.0004351138045421
2022-09-26,4.919182048611111,27.022006607055687,0.4265457390602023
2022-09-27,5.014550347222222,27.32964922587081,0.4749536514232488
2022-09-28,4.958576597222223,27.60169372558596,0.1270502805077455
2022-09-29,5.58945375,27.779933547973656,0.1616954802443615
2022-09-30,5.886960260416667,28.222247695922874,0.0018179416656494
2022-10-01,5.7244201215277775,27.784065500895224,0.001615285839307
2022-10-02,5.500115260416667,27.44558296203616,0.0339150428771972
2022-10-03,5.332159427083333,27.414267476399743,0.0176370143094573
2022-10-04,5.847339670138889,28.311790720621783,0.0017269108525397
2022-10-05,5.7795336979166665,29.63536860148116,0.0017003560515149
2022-10-06,3.144096736111111,28.53347930908205,0.0608644324060492
2022-10-07,2.193398451605902,25.486993408203148,15.317842364311218
2022-10-08,1.7189929307725695,25.289757664998376,7.615998387336731
2022-10-09,3.8195151779513887,26.685066477457724,2.088743448155128
2022-10-10,4.345095555555556,27.548058446248376,0.8962392806211028
2022-10-11,5.246788888888889,27.81336682637533,0.1419484615325927
2022-10-12,5.390507777777778,27.77607371012374,0.0008583068797918
2022-10-13,5.97037,26.724799728393577,0.0012814998058274
2022-10-14,5.966876111111112,26.36252365112307,0.0004261732051702
2022-10-15,5.903533888888889,26.52215410868331,0.0004332050984601
2022-10-16,5.915651111111111,25.609850819905603,0.0008616761419943
2022-10-17,5.89679,25.614959971110068,0.0012904405366498
2022-10-18,5.851897777777777,26.037740961710654,0.0012993812106287
2022-10-19,5.794873333333333,26.192352549235068,0.0017195939676639
2022-10-20,5.213524444444444,26.971331532796228,0.001704355156562
2022-10-21,5.667905555555556,26.943564351399743,0.0
2022-10-22,5.723316666666666,25.72255986531576,0.0
2022-10-23,5.703328888888889,25.70846265157064,0.0004261732051702
2022-10-24,5.713783333333334,26.151985422770224,0.0
2022-10-25,5.667678888888889,26.029236094156943,0.0017284671116613
2022-10-26,5.600061111111111,26.02166328430178,0.0
2022-10-27,5.497744444444445,26.361756261189782,0.0008561632398595
2022-10-28,5.451606666666667,26.72007204691573,0.0008523463179699
2022-10-29,5.43654,26.733342107137048,0.0012784129808096
2022-10-30,5.441076666666667,26.571615473429404,0.0008583068051848
2022-10-31,5.532546666666667,25.89445012410482,0.0008583068797918
2022-11-01,5.447177777777778,25.675171152750693,0.0012814998058274
2022-11-02,5.38626,26.60607172648116,0.0008702277227712
2022-11-03,5.321844444444444,26.40527178446456,0.0008583068797918
2022-11-04,5.301137777777778,26.39909960428878,0.0017285346416429
2022-11-05,5.25344,26.566868718465173,0.0008516956881976
2022-11-06,4.981442222222222,26.905435816446985,0.0008542835416847
2022-11-07,4.968201111111111,27.04251060485842,0.0004351138045421
2022-11-08,4.776167777777777,26.043967183430997,0.0004351138045421
2022-11-09,5.0673377777777775,25.64275830586752,0.000856221788581
2022-11-10,5.082082222222223,25.844201660156276,0.0
2022-11-11,5.071742222222222,26.03431854248049,0.0004351138613856
2022-11-12,5.027364444444444,25.2657238006592,0.0025689600988698
2022-11-13,5.061064444444445,24.260882314046228,0.0004351138045421
2022-11-14,4.984627777777778,24.399833297729515,0.0008523463179699
2022-11-15,4.97516,24.64900169372561,0.0
2022-11-16,4.941855555555556,24.673675791422568,0.0021536690724133
2022-11-17,4.995115555555556,23.601171747843463,0.0
2022-11-18,5.0607388888888885,22.58119354248049,0.0008583068797918
2022-11-19,5.015837777777778,22.43435376485189,0.0004351138080949
2022-11-20,4.943444444444444,23.096405283610068,0.0
2022-11-21,4.926344444444444,22.76881815592452,0.0004351138045421
2022-11-22,4.927732222222223,22.67218615214034,0.0
2022-11-23,4.8223666666666665,22.857532119751,0.001716613667213
2022-11-24,4.880577777777778,22.84982643127444,0.0
2022-11-25,4.874612222222222,22.66280072530111,0.0017097644331443
2022-11-26,4.907461111111111,22.23719622294112,9.153552582574775e-06
2022-11-27,4.86492,21.956421152750693,0.0004351138045421
2022-11-28,4.810947777777778,22.3656943003337,0.000441074366364
2022-11-29,4.771207777777778,22.9894793192546,0.0008614646844762
2022-11-30,4.735485555555556,23.13166516621908,0.0004351138045421
2022-12-01,4.706891111111111,22.571079508463583,0.0008591829896431
2022-12-02,4.726933333333333,22.059360122680687,0.0008583068833445
2022-12-03,4.452136666666667,21.949226633707724,0.0
2022-12-04,4.625157777777778,22.066618855794275,0.0
2022-12-05,4.576007777777778,22.74884694417318,0.0017344950897779
2022-12-06,4.486077777777778,23.511479949951195,0.0008568167118028
2022-12-07,4.553391111111111,22.860860443115257,0.0
2022-12-08,4.672446666666667,21.452673212687216,0.0012844799925915
2022-12-09,4.716492222222223,21.04726943969729,0.0
2022-12-10,4.689982222222223,21.45088094075521,0.0021517276422855
2022-12-11,4.606161111111111,22.755981699625693,0.0008702277227712
2022-12-12,4.425915555555555,25.07647031148275,0.0017166130419354
2022-12-13,3.980393333333333,26.02155138651534,9.83482095762156e-05
2022-12-14,4.163382222222222,25.87153841654464,0.00129972323748
2022-12-15,3.608241111111111,25.48354110717776,0.0076932064416723
2022-12-16,4.316168888888889,25.410400009155296,0.0008553265615773
2022-12-17,4.306775555555555,25.72099329630538,0.001719918998333
2022-12-18,4.282281111111111,25.31121978759768,0.0021457663024193
2022-12-19,4.389791111111111,24.48457552591964,0.0004261732051702
2022-12-20,4.45815,23.48484827677413,0.0012904404798064
2022-12-21,4.49585,22.644623057047568,0.0017187232401738
2022-12-22,4.556507777777778,21.529893493652366,0.0008642672923997
2022-12-23,4.625857777777778,19.86383845011397,0.0012814998058274
2022-12-24,4.653377777777778,19.06547571818038,0.0021427869114631
2022-12-25,4.631258888888889,19.509613927205407,0.0017086835555346
2022-12-26,4.604747777777778,19.779325739542685,0.0008523463748133
2022-12-27,4.597138888888889,20.026513671875023,0.0008523463179699
2022-12-28,4.594014444444444,20.39812240600588,5.6843418860808015e-11
2022-12-29,4.531378888888889,21.459453201293968,0.0
2022-12-30,4.465556666666667,21.3405586242676,0.0004351138045421
2022-12-31,4.627982222222222,19.72492243448897,0.0017106532368416
2023-01-01,4.651222222222223,19.227875010172568,0.0008523463179699
2023-01-02,4.67053,19.17932662963869,0.0004351138045421
2023-01-03,4.649453333333334,19.38086090087893,0.0017163231973427
2023-01-04,4.793852222222222,17.99395650227865,0.0017208616327479
2023-01-05,4.6380477777777775,18.79866434733077,0.001710653293685
2023-01-06,4.387,21.405618286132835,0.0008732079095352
2023-01-07,4.551761111111111,22.389290746053064,0.0021467194528668
2023-01-08,4.644154444444444,21.81254920959475,0.0
2023-01-09,4.709917777777778,21.273684438069665,0.0012904404798064
2023-01-10,4.738445555555556,21.192002868652366,0.0004351138045421
2023-01-11,4.752727777777777,21.556228892008505,0.0
2023-01-12,4.529233333333333,21.57193527221682,0.0
2023-01-13,4.932475555555556,18.628305689493857,0.0017046928064701
2023-01-14,4.977056666666667,17.680739339192712,0.0
2023-01-15,5.0239988888888885,17.134958521525107,0.0013049809126641
2023-01-16,5.038821111111111,17.20804049173995,0.0017216834748978
2023-01-17,5.024328888888889,17.847818628946982,0.0004351138045421
2023-01-18,5.014598888888889,18.92443110148116,0.0004261732051702
2023-01-19,5.017112222222222,19.94758313496908,0.0017106532368416
2023-01-20,5.015501111111111,19.73741238911947,0.0017222751012013
2023-01-21,5.042698888888889,18.992867406209317,0.0004351138045421
2023-01-22,5.1467833333333335,17.782380040486657,0.0
2023-01-23,5.135426666666667,17.85562349955245,0.0008612871056357
2023-01-24,5.133878888888889,17.883257166544638,0.0004351138045421
2023-01-25,5.15367,17.671442286173544,0.0004351138045421
2023-01-26,5.156913333333334,19.02318598429366,0.0008536523523616
2023-01-27,5.117863333333333,20.64521560668948,0.0008553265615773
2023-01-28,4.520076666666666,22.68000946044924,0.0642091035274461
2023-01-29,4.626236666666666,21.03596903483077,2.907757582136128
2023-01-30,5.177371111111111,19.82713406880697,0.0012963482163286
2023-01-31,5.330206111111111,20.39294649759933,0.0025749725409696
2023-02-01,5.404972222222222,19.586983617146814,0.00129334284793
2023-02-02,5.488927777777778,19.930027262369837,0.001710653293685
2023-02-03,5.455345,20.779785410563196,0.0
2023-02-04,5.480643333333333,21.237170791626,0.0
2023-02-05,5.488147777777778,22.021895980834984,0.0012678702887569
2023-02-06,5.408566666666666,22.283801651001,0.0004351138045421
2023-02-07,5.493528888888889,22.4730271657308,0.001710653293685
2023-02-08,5.606861111111111,22.152712758382165,0.0004261732051702
2023-02-09,5.618851111111111,22.9587226867676,0.001281499748984
2023-02-10,5.675999444444445,23.1522041320801,0.0008523463179699
2023-02-11,5.63034,22.34917157491049,0.0011528992445164
2023-02-12,5.717747777777777,23.42229359944662,0.0
2023-02-13,5.866595555555556,21.442760086059597,0.0
2023-02-14,5.84277,22.58454093933108,0.0008609598580733
2023-02-15,5.846081111111111,24.09977366129561,0.0029711448519265
2023-02-16,5.892002777777778,25.1479424794515,3.162767825415358e-05
2023-02-17,5.965616666666667,25.824613825480185,0.0
2023-02-18,5.933161111111112,25.536258316040065,0.0021583064722108
2023-02-19,5.9881327777777775,25.968505477905296,0.0017306896324953
2023-02-20,6.0588733333333336,25.95951868693038,0.0
2023-02-21,6.0715,24.25760866800948,0.0025794284965741
2023-02-22,5.888951666666666,24.73099543253585,0.0021398066678557
2023-02-23,6.090963888888889,24.137263234456384,0.0012844799925915
2023-02-24,6.213144444444445,24.33382059733077,0.0017166137240565
2023-02-25,6.163790555555556,24.601527786254906,0.0021461837604874
2023-02-26,6.252168888888889,24.910517628987638,0.0008523463179699
2023-02-27,6.166367222222222,25.81552022298177,0.0008702277227712
2023-02-28,6.208064444444444,26.674005762736044,0.002581789829037
2023-03-01,6.207255,26.428034083048544,0.0008583068620282
2023-03-02,6.274552222222222,26.95413487752279,0.0
2023-03-03,6.168533888888889,27.72144152323409,0.0008523463179699
2023-03-04,5.69649416015625,28.194625473022484,1.3960927723815075
2023-03-05,5.940961292317708,27.70534922281905,0.0004351138045421
2023-03-06,5.732968524305556,27.060262934366904,0.0768697510125093
2023-03-07,6.055950034722223,26.3553462982178,1.1894474956193335
2023-03-08,6.377166649305556,26.22410672505697,0.0017164804262392
2023-03-09,6.543347204861111,25.908809916178427,6.122036211309023e-07
2023-03-10,6.611565677083333,25.90536015828451,0.0004351138045421
2023-03-11,6.634952638888889,26.67238896687826,0.0013002727996536
2023-03-12,5.750244166666667,27.52766125996908,0.0008702277227712
2023-03-13,5.762508524305556,28.48611984252932,0.0008384401439798
2023-03-14,6.411688263888889,28.552274958292685,0.0008523463179699
2023-03-15,3.842744704861111,26.63729820251467,0.0874317819921088
2023-03-16,6.102937777777778,26.780411656697595,1.0355651378581854
2023-03-17,6.049939010416667,26.61931190490725,0.916207087186649
2023-03-18,5.952850729166666,25.538953399658222,1.1367556926984437
2023-03-19,6.393117083333333,25.18252080281576,1.1385709046862758
2023-03-20,5.9025294965277775,25.36225852966311,0.197746101548546
2023-03-21,5.908916597222222,25.836860911051478,0.2159451371603893
2023-03-22,6.195725,26.36916058858236,0.0505699360928701
2023-03-23,6.460787777777778,26.99846674601241,0.91867744913543
2023-03-24,6.573851111111111,26.53545341491701,0.1202880666824057
2023-03-25,6.610522777777778,25.41694412231448,0.0008643015121378
2023-03-26,6.991628333333333,26.41454213460287,0.0008523463179699
2023-03-27,7.110842777777778,27.301232274373376,0.0
2023-03-28,7.090191111111111,27.25098317464193,0.0
2023-03-29,6.882996666666667,28.878062184651696,0.0099867581297985
2023-03-30,5.756118333333333,26.699597930908222,0.2111941576004028
2023-03-31,6.423021666666667,26.764326349894247,0.0
2023-04-01,6.820636666666666,28.02938041687014,0.0008597733867077
2023-04-02,7.064194444444444,28.6271860758464,0.0025710543063439
2023-04-03,7.096936666666666,28.55640945434573,0.0017031849779414
2023-04-04,6.928196111111111,29.0241580963135,0.1008510589599609
2023-04-05,6.997580555555556,29.55173072814944,0.002831220626831
2023-04-06,7.14876,29.87131334940597,0.0051140784194103
2023-04-07,4.687248333333334,29.81340370178225,0.0325372305383098
2023-04-08,6.666336666666667,30.37670415242513,0.0021439513488985
2023-04-09,6.575617777777778,30.982703145345056,0.001281499748984
2023-04-10,6.893375555555555,31.63143183390304,0.0008523463179699
2023-04-11,7.007820555555556,31.69070460001632,0.0030040737328818
2023-04-12,7.283145,31.255223210652677,-1.1921656550839543e-05
2023-04-13,5.868991111111111,31.57706858317061,0.0
2023-04-14,7.335456666666666,31.54618606567385,0.0004351138045421
2023-04-15,7.383260555555555,30.731560643514,0.0012913313867102
2023-04-16,7.419695555555555,31.0928728739421,0.0008425147370871
2023-04-17,7.450898888888889,32.13276379903158,0.0017131263234659
2023-04-18,7.094185555555556,32.43832804361983,0.0017224063526555
2023-04-19,7.163242777777778,32.675152715047204,0.029981394106926
2023-04-20,7.353487777777778,31.47179311116537,0.1844614744186401
2023-04-21,7.097977222222222,31.088278071085654,0.0
2023-04-22,6.932506666666667,31.00004666646322,0.0
2023-04-23,7.51323,30.845330810546898,0.0
2023-04-24,7.41723,30.8838935852051,0.0017046926359398
2023-04-25,7.505835555555556,31.38751627604171,0.0012830369655603
2023-04-26,6.776061666666667,30.566875076293968,4.428938031196594
2023-04-27,6.785447777777778,30.43200772603353,0.0008642673492431
2023-04-28,6.789712777777778,30.585205332438196,0.2516686915328137
2023-04-29,5.897106666666667,28.1247497558594,2.6795178646352724
2023-04-30,6.300795,26.26222953796389,0.9312093257562992
2023-05-01,6.469998333333334,28.21254437764486,0.0557712542672561
2023-05-02,6.400556666666667,29.28347549438479,0.3019154071353114
2023-05-03,6.816242777777778,30.066843287150107,1.833438873291016
2023-05-04,6.425628333333333,30.243114089965843,1.1336445808360909
2023-05-05,6.900275555555556,32.00650431315108,0.0907806058876303
2023-05-06,6.417375555555555,32.66372197469076,0.071460008616242
2023-05-07,6.927175555555555,33.35535329182943,0.001394748686323
2023-05-08,7.039813333333333,32.905663426717126,0.0008583068797918
2023-05-09,7.328261111111111,33.56249071757003,0.0008587039239671
2023-05-10,7.864011111111111,34.110665257771814,0.0008523463179699
2023-05-11,7.866103333333333,33.933211898803734,0.0004351138045421
2023-05-12,7.868848888888889,34.581110890706384,0.0025808810732996
2023-05-13,7.745635555555555,34.70835901896163,0.0008523463925769
2023-05-14,7.4238422222222225,33.772327677408896,0.0
2023-05-15,7.226175555555556,33.071443176269554,0.0017195939108205
2023-05-16,7.065864444444444,32.97786356608077,0.0034213066442134
2023-05-17,7.470285555555556,32.832556660970056,0.0017225740975845
2023-05-18,7.155097777777778,32.83083114624026,0.0
2023-05-19,7.56469,33.8389882405599,0.0
2023-05-20,6.995175555555556,34.02200787862142,0.0
2023-05-21,7.451851111111111,33.36852289835616,0.0
2023-05-22,7.579824444444444,32.95619481404623,0.0008583068797918
2023-05-23,7.627334444444444,33.03085606892904,0.0008523463748133
2023-05-24,7.340461111111111,33.50532747904464,0.0017176603819279
2023-05-25,7.277739444444444,33.425117746988974,0.0004321336746215
2023-05-26,7.055617777777778,32.97418619791671,0.5200862882475121
2023-05-27,7.160233333333333,33.48559150695803,0.0027269123847872
2023-05-28,5.781242222222223,32.32954940795901,1.2552554259741555
2023-05-29,7.072318888888889,32.46866442362472,0.1129806041717529
2023-05-30,6.950981111111111,32.31230824788412,0.5048036574635262
2023-05-31,7.472495555555556,33.18214950561526,0.0
2023-06-01,7.469772222222222,33.22071037292483,0.0008583068797918
2023-06-02,6.692825555555555,33.65920219421389,0.0312609037678157
2023-06-03,6.927747777777777,33.94009933471682,0.0026553868224254
2023-06-04,7.2054688888888885,33.406557973225915,0.0012814998058274
2023-06-05,7.0896566666666665,33.784188206990564,0.0008523463179699
2023-06-06,7.313343333333333,33.082954661051474,0.0008608316655056
2023-06-07,7.379654444444444,33.285253779093466,0.001716613667213
2023-06-08,7.313124444444444,33.50138053894045,0.0008523463179699
2023-06-09,7.3673,33.63495915730795,0.0025749205860847
2023-06-10,6.992492222222222,33.194486872355185,0.0063445208979828
2023-06-11,6.563923333333333,32.45549227396651,0.2128183841705322
2023-06-12,6.4591433333333335,31.969387944539392,0.251823663706574
2023-06-13,6.1749688888888885,31.26049957275393,1.0520339868484996
2023-06-14,5.670362222222222,30.76392834981283,1.5205062724135132
2023-06-15,4.363048888888889,29.076487477620446,4.912723039922184
2023-06-16,3.963486666666667,30.24032363891604,2.0964995285339683
2023-06-17,4.804117777777778,31.29665654500326,0.6297880599959171
2023-06-18,3.427844444444444,30.76173362731936,0.6662309169769287
2023-06-19,4.810004444444444,31.32976366678878,1.6728639602661133
2023-06-20,5.624274444444445,31.84160194396975,0.0086566054733339
2023-06-21,4.646807777777778,31.81538798014327,0.0394463538100353
2023-06-22,5.58954,32.347637430826865,0.0726691295653836
2023-06-23,5.104365555555556,32.72859026590987,0.0048770278340271
2023-06-24,3.54677,29.704982376098656,16.987109184185556
2023-06-25,3.142864444444444,28.59900118509933,9.948108248977404
2023-06-26,3.1348544444444446,27.955606079101585,29.833466009108637
2023-06-27,4.753603333333333,28.089012400309286,11.5970313548992
2023-06-28,3.1451788888888887,28.450456873575888,2.8508841991374823
2023-06-29,1.8025633333333333,27.19345054626467,35.96592545505928
2023-06-30,3.6666777777777777,27.56752993265792,16.826466371696824
2023-07-01,1.951636666666667,26.87136993408205,23.11191201961904
2023-07-02,4.130945555555556,28.526773707071985,1.1115074157714844
2023-07-03,5.891572222222222,29.802206929524743,0.78119337553062
2023-07-04,5.488976666666667,30.262034352620446,1.131179928677284
2023-07-05,5.36736,29.62016639709475,7.51620531076469
2023-07-06,3.0742233333333333,28.382518386840843,12.740927934601132
2023-07-07,3.47088,28.15803235371908,9.314897656338417
2023-07-08,3.336637222222222,27.9714129130046,7.692332468696605
2023-07-09,1.7459494444444446,26.839803949991904,22.94676415030139
2023-07-10,1.9694694444444445,27.038140869140648,9.207308920508694
2023-07-11,3.8601255555555554,28.66634966532393,2.380920140296894
2023-07-12,1.8816744444444444,28.052667236328148,0.8926395631760897
2023-07-13,3.9904266666666666,28.94510103861495,0.5822173959586507
2023-07-14,4.563512222222222,28.67091013590499,2.3539900779674383
2023-07-15,4.156921111111111,28.777367528279623,1.2441277503967283
2023-07-16,4.764119444444445,28.663402175903343,1.900985836982727
2023-07-17,4.217840555555555,28.73310241699221,2.2903114556243054
2023-07-18,4.41127,29.27414983113607,3.077643776180139
2023-07-19,3.3007577777777777,28.19617360432943,25.72771591644596
2023-07-20,3.052483333333333,28.00205446879073,15.691314006517132
2023-07-21,3.6059744444444446,28.19901301066085,15.618261694804405
2023-07-22,2.937630555555556,27.710043843587243,45.72579860683845
2023-07-23,3.5158738888888887,27.6046138763428,30.48619627941207
2023-07-24,2.5974222222222223,27.35435574849447,11.686453223227034
2023-07-25,3.168778888888889,27.791111882527677,13.641379291129851
2023-07-26,4.798048333333333,28.885123825073265,0.8807630384808363
2023-07-27,4.319109444444444,28.32563552856448,14.044010639189253
2023-07-28,3.779991666666666,28.343244806925497,2.188652753829956
2023-07-29,4.182500555555555,27.97344233194991,4.080043197177474
2023-07-30,3.574569444444444,27.891917800903343,1.1053532361984253
2023-07-31,3.4041516666666665,27.865197118123376,2.5008499621890223
2023-08-01,3.582955,27.900849278767907,3.2896337385750485
2023-08-02,4.374111666666667,28.521152750651083,2.0630776882057944
2023-08-03,3.017531111111111,28.07226142883303,1.8648833035399548
2023-08-04,3.114115,28.030344899495446,1.9997149705837105
2023-08-05,4.315919444444445,28.468323008219443,1.7528921365688177
2023-08-06,3.988243888888889,28.447768147786466,1.2020617723464966
2023-08-07,4.004561111111111,28.385729090372763,0.9569048881417076
2023-08-08,3.51427,28.40460103352865,0.7775367509452735
2023-08-09,3.349725555555556,28.2871083577474,1.3750695115959388
2023-08-10,4.549580555555556,28.34149831136068,2.0856201648484785
2023-08-11,4.629269444444445,28.080831146240257,1.577460765837202
2023-08-12,4.870467777777778,28.1048408508301,1.6690880060146185
2023-08-13,3.810465,28.27853736877444,0.9459406136897996
2023-08-14,3.16558,28.15772781372073,0.7813721895217896
2023-08-15,3.830969444444445,28.245087560017907,1.0731667280197144
2023-08-16,4.791104444444445,28.26921106974288,0.5849599838256836
2023-08-17,3.9258011111111113,27.87563095092776,0.9779632091522216
2023-08-18,4.582553333333333,28.263879394531276,0.3507286310195923
2023-08-19,4.025609444444444,27.776051457722986,10.88133454322815
2023-08-20,1.4672838888888888,25.75731875101729,11.717829108192744
2023-08-21,2.449568333333333,27.128589884440142,1.127204298882134
2023-08-22,3.1757344444444446,28.29093704223635,0.9043544529845348
2023-08-23,3.898292777777778,28.30688819885256,0.8224783706509697
2023-08-24,3.737801111111111,28.279473876953148,0.5637564578364618
2023-08-25,4.436173888888889,28.702665583292685,0.3810524940490722
2023-08-26,4.906537222222222,28.369636154174827,0.4271388053780356
2023-08-27,4.742668888888889,28.02784754435225,0.566527247428894
2023-08-28,5.251121666666666,28.449337259928427,0.3739893436431885
2023-08-29,4.636747222222223,28.250108337402366,0.3395199775582114
2023-08-30,5.145104444444445,28.069461441040065,0.1230395080824564
2023-08-31,5.6829133333333335,28.476267751057943,0.0287771223952404
2023-09-01,6.086370555555556,28.876950836181663,0.0159034971147775
2023-09-02,6.162617222222222,29.40405426025393,0.023640145286663
2023-09-03,5.564960555555556,29.187823232014978,0.1347541808058849
2023-09-04,6.029710555555556,28.60507481892904,0.0021427869683066
2023-09-05,6.259035555555555,29.33898188273116,0.0
2023-09-06,5.735911111111111,30.541352208455407,0.1729428768157959
2023-09-07,4.65604,30.13688367207845,5.948054790394508
2023-09-08,3.03341,29.14794756571456,0.7338374853134155
2023-09-09,4.423922777777777,29.87156066894533,0.0092774629365521
2023-09-10,5.621571666666667,29.582441584269247,0.0226950546675652
2023-09-11,5.060855,29.54398880004885,0.1577729073574119
2023-09-12,5.222495555555556,29.29091415405276,0.0346153974533081
2023-09-13,2.925736111111111,28.47214279174807,0.1536786555220715
2023-09-14,3.993634444444445,29.32252209981283,0.6340235470929656
2023-09-15,3.532539444444444,29.384379959106468,0.1313477754578684
2023-09-16,3.074761111111111,28.89327710469564,14.783650636672974
2023-09-17,1.0268066666666666,25.941504414876302,60.07775962342521
2023-09-18,0.64038,25.276646550496423,126.77361071109772
2023-09-19,3.7172622222222222,26.7089668273926,8.09029638766745
2023-09-20,3.790253888888889,27.458938852946005,2.188265323638916
2023-09-21,5.265678333333334,28.44427388509115,0.1313120125701061
2023-09-22,4.310998333333333,28.251786168416345,2.046042680717619
2023-09-23,5.374155912543403,28.688171641031943,0.74729323387146
2023-09-24,4.170332490234375,27.887953058878622,4.754289984703064
2023-09-25,3.828715920138889,27.664428965250693,5.366220955352219
2023-09-26,5.590590190972223,28.898609415690142,0.4219353198955389
2023-09-27,5.067398211805555,28.92466252644857,7.200583815574646
2023-09-28,4.887929861111111,28.935753122965536,3.4515410661697388
2023-09-29,5.184378125,29.160444513956747,0.0082433223269617
2023-09-30,5.550512361111111,29.09553235371908,0.0017126291140812
2023-10-01,6.131695833333334,28.577403640747093,0.0004467606977698
2023-10-02,6.11354375,27.839702224731468,0.0
2023-10-03,6.175854166666666,27.09217224121096,0.0017344801790386
2023-10-04,6.171307916666667,26.6783494313558,0.0
2023-10-05,6.146354340277778,26.04730186462405,0.001710653293685
2023-10-06,5.901308940972222,26.03006261189779,0.0069141387939453
2023-10-07,5.796559236111111,26.47308184305831,0.0008642673492431
2023-10-08,5.9489232421875,27.051097488403343,0.0008584349870943
2023-10-09,5.9284688943142365,27.020530954996783,0.0008523463179699
2023-10-10,5.9513227777777775,26.42871691385909,0.0017288128901782
2023-10-11,5.907336111111111,27.66962966918948,0.0
2023-10-12,5.463838333333333,28.422331746419275,0.0008523463179699
2023-10-13,5.638572777777778,28.572453435262048,0.0017291212657255
2023-10-14,5.10088,28.311634318033896,0.0017166137240565
2023-10-15,5.243936111111111,28.132823562622093,0.0012755393754559
2023-10-16,5.422991111111111,27.62702585856124,0.0008606480470518
2023-10-17,5.369137222222222,27.142280197143577,0.001722574154428
2023-10-18,5.192792777777778,26.9870709737142,0.002562998815847
2023-10-19,5.647045555555556,27.006955718994163,0.001722574154428
2023-10-20,5.493719444444444,27.71978340148928,0.0017116729509325
2023-10-21,5.496268888888889,27.719106292724632,0.0012860662650382
2023-10-22,5.389170555555555,27.55087560017904,0.0
2023-10-23,5.391129444444444,27.37805773417159,0.0045776366164318
2023-10-24,5.476338888888889,26.89894256591799,0.0017106533718447
2023-10-25,5.473856666666666,26.075423812866237,0.0004351138613856
2023-10-26,5.433128888888889,27.248296356201195,0.0012874602361989
2023-10-27,5.563461111111111,25.505013402303064,0.0017195939676639
2023-10-28,5.367752222222222,26.041092809041345,1.033356511470629e-06
2023-10-29,5.472398888888889,26.59986330668136,0.0012646932532334
2023-10-30,5.377817777777778,26.871430969238304,0.0017160289189632
2023-10-31,5.354016666666666,26.728897349039755,0.001281499748984
2023-11-01,5.326524444444445,26.72503242492678,0.0017180245777126
2023-11-02,5.316484444444445,26.6707753499349,0.0025716951199683
2023-11-03,5.290885555555556,26.78940862019857,-8.696304121258436e-06
2023-11-04,5.207062222222223,26.84060885111495,0.003439187821641
2023-11-05,5.250991111111111,26.709285990397177,0.0017089405446313
2023-11-06,4.862621111111111,26.751257197062216,0.0017249962525056
2023-11-07,5.17727,26.248916880289755,0.0
2023-11-08,5.080718888888889,26.45667101542159,0.0034363210943411
2023-11-09,5.026823333333334,26.2448834737142,0.0008492522169945
2023-11-10,5.000221666666667,26.730529403686543,0.0
2023-11-11,5.169035555555555,25.46166508992513,0.0030100327421678
2023-11-12,5.250434444444444,24.122712707519558,0.0
2023-11-13,4.335032222222222,24.055190022786466,0.0017271270280616
2023-11-14,5.0461688888888885,24.2947771708171,0.0
2023-11-15,5.036518888888889,24.19921137491866,0.0008583068797918
2023-11-16,4.974814444444444,24.45587819417318,0.0017265305700675
2023-11-17,4.905181111111111,24.437766011555997,0.0017136334236056
2023-11-18,4.898275555555555,24.18246294657393,0.0004351138045421
2023-11-19,4.816551111111111,25.003085708618187,0.0025857789296424
2023-11-20,4.595761111111111,25.95054079691573,0.0008702277227712
2023-11-21,4.76664,25.47029266357424,0.0004351138045421
2023-11-22,4.823653333333334,23.88104082743331,0.0017225742112714
2023-11-23,4.889512222222222,23.070415751139365,0.0008583068797918
2023-11-24,4.770077777777778,24.779954528808616,0.0008523463748133
2023-11-25,3.76665,25.89876200358077,0.0
2023-11-26,2.2019011111111118,22.18964983622237,70.23025453088394
2023-11-27,3.096722222222222,21.10872611999514,0.8375847424986205
2023-11-28,3.813552222222222,20.93359718322756,0.016781687634193
2023-11-29,4.024403333333334,21.28609174092611,0.1143574713751149
2023-11-30,3.858347777777778,21.96838912963869,0.0300705432891845
2023-12-01,3.4851888888888887,23.02481740315756,0.1781642434934838
2023-12-02,3.88989,23.913657124837243,0.0724494457244873
2023-12-03,3.759193333333333,23.68198165893557,0.375211238861084
2023-12-04,4.27531,22.48970311482748,0.1060366630554199
2023-12-05,4.466894444444445,21.625600433349632,0.0004351138045421
2023-12-06,4.022617777777778,22.348178482055687,0.1437067985534668
2023-12-07,4.15075,21.751643117268884,0.0
2023-12-08,4.251544444444445,22.00812365214034,0.0027809629727926
2023-12-09,4.523263333333333,21.355927403767907,0.0
2023-12-10,4.511275555555556,21.324920908610068,0.0025560521521583
2023-12-11,4.568025555555556,20.862732823689782,0.0008523463179699
2023-12-12,4.582174444444444,20.42262674967452,0.0017106532368416
2023-12-13,4.410633333333333,21.549507395426478,0.0008523463179699
2023-12-14,4.498383333333333,21.853363927205407,0.0008523463179699
2023-12-15,3.7572033333333335,22.165408070882165,0.0017106532368416
2023-12-16,4.082077777777778,21.35283304850265,0.0008523463179699
2023-12-17,4.53555,20.78433189392092,0.001710653293685
2023-12-18,4.452285555555555,21.22368520100912,0.0017046928064701
2023-12-19,4.291417777777778,20.67004801432296,0.0
2023-12-20,3.5178777777777777,20.10274721781417,0.0004261732051702
2023-12-21,3.481027777777778,20.43022944132491,0.0
2023-12-22,3.764093333333333,21.261418279012048,0.0063359736373058
2023-12-23,4.490263333333333,21.746555582682333,0.001710653293685
2023-12-24,4.524232222222222,21.65397733052572,0.0012905774724458
2023-12-25,4.558265555555556,21.506711578369163,0.0008523463179699
2023-12-26,4.581056666666667,21.30343399047854,0.0025808810164562
2023-12-27,4.515185555555555,21.731864547729515,0.0008523463179699
2023-12-28,4.39085,22.61593335469564,0.0
2023-12-29,4.507286666666666,22.39402796427413,0.0008523463179699
2023-12-30,4.5397388888888885,21.971784845988,0.0
2023-12-31,4.532064444444444,21.18063697814944,0.0008583068797918
2024-01-01,4.575168888888889,20.742086664835654,0.0008523463179699
2024-01-02,4.526028888888889,20.75701484680178,0.0025868415605145
2024-01-03,4.524498888888889,19.86894251505538,0.001716613667213
2024-01-04,4.645778888888889,19.298681513468463,5.6843418860808015e-11
2024-01-05,4.576471111111111,19.344718551635765,0.0
2024-01-06,4.664735555555556,19.48824780782064,0.0008523463748133
2024-01-07,4.281493333333334,20.667443211873376,0.0004351138613856
2024-01-08,3.40038,22.06623547871908,0.3219783306072088
2024-01-09,3.740494444444444,22.659899648030603,0.409444873355369
2024-01-10,4.509526666666667,21.912957127889,0.001713631718303
2024-01-11,4.647201111111111,21.662408447265648,0.0
2024-01-12,4.697888888888889,21.719611740112327,0.0
2024-01-13,4.7794244444444445,21.03406295776369,0.0
2024-01-14,4.979894444444445,19.683630879720056,0.0008642672923997
2024-01-15,4.971928888888889,19.13096516927084,0.0
2024-01-16,4.999698888888889,18.801551437377952,0.0008523463748133
2024-01-17,4.903445555555556,19.33297182718917,0.0004351138045421
2024-01-18,4.919622222222222,20.147077814738,0.000441074366364
2024-01-19,4.935387777777778,20.23799031575521,0.0
2024-01-20,5.010535555555555,19.854283269246423,0.0
2024-01-21,5.004456666666667,19.24028104146322,0.0
2024-01-22,5.07113,19.01141955057784,0.0017236881717508
2024-01-23,5.085193333333334,19.202780024210654,0.0008583068797918
2024-01-24,5.106264444444444,19.39935900370284,0.0
2024-01-25,5.169355555555556,19.56939595540365,0.0008523463748133
2024-01-26,5.1729344444444445,20.01080919901534,0.0
2024-01-27,5.201242222222223,20.72477238972982,0.0
2024-01-28,5.225376666666667,20.895261383056663,0.0004351138045421
2024-01-29,5.120001111111111,20.72822214762374,0.0021427869683066
2024-01-30,4.894143333333333,21.79354693094893,0.0008583068833445
2024-01-31,4.365338888888889,22.18233451843264,0.0004351138045421
2024-02-01,5.021376666666667,22.18889516194662,0.0019404158706493
2024-02-02,5.198116111111111,22.501907602946005,0.0008523463179699
2024-02-03,5.177142222222222,23.52658424377444,0.001714962081678
2024-02-04,5.1592883333333335,24.867343521118187,0.001716613667213
2024-02-05,5.142441111111111,23.44585507710775,0.0
2024-02-06,5.22519,23.53798319498702,0.0008553266184208
2024-02-07,5.205021666666667,23.454855219523157,0.0012993227755941
2024-02-08,5.204646666666667,21.356404876709007,-3.347793153807288e-06
2024-02-09,5.5168188888888885,20.91413141886397,0.001293420684334
2024-02-10,5.587144444444444,21.26419092814132,0.0008583068797918
2024-02-11,5.541759444444445,21.55031865437826,0.0
2024-02-12,5.212922222222222,22.111532465616904,0.001716613667213
2024-02-13,4.926611666666667,22.503799692789755,0.0004225227030474
2024-02-14,5.645105555555555,22.47050565083822,0.0017169718375953
2024-02-15,5.61732,24.177734629313196,0.0008523463179699
2024-02-16,5.657542777777778,24.96554018656417,0.0
2024-02-17,5.644878888888889,25.744028981526696,0.001710653293685
2024-02-18,5.836362222222222,25.11883252461752,0.0
2024-02-19,5.839189444444444,25.456267293294275,0.0017232229083674
2024-02-20,5.675630555555555,24.38447977701827,0.005162160960026
2024-02-21,5.119761111111111,23.68463350931808,0.1387717334750959
2024-02-22,5.642428333333333,23.17481702168783,0.001716613667213
2024-02-23,6.196988888888889,21.91970469156905,0.001281499748984
2024-02-24,6.265093333333334,21.915660476684597,0.0008443129786428
2024-02-25,6.196945,22.60047810872396,0.0008675548492931
2024-02-26,5.110415,24.373293813069665,0.0017256784303754
2024-02-27,5.846036111111111,25.429052607218463,-7.416133485094178e-06
2024-02-28,6.044957777777777,25.631381607055687,0.0
2024-02-29,6.108798888888889,26.99661343892416,0.0
2024-03-01,5.90832,27.38502209981283,0.53711831549208
2024-03-02,4.579611111111111,22.82222264607748,3.0623614787828046
2024-03-03,6.535923716362848,19.039491907755576,0.0017188888250529
2024-03-04,6.446264741753472,19.89415003458663,0.0025749204723979
2024-03-05,6.578956674262153,21.54228553771975,0.0017225742112714
2024-03-06,6.42990546875,22.86616414388021,0.0004202127179553
2024-03-07,6.472446076388889,23.7236317952474,0.0008523463179699
2024-03-08,6.520989097222222,24.334026590983115,0.0004351138045421
2024-03-09,6.663158732638889,24.586366907755576,0.0008523463748133
2024-03-10,6.5189003125,25.85643030802413,0.0
2024-03-11,6.556524427083334,26.88555806477865,0.0004351138045421
2024-03-12,6.615120086805556,26.72865130106612,0.0004475464834285
2024-03-13,6.65312609375,25.942407226562523,0.0
2024-03-14,6.7565175,26.00822219848635,0.0008523463179699
2024-03-15,6.826626909722222,26.45767745971682,0.0021212042042861
2024-03-16,6.776444791666667,26.429037984212243,0.0008983718657873
2024-03-17,6.797643836805555,27.96785825093588,0.0008583068797918
2024-03-18,6.884906545138889,27.67178878784182,0.0012822712278648
2024-03-19,6.977424079861111,27.806516265869163,0.0034274999052286
2024-03-20,6.9659412326388885,28.49987055460616,0.0
2024-03-21,6.646512222222222,28.20892995198568,0.0008523463748133
2024-03-22,7.074319444444445,28.359749730428064,0.0021338462374842
2024-03-23,6.89199,29.159445699055997,0.0008523463179699
2024-03-24,6.913054444444445,29.13422864278158,0.0008523463179699
2024-03-25,6.894307777777778,30.13755124409994,0.0017241018213098
2024-03-26,6.923896666666667,30.91614430745443,0.0
2024-03-27,6.904595,32.07613525390627,0.0008523463179699
2024-03-28,6.842730555555556,31.890009816487638,0.0
2024-03-29,6.951637222222222,31.114334996541345,0.0
2024-03-30,7.041804444444445,29.634136454264365,0.0017046927496267
2024-03-31,7.213123888888889,28.48969802856448,0.0008550650818506
2024-04-01,6.028545555555556,29.258602396647177,0.0008523463179699
2024-04-02,5.889541666666666,29.677965418497763,0.0012889495337731
2024-04-03,6.770032777777778,29.50398406982424,0.0
2024-04-04,6.176908333333333,30.001412328084317,0.0017220344261659
2024-04-05,6.631145,30.92713572184249,0.0004351138613856
2024-04-06,7.109377222222222,30.434119796752952,0.0008523463179699
2024-04-07,7.328573333333333,29.840159988403343,0.0012874602930423
2024-04-08,7.341071111111111,30.66459808349612,0.0008702277796146
2024-04-09,7.380192777777777,31.88812154134115,0.001713180211027
2024-04-10,6.331544444444445,31.517999267578148,2.92232016363414e-07
2024-04-11,6.505652222222222,31.341345723470056,0.0006258487701416
2024-04-12,7.1042427777777775,30.798629379272484,0.0
2024-04-13,7.110443333333333,30.8536424001058,0.0817865133058148
2024-04-14,6.7802983333333335,31.902147547404013,0.0876575708339544
2024-04-15,6.54083,32.73943862915041,0.0093728302772433
2024-04-16,7.058502222222222,33.4172238667806,0.0004291534878575
2024-04-17,7.273708333333333,34.681412633260095,0.000418849538164
2024-04-18,7.286787777777778,33.81308453877767,0.0
2024-04-19,7.034996111111111,32.41872685750326,0.0008523463179699
2024-04-20,7.422371666666667,30.79098218282064,0.0
2024-04-21,6.808440555555555,30.68989334106448,0.0
2024-04-22,7.483897777777778,31.230795160929404,0.0008523463748133
2024-04-23,7.518683888888889,31.430478668212917,0.0025832351298049
2024-04-24,7.479032222222222,32.37602831522628,0.0008498968391279
2024-04-25,7.403699444444444,33.04673665364584,0.0008523463179699
2024-04-26,7.47825,31.990322367350306,5.6843418860808015e-11
2024-04-27,7.030702222222223,32.52329470316573,0.0021421217866191
2024-04-28,7.486831666666666,33.5074567159017,0.002568071636233
2024-04-29,7.5843605555555555,32.837197875976585,0.0008685784855799
2024-04-30,7.719997222222222,32.38947703043624,0.0008542979621495
2024-05-01,7.948166111111111,31.193498865763388,0.0008523463179699
2024-05-02,7.549376666666666,31.44046999613448,0.0008523463179699
2024-05-03,7.605196111111111,32.48852310180666,0.0
2024-05-04,7.322483888888889,34.40255826314291,0.0012814998058274
2024-05-05,5.111811111111111,33.179610824584984,0.000870227836458
2024-05-06,7.583240555555555,33.336785252889,0.0
2024-05-07,7.016114444444445,34.14020754496261,0.0008702277796146
2024-05-08,7.308803333333333,34.49540608723959,0.0008583068797918
2024-05-09,7.285746666666666,34.30217323303225,0.0031650065857036
2024-05-10,7.428504444444444,33.75197308858236,0.001710653293685
2024-05-11,7.3134,34.15569712320968,0.0003576278686523
2024-05-12,7.171752222222223,34.34802080790206,0.0069141387939453
2024-05-13,6.745982222222223,33.71275863647463,0.9713340144799076
2024-05-14,6.680272222222222,32.78345832824709,0.8518403643620331
2024-05-15,6.997522222222222,33.25826988220217,1.2772341671514198
2024-05-16,6.803452222222222,34.33307355244955,0.0325326215033783
2024-05-17,7.551442222222223,35.80170656840011,0.0143946941193462
2024-05-18,7.676765555555556,36.36082483927413,0.0
2024-05-19,7.646967777777777,36.93074760437014,0.0008523463179699
2024-05-20,6.970354444444444,36.22695884704592,0.0
2024-05-21,7.408141111111111,36.18194160461428,0.0008549805556867
2024-05-22,7.2621022222222225,36.71548741658529,0.0008583068797918
2024-05-23,7.549644444444445,37.23461176554366,0.0
2024-05-24,7.629281111111111,36.31586290995284,0.0008523463179699
2024-05-25,7.475014444444445,35.96801910400393,0.0
2024-05-26,7.2759422222222225,35.41965001424154,0.0
2024-05-27,6.998318888888889,34.9024648030599,0.0026416410037199
2024-05-28,7.400524444444445,34.78585205078127,0.0063180923461914
2024-05-29,7.273018888888889,34.088020579020224,0.0128090381572576
2024-05-30,7.334018888888889,33.70371335347494,0.0009119510195887
2024-05-31,7.552633333333333,33.780737177530966,0.0
2024-06-01,7.414885555555555,33.697525278727255,0.0008583068797918
2024-06-02,7.441385555555556,33.81718470255538,0.0
2024-06-03,6.953696666666667,34.51695149739584,0.001716613667213
2024-06-04,7.219051111111111,34.103789265950525,0.0
2024-06-05,7.433394444444445,33.81106211344405,0.0
2024-06-06,7.392493333333333,34.000374094645224,0.0008523463179699
2024-06-07,7.312242222222222,35.170465723673544,0.0008523463179699
2024-06-08,7.199665555555556,34.71266136169436,0.0
2024-06-09,7.037466666666667,35.35313313802084,0.0
2024-06-10,6.660645555555556,34.52251459757491,0.0202387570311657
2024-06-11,6.830001111111111,33.93467737833663,0.001722574154428
2024-06-12,7.098181111111111,33.58038800557455,0.0008430419597971
2024-06-13,7.213898888888889,33.418032582600915,0.00171065221366
2024-06-14,6.828995555555555,33.07755368550619,0.0017309091049355
2024-06-15,6.691831111111111,33.367867406209314,0.0180572429258063
2024-06-16,6.9181944444444445,34.330996449788415,0.0025749206429281
2024-06-17,6.803653333333333,34.32552808125814,0.0012869944043814
2024-06-18,5.677341111111111,34.133505121866904,0.0089424317479824
2024-06-19,4.503005555555555,32.91408945719405,0.1477748155593872
2024-06-20,6.113685555555556,33.83003641764327,0.0117748974730602
2024-06-21,6.306696666666666,34.14306729634603,0.0915935186753813
2024-06-22,6.640366666666667,34.22861569722494,0.0222455095695295
2024-06-23,4.1336,34.02083358764651,0.2803142944003411
2024-06-24,3.895477777777778,32.31408271789553,4.560017585749421
2024-06-25,3.97975,31.093593851725306,2.714449167246613
2024-06-26,4.779301111111111,31.603669738769558,5.992931127536849
2024-06-27,4.572936666666667,31.131260172526083,1.4068186283111572
2024-06-28,3.4597144444444443,29.134940719604515,4.704634739823632
2024-06-29,2.5911066666666667,29.1679403940837,3.1936035614066327
2024-06-30,3.4614088888888888,28.46582438151046,19.330628378895653
2024-07-01,1.740222222222222,27.825691477457724,16.810675453541535
2024-07-02,1.7314588888888889,27.639841969807943,12.02106475830078
2024-07-03,4.526318888888889,29.80774459838869,1.98519229888916
2024-07-04,4.1138288888888885,29.58779233296713,6.505746099776388
2024-07-05,1.574291111111111,28.22474568684896,2.5720715522083992
2024-07-06,3.378758888888889,30.0019190470378,0.4937466770797982
2024-07-07,4.114548888888889,30.442814763387048,0.8766353130340576
2024-07-08,5.230516111111111,30.05928764343264,2.791866660118103
2024-07-09,4.044357777777778,28.70247357686361,43.39913427829245
2024-07-10,5.1024127777777775,29.704517618815142,0.6454586982727051
2024-07-11,4.476836111111111,29.246345138549827,3.786492347614967
2024-07-12,4.3146933333333335,29.050893402099632,3.942275047297272
2024-07-13,4.973693888888889,29.707771555582724,1.057937741279602
2024-07-14,4.577411666666666,29.635785039265954,1.78221762179831
2024-07-15,2.801817222222222,28.897775904337607,10.067218542094023
2024-07-16,3.7149366666666666,28.655603027343773,12.76510357847016
2024-07-17,3.5212755555555555,29.055538431803427,0.8640289306640625
2024-07-18,4.381153333333334,29.2723435719808,0.7706761359145275
2024-07-19,3.2215605555555555,28.954629516601585,0.9143888949552093
2024-07-20,3.3822,28.841910934448265,0.9563816262136982
2024-07-21,3.939825,29.762307739257835,0.5989551543166272
2024-07-22,3.610198333333333,28.63976186116537,4.100489616291725
2024-07-23,2.6152772222222223,28.324201838175497,4.0300339460372925
2024-07-24,1.1717205555555557,26.48758087158205,10.941255092518531
2024-07-25,1.3436444444444444,27.208533859252952,2.3643493652230063
2024-07-26,2.470537777777778,28.147966639200888,2.7076900005340576
2024-07-27,2.4881933333333333,27.115138626098656,10.547012090682983
2024-07-28,3.084695,28.101872380574548,3.2038331031785106
2024-07-29,1.2104511111111111,26.573033269246423,23.14650714390609
2024-07-30,3.7308094444444446,28.293806330363,3.366413712456051
2024-07-31,3.4658177777777777,28.28567593892416,2.6516944168974987
2024-08-01,2.509638333333333,27.773742294311543,2.604470019036853
2024-08-02,1.7861083333333334,26.90645815531417,4.489201307194435
2024-08-03,1.6539383333333333,26.87702204386397,9.789337271911336
2024-08-04,2.8524172222222224,27.58620669047042,3.815531730651856
2024-08-05,2.097200555555556,27.44791183471682,2.171337604522705
2024-08-06,2.4852294444444443,27.431226984659872,1.1643171310424805
2024-08-07,3.6973055555555554,28.008338546752952,1.1631548404693604
2024-08-08,4.316253333333333,28.053538894653343,1.4806687831878662
2024-08-09,3.056285555555556,27.288940684000693,5.917787551879883
2024-08-10,2.606438333333333,26.96245473225912,6.877034902572632
2024-08-11,1.8670205555555557,26.882255172729515,1.2195199727962347
2024-08-12,3.137708888888889,27.355874633789085,2.8816699981639715
2024-08-13,4.234746666666667,28.116962051391624,0.680387020111084
2024-08-14,3.797711111111111,28.4081912994385,1.2674331665039062
2024-08-15,3.97574,28.45741678873702,1.6143471002578735
2024-08-16,4.287359444444444,28.251485443115257,1.0691225528667303
2024-08-17,4.741153888888888,28.395854568481468,0.5010068416595459
2024-08-18,5.344001111111111,29.21550013224288,0.0360548496232127
2024-08-19,5.230134444444444,29.643833414713583,0.3410577774047851
2024-08-20,5.336188333333333,29.396901067097986,1.9634429981465475
2024-08-21,4.624625,29.25171241760256,2.31750266044628
2024-08-22,4.628382222222222,29.291368103027366,11.360126384943214
2024-08-23,2.974614444444444,27.90051803588869,6.745235819721529
2024-08-24,1.3080422222222223,26.453391011555997,19.156888127326965
2024-08-25,0.8937588888888889,25.789239501953148,83.03688764561912
2024-08-26,1.6998983333333333,25.972630437215173,102.40234434604643
2024-08-27,1.1997322222222222,25.525966898600306,78.72459292411804
2024-08-28,1.637021111111111,26.525010681152366,21.186256408686432
2024-08-29,3.222148888888889,27.14471079508468,4.430311918156349
2024-08-30,4.003977222222222,27.31492004394533,0.5188286304473877
2024-08-31,5.028049444444444,27.830528513590536,0.8976489304473034
2024-09-01,5.20761,28.37022298177084,0.5264461040042079
2024-09-02,2.303340555555556,27.16262334187826,29.835397005076203
2024-09-03,0.7995316666666666,25.607403055826865,28.21831703181488
2024-09-04,4.018271666666666,26.792426681518577,1.0606229304244152
2024-09-05,2.443312777777778,26.67778803507491,12.60310411453247
2024-09-06,2.3799822222222224,26.779000218709317,7.983893156051636
2024-09-07,4.761043888888889,27.83957951863607,0.1317560672760009
2024-09-08,4.587252777777778,27.99355087280276,0.4606000046010194
2024-09-09,4.993079444444445,28.29135411580404,0.241893529846493
2024-09-10,4.268168333333334,28.01799799601241,1.0380418516433565
2024-09-11,3.3906033333333334,27.8209224700928,0.65814256657859
2024-09-12,4.431047777777778,27.85961748758956,0.0252187251135183
2024-09-13,5.066512777777778,26.831346766154013,0.4770755767253831
2024-09-14,4.285193888888889,26.27344983418783,1.3830840586592783
2024-09-15,4.738182222222222,26.516428248087607,0.2274008513154513
2024-09-16,5.972704444444444,26.66466356913253,0.0074177973097278
2024-09-17,5.513795,26.94648704528811,0.0438094139099121
2024-09-18,4.689692777777778,27.503635660807333,0.1422405242692548
2024-09-19,5.992363888888889,28.290327326456747,0.0042916467464237
2024-09-20,5.374002222222222,28.3007700602214,0.2093943261343156
2024-09-21,4.989313888888889,28.48938522338869,0.182712078071745
2024-09-22,5.062230798611111,28.78411445617678,0.183063745396339
2024-09-23,5.755363020833333,29.52980766296389,0.0032793397508612
2024-09-24,4.880925555555556,29.67074356079104,0.2837055258737564
2024-09-25,4.857821354166667,29.43817036946615,4.46397066116333
2024-09-26,3.87292390625,28.843160883585654,6.088465452194214
2024-09-27,2.9368210763888887,27.23781293233236,31.5451224129788
2024-09-28,1.9610852777777776,26.497186279296898,10.719619246117418
2024-09-29,2.647041388888889,26.98635571797689,10.51880717267295
2024-09-30,4.691490694444444,28.280108388264978,0.6639801011374402
2024-10-01,5.44118671875,29.232927576700888,0.3397166728973388
2024-10-02,5.66583859375,29.157495117187523,0.0171244143416515
2024-10-03,4.897916111111111,28.005787785847986,0.0035884665976482
2024-10-04,5.321181857638889,27.26522598266604,0.0032088369152916
2024-10-05,5.083388038194444,26.995502090454124,0.0260359545904975
2024-10-06,5.692658923611111,27.29212659200033,0.0075638294170232
2024-10-07,5.8631441655815975,28.152303949991904,0.0
2024-10-08,5.709399018012153,28.436849212646507,0.0719368457566815
2024-10-09,5.659574836900499,28.81531168619796,0.4447102546691894
2024-10-10,1.6130316666666666,25.97965011596682,1.796303557000556
2024-10-11,2.451582777777778,26.625077184041345,2.248751290551354
2024-10-12,3.327306666666667,26.192064539591517,7.735416293144226
2024-10-13,4.463603333333333,27.45830561319991,5.113552450097814
2024-10-14,3.828103333333333,27.67380676269533,0.3468155859991384
2024-10-15,5.080745,28.804210281372093,0.1338422298431396
2024-10-16,5.109142777777778,28.52594401041671,0.0283689277154053
2024-10-17,5.578212222222223,27.98257217407229,0.0008523463748133
2024-10-18,5.071245555555556,28.66254069010421,1.1788487433364023
2024-10-19,4.818104444444445,27.972448603312216,6.875802884110271
2024-10-20,4.093946666666667,27.646561559041345,6.331342458679501
2024-10-21,4.574303333333333,27.40928548177084,3.229954838747773
2024-10-22,4.859021111111111,27.33317209879561,0.1658678054354823
2024-10-23,5.123116666666666,27.644475555419945,0.0047326087901922
2024-10-24,5.512027777777778,26.99578119913741,0.0008583068797918
2024-10-25,5.536704444444444,27.28722407023116,0.0017189478285217
2024-10-26,5.516067777777778,27.241754150390648,3.56106966137304e-06
2024-10-27,5.442574444444444,27.38520584106448,0.0
2024-10-28,5.408021111111111,27.568952814738,0.0
2024-10-29,5.343155555555556,28.520870463053427,0.0
2024-10-30,5.383591111111111,27.73591575622561,0.0
2024-10-31,5.367028888888889,27.343750890096032,0.0
2024-11-01,5.374431111111111,27.52982610066732,0.0008523463179699
2024-11-02,5.354501111111111,27.20626284281417,0.0008612870487922
2024-11-03,5.26256,26.61049741109213,0.0025779399948078
2024-11-04,5.214094444444444,26.912049229939782,0.0
2024-11-05,5.2043333333333335,26.917292531331384,0.0008523463179699
2024-11-06,5.189108888888889,27.2100546518962,0.0017231332662959
2024-11-07,5.132264444444444,27.348689015706384,0.0008504217134941
2024-11-08,5.124981111111111,27.09734369913741,0.0008523463179699
2024-11-09,5.043711111111112,27.56933746337893,0.0
2024-11-10,5.091724444444444,27.05205243428549,0.0008523463179699
2024-11-11,5.070725555555556,26.475630060831747,0.0008583068797918
2024-11-12,5.015442222222222,26.403669611613,0.0
2024-11-13,5.004201111111112,25.452898915608728,0.001716613667213
2024-11-14,5.028232222222222,25.38761164347335,0.0004291534487776
2024-11-15,5.033585555555556,24.338670984904013,0.0004351138045421
2024-11-16,5.037257777777778,23.96170323689779,0.0008523463179699
2024-11-17,4.963005555555555,24.15128860473635,0.0
2024-11-18,4.922787777777778,23.91923611958822,0.0008523463179699
2024-11-19,4.863064444444444,24.03171119689944,0.0012934207234138
2024-11-20,4.871914444444444,23.343598302205407,0.0
2024-11-21,4.973156666666666,22.175799942016624,0.0017320427332379
2024-11-22,4.927885555555555,21.92830365498861,0.0004261732051702
2024-11-23,4.870433333333334,22.01825866699221,0.0008642672355563
2024-11-24,4.819948888888889,22.49437484741213,0.0
2024-11-25,4.766886666666666,22.78252499898275,0.0008583068797918
2024-11-26,4.8074844444444444,22.56389643351241,0.0
2024-11-27,4.75955,22.65896377563479,0.0
2024-11-28,4.737647777777778,22.967940266927087,0.0017189909726766
2024-11-29,4.714498888888889,22.176927185058616,0.0012934207234138
2024-11-30,4.7929466666666665,21.575046793619837,0.0
2024-12-01,4.752691111111111,21.72232271830245,0.0042967024000972
2024-12-02,4.703456666666667,22.735539372762048,-5.190713636693545e-06
2024-12-03,4.350472222222222,24.17503890991213,0.0004351138045421
2024-12-04,4.518054444444444,24.72568283081057,0.0021398067246991
2024-12-05,4.476414444444444,24.465799585978232,0.0004420513164404
2024-12-06,4.572807777777777,22.555539703369163,0.0017166137240565
2024-12-07,4.677205555555555,21.2050497690837,0.001281499748984
2024-12-08,4.741498888888889,20.32480901082357,0.0
2024-12-09,4.85882,19.02701085408529,0.0025884912702167
2024-12-10,4.742763333333333,18.62595138549807,0.0008523463179699
2024-12-11,4.716214444444445,18.90904261271163,0.0
2024-12-12,4.676177777777778,18.92580121358236,0.0025736953261912
2024-12-13,4.727432222222222,18.92811482747396,0.0
2024-12-14,4.754991111111111,18.892314529418968,0.0008702277227712
2024-12-15,4.746212222222222,19.391625340779623,0.0
2024-12-16,4.723448888888889,19.43009084065756,0.0004261732051702
2024-12-17,4.6450177777777775,19.247727966308616,0.0008596848033448
2024-12-18,4.609435555555556,20.148442204793295,0.0012898295267405
2024-12-19,4.552214444444444,20.560772196451865,0.000849336821318
2024-12-20,4.595576666666667,19.75586090087893,0.0
2024-12-21,4.524093333333333,21.608358637491904,0.0
2024-12-22,3.6976311111111113,22.284540430704794,0.0048515485673306
2024-12-23,4.3706088888888885,20.07155253092452,0.0
2024-12-24,4.659282222222222,19.14115231831869,0.002147676639197
2024-12-25,4.468755555555555,21.35245475769045,-2.8733211365761235e-06
2024-12-26,3.097153333333333,23.332432683308923,0.0072196611995423
2024-12-27,3.2329,22.02684555053713,0.0122369833093216
2024-12-28,4.549425555555556,20.294033304850306,0.0
2024-12-29,4.535697777777778,20.296502685546898,0.0008583068797918
2024-12-30,4.537804444444444,20.110393142700214,0.0008583068797918
2024-12-31,4.597704444444444,20.34022420247396,0.0
