date,latitude,longitude,temperature_k,temperature_c
2005-01-01,22.999693294401865,72.60115569230976,290.8949197133382,17.74491971333822
2005-01-02,22.999693294401865,72.60115569230976,291.20962715148926,18.05962715148928
2005-01-03,22.999693294401865,72.60115569230976,291.4184627532959,18.26846275329592
2005-01-04,22.999693294401865,72.60115569230976,292.6413466135661,19.491346613566122
2005-01-05,22.999693294401865,72.60115569230976,293.14365641276044,19.99365641276046
2005-01-06,22.999693294401865,72.60115569230976,292.6812992095947,19.53129920959475
2005-01-07,22.999693294401865,72.60115569230976,292.8024101257324,19.652410125732445
2005-01-08,22.999693294401865,72.60115569230976,292.3780161539714,19.228016153971396
2005-01-09,22.999693294401865,72.60115569230976,292.5127379099528,19.36273790995284
2005-01-10,22.999693294401865,72.60115569230976,292.61636606852215,19.466366068522177
2005-01-11,22.999693294401865,72.60115569230976,291.62907854715985,18.479078547159872
2005-01-12,22.999693294401865,72.60115569230976,291.7813949584961,18.631394958496116
2005-01-13,22.999693294401865,72.60115569230976,291.8801326751709,18.73013267517092
2005-01-14,22.999693294401865,72.60115569230976,292.42294692993164,19.272946929931663
2005-01-15,22.999693294401865,72.60115569230976,292.96948051452637,19.81948051452639
2005-01-16,22.999693294401865,72.60115569230976,292.6334819793701,19.48348197937014
2005-01-17,22.999693294401865,72.60115569230976,290.90270805358887,17.75270805358889
2005-01-18,22.999693294401865,72.60115569230976,290.0097141265869,16.859714126586937
2005-01-19,22.999693294401865,72.60115569230976,290.9034620920817,17.753462092081747
2005-01-20,22.999693294401865,72.60115569230976,291.77013206481934,18.62013206481936
2005-01-21,22.999693294401865,72.60115569230976,291.96699651082355,18.81699651082357
2005-01-22,22.999693294401865,72.60115569230976,292.2515519460042,19.101551946004236
2005-01-23,22.999693294401865,72.60115569230976,291.6567910512288,18.506791051228845
2005-01-24,22.999693294401865,72.60115569230976,292.17614873250324,19.02614873250326
2005-01-25,22.999693294401865,72.60115569230976,292.58903948465985,19.439039484659872
2005-01-26,22.999693294401865,72.60115569230976,292.93107922871906,19.78107922871908
2005-01-27,22.999693294401865,72.60115569230976,292.9751377105713,19.825137710571312
2005-01-28,22.999693294401865,72.60115569230976,291.35631624857587,18.206316248575888
2005-01-29,22.999693294401865,72.60115569230976,291.32232666015625,18.172326660156273
2005-01-30,22.999693294401865,72.60115569230976,292.56543922424316,19.415439224243187
2005-01-31,22.999693294401865,72.60115569230976,292.58381779988605,19.43381779988607
2005-02-01,22.999693294401865,72.60115569230976,292.13637288411456,18.986372884114587
2005-02-02,22.999693294401865,72.60115569230976,292.4069080352783,19.256908035278343
2005-02-03,22.999693294401865,72.60115569230976,292.6593640645345,19.50936406453451
2005-02-04,22.999693294401865,72.60115569230976,293.00467109680176,19.85467109680178
2005-02-05,22.999693294401865,72.60115569230976,294.96302541097003,21.813025410970056
2005-02-06,22.999693294401865,72.60115569230976,294.87221654256183,21.722216542561853
2005-02-07,22.999693294401865,72.60115569230976,294.9975128173828,21.847512817382835
2005-02-08,22.999693294401865,72.60115569230976,296.21418444315594,23.064184443155966
2005-02-09,22.999693294401865,72.60115569230976,297.7270088195801,24.5770088195801
2005-02-10,22.999693294401865,72.60115569230976,299.1179841359456,25.967984135945642
2005-02-11,22.999693294401865,72.60115569230976,296.99653879801434,23.846538798014365
2005-02-12,22.999693294401865,72.60115569230976,297.3369248708089,24.186924870808923
2005-02-13,22.999693294401865,72.60115569230976,298.24778683980304,25.097786839803064
2005-02-14,22.999693294401865,72.60115569230976,298.3034210205078,25.153421020507835
2005-02-15,22.999693294401865,72.60115569230976,297.8579387664795,24.707938766479515
2005-02-16,22.999693294401865,72.60115569230976,295.8941815694173,22.74418156941732
2005-02-17,22.999693294401865,72.60115569230976,294.3996067047119,21.249606704711937
2005-02-18,22.999693294401865,72.60115569230976,291.60012435913086,18.450124359130882
2005-02-19,22.999693294401865,72.60115569230976,289.41391372680664,16.263913726806663
2005-02-20,22.999693294401865,72.60115569230976,289.3811429341634,16.231142934163415
2005-02-21,22.999693294401865,72.60115569230976,291.47294425964355,18.322944259643577
2005-02-22,22.999693294401865,72.60115569230976,292.1215254465739,18.971525446573935
2005-02-23,22.999693294401865,72.60115569230976,292.9788939158122,19.828893915812216
2005-02-24,22.999693294401865,72.60115569230976,295.12160301208496,21.971603012084984
2005-02-25,22.999693294401865,72.60115569230976,297.13294474283856,23.982944742838583
2005-02-26,22.999693294401865,72.60115569230976,298.4545650482178,25.304565048217796
2005-02-27,22.999693294401865,72.60115569230976,299.7848409016927,26.634840901692712
2005-02-28,22.999693294401865,72.60115569230976,300.7832457224528,27.63324572245284
2005-03-01,22.999693294401865,72.60115569230976,300.64831097920734,27.49831097920736
2005-03-02,22.999693294401865,72.60115569230976,301.23363304138184,28.08363304138186
2005-03-03,22.999693294401865,72.60115569230976,299.9219029744466,26.77190297444662
2005-03-04,22.999693294401865,72.60115569230976,299.5847644805908,26.434764480590843
2005-03-05,22.999693294401865,72.60115569230976,298.03953742980957,24.889537429809593
2005-03-06,22.999693294401865,72.60115569230976,298.6365273793538,25.486527379353845
2005-03-07,22.999693294401865,72.60115569230976,298.0754102071126,24.925410207112634
2005-03-08,22.999693294401865,72.60115569230976,298.6380736033122,25.488073603312216
2005-03-09,22.999693294401865,72.60115569230976,298.42005983988446,25.270059839884482
2005-03-10,22.999693294401865,72.60115569230976,297.9637851715088,24.813785171508812
2005-03-11,22.999693294401865,72.60115569230976,298.4386234283447,25.28862342834475
2005-03-12,22.999693294401865,72.60115569230976,299.0703303019206,25.920330301920615
2005-03-13,22.999693294401865,72.60115569230976,299.44845898946124,26.298458989461267
2005-03-14,22.999693294401865,72.60115569230976,300.33790397644043,27.187903976440452
2005-03-15,22.999693294401865,72.60115569230976,300.63408279418945,27.484082794189476
2005-03-16,22.999693294401865,72.60115569230976,300.8155771891276,27.665577189127646
2005-03-17,22.999693294401865,72.60115569230976,300.63307698567706,27.483076985677087
2005-03-18,22.999693294401865,72.60115569230976,301.09128697713214,27.941286977132165
2005-03-19,22.999693294401865,72.60115569230976,301.5428040822347,28.392804082234704
2005-03-20,22.999693294401865,72.60115569230976,302.50690205891925,29.356902058919275
2005-03-21,22.999693294401865,72.60115569230976,301.167423248291,28.01742324829104
2005-03-22,22.999693294401865,72.60115569230976,300.43260955810547,27.28260955810549
2005-03-23,22.999693294401865,72.60115569230976,299.72115389506024,26.571153895060263
2005-03-24,22.999693294401865,72.60115569230976,299.79480870564777,26.64480870564779
2005-03-25,22.999693294401865,72.60115569230976,300.8409716288249,27.69097162882491
2005-03-26,22.999693294401865,72.60115569230976,301.5909233093262,28.440923309326195
2005-03-27,22.999693294401865,72.60115569230976,301.2465400695801,28.0965400695801
2005-03-28,22.999693294401865,72.60115569230976,301.9129530588786,28.762953058878622
2005-03-29,22.999693294401865,72.60115569230976,302.02494112650555,28.874941126505576
2005-03-30,22.999693294401865,72.60115569230976,301.29368273417157,28.14368273417159
2005-03-31,22.999693294401865,72.60115569230976,301.7508894602458,28.60088946024581
2005-04-01,22.999693294401865,72.60115569230976,301.87002182006836,28.720021820068382
2005-04-02,22.999693294401865,72.60115569230976,301.9452304840088,28.795230484008812
2005-04-03,22.999693294401865,72.60115569230976,302.9379119873047,29.78791198730471
2005-04-04,22.999693294401865,72.60115569230976,303.25507672627765,30.105076726277673
2005-04-05,22.999693294401865,72.60115569230976,304.12915992736816,30.979159927368187
2005-04-06,22.999693294401865,72.60115569230976,304.9222990671794,31.772299067179404
2005-04-07,22.999693294401865,72.60115569230976,302.90001424153644,29.750014241536462
2005-04-08,22.999693294401865,72.60115569230976,300.5110327402751,27.361032740275107
2005-04-09,22.999693294401865,72.60115569230976,300.22281646728516,27.07281646728518
2005-04-10,22.999693294401865,72.60115569230976,299.51591873168945,26.365918731689476
2005-04-11,22.999693294401865,72.60115569230976,300.40935198465985,27.259351984659872
2005-04-12,22.999693294401865,72.60115569230976,302.03904914855957,28.889049148559593
2005-04-13,22.999693294401865,72.60115569230976,303.83132044474286,30.68132044474288
2005-04-14,22.999693294401865,72.60115569230976,303.366657892863,30.216657892862997
2005-04-15,22.999693294401865,72.60115569230976,304.1824785868327,31.032478586832724
2005-04-16,22.999693294401865,72.60115569230976,304.3060557047526,31.156055704752646
2005-04-17,22.999693294401865,72.60115569230976,304.15836906433105,31.008369064331077
2005-04-18,22.999693294401865,72.60115569230976,304.4799868265788,31.329986826578818
2005-04-19,22.999693294401865,72.60115569230976,304.4561258951823,31.306125895182333
2005-04-20,22.999693294401865,72.60115569230976,305.2147928873698,32.06479288736983
2005-04-21,22.999693294401865,72.60115569230976,305.4455483754476,32.295548375447595
2005-04-22,22.999693294401865,72.60115569230976,305.17853864034015,32.02853864034017
2005-04-23,22.999693294401865,72.60115569230976,305.8431084950765,32.6931084950765
2005-04-24,22.999693294401865,72.60115569230976,305.0968774159749,31.94687741597494
2005-04-25,22.999693294401865,72.60115569230976,304.9381612141927,31.788161214192712
2005-04-26,22.999693294401865,72.60115569230976,304.7534650166829,31.603465016682946
2005-04-27,22.999693294401865,72.60115569230976,305.18200302124023,32.03200302124026
2005-04-28,22.999693294401865,72.60115569230976,305.02090009053546,31.870900090535486
2005-04-29,22.999693294401865,72.60115569230976,304.55445925394696,31.404459253946982
2005-04-30,22.999693294401865,72.60115569230976,304.30908393859863,31.159083938598656
2005-05-01,22.999693294401865,72.60115569230976,305.27919896443683,32.12919896443685
2005-05-02,22.999693294401865,72.60115569230976,305.77690505981445,32.626905059814476
2005-05-03,22.999693294401865,72.60115569230976,305.86951446533203,32.719514465332054
2005-05-04,22.999693294401865,72.60115569230976,304.8949057261149,31.74490572611495
2005-05-05,22.999693294401865,72.60115569230976,304.6903247833252,31.540324783325218
2005-05-06,22.999693294401865,72.60115569230976,304.91779073079425,31.767790730794275
2005-05-07,22.999693294401865,72.60115569230976,305.0715567270915,31.921556727091513
2005-05-08,22.999693294401865,72.60115569230976,304.8289057413737,31.67890574137374
2005-05-09,22.999693294401865,72.60115569230976,304.85413614908856,31.704136149088583
2005-05-10,22.999693294401865,72.60115569230976,304.77098337809247,31.62098337809249
2005-05-11,22.999693294401865,72.60115569230976,304.35117785135907,31.20117785135909
2005-05-12,22.999693294401865,72.60115569230976,304.5538323720296,31.403832372029626
2005-05-13,22.999693294401865,72.60115569230976,304.9374605814616,31.78746058146163
2005-05-14,22.999693294401865,72.60115569230976,304.9670327504476,31.817032750447595
2005-05-15,22.999693294401865,72.60115569230976,305.85206095377606,32.70206095377608
2005-05-16,22.999693294401865,72.60115569230976,306.386474609375,33.23647460937502
2005-05-17,22.999693294401865,72.60115569230976,305.3166281382243,32.166628138224326
2005-05-18,22.999693294401865,72.60115569230976,305.325652440389,32.175652440389
2005-05-19,22.999693294401865,72.60115569230976,306.60054270426434,33.450542704264365
2005-05-20,22.999693294401865,72.60115569230976,307.6863950093587,34.53639500935873
2005-05-21,22.999693294401865,72.60115569230976,307.7874876658122,34.637487665812216
2005-05-22,22.999693294401865,72.60115569230976,306.79170926411945,33.64170926411947
2005-05-23,22.999693294401865,72.60115569230976,307.4442882537842,34.2942882537842
2005-05-24,22.999693294401865,72.60115569230976,308.3113479614258,35.161347961425804
2005-05-25,22.999693294401865,72.60115569230976,307.40941619873047,34.25941619873049
2005-05-26,22.999693294401865,72.60115569230976,306.19347763061523,33.04347763061526
2005-05-27,22.999693294401865,72.60115569230976,306.9009380340576,33.75093803405764
2005-05-28,22.999693294401865,72.60115569230976,307.1622263590495,34.01222635904952
2005-05-29,22.999693294401865,72.60115569230976,306.40390459696454,33.25390459696456
2005-05-30,22.999693294401865,72.60115569230976,306.83556365966797,33.68556365966799
2005-05-31,22.999693294401865,72.60115569230976,307.96592140197754,34.81592140197756
2005-06-01,22.999693294401865,72.60115569230976,307.97507603963214,34.825076039632165
2005-06-02,22.999693294401865,72.60115569230976,306.79795900980633,33.64795900980636
2005-06-03,22.999693294401865,72.60115569230976,305.9946111043294,32.84461110432943
2005-06-04,22.999693294401865,72.60115569230976,306.11920229593915,32.96920229593917
2005-06-05,22.999693294401865,72.60115569230976,306.1533082326253,33.00330823262533
2005-06-06,22.999693294401865,72.60115569230976,305.83655548095703,32.686555480957054
2005-06-07,22.999693294401865,72.60115569230976,305.7762343088786,32.62623430887862
2005-06-08,22.999693294401865,72.60115569230976,306.2864163716634,33.136416371663415
2005-06-09,22.999693294401865,72.60115569230976,306.5506312052409,33.40063120524093
2005-06-10,22.999693294401865,72.60115569230976,306.51438585917157,33.36438585917159
2005-06-11,22.999693294401865,72.60115569230976,306.7108834584554,33.56088345845541
2005-06-12,22.999693294401865,72.60115569230976,306.70419375101727,33.554193751017294
2005-06-13,22.999693294401865,72.60115569230976,306.1902961730957,33.040296173095726
2005-06-14,22.999693294401865,72.60115569230976,306.9551130930583,33.80511309305831
2005-06-15,22.999693294401865,72.60115569230976,307.0860659281413,33.93606592814132
2005-06-16,22.999693294401865,72.60115569230976,306.9768931070964,33.826893107096396
2005-06-17,22.999693294401865,72.60115569230976,307.0706621805827,33.920662180582724
2005-06-18,22.999693294401865,72.60115569230976,308.0703207651774,34.92032076517745
2005-06-19,22.999693294401865,72.60115569230976,306.03614171346027,32.88614171346029
2005-06-20,22.999693294401865,72.60115569230976,305.04919751485187,31.899197514851892
2005-06-21,22.999693294401865,72.60115569230976,304.3032220204671,31.153222020467126
2005-06-22,22.999693294401865,72.60115569230976,304.01012420654297,30.86012420654299
2005-06-23,22.999693294401865,72.60115569230976,303.0392958323161,29.889295832316122
2005-06-24,22.999693294401865,72.60115569230976,302.08702150980633,28.937021509806357
2005-06-25,22.999693294401865,72.60115569230976,301.80052375793457,28.650523757934593
2005-06-26,22.999693294401865,72.60115569230976,301.63812319437665,28.48812319437667
2005-06-27,22.999693294401865,72.60115569230976,300.16468747456867,27.01468747456869
2005-06-28,22.999693294401865,72.60115569230976,300.23873202006024,27.088732020060263
2005-06-29,22.999693294401865,72.60115569230976,299.62728055318195,26.47728055318197
2005-06-30,22.999693294401865,72.60115569230976,299.8239097595215,26.673909759521507
2005-07-01,22.999693294401865,72.60115569230976,298.67980766296387,25.52980766296389
2005-07-02,22.999693294401865,72.60115569230976,298.37500699361163,25.225006993611657
2005-07-03,22.999693294401865,72.60115569230976,299.474058787028,26.324058787028036
2005-07-04,22.999693294401865,72.60115569230976,301.95470873514813,28.804708735148154
2005-07-05,22.999693294401865,72.60115569230976,302.35853894551593,29.208538945515954
2005-07-06,22.999693294401865,72.60115569230976,302.4476712544759,29.297671254475915
2005-07-07,22.999693294401865,72.60115569230976,302.18535804748535,29.035358047485374
2005-07-08,22.999693294401865,72.60115569230976,301.8355191548665,28.68551915486654
2005-07-09,22.999693294401865,72.60115569230976,301.88894844055176,28.73894844055178
2005-07-10,22.999693294401865,72.60115569230976,302.17031415303546,29.020314153035486
2005-07-11,22.999693294401865,72.60115569230976,302.63000933329266,29.480009333292685
2005-07-12,22.999693294401865,72.60115569230976,301.9107977549235,28.760797754923544
2005-07-13,22.999693294401865,72.60115569230976,301.6048291524251,28.454829152425134
2005-07-14,22.999693294401865,72.60115569230976,301.9694360097249,28.81943600972494
2005-07-15,22.999693294401865,72.60115569230976,301.6712646484375,28.521264648437523
2005-07-16,22.999693294401865,72.60115569230976,301.4861036936442,28.336103693644247
2005-07-17,22.999693294401865,72.60115569230976,301.7559159596761,28.60591595967611
2005-07-18,22.999693294401865,72.60115569230976,302.5714422861735,29.421442286173544
2005-07-19,22.999693294401865,72.60115569230976,303.0349655151367,29.88496551513674
2005-07-20,22.999693294401865,72.60115569230976,302.7096691131592,29.559669113159202
2005-07-21,22.999693294401865,72.60115569230976,302.5945587158203,29.444558715820335
2005-07-22,22.999693294401865,72.60115569230976,302.66755930582684,29.517559305826865
2005-07-23,22.999693294401865,72.60115569230976,302.8965479532878,29.746547953287802
2005-07-24,22.999693294401865,72.60115569230976,303.00901285807294,29.85901285807296
2005-07-25,22.999693294401865,72.60115569230976,303.1696383158366,30.01963831583663
2005-07-26,22.999693294401865,72.60115569230976,302.7348442077637,29.584844207763695
2005-07-27,22.999693294401865,72.60115569230976,300.3620026906331,27.212002690633142
2005-07-28,22.999693294401865,72.60115569230976,298.3826363881429,25.232636388142907
2005-07-29,22.999693294401865,72.60115569230976,298.48538335164386,25.335383351643884
2005-07-30,22.999693294401865,72.60115569230976,299.84614753723145,26.696147537231468
2005-07-31,22.999693294401865,72.60115569230976,300.5534076690674,27.403407669067406
2005-08-01,22.999693294401865,72.60115569230976,299.37654813130695,26.22654813130697
2005-08-02,22.999693294401865,72.60115569230976,298.2136224110921,25.063622411092126
2005-08-03,22.999693294401865,72.60115569230976,298.8848597208659,25.734859720865927
2005-08-04,22.999693294401865,72.60115569230976,299.69548479715985,26.545484797159872
2005-08-05,22.999693294401865,72.60115569230976,299.76114082336426,26.61114082336428
2005-08-06,22.999693294401865,72.60115569230976,300.3682060241699,27.218206024169945
2005-08-07,22.999693294401865,72.60115569230976,300.9915517171224,27.8415517171224
2005-08-08,22.999693294401865,72.60115569230976,300.7445640563965,27.594564056396507
2005-08-09,22.999693294401865,72.60115569230976,300.6106554667155,27.460655466715536
2005-08-10,22.999693294401865,72.60115569230976,300.58234151204425,27.432341512044275
2005-08-11,22.999693294401865,72.60115569230976,300.3605276743571,27.210527674357138
2005-08-12,22.999693294401865,72.60115569230976,300.7318642934163,27.581864293416345
2005-08-13,22.999693294401865,72.60115569230976,301.08724721272785,27.93724721272787
2005-08-14,22.999693294401865,72.60115569230976,301.19155438741046,28.041554387410486
2005-08-15,22.999693294401865,72.60115569230976,300.7561842600505,27.606184260050497
2005-08-16,22.999693294401865,72.60115569230976,300.5071449279785,27.35714492797854
2005-08-17,22.999693294401865,72.60115569230976,300.6312077840169,27.48120778401693
2005-08-18,22.999693294401865,72.60115569230976,300.73436609903973,27.584366099039755
2005-08-19,22.999693294401865,72.60115569230976,300.4719473520915,27.321947352091513
2005-08-20,22.999693294401865,72.60115569230976,300.46006266276044,27.31006266276046
2005-08-21,22.999693294401865,72.60115569230976,300.76587677001953,27.615876770019554
2005-08-22,22.999693294401865,72.60115569230976,300.6130434672038,27.463043467203818
2005-08-23,22.999693294401865,72.60115569230976,300.54969596862793,27.399695968627952
2005-08-24,22.999693294401865,72.60115569230976,300.5591615041097,27.409161504109704
2005-08-25,22.999693294401865,72.60115569230976,300.55366643269855,27.40366643269857
2005-08-26,22.999693294401865,72.60115569230976,300.7972863515218,27.647286351521814
2005-08-27,22.999693294401865,72.60115569230976,300.5627835591634,27.412783559163415
2005-08-28,22.999693294401865,72.60115569230976,300.7348918914795,27.584891891479515
2005-08-29,22.999693294401865,72.60115569230976,301.162150700887,28.012150700887048
2005-08-30,22.999693294401865,72.60115569230976,301.22107124328613,28.071071243286156
2005-08-31,22.999693294401865,72.60115569230976,301.14814885457355,27.99814885457357
2005-09-01,22.999693294401865,72.60115569230976,301.16647974650067,28.016479746500693
2005-09-02,22.999693294401865,72.60115569230976,302.2058703104655,29.055870310465536
2005-09-03,22.999693294401865,72.60115569230976,302.5476156870524,29.39761568705245
2005-09-04,22.999693294401865,72.60115569230976,302.37354977925617,29.22354977925619
2005-09-05,22.999693294401865,72.60115569230976,302.91191546122235,29.761915461222372
2005-09-06,22.999693294401865,72.60115569230976,303.28483963012695,30.134839630126976
2005-09-07,22.999693294401865,72.60115569230976,301.8210341135661,28.671034113566122
2005-09-08,22.999693294401865,72.60115569230976,300.9389820098877,27.788982009887718
2005-09-09,22.999693294401865,72.60115569230976,300.86689885457355,27.71689885457357
2005-09-10,22.999693294401865,72.60115569230976,300.90052032470703,27.750520324707054
2005-09-11,22.999693294401865,72.60115569230976,300.8873914082845,27.73739140828451
2005-09-12,22.999693294401865,72.60115569230976,300.96582221984863,27.815822219848656
2005-09-13,22.999693294401865,72.60115569230976,300.3655649820964,27.215564982096396
2005-09-14,22.999693294401865,72.60115569230976,300.09375445048016,26.943754450480185
2005-09-15,22.999693294401865,72.60115569230976,299.6983559926351,26.548355992635095
2005-09-16,22.999693294401865,72.60115569230976,299.4480406443278,26.29804064432784
2005-09-17,22.999693294401865,72.60115569230976,298.9258238474528,25.77582384745284
2005-09-18,22.999693294401865,72.60115569230976,299.00196901957196,25.851969019571982
2005-09-19,22.999693294401865,72.60115569230976,299.8542009989421,26.7042009989421
2005-09-20,22.999693294401865,72.60115569230976,301.0756975809733,27.92569758097335
2005-09-21,22.999693294401865,72.60115569230976,302.61440722147626,29.46440722147628
2005-09-22,22.999693294401865,72.60115569230976,301.8245627085368,28.674562708536826
2005-09-23,22.999693294401865,72.60115569230976,298.67222595214844,25.52222595214846
2005-09-24,22.999693294401865,72.60115569230976,300.0357023874919,26.885702387491904
2005-09-25,22.999693294401865,72.60115569230976,299.867156346639,26.717156346639
2005-09-26,22.999693294401865,72.60115569230976,299.38464228312176,26.234642283121786
2005-09-27,22.999693294401865,72.60115569230976,299.4269491831462,26.2769491831462
2005-09-28,22.999693294401865,72.60115569230976,299.07069206237793,25.920692062377952
2005-09-29,22.999693294401865,72.60115569230976,299.4508711496989,26.300871149698935
2005-09-30,22.999693294401865,72.60115569230976,299.74792353312176,26.597923533121786
2005-10-01,22.999693294401865,72.60115569230976,300.2110201517741,27.06102015177413
2005-10-02,22.999693294401865,72.60115569230976,300.0938949584961,26.943894958496116
2005-10-03,22.999693294401865,72.60115569230976,299.5507672627767,26.400767262776696
2005-10-04,22.999693294401865,72.60115569230976,299.52377764383954,26.37377764383956
2005-10-05,22.999693294401865,72.60115569230976,299.7853012084961,26.635301208496116
2005-10-06,22.999693294401865,72.60115569230976,300.14706103007,26.99706103007003
2005-10-07,22.999693294401865,72.60115569230976,300.2040538787842,27.054053878784202
2005-10-08,22.999693294401865,72.60115569230976,300.1651446024577,27.015144602457724
2005-10-09,22.999693294401865,72.60115569230976,299.9352747599284,26.785274759928427
2005-10-10,22.999693294401865,72.60115569230976,300.1225757598877,26.972575759887718
2005-10-11,22.999693294401865,72.60115569230976,300.8268763224284,27.676876322428427
2005-10-12,22.999693294401865,72.60115569230976,301.0624370574951,27.91243705749514
2005-10-13,22.999693294401865,72.60115569230976,300.9729398091634,27.822939809163415
2005-10-14,22.999693294401865,72.60115569230976,300.981777826945,27.83177782694503
2005-10-15,22.999693294401865,72.60115569230976,300.22508748372394,27.075087483723962
2005-10-16,22.999693294401865,72.60115569230976,300.3624273935954,27.21242739359542
2005-10-17,22.999693294401865,72.60115569230976,300.49312082926434,27.343120829264365
2005-10-18,22.999693294401865,72.60115569230976,299.41991933186847,26.269919331868493
2005-10-19,22.999693294401865,72.60115569230976,300.06727917989093,26.917279179890954
2005-10-20,22.999693294401865,72.60115569230976,299.3875592549642,26.237559254964196
2005-10-21,22.999693294401865,72.60115569230976,298.6811459859212,25.531145985921228
2005-10-22,22.999693294401865,72.60115569230976,298.5687376658122,25.418737665812216
2005-10-23,22.999693294401865,72.60115569230976,298.4895356496175,25.339535649617517
2005-10-24,22.999693294401865,72.60115569230976,299.81456502278644,26.664565022786462
2005-10-25,22.999693294401865,72.60115569230976,299.7783908843994,26.628390884399437
2005-10-26,22.999693294401865,72.60115569230976,300.03989855448407,26.88989855448409
2005-10-27,22.999693294401865,72.60115569230976,299.11319096883136,25.963190968831384
2005-10-28,22.999693294401865,72.60115569230976,298.6724033355713,25.522403335571312
2005-10-29,22.999693294401865,72.60115569230976,298.13477897644043,24.984778976440452
2005-10-30,22.999693294401865,72.60115569230976,297.1368217468262,23.986821746826195
2005-10-31,22.999693294401865,72.60115569230976,297.3494517008464,24.199451700846396
2005-11-01,22.999693294401865,72.60115569230976,296.8063621520996,23.656362152099632
2005-11-02,22.999693294401865,72.60115569230976,297.5583203633626,24.408320363362634
2005-11-03,22.999693294401865,72.60115569230976,297.8636194864909,24.713619486490927
2005-11-04,22.999693294401865,72.60115569230976,298.01104799906415,24.86104799906417
2005-11-05,22.999693294401865,72.60115569230976,297.606055577596,24.456055577596032
2005-11-06,22.999693294401865,72.60115569230976,297.92431386311847,24.774313863118493
2005-11-07,22.999693294401865,72.60115569230976,297.29517046610516,24.145170466105185
2005-11-08,22.999693294401865,72.60115569230976,297.180601755778,24.030601755778036
2005-11-09,22.999693294401865,72.60115569230976,295.811528523763,22.661528523763025
2005-11-10,22.999693294401865,72.60115569230976,295.5462640126546,22.396264012654626
2005-11-11,22.999693294401865,72.60115569230976,295.86345354715985,22.713453547159872
2005-11-12,22.999693294401865,72.60115569230976,296.3328056335449,23.182805633544945
2005-11-13,22.999693294401865,72.60115569230976,295.8405297597249,22.69052975972494
2005-11-14,22.999693294401865,72.60115569230976,296.24900817871094,23.09900817871096
2005-11-15,22.999693294401865,72.60115569230976,296.3415648142497,23.191564814249716
2005-11-16,22.999693294401865,72.60115569230976,296.60280164082843,23.452801640828454
2005-11-17,22.999693294401865,72.60115569230976,296.8354237874349,23.6854237874349
2005-11-18,22.999693294401865,72.60115569230976,296.08771387736004,22.937713877360068
2005-11-19,22.999693294401865,72.60115569230976,296.16946029663086,23.019460296630882
2005-11-20,22.999693294401865,72.60115569230976,296.72512753804523,23.57512753804525
2005-11-21,22.999693294401865,72.60115569230976,296.4503542582194,23.300354258219443
2005-11-22,22.999693294401865,72.60115569230976,296.01911481221515,22.869114812215173
2005-11-23,22.999693294401865,72.60115569230976,295.70120175679523,22.55120175679525
2005-11-24,22.999693294401865,72.60115569230976,295.8119926452637,22.661992645263695
2005-11-25,22.999693294401865,72.60115569230976,295.89739990234375,22.747399902343773
2005-11-26,22.999693294401865,72.60115569230976,296.06210708618164,22.912107086181663
2005-11-27,22.999693294401865,72.60115569230976,295.28496805826825,22.13496805826827
2005-11-28,22.999693294401865,72.60115569230976,294.86371358235675,21.713713582356775
2005-11-29,22.999693294401865,72.60115569230976,293.41160837809247,20.26160837809249
2005-11-30,22.999693294401865,72.60115569230976,292.993714650472,19.84371465047201
2005-12-01,22.999693294401865,72.60115569230976,293.22252718607587,20.072527186075888
2005-12-02,22.999693294401865,72.60115569230976,296.01220893859863,22.862208938598656
2005-12-03,22.999693294401865,72.60115569230976,296.21375846862793,23.063758468627952
2005-12-04,22.999693294401865,72.60115569230976,295.72645632425946,22.576456324259482
2005-12-05,22.999693294401865,72.60115569230976,294.6912473042806,21.541247304280603
2005-12-06,22.999693294401865,72.60115569230976,294.1687539418538,21.018753941853845
2005-12-07,22.999693294401865,72.60115569230976,294.0964469909668,20.94644699096682
2005-12-08,22.999693294401865,72.60115569230976,293.91973876953125,20.769738769531273
2005-12-09,22.999693294401865,72.60115569230976,293.5867093404134,20.436709340413415
2005-12-10,22.999693294401865,72.60115569230976,293.73516845703125,20.585168457031273
2005-12-11,22.999693294401865,72.60115569230976,293.17308235168457,20.023082351684593
2005-12-12,22.999693294401865,72.60115569230976,292.60009320576984,19.45009320576986
2005-12-13,22.999693294401865,72.60115569230976,292.43475850423175,19.284758504231775
2005-12-14,22.999693294401865,72.60115569230976,292.15661938985187,19.006619389851892
2005-12-15,22.999693294401865,72.60115569230976,292.52585856119794,19.37585856119796
2005-12-16,22.999693294401865,72.60115569230976,292.94522412618,19.795224126180017
2005-12-17,22.999693294401865,72.60115569230976,292.3315906524658,19.181590652465843
2005-12-18,22.999693294401865,72.60115569230976,291.5914300282796,18.441430028279626
2005-12-19,22.999693294401865,72.60115569230976,291.3321959177653,18.18219591776534
2005-12-20,22.999693294401865,72.60115569230976,291.4590326944987,18.30903269449874
2005-12-21,22.999693294401865,72.60115569230976,292.24661445617676,19.09661445617678
2005-12-22,22.999693294401865,72.60115569230976,292.6067949930827,19.456794993082724
2005-12-23,22.999693294401865,72.60115569230976,291.73103523254395,18.581035232543968
2005-12-24,22.999693294401865,72.60115569230976,290.8825988769531,17.732598876953148
2005-12-25,22.999693294401865,72.60115569230976,291.2030487060547,18.05304870605471
2005-12-26,22.999693294401865,72.60115569230976,291.5394426981608,18.38944269816085
2005-12-27,22.999693294401865,72.60115569230976,291.7550843556722,18.605084355672204
2005-12-28,22.999693294401865,72.60115569230976,292.20468203226727,19.054682032267294
2005-12-29,22.999693294401865,72.60115569230976,292.74645551045734,19.59645551045736
2005-12-30,22.999693294401865,72.60115569230976,292.39733632405597,19.247336324055993
2005-12-31,22.999693294401865,72.60115569230976,292.81122398376465,19.66122398376467
2006-01-01,22.999693294401865,72.60115569230976,293.5983034769694,20.448303476969443
2006-01-02,22.999693294401865,72.60115569230976,292.32153447469074,19.17153447469076
2006-01-03,22.999693294401865,72.60115569230976,290.6442184448242,17.49421844482424
2006-01-04,22.999693294401865,72.60115569230976,292.28650283813477,19.13650283813479
2006-01-05,22.999693294401865,72.60115569230976,292.9758103688558,19.825810368855798
2006-01-06,22.999693294401865,72.60115569230976,293.4820906321208,20.33209063212081
2006-01-07,22.999693294401865,72.60115569230976,293.50547154744464,20.355471547444665
2006-01-08,22.999693294401865,72.60115569230976,292.6103795369466,19.46037953694662
2006-01-09,22.999693294401865,72.60115569230976,292.5116373697917,19.36163736979171
2006-01-10,22.999693294401865,72.60115569230976,292.542916615804,19.39291661580404
2006-01-11,22.999693294401865,72.60115569230976,292.85485712687176,19.704857126871786
2006-01-12,22.999693294401865,72.60115569230976,292.8259474436442,19.675947443644247
2006-01-13,22.999693294401865,72.60115569230976,293.4132601420085,20.263260142008505
2006-01-14,22.999693294401865,72.60115569230976,294.6151536305745,21.465153630574548
2006-01-15,22.999693294401865,72.60115569230976,294.99930636088055,21.849306360880576
2006-01-16,22.999693294401865,72.60115569230976,295.6710325876872,22.521032587687216
2006-01-17,22.999693294401865,72.60115569230976,294.08995882670087,20.939958826700888
2006-01-18,22.999693294401865,72.60115569230976,293.8313579559326,20.68135795593264
2006-01-19,22.999693294401865,72.60115569230976,293.66540718078613,20.515407180786156
2006-01-20,22.999693294401865,72.60115569230976,293.9366563161214,20.786656316121423
2006-01-21,22.999693294401865,72.60115569230976,292.3417059580485,19.191705958048544
2006-01-22,22.999693294401865,72.60115569230976,291.1841246287028,18.03412462870284
2006-01-23,22.999693294401865,72.60115569230976,291.0407320658366,17.89073206583663
2006-01-24,22.999693294401865,72.60115569230976,291.55817286173504,18.408172861735068
2006-01-25,22.999693294401865,72.60115569230976,291.6287949879964,18.478794987996423
2006-01-26,22.999693294401865,72.60115569230976,292.5948886871338,19.444888687133812
2006-01-27,22.999693294401865,72.60115569230976,293.3303922017415,20.18039220174154
2006-01-28,22.999693294401865,72.60115569230976,294.03831990559894,20.888319905598962
2006-01-29,22.999693294401865,72.60115569230976,294.5402475992839,21.390247599283896
2006-01-30,22.999693294401865,72.60115569230976,295.4809290568034,22.330929056803427
2006-01-31,22.999693294401865,72.60115569230976,296.61629994710285,23.46629994710287
2006-02-01,22.999693294401865,72.60115569230976,297.26393063863117,24.11393063863119
2006-02-02,22.999693294401865,72.60115569230976,297.6281140645345,24.47811406453451
2006-02-03,22.999693294401865,72.60115569230976,297.82589467366535,24.67589467366537
2006-02-04,22.999693294401865,72.60115569230976,297.52476755777997,24.37476755777999
2006-02-05,22.999693294401865,72.60115569230976,296.4424966176351,23.292496617635095
2006-02-06,22.999693294401865,72.60115569230976,295.47436714172363,22.324367141723656
2006-02-07,22.999693294401865,72.60115569230976,295.2529932657878,22.102993265787802
2006-02-08,22.999693294401865,72.60115569230976,295.53113810221356,22.381138102213583
2006-02-09,22.999693294401865,72.60115569230976,296.485891977946,23.335891977946005
2006-02-10,22.999693294401865,72.60115569230976,297.09498659769696,23.944986597696982
2006-02-11,22.999693294401865,72.60115569230976,297.01842498779297,23.86842498779299
2006-02-12,22.999693294401865,72.60115569230976,297.27295939127606,24.122959391276083
2006-02-13,22.999693294401865,72.60115569230976,297.3388385772705,24.18883857727053
2006-02-14,22.999693294401865,72.60115569230976,297.2922992706299,24.142299270629906
2006-02-15,22.999693294401865,72.60115569230976,297.11643918355304,23.966439183553064
2006-02-16,22.999693294401865,72.60115569230976,296.3446871439616,23.19468714396163
2006-02-17,22.999693294401865,72.60115569230976,296.5272973378499,23.37729733784994
2006-02-18,22.999693294401865,72.60115569230976,297.95490582784015,24.804905827840173
2006-02-19,22.999693294401865,72.60115569230976,299.1572144826253,26.00721448262533
2006-02-20,22.999693294401865,72.60115569230976,299.0086619059245,25.85866190592452
2006-02-21,22.999693294401865,72.60115569230976,299.11499722798663,25.964997227986657
2006-02-22,22.999693294401865,72.60115569230976,299.01932462056476,25.869324620564782
2006-02-23,22.999693294401865,72.60115569230976,299.31596819559735,26.165968195597372
2006-02-24,22.999693294401865,72.60115569230976,300.1604817708333,27.010481770833337
2006-02-25,22.999693294401865,72.60115569230976,300.997553507487,27.84755350748702
2006-02-26,22.999693294401865,72.60115569230976,300.6477762858073,27.497776285807333
2006-02-27,22.999693294401865,72.60115569230976,299.9315649668376,26.781564966837607
2006-02-28,22.999693294401865,72.60115569230976,299.5241864522298,26.37418645222982
2006-03-01,22.999693294401865,72.60115569230976,299.26040267944336,26.110402679443382
2006-03-02,22.999693294401865,72.60115569230976,299.30619621276855,26.156196212768577
2006-03-03,22.999693294401865,72.60115569230976,299.89536412556964,26.745364125569665
2006-03-04,22.999693294401865,72.60115569230976,298.6338659922282,25.483865992228232
2006-03-05,22.999693294401865,72.60115569230976,297.83898735046387,24.68898735046389
2006-03-06,22.999693294401865,72.60115569230976,297.9581006368001,24.808100636800134
2006-03-07,22.999693294401865,72.60115569230976,298.28089269002277,25.13089269002279
2006-03-08,22.999693294401865,72.60115569230976,299.05546315511066,25.90546315511068
2006-03-09,22.999693294401865,72.60115569230976,296.212677637736,23.062677637736044
2006-03-10,22.999693294401865,72.60115569230976,294.5699049631755,21.419904963175497
2006-03-11,22.999693294401865,72.60115569230976,296.06154950459796,22.911549504597986
2006-03-12,22.999693294401865,72.60115569230976,297.33651479085285,24.18651479085287
2006-03-13,22.999693294401865,72.60115569230976,297.6442979176839,24.494297917683923
2006-03-14,22.999693294401865,72.60115569230976,298.0950241088867,24.94502410888674
2006-03-15,22.999693294401865,72.60115569230976,298.35037994384766,25.20037994384768
2006-03-16,22.999693294401865,72.60115569230976,298.6822738647461,25.532273864746116
2006-03-17,22.999693294401865,72.60115569230976,299.1526559193929,26.002655919392907
2006-03-18,22.999693294401865,72.60115569230976,300.6870746612549,27.537074661254906
2006-03-19,22.999693294401865,72.60115569230976,301.9473393758138,28.797339375813806
2006-03-20,22.999693294401865,72.60115569230976,301.29482714335126,28.14482714335128
2006-03-21,22.999693294401865,72.60115569230976,300.9282029469808,27.778202946980798
2006-03-22,22.999693294401865,72.60115569230976,301.1102746327718,27.960274632771814
2006-03-23,22.999693294401865,72.60115569230976,301.79255231221515,28.642552312215173
2006-03-24,22.999693294401865,72.60115569230976,300.92362785339355,27.773627853393577
2006-03-25,22.999693294401865,72.60115569230976,300.9953187306722,27.845318730672204
2006-03-26,22.999693294401865,72.60115569230976,299.0929667154948,25.942966715494833
2006-03-27,22.999693294401865,72.60115569230976,299.3280709584554,26.178070958455407
2006-03-28,22.999693294401865,72.60115569230976,300.1482575734456,26.998257573445642
2006-03-29,22.999693294401865,72.60115569230976,301.05913670857746,27.909136708577478
2006-03-30,22.999693294401865,72.60115569230976,301.3091843922933,28.159184392293298
2006-03-31,22.999693294401865,72.60115569230976,301.5578047434489,28.407804743448935
2006-04-01,22.999693294401865,72.60115569230976,301.5710614522298,28.42106145222982
2006-04-02,22.999693294401865,72.60115569230976,301.96936353047687,28.819363530476892
2006-04-03,22.999693294401865,72.60115569230976,302.4566345214844,29.306634521484398
2006-04-04,22.999693294401865,72.60115569230976,302.1674607594808,29.017460759480798
2006-04-05,22.999693294401865,72.60115569230976,303.06990178426105,29.91990178426107
2006-04-06,22.999693294401865,72.60115569230976,304.02270380655926,30.872703806559286
2006-04-07,22.999693294401865,72.60115569230976,303.5544624328613,30.40446243286135
2006-04-08,22.999693294401865,72.60115569230976,302.7946370442708,29.644637044270837
2006-04-09,22.999693294401865,72.60115569230976,304.20097668965656,31.05097668965658
2006-04-10,22.999693294401865,72.60115569230976,302.4998321533203,29.349832153320335
2006-04-11,22.999693294401865,72.60115569230976,302.7942759195964,29.644275919596396
2006-04-12,22.999693294401865,72.60115569230976,302.651429494222,29.50142949422201
2006-04-13,22.999693294401865,72.60115569230976,303.44780286153156,30.29780286153158
2006-04-14,22.999693294401865,72.60115569230976,304.0829722086589,30.932972208658896
2006-04-15,22.999693294401865,72.60115569230976,304.28003946940106,31.130039469401083
2006-04-16,22.999693294401865,72.60115569230976,303.51637268066406,30.366372680664085
2006-04-17,22.999693294401865,72.60115569230976,302.41319783528644,29.263197835286462
2006-04-18,22.999693294401865,72.60115569230976,303.137020111084,29.987020111084007
2006-04-19,22.999693294401865,72.60115569230976,303.4843114217122,30.334311421712243
2006-04-20,22.999693294401865,72.60115569230976,304.1113764444987,30.96137644449874
2006-04-21,22.999693294401865,72.60115569230976,304.95959154764813,31.809591547648154
2006-04-22,22.999693294401865,72.60115569230976,305.12208302815753,31.972083028157556
2006-04-23,22.999693294401865,72.60115569230976,303.3021291097005,30.152129109700525
2006-04-24,22.999693294401865,72.60115569230976,303.83382415771484,30.683824157714866
2006-04-25,22.999693294401865,72.60115569230976,304.21301968892413,31.063019688924157
2006-04-26,22.999693294401865,72.60115569230976,303.8771457672119,30.727145767211937
2006-04-27,22.999693294401865,72.60115569230976,303.96323076883954,30.81323076883956
2006-04-28,22.999693294401865,72.60115569230976,304.45694096883136,31.306940968831384
2006-04-29,22.999693294401865,72.60115569230976,305.2134717305501,32.063471730550134
2006-04-30,22.999693294401865,72.60115569230976,305.0365104675293,31.88651046752932
2006-05-01,22.999693294401865,72.60115569230976,305.7738723754883,32.623872375488304
2006-05-02,22.999693294401865,72.60115569230976,306.100300470988,32.950300470988
2006-05-03,22.999693294401865,72.60115569230976,305.67577171325684,32.52577171325686
2006-05-04,22.999693294401865,72.60115569230976,307.0315965016683,33.8815965016683
2006-05-05,22.999693294401865,72.60115569230976,307.48256429036456,34.33256429036459
2006-05-06,22.999693294401865,72.60115569230976,305.5212650299072,32.37126502990725
2006-05-07,22.999693294401865,72.60115569230976,305.3271827697754,32.17718276977541
2006-05-08,22.999693294401865,72.60115569230976,305.33322525024414,32.18322525024416
2006-05-09,22.999693294401865,72.60115569230976,305.7962290445964,32.646229044596396
2006-05-10,22.999693294401865,72.60115569230976,306.71391741434735,33.56391741434737
2006-05-11,22.999693294401865,72.60115569230976,306.5040696461995,33.35406964619955
2006-05-12,22.999693294401865,72.60115569230976,306.0036201477051,32.8536201477051
2006-05-13,22.999693294401865,72.60115569230976,305.51474444071454,32.36474444071456
2006-05-14,22.999693294401865,72.60115569230976,305.4212958017985,32.271295801798544
2006-05-15,22.999693294401865,72.60115569230976,305.566598256429,32.41659825642904
2006-05-16,22.999693294401865,72.60115569230976,305.47216606140137,32.32216606140139
2006-05-17,22.999693294401865,72.60115569230976,306.0501200358073,32.90012003580733
2006-05-18,22.999693294401865,72.60115569230976,306.55927658081055,33.40927658081057
2006-05-19,22.999693294401865,72.60115569230976,305.39481862386066,32.24481862386068
2006-05-20,22.999693294401865,72.60115569230976,305.1354509989421,31.9854509989421
2006-05-21,22.999693294401865,72.60115569230976,305.3692487080892,32.2192487080892
2006-05-22,22.999693294401865,72.60115569230976,305.3153184254964,32.16531842549642
2006-05-23,22.999693294401865,72.60115569230976,305.4164683024089,32.266468302408896
2006-05-24,22.999693294401865,72.60115569230976,305.83544667561847,32.68544667561849
2006-05-25,22.999693294401865,72.60115569230976,306.0523681640625,32.90236816406252
2006-05-26,22.999693294401865,72.60115569230976,306.0743287404378,32.92432874043783
2006-05-27,22.999693294401865,72.60115569230976,305.95385487874347,32.80385487874349
2006-05-28,22.999693294401865,72.60115569230976,306.03896458943683,32.88896458943685
2006-05-29,22.999693294401865,72.60115569230976,305.8779716491699,32.727971649169945
2006-05-30,22.999693294401865,72.60115569230976,306.1463705698649,32.99637056986495
2006-05-31,22.999693294401865,72.60115569230976,306.8523489634196,33.70234896341964
2006-06-01,22.999693294401865,72.60115569230976,302.8603623708089,29.710362370808923
2006-06-02,22.999693294401865,72.60115569230976,300.0277506510417,26.87775065104171
2006-06-03,22.999693294401865,72.60115569230976,302.6185239156087,29.468523915608728
2006-06-04,22.999693294401865,72.60115569230976,302.3340377807617,29.18403778076174
2006-06-05,22.999693294401865,72.60115569230976,302.3889554341634,29.238955434163415
2006-06-06,22.999693294401865,72.60115569230976,302.5634682973226,29.413468297322595
2006-06-07,22.999693294401865,72.60115569230976,302.7783196767171,29.628319676717126
2006-06-08,22.999693294401865,72.60115569230976,302.9420572916667,29.79205729166671
2006-06-09,22.999693294401865,72.60115569230976,302.98069826761883,29.830698267618857
2006-06-10,22.999693294401865,72.60115569230976,303.02173741658527,29.87173741658529
2006-06-11,22.999693294401865,72.60115569230976,303.1547571818034,30.004757181803427
2006-06-12,22.999693294401865,72.60115569230976,303.4016825358073,30.251682535807333
2006-06-13,22.999693294401865,72.60115569230976,303.4266554514567,30.276655451456747
2006-06-14,22.999693294401865,72.60115569230976,303.6538206736247,30.503820673624716
2006-06-15,22.999693294401865,72.60115569230976,303.84802436828613,30.698024368286156
2006-06-16,22.999693294401865,72.60115569230976,303.7930170694987,30.64301706949874
2006-06-17,22.999693294401865,72.60115569230976,304.21079699198407,31.06079699198409
2006-06-18,22.999693294401865,72.60115569230976,305.13243675231934,31.98243675231936
2006-06-19,22.999693294401865,72.60115569230976,305.8193251291911,32.66932512919112
2006-06-20,22.999693294401865,72.60115569230976,306.2453791300456,33.095379130045615
2006-06-21,22.999693294401865,72.60115569230976,306.93816566467285,33.788165664672874
2006-06-22,22.999693294401865,72.60115569230976,308.17954444885254,35.02954444885256
2006-06-23,22.999693294401865,72.60115569230976,308.20080693562824,35.05080693562826
2006-06-24,22.999693294401865,72.60115569230976,306.465140024821,33.315140024821005
2006-06-25,22.999693294401865,72.60115569230976,304.06335830688477,30.91335830688479
2006-06-26,22.999693294401865,72.60115569230976,302.59956550598145,29.449565505981468
2006-06-27,22.999693294401865,72.60115569230976,302.95976003011066,29.80976003011068
2006-06-28,22.999693294401865,72.60115569230976,302.77027638753253,29.620276387532556
2006-06-29,22.999693294401865,72.60115569230976,302.01632436116535,28.86632436116537
2006-06-30,22.999693294401865,72.60115569230976,302.0081316630046,28.8581316630046
2006-07-01,22.999693294401865,72.60115569230976,302.74781545003253,29.597815450032556
2006-07-02,22.999693294401865,72.60115569230976,303.8819211324056,30.731921132405603
2006-07-03,22.999693294401865,72.60115569230976,302.89905548095703,29.749055480957054
2006-07-04,22.999693294401865,72.60115569230976,302.73332595825195,29.583325958251976
2006-07-05,22.999693294401865,72.60115569230976,301.79042943318683,28.640429433186853
2006-07-06,22.999693294401865,72.60115569230976,299.71593983968097,26.565939839680993
2006-07-07,22.999693294401865,72.60115569230976,301.06615320841473,27.916153208414755
2006-07-08,22.999693294401865,72.60115569230976,301.7418333689372,28.591833368937216
2006-07-09,22.999693294401865,72.60115569230976,301.983159383138,28.833159383138025
2006-07-10,22.999693294401865,72.60115569230976,302.21282386779785,29.062823867797874
2006-07-11,22.999693294401865,72.60115569230976,302.0467948913574,28.896794891357445
2006-07-12,22.999693294401865,72.60115569230976,302.2581075032552,29.108107503255212
2006-07-13,22.999693294401865,72.60115569230976,302.34840329488117,29.19840329488119
2006-07-14,22.999693294401865,72.60115569230976,302.2741870880127,29.124187088012718
2006-07-15,22.999693294401865,72.60115569230976,302.52282842000324,29.37282842000326
2006-07-16,22.999693294401865,72.60115569230976,302.081116994222,28.93111699422201
2006-07-17,22.999693294401865,72.60115569230976,301.90319124857587,28.753191248575888
2006-07-18,22.999693294401865,72.60115569230976,300.6288007100423,27.47880071004232
2006-07-19,22.999693294401865,72.60115569230976,299.56277592976886,26.412775929768884
2006-07-20,22.999693294401865,72.60115569230976,300.4516716003418,27.30167160034182
2006-07-21,22.999693294401865,72.60115569230976,298.96895662943524,25.818956629435263
2006-07-22,22.999693294401865,72.60115569230976,299.1274420420329,25.97744204203292
2006-07-23,22.999693294401865,72.60115569230976,299.1628475189209,26.01284751892092
2006-07-24,22.999693294401865,72.60115569230976,300.5230992635091,27.37309926350912
2006-07-25,22.999693294401865,72.60115569230976,300.98905118306476,27.839051183064782
2006-07-26,22.999693294401865,72.60115569230976,301.1360632578532,27.986063257853232
2006-07-27,22.999693294401865,72.60115569230976,300.0762589772542,26.926258977254236
2006-07-28,22.999693294401865,72.60115569230976,298.8085994720459,25.65859947204592
2006-07-29,22.999693294401865,72.60115569230976,298.3359317779541,25.185931777954124
2006-07-30,22.999693294401865,72.60115569230976,298.15874735514325,25.00874735514327
2006-07-31,22.999693294401865,72.60115569230976,299.43456713358563,26.284567133585654
2006-08-01,22.999693294401865,72.60115569230976,297.6452280680339,24.495228068033896
2006-08-02,22.999693294401865,72.60115569230976,298.2002824147542,25.050282414754236
2006-08-03,22.999693294401865,72.60115569230976,298.81774139404297,25.66774139404299
2006-08-04,22.999693294401865,72.60115569230976,299.9514700571696,26.801470057169638
2006-08-05,22.999693294401865,72.60115569230976,299.9464925130208,26.796492513020837
2006-08-06,22.999693294401865,72.60115569230976,299.6412811279297,26.49128112792971
2006-08-07,22.999693294401865,72.60115569230976,299.3358090718587,26.185809071858728
2006-08-08,22.999693294401865,72.60115569230976,299.45144335428876,26.30144335428878
2006-08-09,22.999693294401865,72.60115569230976,299.66338539123535,26.513385391235374
2006-08-10,22.999693294401865,72.60115569230976,300.0869445800781,26.936944580078148
2006-08-11,22.999693294401865,72.60115569230976,298.4229367574056,25.272936757405603
2006-08-12,22.999693294401865,72.60115569230976,298.87864049275714,25.728640492757165
2006-08-13,22.999693294401865,72.60115569230976,299.3286552429199,26.178655242919945
2006-08-14,22.999693294401865,72.60115569230976,299.18375905354816,26.03375905354818
2006-08-15,22.999693294401865,72.60115569230976,299.08331807454425,25.933318074544275
2006-08-16,22.999693294401865,72.60115569230976,298.1584332784017,25.008433278401696
2006-08-17,22.999693294401865,72.60115569230976,300.03014755249023,26.880147552490257
2006-08-18,22.999693294401865,72.60115569230976,299.9461027781169,26.796102778116904
2006-08-19,22.999693294401865,72.60115569230976,299.5975812276204,26.447581227620446
2006-08-20,22.999693294401865,72.60115569230976,298.834166208903,25.684166208903036
2006-08-21,22.999693294401865,72.60115569230976,299.73740514119464,26.587405141194665
2006-08-22,22.999693294401865,72.60115569230976,300.2268651326497,27.076865132649743
2006-08-23,22.999693294401865,72.60115569230976,299.7850278218587,26.635027821858728
2006-08-24,22.999693294401865,72.60115569230976,299.90331586201984,26.75331586201986
2006-08-25,22.999693294401865,72.60115569230976,299.8511110941569,26.701111094156943
2006-08-26,22.999693294401865,72.60115569230976,300.0658486684163,26.915848668416345
2006-08-27,22.999693294401865,72.60115569230976,300.5511665344238,27.40116653442385
2006-08-28,22.999693294401865,72.60115569230976,300.4892997741699,27.339299774169945
2006-08-29,22.999693294401865,72.60115569230976,300.24377059936523,27.093770599365257
2006-08-30,22.999693294401865,72.60115569230976,300.02764956156415,26.87764956156417
2006-08-31,22.999693294401865,72.60115569230976,299.90504773457843,26.755047734578454
2006-09-01,22.999693294401865,72.60115569230976,299.9073829650879,26.757382965087913
2006-09-02,22.999693294401865,72.60115569230976,300.4186420440674,27.268642044067406
2006-09-03,22.999693294401865,72.60115569230976,300.1894194285075,27.03941942850753
2006-09-04,22.999693294401865,72.60115569230976,300.19114049275714,27.041140492757165
2006-09-05,22.999693294401865,72.60115569230976,301.4494457244873,28.299445724487327
2006-09-06,22.999693294401865,72.60115569230976,300.1071434020996,26.957143402099632
2006-09-07,22.999693294401865,72.60115569230976,298.4164873758952,25.266487375895224
2006-09-08,22.999693294401865,72.60115569230976,300.2749373118083,27.12493731180831
2006-09-09,22.999693294401865,72.60115569230976,300.2125384012858,27.06253840128585
2006-09-10,22.999693294401865,72.60115569230976,300.6956151326497,27.545615132649743
2006-09-11,22.999693294401865,72.60115569230976,301.0210043589274,27.87100435892745
2006-09-12,22.999693294401865,72.60115569230976,300.5362294514974,27.3862294514974
2006-09-13,22.999693294401865,72.60115569230976,300.6957155863444,27.545715586344443
2006-09-14,22.999693294401865,72.60115569230976,300.7683455149333,27.61834551493331
2006-09-15,22.999693294401865,72.60115569230976,301.89776674906415,28.74776674906417
2006-09-16,22.999693294401865,72.60115569230976,302.5391050974528,29.38910509745284
2006-09-17,22.999693294401865,72.60115569230976,302.11144765218097,28.961447652180993
2006-09-18,22.999693294401865,72.60115569230976,301.22901725769043,28.079017257690452
2006-09-19,22.999693294401865,72.60115569230976,301.11838976542157,27.96838976542159
2006-09-20,22.999693294401865,72.60115569230976,301.5651003519694,28.415100351969443
2006-09-21,22.999693294401865,72.60115569230976,301.54529762268066,28.395297622680687
2006-09-22,22.999693294401865,72.60115569230976,300.6502215067546,27.5002215067546
2006-09-23,22.999693294401865,72.60115569230976,300.5647799173991,27.41477991739913
2006-09-24,22.999693294401865,72.60115569230976,300.4011586507161,27.25115865071615
2006-09-25,22.999693294401865,72.60115569230976,300.28258260091144,27.132582600911462
2006-09-26,22.999693294401865,72.60115569230976,300.8327833811442,27.682783381144247
2006-09-27,22.999693294401865,72.60115569230976,300.65760803222656,27.507608032226585
2006-09-28,22.999693294401865,72.60115569230976,301.4840710957845,28.33407109578451
2006-09-29,22.999693294401865,72.60115569230976,302.22290802001953,29.072908020019554
2006-09-30,22.999693294401865,72.60115569230976,302.614460627238,29.464460627237997
2006-10-01,22.999693294401865,72.60115569230976,302.9136098225911,29.76360982259115
2006-10-02,22.999693294401865,72.60115569230976,302.7036323547363,29.55363235473635
2006-10-03,22.999693294401865,72.60115569230976,303.0621280670166,29.912128067016624
2006-10-04,22.999693294401865,72.60115569230976,303.02742195129395,29.877421951293968
2006-10-05,22.999693294401865,72.60115569230976,302.03727595011395,28.887275950113974
2006-10-06,22.999693294401865,72.60115569230976,300.84828758239746,27.698287582397484
2006-10-07,22.999693294401865,72.60115569230976,300.70576095581055,27.55576095581057
2006-10-08,22.999693294401865,72.60115569230976,300.98689969380695,27.83689969380697
2006-10-09,22.999693294401865,72.60115569230976,300.95203971862793,27.802039718627952
2006-10-10,22.999693294401865,72.60115569230976,301.59773381551105,28.44773381551107
2006-10-11,22.999693294401865,72.60115569230976,301.4166310628255,28.266631062825525
2006-10-12,22.999693294401865,72.60115569230976,301.1140333811442,27.964033381144247
2006-10-13,22.999693294401865,72.60115569230976,302.1123218536377,28.962321853637718
2006-10-14,22.999693294401865,72.60115569230976,302.4263051350911,29.27630513509115
2006-10-15,22.999693294401865,72.60115569230976,302.09298769632977,28.942987696329794
2006-10-16,22.999693294401865,72.60115569230976,302.3726291656494,29.222629165649437
2006-10-17,22.999693294401865,72.60115569230976,302.6751403808594,29.525140380859398
2006-10-18,22.999693294401865,72.60115569230976,302.4082724253337,29.2582724253337
2006-10-19,22.999693294401865,72.60115569230976,302.19227091471356,29.042270914713583
2006-10-20,22.999693294401865,72.60115569230976,301.72121302286786,28.57121302286788
2006-10-21,22.999693294401865,72.60115569230976,302.14034207661945,28.99034207661947
2006-10-22,22.999693294401865,72.60115569230976,301.3602650960286,28.21026509602865
2006-10-23,22.999693294401865,72.60115569230976,301.4507236480713,28.300723648071312
2006-10-24,22.999693294401865,72.60115569230976,301.48334248860675,28.333342488606775
2006-10-25,22.999693294401865,72.60115569230976,300.9765917460124,27.82659174601241
2006-10-26,22.999693294401865,72.60115569230976,301.002192179362,27.85219217936202
2006-10-27,22.999693294401865,72.60115569230976,301.1666679382324,28.016667938232445
2006-10-28,22.999693294401865,72.60115569230976,300.674072265625,27.524072265625023
2006-10-29,22.999693294401865,72.60115569230976,300.54168128967285,27.391681289672874
2006-10-30,22.999693294401865,72.60115569230976,300.5154666900635,27.3654666900635
2006-10-31,22.999693294401865,72.60115569230976,300.2489363352458,27.09893633524581
2006-11-01,22.999693294401865,72.60115569230976,300.0869331359863,26.93693313598635
2006-11-02,22.999693294401865,72.60115569230976,299.78136952718097,26.631369527180993
2006-11-03,22.999693294401865,72.60115569230976,299.7674865722656,26.617486572265648
2006-11-04,22.999693294401865,72.60115569230976,300.14766184488934,26.997661844889365
2006-11-05,22.999693294401865,72.60115569230976,300.20859146118164,27.058591461181663
2006-11-06,22.999693294401865,72.60115569230976,300.44677988688153,27.296779886881552
2006-11-07,22.999693294401865,72.60115569230976,299.89221509297687,26.742215092976892
2006-11-08,22.999693294401865,72.60115569230976,299.09633509318036,25.94633509318038
2006-11-09,22.999693294401865,72.60115569230976,299.2527205149333,26.10272051493331
2006-11-10,22.999693294401865,72.60115569230976,299.08718999226886,25.937189992268884
2006-11-11,22.999693294401865,72.60115569230976,298.5121370951335,25.362137095133505
2006-11-12,22.999693294401865,72.60115569230976,298.48782030741376,25.33782030741378
2006-11-13,22.999693294401865,72.60115569230976,298.6787802378337,25.5287802378337
2006-11-14,22.999693294401865,72.60115569230976,298.6243267059326,25.47432670593264
2006-11-15,22.999693294401865,72.60115569230976,298.6072228749593,25.457222874959314
2006-11-16,22.999693294401865,72.60115569230976,298.36283620198566,25.21283620198568
2006-11-17,22.999693294401865,72.60115569230976,298.19275665283203,25.042756652832054
2006-11-18,22.999693294401865,72.60115569230976,298.225248336792,25.075248336792015
2006-11-19,22.999693294401865,72.60115569230976,298.26760228474933,25.117602284749353
2006-11-20,22.999693294401865,72.60115569230976,298.2389996846517,25.088999684651696
2006-11-21,22.999693294401865,72.60115569230976,298.72815132141113,25.578151321411156
2006-11-22,22.999693294401865,72.60115569230976,297.6767094930013,24.526709493001306
2006-11-23,22.999693294401865,72.60115569230976,297.89821434020996,24.748214340209984
2006-11-24,22.999693294401865,72.60115569230976,296.54790051778156,23.39790051778158
2006-11-25,22.999693294401865,72.60115569230976,295.1257216135661,21.975721613566122
2006-11-26,22.999693294401865,72.60115569230976,295.03297742207843,21.882977422078454
2006-11-27,22.999693294401865,72.60115569230976,294.97050285339355,21.820502853393577
2006-11-28,22.999693294401865,72.60115569230976,295.89429473876953,22.744294738769554
2006-11-29,22.999693294401865,72.60115569230976,296.27916781107587,23.129167811075888
2006-11-30,22.999693294401865,72.60115569230976,296.06036313374835,22.910363133748376
2006-12-01,22.999693294401865,72.60115569230976,295.6462650299072,22.49626502990725
2006-12-02,22.999693294401865,72.60115569230976,295.90525817871094,22.75525817871096
2006-12-03,22.999693294401865,72.60115569230976,296.3897228240967,23.239722824096702
2006-12-04,22.999693294401865,72.60115569230976,296.97859954833984,23.828599548339866
2006-12-05,22.999693294401865,72.60115569230976,297.1758454640706,24.025845464070642
2006-12-06,22.999693294401865,72.60115569230976,296.85916964213055,23.709169642130576
2006-12-07,22.999693294401865,72.60115569230976,295.3945738474528,22.24457384745284
2006-12-08,22.999693294401865,72.60115569230976,294.71106910705566,21.561069107055687
2006-12-09,22.999693294401865,72.60115569230976,295.4317798614502,22.281779861450218
2006-12-10,22.999693294401865,72.60115569230976,293.69727007548016,20.547270075480185
2006-12-11,22.999693294401865,72.60115569230976,292.8851947784424,19.735194778442406
2006-12-12,22.999693294401865,72.60115569230976,293.2548357645671,20.1048357645671
2006-12-13,22.999693294401865,72.60115569230976,294.20984331766766,21.059843317667685
2006-12-14,22.999693294401865,72.60115569230976,295.4975668589274,22.34756685892745
2006-12-15,22.999693294401865,72.60115569230976,295.4017136891683,22.251713689168298
2006-12-16,22.999693294401865,72.60115569230976,296.0177968343099,22.8677968343099
2006-12-17,22.999693294401865,72.60115569230976,295.62439409891766,22.474394098917685
2006-12-18,22.999693294401865,72.60115569230976,294.91685485839844,21.76685485839846
2006-12-19,22.999693294401865,72.60115569230976,294.91378847757977,21.763788477579794
2006-12-20,22.999693294401865,72.60115569230976,294.80840555826825,21.65840555826827
2006-12-21,22.999693294401865,72.60115569230976,294.9134114583333,21.763411458333337
2006-12-22,22.999693294401865,72.60115569230976,295.05422592163086,21.904225921630882
2006-12-23,22.999693294401865,72.60115569230976,295.60315068562824,22.45315068562826
2006-12-24,22.999693294401865,72.60115569230976,296.51099395751953,23.360993957519554
2006-12-25,22.999693294401865,72.60115569230976,296.7387275695801,23.5887275695801
2006-12-26,22.999693294401865,72.60115569230976,296.3252239227295,23.175223922729515
2006-12-27,22.999693294401865,72.60115569230976,294.9693965911865,21.819396591186546
2006-12-28,22.999693294401865,72.60115569230976,295.3770268758138,22.227026875813806
2006-12-29,22.999693294401865,72.60115569230976,295.9076976776123,22.757697677612327
2006-12-30,22.999693294401865,72.60115569230976,294.72893714904785,21.578937149047874
2006-12-31,22.999693294401865,72.60115569230976,293.31260935465497,20.16260935465499
2007-01-01,22.999693294401865,72.60115569230976,294.0875638326009,20.937563832600915
2007-01-02,22.999693294401865,72.60115569230976,294.2807966868083,21.13079668680831
2007-01-03,22.999693294401865,72.60115569230976,293.1266975402832,19.976697540283226
2007-01-04,22.999693294401865,72.60115569230976,292.88933817545575,19.73933817545577
2007-01-05,22.999693294401865,72.60115569230976,292.47406005859375,19.324060058593773
2007-01-06,22.999693294401865,72.60115569230976,292.3552703857422,19.20527038574221
2007-01-07,22.999693294401865,72.60115569230976,293.3880252838135,20.2380252838135
2007-01-08,22.999693294401865,72.60115569230976,293.8005606333415,20.650560633341513
2007-01-09,22.999693294401865,72.60115569230976,294.0755252838135,20.9255252838135
2007-01-10,22.999693294401865,72.60115569230976,293.1193790435791,19.969379043579124
2007-01-11,22.999693294401865,72.60115569230976,292.5818901062012,19.431890106201195
2007-01-12,22.999693294401865,72.60115569230976,292.39455858866376,19.24455858866378
2007-01-13,22.999693294401865,72.60115569230976,292.3244794209798,19.17447942097982
2007-01-14,22.999693294401865,72.60115569230976,292.66832542419434,19.51832542419436
2007-01-15,22.999693294401865,72.60115569230976,292.69812266031903,19.548122660319052
2007-01-16,22.999693294401865,72.60115569230976,293.1038939158122,19.953893915812216
2007-01-17,22.999693294401865,72.60115569230976,293.79498799641925,20.644987996419275
2007-01-18,22.999693294401865,72.60115569230976,293.9780724843343,20.828072484334314
2007-01-19,22.999693294401865,72.60115569230976,294.16345914204913,21.013459142049157
2007-01-20,22.999693294401865,72.60115569230976,294.17214520772296,21.022145207722986
2007-01-21,22.999693294401865,72.60115569230976,293.5923767089844,20.442376708984398
2007-01-22,22.999693294401865,72.60115569230976,292.78197479248047,19.63197479248049
2007-01-23,22.999693294401865,72.60115569230976,293.33400599161786,20.18400599161788
2007-01-24,22.999693294401865,72.60115569230976,294.46497599283856,21.314975992838583
2007-01-25,22.999693294401865,72.60115569230976,295.37667020161945,22.22667020161947
2007-01-26,22.999693294401865,72.60115569230976,295.98673884073895,22.836738840738974
2007-01-27,22.999693294401865,72.60115569230976,296.3038323720296,23.153832372029626
2007-01-28,22.999693294401865,72.60115569230976,297.51659456888837,24.366594568888388
2007-01-29,22.999693294401865,72.60115569230976,298.1769021352132,25.02690213521322
2007-01-30,22.999693294401865,72.60115569230976,298.32919629414874,25.179196294148767
2007-01-31,22.999693294401865,72.60115569230976,297.60958925882977,24.459589258829794
2007-02-01,22.999693294401865,72.60115569230976,295.7635440826416,22.613544082641624
2007-02-02,22.999693294401865,72.60115569230976,295.2243398030599,22.0743398030599
2007-02-03,22.999693294401865,72.60115569230976,295.05029614766437,21.900296147664392
2007-02-04,22.999693294401865,72.60115569230976,295.656982421875,22.506982421875023
2007-02-05,22.999693294401865,72.60115569230976,296.4305896759033,23.280589675903343
2007-02-06,22.999693294401865,72.60115569230976,296.96682294209796,23.816822942097986
2007-02-07,22.999693294401865,72.60115569230976,297.35641543070477,24.206415430704794
2007-02-08,22.999693294401865,72.60115569230976,297.18397331237793,24.033973312377952
2007-02-09,22.999693294401865,72.60115569230976,297.9277006785075,24.77770067850753
2007-02-10,22.999693294401865,72.60115569230976,296.88178062438965,23.73178062438967
2007-02-11,22.999693294401865,72.60115569230976,295.49928029378253,22.349280293782556
2007-02-12,22.999693294401865,72.60115569230976,294.68069712320965,21.530697123209677
2007-02-13,22.999693294401865,72.60115569230976,295.00366973876953,21.853669738769554
2007-02-14,22.999693294401865,72.60115569230976,294.7865409851074,21.636540985107445
2007-02-15,22.999693294401865,72.60115569230976,294.9711259206136,21.82112592061361
2007-02-16,22.999693294401865,72.60115569230976,295.78722127278644,22.637221272786462
2007-02-17,22.999693294401865,72.60115569230976,296.45057487487793,23.300574874877952
2007-02-18,22.999693294401865,72.60115569230976,297.0905990600586,23.940599060058616
2007-02-19,22.999693294401865,72.60115569230976,297.90574010213214,24.755740102132165
2007-02-20,22.999693294401865,72.60115569230976,298.9709987640381,25.82099876403811
2007-02-21,22.999693294401865,72.60115569230976,299.7517280578613,26.60172805786135
2007-02-22,22.999693294401865,72.60115569230976,299.95421473185223,26.804214731852255
2007-02-23,22.999693294401865,72.60115569230976,299.97778638203937,26.827786382039392
2007-02-24,22.999693294401865,72.60115569230976,299.4701150258382,26.32011502583822
2007-02-25,22.999693294401865,72.60115569230976,297.66943550109863,24.519435501098656
2007-02-26,22.999693294401865,72.60115569230976,297.89078458150226,24.740784581502282
2007-02-27,22.999693294401865,72.60115569230976,297.67748069763184,24.52748069763186
2007-02-28,22.999693294401865,72.60115569230976,297.58593559265137,24.43593559265139
2007-03-01,22.999693294401865,72.60115569230976,297.0183868408203,23.868386840820335
2007-03-02,22.999693294401865,72.60115569230976,295.7946898142497,22.644689814249716
2007-03-03,22.999693294401865,72.60115569230976,297.0808041890462,23.930804189046228
2007-03-04,22.999693294401865,72.60115569230976,298.53343836466473,25.383438364664755
2007-03-05,22.999693294401865,72.60115569230976,298.7822030385335,25.632203038533532
2007-03-06,22.999693294401865,72.60115569230976,298.43005116780597,25.280051167805993
2007-03-07,22.999693294401865,72.60115569230976,297.8058115641276,24.655811564127646
2007-03-08,22.999693294401865,72.60115569230976,297.7219429016113,24.57194290161135
2007-03-09,22.999693294401865,72.60115569230976,298.4334831237793,25.28348312377932
2007-03-10,22.999693294401865,72.60115569230976,298.62378883361816,25.473788833618187
2007-03-11,22.999693294401865,72.60115569230976,299.79367129007977,26.643671290079794
2007-03-12,22.999693294401865,72.60115569230976,299.6958243052165,26.545824305216513
2007-03-13,22.999693294401865,72.60115569230976,298.1385898590088,24.988589859008812
2007-03-14,22.999693294401865,72.60115569230976,298.1762809753418,25.02628097534182
2007-03-15,22.999693294401865,72.60115569230976,298.9671510060628,25.81715100606283
2007-03-16,22.999693294401865,72.60115569230976,299.8267631530762,26.676763153076195
2007-03-17,22.999693294401865,72.60115569230976,301.147185643514,27.997185643514
2007-03-18,22.999693294401865,72.60115569230976,302.63233311971027,29.48233311971029
2007-03-19,22.999693294401865,72.60115569230976,302.7743269602458,29.62432696024581
2007-03-20,22.999693294401865,72.60115569230976,301.5295874277751,28.379587427775107
2007-03-21,22.999693294401865,72.60115569230976,300.04966735839844,26.89966735839846
2007-03-22,22.999693294401865,72.60115569230976,299.4205570220947,26.27055702209475
2007-03-23,22.999693294401865,72.60115569230976,300.3292891184489,27.179289118448935
2007-03-24,22.999693294401865,72.60115569230976,301.3263765970866,28.17637659708663
2007-03-25,22.999693294401865,72.60115569230976,301.8113950093587,28.661395009358728
2007-03-26,22.999693294401865,72.60115569230976,302.3926995595296,29.242699559529626
2007-03-27,22.999693294401865,72.60115569230976,303.3504950205485,30.200495020548544
2007-03-28,22.999693294401865,72.60115569230976,303.8952992757161,30.74529927571615
2007-03-29,22.999693294401865,72.60115569230976,303.98149553934735,30.831495539347372
2007-03-30,22.999693294401865,72.60115569230976,304.4806963602702,31.330696360270224
2007-03-31,22.999693294401865,72.60115569230976,304.8699366251628,31.719936625162802
2007-04-01,22.999693294401865,72.60115569230976,303.6564547220866,30.50645472208663
2007-04-02,22.999693294401865,72.60115569230976,302.772305170695,29.62230517069503
2007-04-03,22.999693294401865,72.60115569230976,302.4718360900879,29.321836090087913
2007-04-04,22.999693294401865,72.60115569230976,303.40038935343426,30.250389353434286
2007-04-05,22.999693294401865,72.60115569230976,304.5715624491374,31.42156244913741
2007-04-06,22.999693294401865,72.60115569230976,305.5238660176595,32.37386601765951
2007-04-07,22.999693294401865,72.60115569230976,304.7823664347331,31.632366434733115
2007-04-08,22.999693294401865,72.60115569230976,304.7241840362549,31.574184036254906
2007-04-09,22.999693294401865,72.60115569230976,304.8093655904134,31.659365590413415
2007-04-10,22.999693294401865,72.60115569230976,305.0947100321452,31.944710032145224
2007-04-11,22.999693294401865,72.60115569230976,304.70693016052246,31.556930160522484
2007-04-12,22.999693294401865,72.60115569230976,303.2953573862712,30.1453573862712
2007-04-13,22.999693294401865,72.60115569230976,303.3563995361328,30.206399536132835
2007-04-14,22.999693294401865,72.60115569230976,304.9392369588216,31.78923695882162
2007-04-15,22.999693294401865,72.60115569230976,306.21665318806964,33.066653188069665
2007-04-16,22.999693294401865,72.60115569230976,306.38383928934735,33.23383928934737
2007-04-17,22.999693294401865,72.60115569230976,306.02768961588544,32.87768961588546
2007-04-18,22.999693294401865,72.60115569230976,305.2033856709798,32.05338567097982
2007-04-19,22.999693294401865,72.60115569230976,305.62005615234375,32.47005615234377
2007-04-20,22.999693294401865,72.60115569230976,304.58555539449054,31.435555394490564
2007-04-21,22.999693294401865,72.60115569230976,303.7788740793864,30.628874079386435
2007-04-22,22.999693294401865,72.60115569230976,303.2067807515462,30.056780751546228
2007-04-23,22.999693294401865,72.60115569230976,303.0644817352295,29.914481735229515
2007-04-24,22.999693294401865,72.60115569230976,303.58777554829913,30.437775548299157
2007-04-25,22.999693294401865,72.60115569230976,304.4731801350911,31.32318013509115
2007-04-26,22.999693294401865,72.60115569230976,305.68909708658856,32.53909708658858
2007-04-27,22.999693294401865,72.60115569230976,306.34953053792316,33.19953053792318
2007-04-28,22.999693294401865,72.60115569230976,306.1937535603841,33.04375356038412
2007-04-29,22.999693294401865,72.60115569230976,306.3209482828776,33.170948282877646
2007-04-30,22.999693294401865,72.60115569230976,306.346373240153,33.19637324015304
2007-05-01,22.999693294401865,72.60115569230976,306.49049886067706,33.34049886067709
2007-05-02,22.999693294401865,72.60115569230976,307.3086166381836,34.15861663818362
2007-05-03,22.999693294401865,72.60115569230976,307.0117931365967,33.8617931365967
2007-05-04,22.999693294401865,72.60115569230976,305.5916042327881,32.44160423278811
2007-05-05,22.999693294401865,72.60115569230976,306.7469660441081,33.596966044108115
2007-05-06,22.999693294401865,72.60115569230976,307.27271842956543,34.12271842956545
2007-05-07,22.999693294401865,72.60115569230976,305.682310740153,32.53231074015304
2007-05-08,22.999693294401865,72.60115569230976,304.632365544637,31.482365544637048
2007-05-09,22.999693294401865,72.60115569230976,305.28374608357746,32.13374608357748
2007-05-10,22.999693294401865,72.60115569230976,306.70393625895184,33.553936258951865
2007-05-11,22.999693294401865,72.60115569230976,306.3124434153239,33.162443415323935
2007-05-12,22.999693294401865,72.60115569230976,305.4462610880534,32.29626108805343
2007-05-13,22.999693294401865,72.60115569230976,305.35772768656415,32.20772768656417
2007-05-14,22.999693294401865,72.60115569230976,305.27073097229004,32.12073097229006
2007-05-15,22.999693294401865,72.60115569230976,305.165070215861,32.015070215861044
2007-05-16,22.999693294401865,72.60115569230976,305.10865275065106,31.958652750651083
2007-05-17,22.999693294401865,72.60115569230976,305.55220286051434,32.402202860514365
2007-05-18,22.999693294401865,72.60115569230976,305.9697545369466,32.81975453694662
2007-05-19,22.999693294401865,72.60115569230976,305.8986899058024,32.74868990580245
2007-05-20,22.999693294401865,72.60115569230976,305.8424441019694,32.69244410196944
2007-05-21,22.999693294401865,72.60115569230976,305.5286458333333,32.37864583333334
2007-05-22,22.999693294401865,72.60115569230976,305.2783317565918,32.12833175659182
2007-05-23,22.999693294401865,72.60115569230976,305.2078431447347,32.057843144734704
2007-05-24,22.999693294401865,72.60115569230976,305.3598264058431,32.2098264058431
2007-05-25,22.999693294401865,72.60115569230976,304.93277676900226,31.782776769002282
2007-05-26,22.999693294401865,72.60115569230976,305.01802317301434,31.868023173014365
2007-05-27,22.999693294401865,72.60115569230976,305.11900901794434,31.96900901794436
2007-05-28,22.999693294401865,72.60115569230976,305.39577039082843,32.245770390828454
2007-05-29,22.999693294401865,72.60115569230976,305.27414258321124,32.12414258321127
2007-05-30,22.999693294401865,72.60115569230976,306.6530933380127,33.50309333801272
2007-05-31,22.999693294401865,72.60115569230976,308.24486351013184,35.09486351013186
2007-06-01,22.999693294401865,72.60115569230976,308.36700375874835,35.217003758748376
2007-06-02,22.999693294401865,72.60115569230976,308.04154141743976,34.89154141743978
2007-06-03,22.999693294401865,72.60115569230976,305.5297654469808,32.3797654469808
2007-06-04,22.999693294401865,72.60115569230976,303.51691818237305,30.36691818237307
2007-06-05,22.999693294401865,72.60115569230976,305.0493412017822,31.89934120178225
2007-06-06,22.999693294401865,72.60115569230976,306.27598826090497,33.12598826090499
2007-06-07,22.999693294401865,72.60115569230976,306.658837000529,33.50883700052901
2007-06-08,22.999693294401865,72.60115569230976,306.9347318013509,33.784731801350915
2007-06-09,22.999693294401865,72.60115569230976,306.56687990824383,33.41687990824386
2007-06-10,22.999693294401865,72.60115569230976,306.8496328989665,33.69963289896651
2007-06-11,22.999693294401865,72.60115569230976,306.97541427612305,33.82541427612307
2007-06-12,22.999693294401865,72.60115569230976,306.7475465138753,33.59754651387533
2007-06-13,22.999693294401865,72.60115569230976,306.84715779622394,33.69715779622396
2007-06-14,22.999693294401865,72.60115569230976,306.43190511067706,33.28190511067709
2007-06-15,22.999693294401865,72.60115569230976,304.69253476460773,31.54253476460775
2007-06-16,22.999693294401865,72.60115569230976,304.0490716298421,30.899071629842126
2007-06-17,22.999693294401865,72.60115569230976,304.0240872701009,30.874087270100915
2007-06-18,22.999693294401865,72.60115569230976,304.4059549967448,31.255954996744833
2007-06-19,22.999693294401865,72.60115569230976,303.7831687927246,30.633168792724632
2007-06-20,22.999693294401865,72.60115569230976,304.33288383483887,31.18288383483889
2007-06-21,22.999693294401865,72.60115569230976,303.5670051574707,30.417005157470726
2007-06-22,22.999693294401865,72.60115569230976,304.6860822041829,31.536082204182946
2007-06-23,22.999693294401865,72.60115569230976,307.31641006469727,34.16641006469729
2007-06-24,22.999693294401865,72.60115569230976,302.05027453104657,28.90027453104659
2007-06-25,22.999693294401865,72.60115569230976,301.35949007670087,28.209490076700888
2007-06-26,22.999693294401865,72.60115569230976,302.5570818583171,29.4070818583171
2007-06-27,22.999693294401865,72.60115569230976,302.914161046346,29.764161046346032
2007-06-28,22.999693294401865,72.60115569230976,302.7083683013916,29.558368301391624
2007-06-29,22.999693294401865,72.60115569230976,301.81945037841797,28.66945037841799
2007-06-30,22.999693294401865,72.60115569230976,301.8505153656006,28.70051536560061
2007-07-01,22.999693294401865,72.60115569230976,301.87281290690106,28.722812906901083
2007-07-02,22.999693294401865,72.60115569230976,300.393549601237,27.24354960123702
2007-07-03,22.999693294401865,72.60115569230976,299.5090789794922,26.35907897949221
2007-07-04,22.999693294401865,72.60115569230976,300.41085879007977,27.260858790079794
2007-07-05,22.999693294401865,72.60115569230976,301.7122046152751,28.562204615275107
2007-07-06,22.999693294401865,72.60115569230976,301.4053427378337,28.2553427378337
2007-07-07,22.999693294401865,72.60115569230976,301.9994538625081,28.849453862508142
2007-07-08,22.999693294401865,72.60115569230976,300.8394362131755,27.689436213175497
2007-07-09,22.999693294401865,72.60115569230976,299.9935989379883,26.843598937988304
2007-07-10,22.999693294401865,72.60115569230976,300.6901372273763,27.540137227376306
2007-07-11,22.999693294401865,72.60115569230976,301.8615614573161,28.711561457316122
2007-07-12,22.999693294401865,72.60115569230976,301.6375090281169,28.487509028116904
2007-07-13,22.999693294401865,72.60115569230976,302.25257047017413,29.102570470174157
2007-07-14,22.999693294401865,72.60115569230976,302.2306213378906,29.080621337890648
2007-07-15,22.999693294401865,72.60115569230976,302.1084632873535,28.95846328735354
2007-07-16,22.999693294401865,72.60115569230976,302.134801864624,28.984801864624046
2007-07-17,22.999693294401865,72.60115569230976,301.9500420888265,28.8000420888265
2007-07-18,22.999693294401865,72.60115569230976,301.5834846496582,28.433484649658226
2007-07-19,22.999693294401865,72.60115569230976,301.46282323201496,28.312823232014978
2007-07-20,22.999693294401865,72.60115569230976,301.4404474894206,28.290447489420615
2007-07-21,22.999693294401865,72.60115569230976,301.58120091756183,28.431200917561853
2007-07-22,22.999693294401865,72.60115569230976,301.4341176350911,28.28411763509115
2007-07-23,22.999693294401865,72.60115569230976,301.53745969136554,28.387459691365564
2007-07-24,22.999693294401865,72.60115569230976,302.27636591593426,29.126365915934286
2007-07-25,22.999693294401865,72.60115569230976,301.8696886698405,28.719688669840536
2007-07-26,22.999693294401865,72.60115569230976,302.4264717102051,29.2764717102051
2007-07-27,22.999693294401865,72.60115569230976,301.50403785705566,28.354037857055687
2007-07-28,22.999693294401865,72.60115569230976,300.0863463083903,26.93634630839034
2007-07-29,22.999693294401865,72.60115569230976,300.677459081014,27.527459081014
2007-07-30,22.999693294401865,72.60115569230976,300.2393156687419,27.089315668741904
2007-07-31,22.999693294401865,72.60115569230976,301.68818346659344,28.538183466593466
2007-08-01,22.999693294401865,72.60115569230976,301.20373725891113,28.053737258911156
2007-08-02,22.999693294401865,72.60115569230976,300.8168017069499,27.66680170694991
2007-08-03,22.999693294401865,72.60115569230976,300.22817357381183,27.078173573811853
2007-08-04,22.999693294401865,72.60115569230976,300.223783493042,27.073783493042015
2007-08-05,22.999693294401865,72.60115569230976,299.5969435373942,26.446943537394247
2007-08-06,22.999693294401865,72.60115569230976,299.81933911641437,26.669339116414392
2007-08-07,22.999693294401865,72.60115569230976,300.09315999348956,26.943159993489587
2007-08-08,22.999693294401865,72.60115569230976,298.78716532389325,25.63716532389327
2007-08-09,22.999693294401865,72.60115569230976,300.30884234110516,27.158842341105185
2007-08-10,22.999693294401865,72.60115569230976,300.4984785715739,27.348478571573935
2007-08-11,22.999693294401865,72.60115569230976,300.5747534434001,27.424753443400107
2007-08-12,22.999693294401865,72.60115569230976,300.76425615946454,27.61425615946456
2007-08-13,22.999693294401865,72.60115569230976,300.91112391153973,27.761123911539755
2007-08-14,22.999693294401865,72.60115569230976,301.2760766347249,28.12607663472494
2007-08-15,22.999693294401865,72.60115569230976,301.16246032714844,28.01246032714846
2007-08-16,22.999693294401865,72.60115569230976,301.1028410593669,27.952841059366904
2007-08-17,22.999693294401865,72.60115569230976,301.05930201212567,27.909302012125693
2007-08-18,22.999693294401865,72.60115569230976,301.2235616048177,28.073561604817712
2007-08-19,22.999693294401865,72.60115569230976,301.4909210205078,28.340921020507835
2007-08-20,22.999693294401865,72.60115569230976,301.3092924753825,28.15929247538253
2007-08-21,22.999693294401865,72.60115569230976,297.64416885375977,24.49416885375979
2007-08-22,22.999693294401865,72.60115569230976,299.9359607696533,26.785960769653343
2007-08-23,22.999693294401865,72.60115569230976,300.9105052947998,27.760505294799827
2007-08-24,22.999693294401865,72.60115569230976,301.19114875793457,28.041148757934593
2007-08-25,22.999693294401865,72.60115569230976,301.8669064839681,28.716906483968103
2007-08-26,22.999693294401865,72.60115569230976,302.16488711039227,29.014887110392294
2007-08-27,22.999693294401865,72.60115569230976,301.09260241190594,27.942602411905966
2007-08-28,22.999693294401865,72.60115569230976,300.04138882954913,26.891388829549157
2007-08-29,22.999693294401865,72.60115569230976,299.22767066955566,26.077670669555687
2007-08-30,22.999693294401865,72.60115569230976,299.6549727121989,26.504972712198935
2007-08-31,22.999693294401865,72.60115569230976,300.7812919616699,27.631291961669945
2007-09-01,22.999693294401865,72.60115569230976,299.8540318806966,26.70403188069662
2007-09-02,22.999693294401865,72.60115569230976,300.53806559244794,27.38806559244796
2007-09-03,22.999693294401865,72.60115569230976,300.3812370300293,27.23123703002932
2007-09-04,22.999693294401865,72.60115569230976,301.2494996388753,28.09949963887533
2007-09-05,22.999693294401865,72.60115569230976,301.2425759633382,28.09257596333822
2007-09-06,22.999693294401865,72.60115569230976,300.34997940063477,27.19997940063479
2007-09-07,22.999693294401865,72.60115569230976,301.306453704834,28.156453704834007
2007-09-08,22.999693294401865,72.60115569230976,300.92149416605633,27.771494166056357
2007-09-09,22.999693294401865,72.60115569230976,300.7541268666585,27.604126866658532
2007-09-10,22.999693294401865,72.60115569230976,300.93331146240234,27.783311462402366
2007-09-11,22.999693294401865,72.60115569230976,300.6037019093831,27.453701909383142
2007-09-12,22.999693294401865,72.60115569230976,300.7090358734131,27.55903587341311
2007-09-13,22.999693294401865,72.60115569230976,300.59377733866376,27.44377733866378
2007-09-14,22.999693294401865,72.60115569230976,300.58732414245605,27.437324142456077
2007-09-15,22.999693294401865,72.60115569230976,300.4066867828369,27.256686782836937
2007-09-16,22.999693294401865,72.60115569230976,300.46129480997723,27.311294809977255
2007-09-17,22.999693294401865,72.60115569230976,301.115426381429,27.96542638142904
2007-09-18,22.999693294401865,72.60115569230976,302.0965092976888,28.946509297688806
2007-09-19,22.999693294401865,72.60115569230976,302.1942501068115,29.044250106811546
2007-09-20,22.999693294401865,72.60115569230976,301.55718930562335,28.407189305623376
2007-09-21,22.999693294401865,72.60115569230976,300.00088691711426,26.85088691711428
2007-09-22,22.999693294401865,72.60115569230976,300.7807038625081,27.630703862508142
2007-09-23,22.999693294401865,72.60115569230976,300.3132960001628,27.163296000162802
2007-09-24,22.999693294401865,72.60115569230976,299.94651858011883,26.796518580118857
2007-09-25,22.999693294401865,72.60115569230976,298.47428703308105,25.324287033081077
2007-09-26,22.999693294401865,72.60115569230976,299.0082213083903,25.85822130839034
2007-09-27,22.999693294401865,72.60115569230976,299.8430760701497,26.693076070149743
2007-09-28,22.999693294401865,72.60115569230976,300.74099349975586,27.590993499755882
2007-09-29,22.999693294401865,72.60115569230976,299.73802693684894,26.588026936848962
2007-09-30,22.999693294401865,72.60115569230976,299.3956979115804,26.245697911580407
2007-10-01,22.999693294401865,72.60115569230976,299.8711109161377,26.721110916137718
2007-10-02,22.999693294401865,72.60115569230976,300.0254586537679,26.875458653767907
2007-10-03,22.999693294401865,72.60115569230976,298.70490010579425,25.554900105794275
2007-10-04,22.999693294401865,72.60115569230976,298.62453269958496,25.474532699584984
2007-10-05,22.999693294401865,72.60115569230976,297.9698715209961,24.819871520996116
2007-10-06,22.999693294401865,72.60115569230976,298.31332842508954,25.16332842508956
2007-10-07,22.999693294401865,72.60115569230976,298.9793408711751,25.829340871175134
2007-10-08,22.999693294401865,72.60115569230976,299.30441919962567,26.154419199625693
2007-10-09,22.999693294401865,72.60115569230976,299.37387975056964,26.223879750569665
2007-10-10,22.999693294401865,72.60115569230976,299.93225542704266,26.782255427042685
2007-10-11,22.999693294401865,72.60115569230976,300.6684392293294,27.51843922932943
2007-10-12,22.999693294401865,72.60115569230976,300.9616877237956,27.811687723795615
2007-10-13,22.999693294401865,72.60115569230976,300.430378595988,27.280378595987997
2007-10-14,22.999693294401865,72.60115569230976,300.02831331888837,26.878313318888388
2007-10-15,22.999693294401865,72.60115569230976,299.26549339294434,26.11549339294436
2007-10-16,22.999693294401865,72.60115569230976,299.3215268452962,26.171526845296228
2007-10-17,22.999693294401865,72.60115569230976,298.84483591715497,25.69483591715499
2007-10-18,22.999693294401865,72.60115569230976,297.6684201558431,24.518420155843103
2007-10-19,22.999693294401865,72.60115569230976,297.8105932871501,24.660593287150107
2007-10-20,22.999693294401865,72.60115569230976,297.7994677225749,24.64946772257491
2007-10-21,22.999693294401865,72.60115569230976,297.7269064585368,24.576906458536826
2007-10-22,22.999693294401865,72.60115569230976,298.0464038848877,24.896403884887718
2007-10-23,22.999693294401865,72.60115569230976,297.58642705281574,24.43642705281576
2007-10-24,22.999693294401865,72.60115569230976,299.021536509196,25.871536509196005
2007-10-25,22.999693294401865,72.60115569230976,299.5397885640462,26.389788564046228
2007-10-26,22.999693294401865,72.60115569230976,298.81628863016766,25.666288630167685
2007-10-27,22.999693294401865,72.60115569230976,299.15035247802734,26.000352478027366
2007-10-28,22.999693294401865,72.60115569230976,299.5129871368408,26.362987136840843
2007-10-29,22.999693294401865,72.60115569230976,299.47877502441406,26.328775024414085
2007-10-30,22.999693294401865,72.60115569230976,299.93932914733887,26.78932914733889
2007-10-31,22.999693294401865,72.60115569230976,299.6731548309326,26.52315483093264
2007-11-01,22.999693294401865,72.60115569230976,300.904260635376,27.754260635376
2007-11-02,22.999693294401865,72.60115569230976,301.26146697998047,28.11146697998049
2007-11-03,22.999693294401865,72.60115569230976,301.5330397288005,28.383039728800497
2007-11-04,22.999693294401865,72.60115569230976,301.1722876230876,28.022287623087607
2007-11-05,22.999693294401865,72.60115569230976,300.774024327596,27.624024327596032
2007-11-06,22.999693294401865,72.60115569230976,300.16046651204425,27.010466512044275
2007-11-07,22.999693294401865,72.60115569230976,299.8533242543538,26.703324254353845
2007-11-08,22.999693294401865,72.60115569230976,299.9866002400716,26.83660024007162
2007-11-09,22.999693294401865,72.60115569230976,299.82451184590656,26.67451184590658
2007-11-10,22.999693294401865,72.60115569230976,300.1565704345703,27.006570434570335
2007-11-11,22.999693294401865,72.60115569230976,300.05777231852215,26.907772318522177
2007-11-12,22.999693294401865,72.60115569230976,299.0855598449707,25.935559844970726
2007-11-13,22.999693294401865,72.60115569230976,297.7783718109131,24.62837181091311
2007-11-14,22.999693294401865,72.60115569230976,297.8643035888672,24.71430358886721
2007-11-15,22.999693294401865,72.60115569230976,298.43508593241376,25.28508593241378
2007-11-16,22.999693294401865,72.60115569230976,298.19895871480304,25.048958714803064
2007-11-17,22.999693294401865,72.60115569230976,296.89942677815753,23.749426778157556
2007-11-18,22.999693294401865,72.60115569230976,296.12353070576984,22.97353070576986
2007-11-19,22.999693294401865,72.60115569230976,296.0618788401286,22.911878840128622
2007-11-20,22.999693294401865,72.60115569230976,295.8038787841797,22.65387878417971
2007-11-21,22.999693294401865,72.60115569230976,295.7710386912028,22.62103869120284
2007-11-22,22.999693294401865,72.60115569230976,296.32491366068524,23.174913660685263
2007-11-23,22.999693294401865,72.60115569230976,296.25825055440265,23.108250554402673
2007-11-24,22.999693294401865,72.60115569230976,296.2315247853597,23.081524785359704
2007-11-25,22.999693294401865,72.60115569230976,295.9403266906738,22.79032669067385
2007-11-26,22.999693294401865,72.60115569230976,295.6336790720622,22.483679072062216
2007-11-27,22.999693294401865,72.60115569230976,295.37360827128094,22.223608271280966
2007-11-28,22.999693294401865,72.60115569230976,295.3835201263428,22.233520126342796
2007-11-29,22.999693294401865,72.60115569230976,294.99506759643555,21.84506759643557
2007-11-30,22.999693294401865,72.60115569230976,295.30429967244464,22.154299672444665
2007-12-01,22.999693294401865,72.60115569230976,296.76317405700684,23.61317405700686
2007-12-02,22.999693294401865,72.60115569230976,296.6461664835612,23.49616648356124
2007-12-03,22.999693294401865,72.60115569230976,295.25875663757324,22.108756637573265
2007-12-04,22.999693294401865,72.60115569230976,295.61184883117676,22.46184883117678
2007-12-05,22.999693294401865,72.60115569230976,295.65638542175293,22.506385421752952
2007-12-06,22.999693294401865,72.60115569230976,295.17884572347003,22.028845723470056
2007-12-07,22.999693294401865,72.60115569230976,294.4895273844401,21.339527384440146
2007-12-08,22.999693294401865,72.60115569230976,294.29331906636554,21.143319066365564
2007-12-09,22.999693294401865,72.60115569230976,294.63483301798504,21.484833017985068
2007-12-10,22.999693294401865,72.60115569230976,294.7286084493001,21.578608449300134
2007-12-11,22.999693294401865,72.60115569230976,294.6657371520996,21.515737152099632
2007-12-12,22.999693294401865,72.60115569230976,293.2821464538574,20.132146453857445
2007-12-13,22.999693294401865,72.60115569230976,292.13922182718915,18.98922182718917
2007-12-14,22.999693294401865,72.60115569230976,291.9767246246338,18.826724624633812
2007-12-15,22.999693294401865,72.60115569230976,291.89349937438965,18.74349937438967
2007-12-16,22.999693294401865,72.60115569230976,293.10399373372394,19.953993733723962
2007-12-17,22.999693294401865,72.60115569230976,294.1051820119222,20.955182011922204
2007-12-18,22.999693294401865,72.60115569230976,293.93672434488934,20.786724344889365
2007-12-19,22.999693294401865,72.60115569230976,293.6141808827718,20.464180882771814
2007-12-20,22.999693294401865,72.60115569230976,294.0744043986003,20.924404398600302
2007-12-21,22.999693294401865,72.60115569230976,294.51623916625977,21.36623916625979
2007-12-22,22.999693294401865,72.60115569230976,294.7402521769206,21.590252176920615
2007-12-23,22.999693294401865,72.60115569230976,295.20276133219403,22.052761332194052
2007-12-24,22.999693294401865,72.60115569230976,295.98287836710614,22.83287836710616
2007-12-25,22.999693294401865,72.60115569230976,296.09640248616535,22.94640248616537
2007-12-26,22.999693294401865,72.60115569230976,294.80709139506024,21.657091395060263
2007-12-27,22.999693294401865,72.60115569230976,293.424529393514,20.274529393514
2007-12-28,22.999693294401865,72.60115569230976,292.9087994893392,19.758799489339196
2007-12-29,22.999693294401865,72.60115569230976,291.901159286499,18.751159286499046
2007-12-30,22.999693294401865,72.60115569230976,291.9722709655762,18.822270965576195
2007-12-31,22.999693294401865,72.60115569230976,292.3873774210612,19.23737742106124
2008-01-01,22.999693294401865,72.60115569230976,291.9984137217204,18.84841372172042
2008-01-02,22.999693294401865,72.60115569230976,292.93933995564777,19.78933995564779
2008-01-03,22.999693294401865,72.60115569230976,293.0889612833659,19.938961283365927
2008-01-04,22.999693294401865,72.60115569230976,293.4813969930013,20.331396993001306
2008-01-05,22.999693294401865,72.60115569230976,294.7529780069987,21.60297800699874
2008-01-06,22.999693294401865,72.60115569230976,295.4511025746663,22.301102574666345
2008-01-07,22.999693294401865,72.60115569230976,296.93961334228516,23.78961334228518
2008-01-08,22.999693294401865,72.60115569230976,295.86288197835285,22.71288197835287
2008-01-09,22.999693294401865,72.60115569230976,295.3097724914551,22.1597724914551
2008-01-10,22.999693294401865,72.60115569230976,293.63553555806476,20.485535558064782
2008-01-11,22.999693294401865,72.60115569230976,292.4174664815267,19.267466481526696
2008-01-12,22.999693294401865,72.60115569230976,293.62731679280597,20.477316792805993
2008-01-13,22.999693294401865,72.60115569230976,293.79437192281085,20.644371922810876
2008-01-14,22.999693294401865,72.60115569230976,294.29721514383954,21.14721514383956
2008-01-15,22.999693294401865,72.60115569230976,294.89763259887695,21.747632598876976
2008-01-16,22.999693294401865,72.60115569230976,295.72618929545087,22.576189295450888
2008-01-17,22.999693294401865,72.60115569230976,295.9075635274251,22.757563527425134
2008-01-18,22.999693294401865,72.60115569230976,292.78874588012695,19.638745880126976
2008-01-19,22.999693294401865,72.60115569230976,290.8848813374837,17.734881337483728
2008-01-20,22.999693294401865,72.60115569230976,290.6568965911865,17.506896591186546
2008-01-21,22.999693294401865,72.60115569230976,291.2427552541097,18.092755254109704
2008-01-22,22.999693294401865,72.60115569230976,291.2803490956624,18.13034909566244
2008-01-23,22.999693294401865,72.60115569230976,290.38306363423663,17.233063634236657
2008-01-24,22.999693294401865,72.60115569230976,290.46921221415204,17.31921221415206
2008-01-25,22.999693294401865,72.60115569230976,289.87068430582684,16.720684305826865
2008-01-26,22.999693294401865,72.60115569230976,289.6844476064046,16.534447606404626
2008-01-27,22.999693294401865,72.60115569230976,290.09114265441895,16.941142654418968
2008-01-28,22.999693294401865,72.60115569230976,291.4316596984863,18.28165969848635
2008-01-29,22.999693294401865,72.60115569230976,293.24166679382324,20.091666793823265
2008-01-30,22.999693294401865,72.60115569230976,292.1332416534424,18.983241653442406
2008-01-31,22.999693294401865,72.60115569230976,291.10619990030926,17.956199900309286
2008-02-01,22.999693294401865,72.60115569230976,290.7882448832194,17.638244883219443
2008-02-02,22.999693294401865,72.60115569230976,293.5743103027344,20.424310302734398
2008-02-03,22.999693294401865,72.60115569230976,290.4345563252767,17.284556325276696
2008-02-04,22.999693294401865,72.60115569230976,288.95411618550617,15.804116185506189
2008-02-05,22.999693294401865,72.60115569230976,288.93436940511066,15.78436940511068
2008-02-06,22.999693294401865,72.60115569230976,288.3831272125244,15.233127212524437
2008-02-07,22.999693294401865,72.60115569230976,286.7364699045817,13.586469904581747
2008-02-08,22.999693294401865,72.60115569230976,288.16198412577313,15.011984125773154
2008-02-09,22.999693294401865,72.60115569230976,289.2758502960205,16.12585029602053
2008-02-10,22.999693294401865,72.60115569230976,289.82846705118817,16.678467051188193
2008-02-11,22.999693294401865,72.60115569230976,290.83189900716144,17.681899007161462
2008-02-12,22.999693294401865,72.60115569230976,291.63476689656574,18.48476689656576
2008-02-13,22.999693294401865,72.60115569230976,291.65051587422687,18.500515874226892
2008-02-14,22.999693294401865,72.60115569230976,293.39275614420575,20.24275614420577
2008-02-15,22.999693294401865,72.60115569230976,294.4730453491211,21.323045349121116
2008-02-16,22.999693294401865,72.60115569230976,295.4008445739746,22.250844573974632
2008-02-17,22.999693294401865,72.60115569230976,295.11647097269696,21.966470972696982
2008-02-18,22.999693294401865,72.60115569230976,296.08401171366376,22.93401171366378
2008-02-19,22.999693294401865,72.60115569230976,296.9979050954183,23.847905095418298
2008-02-20,22.999693294401865,72.60115569230976,296.5057570139567,23.355757013956747
2008-02-21,22.999693294401865,72.60115569230976,297.1137402852376,23.963740285237634
2008-02-22,22.999693294401865,72.60115569230976,296.5578320821126,23.407832082112634
2008-02-23,22.999693294401865,72.60115569230976,295.9925225575765,22.8425225575765
2008-02-24,22.999693294401865,72.60115569230976,295.46459197998047,22.31459197998049
2008-02-25,22.999693294401865,72.60115569230976,296.407958984375,23.257958984375023
2008-02-26,22.999693294401865,72.60115569230976,295.5185031890869,22.368503189086937
2008-02-27,22.999693294401865,72.60115569230976,296.2892945607503,23.13929456075033
2008-02-28,22.999693294401865,72.60115569230976,297.3563594818115,24.206359481811546
2008-02-29,22.999693294401865,72.60115569230976,297.9639956156413,24.813995615641318
2008-03-01,22.999693294401865,72.60115569230976,297.62399037679035,24.47399037679037
2008-03-02,22.999693294401865,72.60115569230976,297.682341893514,24.532341893514
2008-03-03,22.999693294401865,72.60115569230976,298.7480697631836,25.598069763183616
2008-03-04,22.999693294401865,72.60115569230976,299.1262563069661,25.97625630696615
2008-03-05,22.999693294401865,72.60115569230976,298.8761812845866,25.72618128458663
2008-03-06,22.999693294401865,72.60115569230976,298.96066157023114,25.81066157023116
2008-03-07,22.999693294401865,72.60115569230976,298.20984268188477,25.05984268188479
2008-03-08,22.999693294401865,72.60115569230976,298.94646008809406,25.79646008809408
2008-03-09,22.999693294401865,72.60115569230976,300.31344413757324,27.163444137573265
2008-03-10,22.999693294401865,72.60115569230976,301.7934633890788,28.643463389078818
2008-03-11,22.999693294401865,72.60115569230976,301.5987962086995,28.448796208699548
2008-03-12,22.999693294401865,72.60115569230976,300.4910017649333,27.34100176493331
2008-03-13,22.999693294401865,72.60115569230976,300.7223714192708,27.572371419270837
2008-03-14,22.999693294401865,72.60115569230976,301.26366424560547,28.11366424560549
2008-03-15,22.999693294401865,72.60115569230976,301.23280652364093,28.082806523640954
2008-03-16,22.999693294401865,72.60115569230976,301.6543649037679,28.504364903767907
2008-03-17,22.999693294401865,72.60115569230976,301.5701160430908,28.420116043090843
2008-03-18,22.999693294401865,72.60115569230976,300.7874863942464,27.637486394246423
2008-03-19,22.999693294401865,72.60115569230976,298.91919390360516,25.769193903605185
2008-03-20,22.999693294401865,72.60115569230976,301.2482452392578,28.098245239257835
2008-03-21,22.999693294401865,72.60115569230976,301.24606768290204,28.09606768290206
2008-03-22,22.999693294401865,72.60115569230976,300.9971745808919,27.84717458089193
2008-03-23,22.999693294401865,72.60115569230976,302.2442518870036,29.094251887003622
2008-03-24,22.999693294401865,72.60115569230976,301.47638511657715,28.32638511657717
2008-03-25,22.999693294401865,72.60115569230976,301.75538063049316,28.605380630493187
2008-03-26,22.999693294401865,72.60115569230976,301.87474123636883,28.724741236368857
2008-03-27,22.999693294401865,72.60115569230976,302.45735422770184,29.307354227701865
2008-03-28,22.999693294401865,72.60115569230976,303.49717775980633,30.347177759806357
2008-03-29,22.999693294401865,72.60115569230976,303.00432205200195,29.854322052001976
2008-03-30,22.999693294401865,72.60115569230976,301.69836044311523,28.548360443115257
2008-03-31,22.999693294401865,72.60115569230976,299.3943208058675,26.244320805867517
2008-04-01,22.999693294401865,72.60115569230976,299.9651985168457,26.815198516845726
2008-04-02,22.999693294401865,72.60115569230976,300.2485173543294,27.09851735432943
2008-04-03,22.999693294401865,72.60115569230976,299.6680056254069,26.518005625406943
2008-04-04,22.999693294401865,72.60115569230976,298.4942207336426,25.3442207336426
2008-04-05,22.999693294401865,72.60115569230976,300.41563479105633,27.265634791056357
2008-04-06,22.999693294401865,72.60115569230976,301.6539249420166,28.503924942016624
2008-04-07,22.999693294401865,72.60115569230976,302.44024149576825,29.29024149576827
2008-04-08,22.999693294401865,72.60115569230976,302.98133214314777,29.83133214314779
2008-04-09,22.999693294401865,72.60115569230976,304.1436176300049,30.993617630004906
2008-04-10,22.999693294401865,72.60115569230976,304.5039768218994,31.353976821899437
2008-04-11,22.999693294401865,72.60115569230976,303.9783541361491,30.82835413614913
2008-04-12,22.999693294401865,72.60115569230976,303.72060139973956,30.570601399739587
2008-04-13,22.999693294401865,72.60115569230976,304.5063336690267,31.356333669026696
2008-04-14,22.999693294401865,72.60115569230976,304.14427248636883,30.994272486368857
2008-04-15,22.999693294401865,72.60115569230976,303.6509717305501,30.500971730550134
2008-04-16,22.999693294401865,72.60115569230976,303.8604113260905,30.710411326090536
2008-04-17,22.999693294401865,72.60115569230976,303.6236629486084,30.47366294860842
2008-04-18,22.999693294401865,72.60115569230976,303.09192212422687,29.941922124226892
2008-04-19,22.999693294401865,72.60115569230976,303.4894320170085,30.339432017008505
2008-04-20,22.999693294401865,72.60115569230976,304.3321253458659,31.182125345865927
2008-04-21,22.999693294401865,72.60115569230976,305.00095494588214,31.850954945882165
2008-04-22,22.999693294401865,72.60115569230976,305.33387819925946,32.18387819925948
2008-04-23,22.999693294401865,72.60115569230976,304.52822812398273,31.37822812398275
2008-04-24,22.999693294401865,72.60115569230976,305.40000279744464,32.250002797444665
2008-04-25,22.999693294401865,72.60115569230976,306.0258191426595,32.87581914265951
2008-04-26,22.999693294401865,72.60115569230976,306.58051681518555,33.43051681518557
2008-04-27,22.999693294401865,72.60115569230976,305.75891304016113,32.608913040161156
2008-04-28,22.999693294401865,72.60115569230976,304.92625935872394,31.776259358723962
2008-04-29,22.999693294401865,72.60115569230976,304.21144104003906,31.061441040039085
2008-04-30,22.999693294401865,72.60115569230976,304.70786158243817,31.557861582438193
2008-05-01,22.999693294401865,72.60115569230976,304.98534711201984,31.83534711201986
2008-05-02,22.999693294401865,72.60115569230976,304.20887565612793,31.058875656127952
2008-05-03,22.999693294401865,72.60115569230976,304.51464970906574,31.36464970906576
2008-05-04,22.999693294401865,72.60115569230976,303.9905370076497,30.840537007649743
2008-05-05,22.999693294401865,72.60115569230976,304.13562711079913,30.985627110799157
2008-05-06,22.999693294401865,72.60115569230976,303.4862740834554,30.336274083455407
2008-05-07,22.999693294401865,72.60115569230976,303.83423805236816,30.684238052368187
2008-05-08,22.999693294401865,72.60115569230976,304.41220410664874,31.262204106648767
2008-05-09,22.999693294401865,72.60115569230976,304.54687309265137,31.39687309265139
2008-05-10,22.999693294401865,72.60115569230976,304.08422597249347,30.934225972493493
2008-05-11,22.999693294401865,72.60115569230976,303.85851605733234,30.70851605733236
2008-05-12,22.999693294401865,72.60115569230976,304.1313927968343,30.981392796834314
2008-05-13,22.999693294401865,72.60115569230976,304.51369603474933,31.363696034749353
2008-05-14,22.999693294401865,72.60115569230976,304.7617778778076,31.61177787780764
2008-05-15,22.999693294401865,72.60115569230976,304.7068125406901,31.556812540690146
2008-05-16,22.999693294401865,72.60115569230976,304.98674456278485,31.836744562784872
2008-05-17,22.999693294401865,72.60115569230976,305.01625124613446,31.866251246134482
2008-05-18,22.999693294401865,72.60115569230976,305.0980574289958,31.94805742899581
2008-05-19,22.999693294401865,72.60115569230976,305.0387954711914,31.88879547119143
2008-05-20,22.999693294401865,72.60115569230976,305.06256167093915,31.91256167093917
2008-05-21,22.999693294401865,72.60115569230976,305.2589931488037,32.108993148803734
2008-05-22,22.999693294401865,72.60115569230976,305.3515141805013,32.201514180501306
2008-05-23,22.999693294401865,72.60115569230976,305.1620750427246,32.01207504272463
2008-05-24,22.999693294401865,72.60115569230976,305.0710735321045,31.921073532104515
2008-05-25,22.999693294401865,72.60115569230976,305.17282994588214,32.022829945882165
2008-05-26,22.999693294401865,72.60115569230976,306.40076955159503,33.250769551595056
2008-05-27,22.999693294401865,72.60115569230976,306.8909715016683,33.7409715016683
2008-05-28,22.999693294401865,72.60115569230976,306.0645109812419,32.914510981241904
2008-05-29,22.999693294401865,72.60115569230976,305.98848088582355,32.83848088582357
2008-05-30,22.999693294401865,72.60115569230976,305.6919682820638,32.541968282063806
2008-05-31,22.999693294401865,72.60115569230976,305.45281473795575,32.30281473795577
2008-06-01,22.999693294401865,72.60115569230976,305.4499912261963,32.29999122619631
2008-06-02,22.999693294401865,72.60115569230976,305.59743309020996,32.447433090209984
2008-06-03,22.999693294401865,72.60115569230976,306.00030453999835,32.850304539998376
2008-06-04,22.999693294401865,72.60115569230976,306.5104586283366,33.36045862833663
2008-06-05,22.999693294401865,72.60115569230976,305.11870257059735,31.968702570597372
2008-06-06,22.999693294401865,72.60115569230976,304.0595003763835,30.909500376383505
2008-06-07,22.999693294401865,72.60115569230976,303.15213839213055,30.002138392130576
2008-06-08,22.999693294401865,72.60115569230976,303.6977113087972,30.547711308797204
2008-06-09,22.999693294401865,72.60115569230976,302.13287925720215,28.98287925720217
2008-06-10,22.999693294401865,72.60115569230976,301.88684844970703,28.736848449707054
2008-06-11,22.999693294401865,72.60115569230976,302.3841667175293,29.23416671752932
2008-06-12,22.999693294401865,72.60115569230976,303.2604624430339,30.110462443033896
2008-06-13,22.999693294401865,72.60115569230976,301.1451168060303,27.995116806030296
2008-06-14,22.999693294401865,72.60115569230976,299.4201018015544,26.270101801554404
2008-06-15,22.999693294401865,72.60115569230976,302.25875027974445,29.10875027974447
2008-06-16,22.999693294401865,72.60115569230976,302.7340730031331,29.584073003133142
2008-06-17,22.999693294401865,72.60115569230976,302.8259455362956,29.675945536295615
2008-06-18,22.999693294401865,72.60115569230976,302.7274176279704,29.57741762797042
2008-06-19,22.999693294401865,72.60115569230976,302.82437896728516,29.67437896728518
2008-06-20,22.999693294401865,72.60115569230976,303.013666788737,29.86366678873702
2008-06-21,22.999693294401865,72.60115569230976,303.2757142384847,30.125714238484704
2008-06-22,22.999693294401865,72.60115569230976,303.4335467020671,30.2835467020671
2008-06-23,22.999693294401865,72.60115569230976,303.4497350056966,30.29973500569662
2008-06-24,22.999693294401865,72.60115569230976,303.5676072438558,30.417607243855798
2008-06-25,22.999693294401865,72.60115569230976,304.11971728007,30.96971728007003
2008-06-26,22.999693294401865,72.60115569230976,303.5226682027181,30.372668202718103
2008-06-27,22.999693294401865,72.60115569230976,301.5277455647786,28.37774556477865
2008-06-28,22.999693294401865,72.60115569230976,301.854985555013,28.704985555013025
2008-06-29,22.999693294401865,72.60115569230976,301.9019260406494,28.751926040649437
2008-06-30,22.999693294401865,72.60115569230976,301.9677899678548,28.81778996785482
2008-07-01,22.999693294401865,72.60115569230976,301.3102569580078,28.160256958007835
2008-07-02,22.999693294401865,72.60115569230976,300.03379185994464,26.883791859944665
2008-07-03,22.999693294401865,72.60115569230976,300.992525100708,27.84252510070803
2008-07-04,22.999693294401865,72.60115569230976,302.1520118713379,29.002011871337913
2008-07-05,22.999693294401865,72.60115569230976,302.1773681640625,29.027368164062523
2008-07-06,22.999693294401865,72.60115569230976,301.9731928507487,28.82319285074874
2008-07-07,22.999693294401865,72.60115569230976,302.0726903279622,28.922690327962243
2008-07-08,22.999693294401865,72.60115569230976,301.6114253997803,28.461425399780296
2008-07-09,22.999693294401865,72.60115569230976,301.37669626871747,28.22669626871749
2008-07-10,22.999693294401865,72.60115569230976,300.5145085652669,27.36450856526693
2008-07-11,22.999693294401865,72.60115569230976,298.8692118326823,25.719211832682333
2008-07-12,22.999693294401865,72.60115569230976,299.8392168680827,26.689216868082724
2008-07-13,22.999693294401865,72.60115569230976,300.88276354471844,27.732763544718466
2008-07-14,22.999693294401865,72.60115569230976,301.6050281524658,28.455028152465843
2008-07-15,22.999693294401865,72.60115569230976,301.81479199727374,28.664791997273767
2008-07-16,22.999693294401865,72.60115569230976,301.55419731140137,28.40419731140139
2008-07-17,22.999693294401865,72.60115569230976,301.4206740061442,28.270674006144247
2008-07-18,22.999693294401865,72.60115569230976,301.4330768585205,28.28307685852053
2008-07-19,22.999693294401865,72.60115569230976,301.737756729126,28.587756729126
2008-07-20,22.999693294401865,72.60115569230976,301.80356470743817,28.653564707438193
2008-07-21,22.999693294401865,72.60115569230976,301.8626346588135,28.7126346588135
2008-07-22,22.999693294401865,72.60115569230976,301.72645060221356,28.576450602213583
2008-07-23,22.999693294401865,72.60115569230976,302.1255512237549,28.975551223754906
2008-07-24,22.999693294401865,72.60115569230976,302.3240152994792,29.17401529947921
2008-07-25,22.999693294401865,72.60115569230976,302.1499729156494,28.999972915649437
2008-07-26,22.999693294401865,72.60115569230976,302.63268280029297,29.48268280029299
2008-07-27,22.999693294401865,72.60115569230976,300.7105960845947,27.56059608459475
2008-07-28,22.999693294401865,72.60115569230976,298.72372754414874,25.573727544148767
2008-07-29,22.999693294401865,72.60115569230976,300.6123854319255,27.462385431925497
2008-07-30,22.999693294401865,72.60115569230976,299.9519780476888,26.801978047688806
2008-07-31,22.999693294401865,72.60115569230976,301.4767888387044,28.32678883870443
2008-08-01,22.999693294401865,72.60115569230976,300.27159055074054,27.121590550740564
2008-08-02,22.999693294401865,72.60115569230976,299.07745997111004,25.927459971110068
2008-08-03,22.999693294401865,72.60115569230976,298.54908561706543,25.399085617065452
2008-08-04,22.999693294401865,72.60115569230976,300.2531038920085,27.103103892008505
2008-08-05,22.999693294401865,72.60115569230976,300.4392770131429,27.289277013142907
2008-08-06,22.999693294401865,72.60115569230976,300.32600529988605,27.17600529988607
2008-08-07,22.999693294401865,72.60115569230976,300.50086911519367,27.35086911519369
2008-08-08,22.999693294401865,72.60115569230976,300.12638028462726,26.976380284627282
2008-08-09,22.999693294401865,72.60115569230976,300.10757573445636,26.957575734456384
2008-08-10,22.999693294401865,72.60115569230976,300.1663653055827,27.016365305582724
2008-08-11,22.999693294401865,72.60115569230976,299.34325853983563,26.193258539835654
2008-08-12,22.999693294401865,72.60115569230976,298.6049213409424,25.454921340942406
2008-08-13,22.999693294401865,72.60115569230976,299.0548718770345,25.90487187703451
2008-08-14,22.999693294401865,72.60115569230976,299.6925589243571,26.542558924357138
2008-08-15,22.999693294401865,72.60115569230976,300.7015431722005,27.551543172200525
2008-08-16,22.999693294401865,72.60115569230976,300.99404271443683,27.844042714436853
2008-08-17,22.999693294401865,72.60115569230976,300.76113255818683,27.611132558186853
2008-08-18,22.999693294401865,72.60115569230976,300.3566773732503,27.20667737325033
2008-08-19,22.999693294401865,72.60115569230976,300.0950056711833,26.94500567118331
2008-08-20,22.999693294401865,72.60115569230976,299.85223388671875,26.702233886718773
2008-08-21,22.999693294401865,72.60115569230976,299.5858497619629,26.435849761962913
2008-08-22,22.999693294401865,72.60115569230976,299.87378692626953,26.723786926269554
2008-08-23,22.999693294401865,72.60115569230976,300.58738772074383,27.437387720743857
2008-08-24,22.999693294401865,72.60115569230976,301.09039306640625,27.940393066406273
2008-08-25,22.999693294401865,72.60115569230976,300.81747500101727,27.667475001017294
2008-08-26,22.999693294401865,72.60115569230976,298.68721199035645,25.537211990356468
2008-08-27,22.999693294401865,72.60115569230976,300.2771345774333,27.12713457743331
2008-08-28,22.999693294401865,72.60115569230976,300.904930750529,27.754930750529013
2008-08-29,22.999693294401865,72.60115569230976,300.99124272664386,27.841242726643884
2008-08-30,22.999693294401865,72.60115569230976,300.93263562520343,27.782635625203454
2008-08-31,22.999693294401865,72.60115569230976,300.9450333913167,27.795033391316736
2008-09-01,22.999693294401865,72.60115569230976,301.481684366862,28.33168436686202
2008-09-02,22.999693294401865,72.60115569230976,302.48658688863117,29.33658688863119
2008-09-03,22.999693294401865,72.60115569230976,302.786465326945,29.63646532694503
2008-09-04,22.999693294401865,72.60115569230976,302.19017791748047,29.04017791748049
2008-09-05,22.999693294401865,72.60115569230976,301.42486063639325,28.27486063639327
2008-09-06,22.999693294401865,72.60115569230976,301.70924377441406,28.559243774414085
2008-09-07,22.999693294401865,72.60115569230976,301.1999206542969,28.049920654296898
2008-09-08,22.999693294401865,72.60115569230976,302.2128143310547,29.06281433105471
2008-09-09,22.999693294401865,72.60115569230976,302.0855573018392,28.935557301839196
2008-09-10,22.999693294401865,72.60115569230976,302.7395896911621,29.589589691162132
2008-09-11,22.999693294401865,72.60115569230976,302.54138501485187,29.391385014851892
2008-09-12,22.999693294401865,72.60115569230976,302.44178771972656,29.291787719726585
2008-09-13,22.999693294401865,72.60115569230976,300.84130732218426,27.691307322184286
2008-09-14,22.999693294401865,72.60115569230976,299.93555068969727,26.78555068969729
2008-09-15,22.999693294401865,72.60115569230976,299.80293401082355,26.65293401082357
2008-09-16,22.999693294401865,72.60115569230976,299.70887819925946,26.558878199259482
2008-09-17,22.999693294401865,72.60115569230976,298.9181334177653,25.76813341776534
2008-09-18,22.999693294401865,72.60115569230976,299.1725101470947,26.02251014709475
2008-09-19,22.999693294401865,72.60115569230976,300.15844472249347,27.008444722493493
2008-09-20,22.999693294401865,72.60115569230976,301.1140384674072,27.96403846740725
2008-09-21,22.999693294401865,72.60115569230976,300.3621877034505,27.212187703450525
2008-09-22,22.999693294401865,72.60115569230976,299.9329528808594,26.782952880859398
2008-09-23,22.999693294401865,72.60115569230976,299.2233257293701,26.07332572937014
2008-09-24,22.999693294401865,72.60115569230976,299.0720100402832,25.922010040283226
2008-09-25,22.999693294401865,72.60115569230976,298.9990749359131,25.84907493591311
2008-09-26,22.999693294401865,72.60115569230976,298.7740135192871,25.624013519287132
2008-09-27,22.999693294401865,72.60115569230976,299.1148115793864,25.964811579386435
2008-09-28,22.999693294401865,72.60115569230976,299.28442001342773,26.134420013427757
2008-09-29,22.999693294401865,72.60115569230976,299.09842173258465,25.948421732584677
2008-09-30,22.999693294401865,72.60115569230976,299.50400225321454,26.35400225321456
2008-10-01,22.999693294401865,72.60115569230976,300.4106667836507,27.26066678365072
2008-10-02,22.999693294401865,72.60115569230976,301.1937770843506,28.04377708435061
2008-10-03,22.999693294401865,72.60115569230976,301.8569399515788,28.706939951578818
2008-10-04,22.999693294401865,72.60115569230976,302.9927565256755,29.842756525675497
2008-10-05,22.999693294401865,72.60115569230976,302.61751556396484,29.467515563964866
2008-10-06,22.999693294401865,72.60115569230976,301.4084192911784,28.258419291178427
2008-10-07,22.999693294401865,72.60115569230976,301.1317259470622,27.981725947062216
2008-10-08,22.999693294401865,72.60115569230976,300.27004051208496,27.120040512084984
2008-10-09,22.999693294401865,72.60115569230976,301.15691630045575,28.00691630045577
2008-10-10,22.999693294401865,72.60115569230976,301.9304911295573,28.780491129557333
2008-10-11,22.999693294401865,72.60115569230976,302.32154210408527,29.17154210408529
2008-10-12,22.999693294401865,72.60115569230976,301.8516311645508,28.701631164550804
2008-10-13,22.999693294401865,72.60115569230976,301.50266393025714,28.352663930257165
2008-10-14,22.999693294401865,72.60115569230976,301.4539044698079,28.303904469807946
2008-10-15,22.999693294401865,72.60115569230976,301.37319628397626,28.22319628397628
2008-10-16,22.999693294401865,72.60115569230976,302.5234146118164,29.37341461181643
2008-10-17,22.999693294401865,72.60115569230976,301.8215249379476,28.671524937947595
2008-10-18,22.999693294401865,72.60115569230976,301.32033920288086,28.170339202880882
2008-10-19,22.999693294401865,72.60115569230976,300.56915283203125,27.419152832031273
2008-10-20,22.999693294401865,72.60115569230976,300.4198939005534,27.269893900553427
2008-10-21,22.999693294401865,72.60115569230976,300.6421089172363,27.49210891723635
2008-10-22,22.999693294401865,72.60115569230976,300.36186027526855,27.211860275268577
2008-10-23,22.999693294401865,72.60115569230976,300.8887004852295,27.738700485229515
2008-10-24,22.999693294401865,72.60115569230976,300.5572757720947,27.40727577209475
2008-10-25,22.999693294401865,72.60115569230976,300.50314394632977,27.353143946329794
2008-10-26,22.999693294401865,72.60115569230976,299.49789810180664,26.347898101806663
2008-10-27,22.999693294401865,72.60115569230976,299.2559178670247,26.105917867024743
2008-10-28,22.999693294401865,72.60115569230976,299.3573710123698,26.207371012369833
2008-10-29,22.999693294401865,72.60115569230976,299.54456901550293,26.394569015502952
2008-10-30,22.999693294401865,72.60115569230976,299.2440490722656,26.094049072265648
2008-10-31,22.999693294401865,72.60115569230976,298.925729115804,25.77572911580404
2008-11-01,22.999693294401865,72.60115569230976,299.2737808227539,26.12378082275393
2008-11-02,22.999693294401865,72.60115569230976,300.0136292775472,26.863629277547204
2008-11-03,22.999693294401865,72.60115569230976,300.06372197469074,26.91372197469076
2008-11-04,22.999693294401865,72.60115569230976,299.7026875813802,26.552687581380212
2008-11-05,22.999693294401865,72.60115569230976,299.5170904795329,26.36709047953292
2008-11-06,22.999693294401865,72.60115569230976,299.47225634257,26.32225634257003
2008-11-07,22.999693294401865,72.60115569230976,299.83882840474445,26.68882840474447
2008-11-08,22.999693294401865,72.60115569230976,299.97085189819336,26.820851898193382
2008-11-09,22.999693294401865,72.60115569230976,299.6276620229085,26.477662022908532
2008-11-10,22.999693294401865,72.60115569230976,298.8563149770101,25.706314977010095
2008-11-11,22.999693294401865,72.60115569230976,298.1858704884847,25.035870488484704
2008-11-12,22.999693294401865,72.60115569230976,297.7016537984212,24.551653798421228
2008-11-13,22.999693294401865,72.60115569230976,297.67081006368,24.520810063680017
2008-11-14,22.999693294401865,72.60115569230976,297.15769322713214,24.007693227132165
2008-11-15,22.999693294401865,72.60115569230976,297.40602175394696,24.256021753946982
2008-11-16,22.999693294401865,72.60115569230976,298.0615946451823,24.911594645182333
2008-11-17,22.999693294401865,72.60115569230976,299.63104883829754,26.481048838297568
2008-11-18,22.999693294401865,72.60115569230976,298.09181722005206,24.941817220052087
2008-11-19,22.999693294401865,72.60115569230976,299.24446868896484,26.094468688964866
2008-11-20,22.999693294401865,72.60115569230976,297.282195409139,24.132195409139
2008-11-21,22.999693294401865,72.60115569230976,296.36607996622723,23.216079966227255
2008-11-22,22.999693294401865,72.60115569230976,296.48471450805664,23.334714508056663
2008-11-23,22.999693294401865,72.60115569230976,296.2477175394694,23.097717539469443
2008-11-24,22.999693294401865,72.60115569230976,295.868439356486,22.718439356486044
2008-11-25,22.999693294401865,72.60115569230976,295.730167388916,22.58016738891604
2008-11-26,22.999693294401865,72.60115569230976,296.04899342854816,22.89899342854818
2008-11-27,22.999693294401865,72.60115569230976,296.67073885599774,23.520738855997763
2008-11-28,22.999693294401865,72.60115569230976,296.62353833516437,23.473538335164392
2008-11-29,22.999693294401865,72.60115569230976,297.71836280822754,24.568362808227562
2008-11-30,22.999693294401865,72.60115569230976,296.3754374186198,23.225437418619833
2008-12-01,22.999693294401865,72.60115569230976,294.96175320943195,21.81175320943197
2008-12-02,22.999693294401865,72.60115569230976,297.69528071085614,24.54528071085616
2008-12-03,22.999693294401865,72.60115569230976,299.1343301137288,25.984330113728845
2008-12-04,22.999693294401865,72.60115569230976,299.8068033854167,26.65680338541671
2008-12-05,22.999693294401865,72.60115569230976,300.07121149698895,26.921211496988974
2008-12-06,22.999693294401865,72.60115569230976,299.7892265319824,26.639226531982445
2008-12-07,22.999693294401865,72.60115569230976,299.3021589914958,26.15215899149581
2008-12-08,22.999693294401865,72.60115569230976,298.0843054453532,24.934305445353232
2008-12-09,22.999693294401865,72.60115569230976,297.7264353434245,24.57643534342452
2008-12-10,22.999693294401865,72.60115569230976,297.3993574778239,24.249357477823935
2008-12-11,22.999693294401865,72.60115569230976,296.40368843078613,23.253688430786156
2008-12-12,22.999693294401865,72.60115569230976,296.2157726287842,23.065772628784202
2008-12-13,22.999693294401865,72.60115569230976,297.12653795878094,23.976537958780966
2008-12-14,22.999693294401865,72.60115569230976,298.0732307434082,24.923230743408226
2008-12-15,22.999693294401865,72.60115569230976,298.7001838684082,25.550183868408226
2008-12-16,22.999693294401865,72.60115569230976,298.73462804158527,25.58462804158529
2008-12-17,22.999693294401865,72.60115569230976,299.0465825398763,25.896582539876306
2008-12-18,22.999693294401865,72.60115569230976,298.660836537679,25.51083653767904
2008-12-19,22.999693294401865,72.60115569230976,297.50450770060223,24.354507700602255
2008-12-20,22.999693294401865,72.60115569230976,297.05117925008136,23.901179250081384
2008-12-21,22.999693294401865,72.60115569230976,296.19702593485516,23.047025934855185
2008-12-22,22.999693294401865,72.60115569230976,296.3806832631429,23.230683263142907
2008-12-23,22.999693294401865,72.60115569230976,295.7452564239502,22.595256423950218
2008-12-24,22.999693294401865,72.60115569230976,294.3750750223796,21.2250750223796
2008-12-25,22.999693294401865,72.60115569230976,294.3224639892578,21.172463989257835
2008-12-26,22.999693294401865,72.60115569230976,293.10643513997394,19.956435139973962
2008-12-27,22.999693294401865,72.60115569230976,292.47224617004395,19.322246170043968
2008-12-28,22.999693294401865,72.60115569230976,292.56485748291016,19.41485748291018
2008-12-29,22.999693294401865,72.60115569230976,293.1826254526774,20.03262545267745
2008-12-30,22.999693294401865,72.60115569230976,293.32618141174316,20.176181411743187
2008-12-31,22.999693294401865,72.60115569230976,294.07579040527344,20.92579040527346
2009-01-01,22.999693294401865,72.60115569230976,294.0695451100667,20.919545110066736
2009-01-02,22.999693294401865,72.60115569230976,294.2633908589681,21.113390858968103
2009-01-03,22.999693294401865,72.60115569230976,294.49484125773114,21.34484125773116
2009-01-04,22.999693294401865,72.60115569230976,293.8253256479899,20.67532564798995
2009-01-05,22.999693294401865,72.60115569230976,293.7908248901367,20.64082489013674
2009-01-06,22.999693294401865,72.60115569230976,292.69431559244794,19.54431559244796
2009-01-07,22.999693294401865,72.60115569230976,293.01697667439777,19.86697667439779
2009-01-08,22.999693294401865,72.60115569230976,294.0989170074463,20.948917007446312
2009-01-09,22.999693294401865,72.60115569230976,294.42299779256183,21.272997792561853
2009-01-10,22.999693294401865,72.60115569230976,294.39043680826825,21.24043680826827
2009-01-11,22.999693294401865,72.60115569230976,295.03852526346844,21.888525263468466
2009-01-12,22.999693294401865,72.60115569230976,295.8730405171712,22.723040517171228
2009-01-13,22.999693294401865,72.60115569230976,296.89587783813477,23.74587783813479
2009-01-14,22.999693294401865,72.60115569230976,297.83966128031415,24.68966128031417
2009-01-15,22.999693294401865,72.60115569230976,297.45996983846027,24.30996983846029
2009-01-16,22.999693294401865,72.60115569230976,297.71396255493164,24.563962554931663
2009-01-17,22.999693294401865,72.60115569230976,296.91895866394043,23.768958663940452
2009-01-18,22.999693294401865,72.60115569230976,295.86738713582355,22.71738713582357
2009-01-19,22.999693294401865,72.60115569230976,296.5741990407308,23.424199040730798
2009-01-20,22.999693294401865,72.60115569230976,297.01193110148114,23.86193110148116
2009-01-21,22.999693294401865,72.60115569230976,296.3175964355469,23.167596435546898
2009-01-22,22.999693294401865,72.60115569230976,296.41351381937665,23.26351381937667
2009-01-23,22.999693294401865,72.60115569230976,296.62638028462726,23.476380284627282
2009-01-24,22.999693294401865,72.60115569230976,297.22334988911945,24.07334988911947
2009-01-25,22.999693294401865,72.60115569230976,295.05732854207355,21.90732854207357
2009-01-26,22.999693294401865,72.60115569230976,293.15322430928546,20.003224309285486
2009-01-27,22.999693294401865,72.60115569230976,293.67249806722003,20.522498067220056
2009-01-28,22.999693294401865,72.60115569230976,293.9699064890544,20.819906489054404
2009-01-29,22.999693294401865,72.60115569230976,294.26927185058594,21.11927185058596
2009-01-30,22.999693294401865,72.60115569230976,294.6312611897786,21.48126118977865
2009-01-31,22.999693294401865,72.60115569230976,294.85460154215497,21.70460154215499
2009-02-01,22.999693294401865,72.60115569230976,295.64075978597003,22.490759785970056
2009-02-02,22.999693294401865,72.60115569230976,295.2047176361084,22.05471763610842
2009-02-03,22.999693294401865,72.60115569230976,294.5575262705485,21.407526270548544
2009-02-04,22.999693294401865,72.60115569230976,295.01555315653485,21.865553156534872
2009-02-05,22.999693294401865,72.60115569230976,294.8594748179118,21.709474817911826
2009-02-06,22.999693294401865,72.60115569230976,294.5172710418701,21.36727104187014
2009-02-07,22.999693294401865,72.60115569230976,295.48005358378094,22.330053583780966
2009-02-08,22.999693294401865,72.60115569230976,295.85049374898273,22.70049374898275
2009-02-09,22.999693294401865,72.60115569230976,295.42251777648926,22.27251777648928
2009-02-10,22.999693294401865,72.60115569230976,294.52302742004395,21.373027420043968
2009-02-11,22.999693294401865,72.60115569230976,294.41070620218915,21.26070620218917
2009-02-12,22.999693294401865,72.60115569230976,294.7450752258301,21.5950752258301
2009-02-13,22.999693294401865,72.60115569230976,295.245751063029,22.095751063029013
2009-02-14,22.999693294401865,72.60115569230976,296.11020787556964,22.960207875569665
2009-02-15,22.999693294401865,72.60115569230976,296.6144364674886,23.46443646748861
2009-02-16,22.999693294401865,72.60115569230976,296.85966809590656,23.70966809590658
2009-02-17,22.999693294401865,72.60115569230976,297.0625190734863,23.91251907348635
2009-02-18,22.999693294401865,72.60115569230976,297.48571014404297,24.33571014404299
2009-02-19,22.999693294401865,72.60115569230976,298.5340658823649,25.38406588236495
2009-02-20,22.999693294401865,72.60115569230976,298.8509991963704,25.700999196370446
2009-02-21,22.999693294401865,72.60115569230976,300.05958620707196,26.909586207071982
2009-02-22,22.999693294401865,72.60115569230976,300.0951512654622,26.945151265462243
2009-02-23,22.999693294401865,72.60115569230976,299.3828016916911,26.232801691691122
2009-02-24,22.999693294401865,72.60115569230976,299.24345143636066,26.09345143636068
2009-02-25,22.999693294401865,72.60115569230976,300.05602900187176,26.906029001871786
2009-02-26,22.999693294401865,72.60115569230976,300.62060356140137,27.47060356140139
2009-02-27,22.999693294401865,72.60115569230976,300.79989687601727,27.649896876017294
2009-02-28,22.999693294401865,72.60115569230976,301.4992968241374,28.34929682413741
2009-03-01,22.999693294401865,72.60115569230976,301.72308985392254,28.573089853922568
2009-03-02,22.999693294401865,72.60115569230976,301.03445561726886,27.884455617268884
2009-03-03,22.999693294401865,72.60115569230976,300.9330247243245,27.783024724324548
2009-03-04,22.999693294401865,72.60115569230976,300.02074750264484,26.87074750264486
2009-03-05,22.999693294401865,72.60115569230976,299.0243269602458,25.87432696024581
2009-03-06,22.999693294401865,72.60115569230976,299.1612097422282,26.011209742228232
2009-03-07,22.999693294401865,72.60115569230976,297.61533546447754,24.465335464477562
2009-03-08,22.999693294401865,72.60115569230976,298.7728748321533,25.622874832153343
2009-03-09,22.999693294401865,72.60115569230976,300.1540279388428,27.004027938842796
2009-03-10,22.999693294401865,72.60115569230976,301.0990632375081,27.949063237508142
2009-03-11,22.999693294401865,72.60115569230976,301.2533893585205,28.10338935852053
2009-03-12,22.999693294401865,72.60115569230976,301.3540623982747,28.204062398274743
2009-03-13,22.999693294401865,72.60115569230976,301.882874806722,28.73287480672201
2009-03-14,22.999693294401865,72.60115569230976,302.1758575439453,29.025857543945335
2009-03-15,22.999693294401865,72.60115569230976,301.1782220204671,28.028222020467126
2009-03-16,22.999693294401865,72.60115569230976,301.1223843892415,27.97238438924154
2009-03-17,22.999693294401865,72.60115569230976,301.55948702494305,28.409487024943076
2009-03-18,22.999693294401865,72.60115569230976,300.88040924072266,27.73040924072268
2009-03-19,22.999693294401865,72.60115569230976,301.34103775024414,28.191037750244163
2009-03-20,22.999693294401865,72.60115569230976,301.5115114847819,28.361511484781943
2009-03-21,22.999693294401865,72.60115569230976,301.1628335316976,28.012833531697595
2009-03-22,22.999693294401865,72.60115569230976,301.70416895548504,28.554168955485068
2009-03-23,22.999693294401865,72.60115569230976,302.5490436553955,29.39904365539553
2009-03-24,22.999693294401865,72.60115569230976,303.2723611195882,30.12236111958822
2009-03-25,22.999693294401865,72.60115569230976,302.27693303426105,29.12693303426107
2009-03-26,22.999693294401865,72.60115569230976,302.4195499420166,29.269549942016624
2009-03-27,22.999693294401865,72.60115569230976,302.57037989298504,29.420379892985068
2009-03-28,22.999693294401865,72.60115569230976,302.85456530253094,29.704565302530966
2009-03-29,22.999693294401865,72.60115569230976,303.3158982594808,30.165898259480798
2009-03-30,22.999693294401865,72.60115569230976,304.6934051513672,31.54340515136721
2009-03-31,22.999693294401865,72.60115569230976,305.40467007954913,32.25467007954916
2009-04-01,22.999693294401865,72.60115569230976,305.82372665405273,32.67372665405276
2009-04-02,22.999693294401865,72.60115569230976,305.91931597391766,32.769315973917685
2009-04-03,22.999693294401865,72.60115569230976,305.04763921101886,31.897639211018884
2009-04-04,22.999693294401865,72.60115569230976,305.2934220631917,32.143422063191736
2009-04-05,22.999693294401865,72.60115569230976,305.1179434458415,31.967943445841513
2009-04-06,22.999693294401865,72.60115569230976,304.7196350097656,31.569635009765648
2009-04-07,22.999693294401865,72.60115569230976,303.1529534657796,30.002953465779626
2009-04-08,22.999693294401865,72.60115569230976,301.2493673960368,28.099367396036826
2009-04-09,22.999693294401865,72.60115569230976,302.30369059244794,29.15369059244796
2009-04-10,22.999693294401865,72.60115569230976,303.92567380269367,30.77567380269369
2009-04-11,22.999693294401865,72.60115569230976,304.36199442545575,31.21199442545577
2009-04-12,22.999693294401865,72.60115569230976,304.69019254048663,31.540192540486657
2009-04-13,22.999693294401865,72.60115569230976,304.76407623291016,31.61407623291018
2009-04-14,22.999693294401865,72.60115569230976,304.91532135009766,31.76532135009768
2009-04-15,22.999693294401865,72.60115569230976,303.8268076578776,30.676807657877646
2009-04-16,22.999693294401865,72.60115569230976,304.34265454610187,31.192654546101892
2009-04-17,22.999693294401865,72.60115569230976,304.9210834503174,31.771083450317406
2009-04-18,22.999693294401865,72.60115569230976,305.80677795410156,32.656777954101585
2009-04-19,22.999693294401865,72.60115569230976,305.99281883239746,32.842818832397484
2009-04-20,22.999693294401865,72.60115569230976,305.3345591227214,32.184559122721396
2009-04-21,22.999693294401865,72.60115569230976,304.1786003112793,31.02860031127932
2009-04-22,22.999693294401865,72.60115569230976,304.34171295166016,31.19171295166018
2009-04-23,22.999693294401865,72.60115569230976,305.0367514292399,31.88675142923995
2009-04-24,22.999693294401865,72.60115569230976,304.9617284138997,31.811728413899743
2009-04-25,22.999693294401865,72.60115569230976,305.4714825948079,32.32148259480795
2009-04-26,22.999693294401865,72.60115569230976,306.81074714660645,33.66074714660647
2009-04-27,22.999693294401865,72.60115569230976,306.6909809112549,33.540980911254906
2009-04-28,22.999693294401865,72.60115569230976,306.90541013081867,33.75541013081869
2009-04-29,22.999693294401865,72.60115569230976,306.7171045939128,33.5671045939128
2009-04-30,22.999693294401865,72.60115569230976,305.28863588968915,32.13863588968917
2009-05-01,22.999693294401865,72.60115569230976,305.5940793355306,32.4440793355306
2009-05-02,22.999693294401865,72.60115569230976,306.40657234191895,33.25657234191897
2009-05-03,22.999693294401865,72.60115569230976,305.4915466308594,32.3415466308594
2009-05-04,22.999693294401865,72.60115569230976,305.16681416829425,32.016814168294275
2009-05-05,22.999693294401865,72.60115569230976,304.70555750528973,31.555557505289755
2009-05-06,22.999693294401865,72.60115569230976,304.97712961832684,31.827129618326865
2009-05-07,22.999693294401865,72.60115569230976,305.6906261444092,32.5406261444092
2009-05-08,22.999693294401865,72.60115569230976,305.9863338470459,32.83633384704592
2009-05-09,22.999693294401865,72.60115569230976,305.43145688374835,32.281456883748376
2009-05-10,22.999693294401865,72.60115569230976,304.9878635406494,31.837863540649437
2009-05-11,22.999693294401865,72.60115569230976,305.0717302958171,31.9217302958171
2009-05-12,22.999693294401865,72.60115569230976,305.38464228312176,32.23464228312179
2009-05-13,22.999693294401865,72.60115569230976,306.0132115681966,32.86321156819662
2009-05-14,22.999693294401865,72.60115569230976,305.85980288187665,32.70980288187667
2009-05-15,22.999693294401865,72.60115569230976,305.2673905690511,32.11739056905111
2009-05-16,22.999693294401865,72.60115569230976,305.24960962931317,32.09960962931319
2009-05-17,22.999693294401865,72.60115569230976,305.68960126241046,32.539601262410486
2009-05-18,22.999693294401865,72.60115569230976,305.8896738688151,32.739673868815146
2009-05-19,22.999693294401865,72.60115569230976,305.86672910054523,32.71672910054525
2009-05-20,22.999693294401865,72.60115569230976,306.08856201171875,32.93856201171877
2009-05-21,22.999693294401865,72.60115569230976,307.5192120869954,34.36921208699545
2009-05-22,22.999693294401865,72.60115569230976,306.99896303812665,33.84896303812667
2009-05-23,22.999693294401865,72.60115569230976,306.06308873494464,32.913088734944665
2009-05-24,22.999693294401865,72.60115569230976,305.760550181071,32.610550181071005
2009-05-25,22.999693294401865,72.60115569230976,305.3175557454427,32.16755574544271
2009-05-26,22.999693294401865,72.60115569230976,305.3082466125488,32.15824661254885
2009-05-27,22.999693294401865,72.60115569230976,305.1598536173503,32.0098536173503
2009-05-28,22.999693294401865,72.60115569230976,305.57669893900555,32.426698939005576
2009-05-29,22.999693294401865,72.60115569230976,305.80632972717285,32.656329727172874
2009-05-30,22.999693294401865,72.60115569230976,305.4335028330485,32.283502833048544
2009-05-31,22.999693294401865,72.60115569230976,305.6197102864583,32.46971028645834
2009-06-01,22.999693294401865,72.60115569230976,305.8522008260091,32.70220082600912
2009-06-02,22.999693294401865,72.60115569230976,305.7915032704671,32.641503270467126
2009-06-03,22.999693294401865,72.60115569230976,305.82370885213214,32.673708852132165
2009-06-04,22.999693294401865,72.60115569230976,305.998867670695,32.84886767069503
2009-06-05,22.999693294401865,72.60115569230976,305.6600983937581,32.51009839375814
2009-06-06,22.999693294401865,72.60115569230976,305.65870412190753,32.508704121907556
2009-06-07,22.999693294401865,72.60115569230976,305.6860186258952,32.536018625895224
2009-06-08,22.999693294401865,72.60115569230976,305.75142606099445,32.60142606099447
2009-06-09,22.999693294401865,72.60115569230976,305.76371002197266,32.61371002197268
2009-06-10,22.999693294401865,72.60115569230976,305.74037488301593,32.590374883015954
2009-06-11,22.999693294401865,72.60115569230976,305.57966295878094,32.429662958780966
2009-06-12,22.999693294401865,72.60115569230976,305.6244087219238,32.47440872192385
2009-06-13,22.999693294401865,72.60115569230976,305.4251187642415,32.27511876424154
2009-06-14,22.999693294401865,72.60115569230976,305.1922492980957,32.042249298095726
2009-06-15,22.999693294401865,72.60115569230976,305.62294642130536,32.47294642130538
2009-06-16,22.999693294401865,72.60115569230976,305.9288959503174,32.778895950317406
2009-06-17,22.999693294401865,72.60115569230976,306.0644016265869,32.91440162658694
2009-06-18,22.999693294401865,72.60115569230976,306.742769241333,33.59276924133303
2009-06-19,22.999693294401865,72.60115569230976,306.9238287607829,33.77382876078292
2009-06-20,22.999693294401865,72.60115569230976,307.0158220926921,33.8658220926921
2009-06-21,22.999693294401865,72.60115569230976,305.78097852071124,32.63097852071127
2009-06-22,22.999693294401865,72.60115569230976,305.88420422871906,32.73420422871908
2009-06-23,22.999693294401865,72.60115569230976,303.8613173166911,30.711317316691122
2009-06-24,22.999693294401865,72.60115569230976,302.44399960835773,29.29399960835775
2009-06-25,22.999693294401865,72.60115569230976,303.476895014445,30.32689501444503
2009-06-26,22.999693294401865,72.60115569230976,304.279722849528,31.129722849528036
2009-06-27,22.999693294401865,72.60115569230976,304.63830184936523,31.488301849365257
2009-06-28,22.999693294401865,72.60115569230976,304.21009063720703,31.060090637207054
2009-06-29,22.999693294401865,72.60115569230976,303.72848892211914,30.578488922119163
2009-06-30,22.999693294401865,72.60115569230976,304.148406346639,30.998406346639
2009-07-01,22.999693294401865,72.60115569230976,303.996395111084,30.846395111084007
2009-07-02,22.999693294401865,72.60115569230976,304.0293782552083,30.879378255208337
2009-07-03,22.999693294401865,72.60115569230976,303.44786071777344,30.29786071777346
2009-07-04,22.999693294401865,72.60115569230976,303.9528121948242,30.80281219482424
2009-07-05,22.999693294401865,72.60115569230976,305.4800662994385,32.3300662994385
2009-07-06,22.999693294401865,72.60115569230976,306.1409447987874,32.99094479878744
2009-07-07,22.999693294401865,72.60115569230976,306.99196497599286,33.84196497599288
2009-07-08,22.999693294401865,72.60115569230976,306.42453447977704,33.27453447977706
2009-07-09,22.999693294401865,72.60115569230976,303.71017328898114,30.56017328898116
2009-07-10,22.999693294401865,72.60115569230976,300.47092628479004,27.320926284790062
2009-07-11,22.999693294401865,72.60115569230976,301.54259936014813,28.392599360148154
2009-07-12,22.999693294401865,72.60115569230976,302.2559445699056,29.105944569905603
2009-07-13,22.999693294401865,72.60115569230976,301.12648646036786,27.97648646036788
2009-07-14,22.999693294401865,72.60115569230976,300.79569753011066,27.64569753011068
2009-07-15,22.999693294401865,72.60115569230976,300.29992357889813,27.149923578898154
2009-07-16,22.999693294401865,72.60115569230976,299.7140973409017,26.564097340901696
2009-07-17,22.999693294401865,72.60115569230976,299.86192258199054,26.711922581990564
2009-07-18,22.999693294401865,72.60115569230976,299.0879656473796,25.9379656473796
2009-07-19,22.999693294401865,72.60115569230976,301.064359664917,27.914359664917015
2009-07-20,22.999693294401865,72.60115569230976,301.1373100280762,27.987310028076195
2009-07-21,22.999693294401865,72.60115569230976,300.0865077972412,26.936507797241234
2009-07-22,22.999693294401865,72.60115569230976,299.52357482910156,26.373574829101585
2009-07-23,22.999693294401865,72.60115569230976,298.809419631958,25.65941963195803
2009-07-24,22.999693294401865,72.60115569230976,298.8505293528239,25.700529352823935
2009-07-25,22.999693294401865,72.60115569230976,299.9560966491699,26.806096649169945
2009-07-26,22.999693294401865,72.60115569230976,300.6542797088623,27.504279708862327
2009-07-27,22.999693294401865,72.60115569230976,301.47864532470703,28.328645324707054
2009-07-28,22.999693294401865,72.60115569230976,301.52439562479657,28.37439562479659
2009-07-29,22.999693294401865,72.60115569230976,301.10573450724286,27.95573450724288
2009-07-30,22.999693294401865,72.60115569230976,301.2049986521403,28.05499865214034
2009-07-31,22.999693294401865,72.60115569230976,301.02368927001953,27.873689270019554
2009-08-01,22.999693294401865,72.60115569230976,301.2794672648112,28.12946726481124
2009-08-02,22.999693294401865,72.60115569230976,301.3018798828125,28.151879882812523
2009-08-03,22.999693294401865,72.60115569230976,301.40294392903644,28.252943929036462
2009-08-04,22.999693294401865,72.60115569230976,301.31236457824707,28.162364578247093
2009-08-05,22.999693294401865,72.60115569230976,301.2646115620931,28.114611562093103
2009-08-06,22.999693294401865,72.60115569230976,301.2256139119466,28.07561391194662
2009-08-07,22.999693294401865,72.60115569230976,301.41001001993817,28.260010019938193
2009-08-08,22.999693294401865,72.60115569230976,301.1403408050537,27.990340805053734
2009-08-09,22.999693294401865,72.60115569230976,301.2896811167399,28.13968111673995
2009-08-10,22.999693294401865,72.60115569230976,301.52184804280597,28.371848042805993
2009-08-11,22.999693294401865,72.60115569230976,301.6681493123372,28.518149312337243
2009-08-12,22.999693294401865,72.60115569230976,301.4764207204183,28.326420720418298
2009-08-13,22.999693294401865,72.60115569230976,301.95458221435547,28.80458221435549
2009-08-14,22.999693294401865,72.60115569230976,301.4970893859863,28.34708938598635
2009-08-15,22.999693294401865,72.60115569230976,300.8781382242839,27.728138224283896
2009-08-16,22.999693294401865,72.60115569230976,300.60816764831543,27.458167648315452
2009-08-17,22.999693294401865,72.60115569230976,301.63718605041504,28.487186050415062
2009-08-18,22.999693294401865,72.60115569230976,302.30327161153156,29.15327161153158
2009-08-19,22.999693294401865,72.60115569230976,302.8871676127116,29.73716761271163
2009-08-20,22.999693294401865,72.60115569230976,302.96389325459796,29.813893254597986
2009-08-21,22.999693294401865,72.60115569230976,302.5040461222331,29.354046122233115
2009-08-22,22.999693294401865,72.60115569230976,302.26690165201825,29.11690165201827
2009-08-23,22.999693294401865,72.60115569230976,302.57877286275226,29.428772862752282
2009-08-24,22.999693294401865,72.60115569230976,303.0856704711914,29.93567047119143
2009-08-25,22.999693294401865,72.60115569230976,302.9120184580485,29.762018458048544
2009-08-26,22.999693294401865,72.60115569230976,301.5782070159912,28.428207015991234
2009-08-27,22.999693294401865,72.60115569230976,300.50116475423175,27.351164754231775
2009-08-28,22.999693294401865,72.60115569230976,298.78063265482587,25.630632654825888
2009-08-29,22.999693294401865,72.60115569230976,298.91808700561523,25.768087005615257
2009-08-30,22.999693294401865,72.60115569230976,299.07066980997723,25.920669809977255
2009-08-31,22.999693294401865,72.60115569230976,300.87571716308594,27.72571716308596
2009-09-01,22.999693294401865,72.60115569230976,301.4660523732503,28.31605237325033
2009-09-02,22.999693294401865,72.60115569230976,301.3963871002197,28.24638710021975
2009-09-03,22.999693294401865,72.60115569230976,301.2139180501302,28.063918050130212
2009-09-04,22.999693294401865,72.60115569230976,301.4007097880046,28.2507097880046
2009-09-05,22.999693294401865,72.60115569230976,301.5484962463379,28.398496246337913
2009-09-06,22.999693294401865,72.60115569230976,301.0177059173584,27.86770591735842
2009-09-07,22.999693294401865,72.60115569230976,301.25432141621906,28.10432141621908
2009-09-08,22.999693294401865,72.60115569230976,301.638224919637,28.488224919637048
2009-09-09,22.999693294401865,72.60115569230976,301.46956698099774,28.319566980997763
2009-09-10,22.999693294401865,72.60115569230976,300.96852684020996,27.818526840209984
2009-09-11,22.999693294401865,72.60115569230976,300.42553393046063,27.275533930460654
2009-09-12,22.999693294401865,72.60115569230976,300.92146492004395,27.771464920043968
2009-09-13,22.999693294401865,72.60115569230976,301.59164301554364,28.44164301554366
2009-09-14,22.999693294401865,72.60115569230976,301.19776344299316,28.047763442993187
2009-09-15,22.999693294401865,72.60115569230976,300.86069170633954,27.71069170633956
2009-09-16,22.999693294401865,72.60115569230976,300.8203207651774,27.67032076517745
2009-09-17,22.999693294401865,72.60115569230976,301.2790120442708,28.129012044270837
2009-09-18,22.999693294401865,72.60115569230976,302.02497545878094,28.874975458780966
2009-09-19,22.999693294401865,72.60115569230976,301.6750888824463,28.525088882446312
2009-09-20,22.999693294401865,72.60115569230976,300.7392807006836,27.589280700683616
2009-09-21,22.999693294401865,72.60115569230976,301.2340316772461,28.084031677246116
2009-09-22,22.999693294401865,72.60115569230976,301.71445083618164,28.564450836181663
2009-09-23,22.999693294401865,72.60115569230976,302.46520678202313,29.315206782023154
2009-09-24,22.999693294401865,72.60115569230976,303.1640879313151,30.014087931315146
2009-09-25,22.999693294401865,72.60115569230976,302.9868615468343,29.836861546834314
2009-09-26,22.999693294401865,72.60115569230976,302.24963061014813,29.099630610148154
2009-09-27,22.999693294401865,72.60115569230976,302.662322362264,29.512322362264
2009-09-28,22.999693294401865,72.60115569230976,303.73132133483887,30.58132133483889
2009-09-29,22.999693294401865,72.60115569230976,304.4956347147624,31.34563471476241
2009-09-30,22.999693294401865,72.60115569230976,305.01342900594074,31.86342900594076
2009-10-01,22.999693294401865,72.60115569230976,304.5815181732178,31.431518173217796
2009-10-02,22.999693294401865,72.60115569230976,304.69150670369464,31.541506703694665
2009-10-03,22.999693294401865,72.60115569230976,304.98289680480957,31.832896804809593
2009-10-04,22.999693294401865,72.60115569230976,303.02538617451984,29.87538617451986
2009-10-05,22.999693294401865,72.60115569230976,303.06682777404785,29.916827774047874
2009-10-06,22.999693294401865,72.60115569230976,303.3681233723958,30.218123372395837
2009-10-07,22.999693294401865,72.60115569230976,301.4420789082845,28.29207890828451
2009-10-08,22.999693294401865,72.60115569230976,301.3522701263428,28.202270126342796
2009-10-09,22.999693294401865,72.60115569230976,301.56806500752765,28.418065007527673
2009-10-10,22.999693294401865,72.60115569230976,301.5074342091878,28.35743420918783
2009-10-11,22.999693294401865,72.60115569230976,301.67751693725586,28.527516937255882
2009-10-12,22.999693294401865,72.60115569230976,302.0856177012126,28.935617701212607
2009-10-13,22.999693294401865,72.60115569230976,301.97164154052734,28.821641540527366
2009-10-14,22.999693294401865,72.60115569230976,301.634921391805,28.484921391805017
2009-10-15,22.999693294401865,72.60115569230976,301.37154388427734,28.221543884277366
2009-10-16,22.999693294401865,72.60115569230976,301.5398534138997,28.389853413899743
2009-10-17,22.999693294401865,72.60115569230976,300.7611764272054,27.611176427205407
2009-10-18,22.999693294401865,72.60115569230976,300.82418696085614,27.67418696085616
2009-10-19,22.999693294401865,72.60115569230976,300.3341636657715,27.184163665771507
2009-10-20,22.999693294401865,72.60115569230976,300.37800852457684,27.228008524576865
2009-10-21,22.999693294401865,72.60115569230976,300.27684593200684,27.12684593200686
2009-10-22,22.999693294401865,72.60115569230976,300.86722056070965,27.717220560709677
2009-10-23,22.999693294401865,72.60115569230976,300.6472880045573,27.497288004557333
2009-10-24,22.999693294401865,72.60115569230976,299.5308481852214,26.380848185221396
2009-10-25,22.999693294401865,72.60115569230976,299.4781920115153,26.32819201151534
2009-10-26,22.999693294401865,72.60115569230976,300.1195704142253,26.969570414225302
2009-10-27,22.999693294401865,72.60115569230976,300.2490997314453,27.099099731445335
2009-10-28,22.999693294401865,72.60115569230976,300.6883684794108,27.53836847941085
2009-10-29,22.999693294401865,72.60115569230976,301.17362848917645,28.023628489176474
2009-10-30,22.999693294401865,72.60115569230976,301.21541531880695,28.06541531880697
2009-10-31,22.999693294401865,72.60115569230976,300.6968631744385,27.5468631744385
2009-11-01,22.999693294401865,72.60115569230976,300.3476028442383,27.197602844238304
2009-11-02,22.999693294401865,72.60115569230976,301.1041482289632,27.95414822896322
2009-11-03,22.999693294401865,72.60115569230976,300.4849910736084,27.33499107360842
2009-11-04,22.999693294401865,72.60115569230976,300.56831614176434,27.418316141764365
2009-11-05,22.999693294401865,72.60115569230976,300.12696011861163,26.976960118611657
2009-11-06,22.999693294401865,72.60115569230976,300.10074615478516,26.95074615478518
2009-11-07,22.999693294401865,72.60115569230976,300.3149579366048,27.16495793660482
2009-11-08,22.999693294401865,72.60115569230976,300.89170837402344,27.74170837402346
2009-11-09,22.999693294401865,72.60115569230976,301.2294165293376,28.079416529337607
2009-11-10,22.999693294401865,72.60115569230976,300.73870786031085,27.588707860310876
2009-11-11,22.999693294401865,72.60115569230976,296.6113910675049,23.461391067504906
2009-11-12,22.999693294401865,72.60115569230976,296.16108894348145,23.011088943481468
2009-11-13,22.999693294401865,72.60115569230976,297.6130841573079,24.463084157307946
2009-11-14,22.999693294401865,72.60115569230976,298.41007296244305,25.260072962443076
2009-11-15,22.999693294401865,72.60115569230976,298.2204869588216,25.07048695882162
2009-11-16,22.999693294401865,72.60115569230976,297.94986724853516,24.79986724853518
2009-11-17,22.999693294401865,72.60115569230976,296.89894104003906,23.748941040039085
2009-11-18,22.999693294401865,72.60115569230976,296.8561248779297,23.70612487792971
2009-11-19,22.999693294401865,72.60115569230976,297.6475632985433,24.497563298543298
2009-11-20,22.999693294401865,72.60115569230976,296.5368487040202,23.386848704020224
2009-11-21,22.999693294401865,72.60115569230976,295.9339739481608,22.78397394816085
2009-11-22,22.999693294401865,72.60115569230976,295.5583438873291,22.408343887329124
2009-11-23,22.999693294401865,72.60115569230976,296.5170758565267,23.367075856526696
2009-11-24,22.999693294401865,72.60115569230976,297.91859753926593,24.768597539265954
2009-11-25,22.999693294401865,72.60115569230976,297.4500617980957,24.300061798095726
2009-11-26,22.999693294401865,72.60115569230976,296.70905113220215,23.55905113220217
2009-11-27,22.999693294401865,72.60115569230976,297.11016209920246,23.960162099202478
2009-11-28,22.999693294401865,72.60115569230976,297.6396255493164,24.48962554931643
2009-11-29,22.999693294401865,72.60115569230976,297.04452387491864,23.89452387491866
2009-11-30,22.999693294401865,72.60115569230976,296.8256721496582,23.675672149658226
2009-12-01,22.999693294401865,72.60115569230976,296.34758949279785,23.197589492797874
2009-12-02,22.999693294401865,72.60115569230976,296.270601272583,23.12060127258303
2009-12-03,22.999693294401865,72.60115569230976,296.6194438934326,23.46944389343264
2009-12-04,22.999693294401865,72.60115569230976,296.8292814890544,23.679281489054404
2009-12-05,22.999693294401865,72.60115569230976,296.2744547526042,23.12445475260421
2009-12-06,22.999693294401865,72.60115569230976,295.88040097554523,22.73040097554525
2009-12-07,22.999693294401865,72.60115569230976,294.8255322774251,21.675532277425134
2009-12-08,22.999693294401865,72.60115569230976,294.57774289449054,21.427742894490564
2009-12-09,22.999693294401865,72.60115569230976,295.3295561472575,22.17955614725753
2009-12-10,22.999693294401865,72.60115569230976,295.53063011169434,22.38063011169436
2009-12-11,22.999693294401865,72.60115569230976,295.4016793568929,22.251679356892907
2009-12-12,22.999693294401865,72.60115569230976,296.74720509847003,23.597205098470056
2009-12-13,22.999693294401865,72.60115569230976,296.4064687093099,23.2564687093099
2009-12-14,22.999693294401865,72.60115569230976,297.2756404876709,24.12564048767092
2009-12-15,22.999693294401865,72.60115569230976,296.9130636850993,23.763063685099326
2009-12-16,22.999693294401865,72.60115569230976,296.5079701741536,23.35797017415365
2009-12-17,22.999693294401865,72.60115569230976,295.567928314209,22.417928314209007
2009-12-18,22.999693294401865,72.60115569230976,295.6831862131755,22.533186213175497
2009-12-19,22.999693294401865,72.60115569230976,296.77754910786945,23.62754910786947
2009-12-20,22.999693294401865,72.60115569230976,297.09933344523114,23.94933344523116
2009-12-21,22.999693294401865,72.60115569230976,297.4312330881755,24.281233088175497
2009-12-22,22.999693294401865,72.60115569230976,297.1138445536296,23.9638445536296
2009-12-23,22.999693294401865,72.60115569230976,296.64490191141766,23.494901911417685
2009-12-24,22.999693294401865,72.60115569230976,295.3019428253174,22.151942825317406
2009-12-25,22.999693294401865,72.60115569230976,294.09268506368,20.942685063680017
2009-12-26,22.999693294401865,72.60115569230976,293.60950978597003,20.459509785970056
2009-12-27,22.999693294401865,72.60115569230976,293.5950215657552,20.445021565755212
2009-12-28,22.999693294401865,72.60115569230976,293.72204208374023,20.572042083740257
2009-12-29,22.999693294401865,72.60115569230976,294.1487681070964,20.998768107096396
2009-12-30,22.999693294401865,72.60115569230976,294.1128387451172,20.96283874511721
2009-12-31,22.999693294401865,72.60115569230976,294.5561930338542,21.40619303385421
2010-01-01,22.999693294401865,72.60115569230976,294.75216738382977,21.602167383829794
2010-01-02,22.999693294401865,72.60115569230976,296.81887944539386,23.668879445393884
2010-01-03,22.999693294401865,72.60115569230976,294.5931002298991,21.44310022989913
2010-01-04,22.999693294401865,72.60115569230976,293.83783022562665,20.68783022562667
2010-01-05,22.999693294401865,72.60115569230976,292.8700370788574,19.720037078857445
2010-01-06,22.999693294401865,72.60115569230976,293.1925678253174,20.042567825317406
2010-01-07,22.999693294401865,72.60115569230976,294.0139643351237,20.86396433512374
2010-01-08,22.999693294401865,72.60115569230976,294.5933322906494,21.443332290649437
2010-01-09,22.999693294401865,72.60115569230976,294.2900924682617,21.14009246826174
2010-01-10,22.999693294401865,72.60115569230976,293.74680519104004,20.596805191040062
2010-01-11,22.999693294401865,72.60115569230976,295.07455507914227,21.924555079142294
2010-01-12,22.999693294401865,72.60115569230976,294.83070182800293,21.680701828002952
2010-01-13,22.999693294401865,72.60115569230976,292.2579936981201,19.10799369812014
2010-01-14,22.999693294401865,72.60115569230976,292.5081481933594,19.358148193359398
2010-01-15,22.999693294401865,72.60115569230976,293.6597588857015,20.5097588857015
2010-01-16,22.999693294401865,72.60115569230976,294.01904741923016,20.869047419230185
2010-01-17,22.999693294401865,72.60115569230976,294.19548988342285,21.045489883422874
2010-01-18,22.999693294401865,72.60115569230976,294.62766710917157,21.47766710917159
2010-01-19,22.999693294401865,72.60115569230976,295.1198329925537,21.969832992553734
2010-01-20,22.999693294401865,72.60115569230976,295.4871342976888,22.337134297688806
2010-01-21,22.999693294401865,72.60115569230976,295.7185509999593,22.568550999959314
2010-01-22,22.999693294401865,72.60115569230976,295.49046007792157,22.34046007792159
2010-01-23,22.999693294401865,72.60115569230976,295.5869623819987,22.43696238199874
2010-01-24,22.999693294401865,72.60115569230976,295.22497113545734,22.07497113545736
2010-01-25,22.999693294401865,72.60115569230976,295.19311841328937,22.043118413289392
2010-01-26,22.999693294401865,72.60115569230976,295.81469408671063,22.664694086710654
2010-01-27,22.999693294401865,72.60115569230976,296.4649308522542,23.314930852254236
2010-01-28,22.999693294401865,72.60115569230976,296.51621373494464,23.366213734944665
2010-01-29,22.999693294401865,72.60115569230976,296.31290372212726,23.162903722127282
2010-01-30,22.999693294401865,72.60115569230976,296.850622177124,23.700622177124046
2010-01-31,22.999693294401865,72.60115569230976,296.1690018971761,23.01900189717611
2010-02-01,22.999693294401865,72.60115569230976,295.7170874277751,22.567087427775107
2010-02-02,22.999693294401865,72.60115569230976,295.92581876118976,22.775818761189782
2010-02-03,22.999693294401865,72.60115569230976,295.9982325236003,22.848232523600302
2010-02-04,22.999693294401865,72.60115569230976,297.29883829752606,24.148838297526083
2010-02-05,22.999693294401865,72.60115569230976,297.36638768513996,24.216387685139978
2010-02-06,22.999693294401865,72.60115569230976,297.94947878519696,24.799478785196982
2010-02-07,22.999693294401865,72.60115569230976,299.61477788289386,26.464777882893884
2010-02-08,22.999693294401865,72.60115569230976,298.4081389109294,25.258138910929404
2010-02-09,22.999693294401865,72.60115569230976,294.816614151001,21.666614151001
2010-02-10,22.999693294401865,72.60115569230976,294.439489364624,21.289489364624046
2010-02-11,22.999693294401865,72.60115569230976,296.27168973286945,23.12168973286947
2010-02-12,22.999693294401865,72.60115569230976,295.45104789733887,22.30104789733889
2010-02-13,22.999693294401865,72.60115569230976,295.47562917073566,22.32562917073568
2010-02-14,22.999693294401865,72.60115569230976,295.9226843516032,22.772684351603232
2010-02-15,22.999693294401865,72.60115569230976,295.746052424113,22.596052424112997
2010-02-16,22.999693294401865,72.60115569230976,295.4981829325358,22.34818293253585
2010-02-17,22.999693294401865,72.60115569230976,295.1123733520508,21.962373352050804
2010-02-18,22.999693294401865,72.60115569230976,295.06726201375324,21.91726201375326
2010-02-19,22.999693294401865,72.60115569230976,295.888734181722,22.73873418172201
2010-02-20,22.999693294401865,72.60115569230976,297.63882001241046,24.488820012410486
2010-02-21,22.999693294401865,72.60115569230976,299.2339102427165,26.083910242716513
2010-02-22,22.999693294401865,72.60115569230976,298.88245964050293,25.732459640502952
2010-02-23,22.999693294401865,72.60115569230976,296.80515162150067,23.655151621500693
2010-02-24,22.999693294401865,72.60115569230976,297.0071652730306,23.857165273030603
2010-02-25,22.999693294401865,72.60115569230976,297.728556950887,24.578556950887048
2010-02-26,22.999693294401865,72.60115569230976,298.9451452891032,25.795145289103232
2010-02-27,22.999693294401865,72.60115569230976,300.01812807718915,26.86812807718917
2010-02-28,22.999693294401865,72.60115569230976,299.809663772583,26.65966377258303
2010-03-01,22.999693294401865,72.60115569230976,299.70308685302734,26.553086853027366
2010-03-02,22.999693294401865,72.60115569230976,300.2912705739339,27.141270573933923
2010-03-03,22.999693294401865,72.60115569230976,300.2620684305827,27.112068430582724
2010-03-04,22.999693294401865,72.60115569230976,299.9136714935303,26.763671493530296
2010-03-05,22.999693294401865,72.60115569230976,300.74904441833496,27.599044418334984
2010-03-06,22.999693294401865,72.60115569230976,299.5451119740804,26.395111974080407
2010-03-07,22.999693294401865,72.60115569230976,299.00842666625977,25.85842666625979
2010-03-08,22.999693294401865,72.60115569230976,300.1889247894287,27.038924789428734
2010-03-09,22.999693294401865,72.60115569230976,301.50479952494305,28.354799524943076
2010-03-10,22.999693294401865,72.60115569230976,302.30151812235516,29.151518122355185
2010-03-11,22.999693294401865,72.60115569230976,302.8813050587972,29.731305058797204
2010-03-12,22.999693294401865,72.60115569230976,302.68529510498047,29.53529510498049
2010-03-13,22.999693294401865,72.60115569230976,301.3877487182617,28.23774871826174
2010-03-14,22.999693294401865,72.60115569230976,301.37737973531085,28.227379735310876
2010-03-15,22.999693294401865,72.60115569230976,301.7867317199707,28.636731719970726
2010-03-16,22.999693294401865,72.60115569230976,302.0614693959554,28.911469395955407
2010-03-17,22.999693294401865,72.60115569230976,304.18269602457684,31.032696024576865
2010-03-18,22.999693294401865,72.60115569230976,305.7669105529785,32.61691055297854
2010-03-19,22.999693294401865,72.60115569230976,305.7565123240153,32.60651232401534
2010-03-20,22.999693294401865,72.60115569230976,305.09446716308594,31.94446716308596
2010-03-21,22.999693294401865,72.60115569230976,305.2389659881592,32.0889659881592
2010-03-22,22.999693294401865,72.60115569230976,303.1555817921956,30.005581792195642
2010-03-23,22.999693294401865,72.60115569230976,301.7003345489502,28.550334548950218
2010-03-24,22.999693294401865,72.60115569230976,301.47769927978516,28.32769927978518
2010-03-25,22.999693294401865,72.60115569230976,302.73918596903485,29.589185969034872
2010-03-26,22.999693294401865,72.60115569230976,302.28897285461426,29.13897285461428
2010-03-27,22.999693294401865,72.60115569230976,302.1943194071452,29.044319407145224
2010-03-28,22.999693294401865,72.60115569230976,303.4260031382243,30.276003138224326
2010-03-29,22.999693294401865,72.60115569230976,303.2419096628825,30.09190966288253
2010-03-30,22.999693294401865,72.60115569230976,303.0418243408203,29.891824340820335
2010-03-31,22.999693294401865,72.60115569230976,302.0277105967204,28.87771059672042
2010-04-01,22.999693294401865,72.60115569230976,301.88172976175946,28.731729761759482
2010-04-02,22.999693294401865,72.60115569230976,302.4679069519043,29.31790695190432
2010-04-03,22.999693294401865,72.60115569230976,301.63058789571124,28.480587895711267
2010-04-04,22.999693294401865,72.60115569230976,302.85929044087726,29.709290440877282
2010-04-05,22.999693294401865,72.60115569230976,304.02563603719074,30.87563603719076
2010-04-06,22.999693294401865,72.60115569230976,304.90986188252765,31.759861882527673
2010-04-07,22.999693294401865,72.60115569230976,306.1695753733317,33.01957537333175
2010-04-08,22.999693294401865,72.60115569230976,305.5395965576172,32.38959655761721
2010-04-09,22.999693294401865,72.60115569230976,304.58000564575195,31.430005645751976
2010-04-10,22.999693294401865,72.60115569230976,303.70165761311847,30.551657613118493
2010-04-11,22.999693294401865,72.60115569230976,303.30176544189453,30.151765441894554
2010-04-12,22.999693294401865,72.60115569230976,305.2303269704183,32.0803269704183
2010-04-13,22.999693294401865,72.60115569230976,305.6030438741048,32.45304387410482
2010-04-14,22.999693294401865,72.60115569230976,306.45912233988446,33.30912233988448
2010-04-15,22.999693294401865,72.60115569230976,306.54717953999835,33.397179539998376
2010-04-16,22.999693294401865,72.60115569230976,307.57083320617676,34.42083320617678
2010-04-17,22.999693294401865,72.60115569230976,305.8325678507487,32.68256785074874
2010-04-18,22.999693294401865,72.60115569230976,305.5330410003662,32.383041000366234
2010-04-19,22.999693294401865,72.60115569230976,305.4847062428792,32.334706242879236
2010-04-20,22.999693294401865,72.60115569230976,305.874807993571,32.724807993571005
2010-04-21,22.999693294401865,72.60115569230976,305.18030103047687,32.03030103047689
2010-04-22,22.999693294401865,72.60115569230976,305.07864570617676,31.92864570617678
2010-04-23,22.999693294401865,72.60115569230976,306.3704312642415,33.22043126424154
2010-04-24,22.999693294401865,72.60115569230976,306.2317765553792,33.081776555379236
2010-04-25,22.999693294401865,72.60115569230976,305.54981231689453,32.399812316894554
2010-04-26,22.999693294401865,72.60115569230976,306.3545506795247,33.20455067952474
2010-04-27,22.999693294401865,72.60115569230976,307.71158536275226,34.56158536275228
2010-04-28,22.999693294401865,72.60115569230976,307.73071670532227,34.58071670532229
2010-04-29,22.999693294401865,72.60115569230976,307.6511370340983,34.50113703409835
2010-04-30,22.999693294401865,72.60115569230976,307.46196428934735,34.31196428934737
2010-05-01,22.999693294401865,72.60115569230976,306.78845342000324,33.63845342000326
2010-05-02,22.999693294401865,72.60115569230976,307.99319585164386,34.843195851643884
2010-05-03,22.999693294401865,72.60115569230976,306.9486389160156,33.79863891601565
2010-05-04,22.999693294401865,72.60115569230976,307.00185521443683,33.85185521443685
2010-05-05,22.999693294401865,72.60115569230976,306.5340639750163,33.38406397501632
2010-05-06,22.999693294401865,72.60115569230976,307.15028699239093,34.000286992390954
2010-05-07,22.999693294401865,72.60115569230976,308.3165963490804,35.16659634908041
2010-05-08,22.999693294401865,72.60115569230976,308.62364768981934,35.47364768981936
2010-05-09,22.999693294401865,72.60115569230976,308.5252094268799,35.375209426879906
2010-05-10,22.999693294401865,72.60115569230976,307.4977798461914,34.34777984619143
2010-05-11,22.999693294401865,72.60115569230976,307.5702699025472,34.420269902547204
2010-05-12,22.999693294401865,72.60115569230976,308.7812925974528,35.63129259745284
2010-05-13,22.999693294401865,72.60115569230976,308.31626892089844,35.16626892089846
2010-05-14,22.999693294401865,72.60115569230976,307.2263126373291,34.076312637329124
2010-05-15,22.999693294401865,72.60115569230976,306.74976921081543,33.59976921081545
2010-05-16,22.999693294401865,72.60115569230976,307.1009712219238,33.95097122192385
2010-05-17,22.999693294401865,72.60115569230976,307.8900082906087,34.74000829060873
2010-05-18,22.999693294401865,72.60115569230976,308.50328636169434,35.35328636169436
2010-05-19,22.999693294401865,72.60115569230976,310.0012722015381,36.85127220153811
2010-05-20,22.999693294401865,72.60115569230976,310.915283203125,37.76528320312502
2010-05-21,22.999693294401865,72.60115569230976,310.80041122436523,37.65041122436526
2010-05-22,22.999693294401865,72.60115569230976,309.9908034006755,36.8408034006755
2010-05-23,22.999693294401865,72.60115569230976,309.11284255981445,35.962842559814476
2010-05-24,22.999693294401865,72.60115569230976,308.60748863220215,35.45748863220217
2010-05-25,22.999693294401865,72.60115569230976,308.34017817179364,35.19017817179366
2010-05-26,22.999693294401865,72.60115569230976,308.0667413075765,34.9167413075765
2010-05-27,22.999693294401865,72.60115569230976,308.0556780497233,34.90567804972335
2010-05-28,22.999693294401865,72.60115569230976,308.07962226867676,34.92962226867678
2010-05-29,22.999693294401865,72.60115569230976,307.34171867370605,34.19171867370608
2010-05-30,22.999693294401865,72.60115569230976,307.14236132303876,33.99236132303878
2010-05-31,22.999693294401865,72.60115569230976,307.06215985616046,33.912159856160486
2010-06-01,22.999693294401865,72.60115569230976,307.2017409006755,34.0517409006755
2010-06-02,22.999693294401865,72.60115569230976,305.43270619710285,32.28270619710287
2010-06-03,22.999693294401865,72.60115569230976,306.67765553792316,33.52765553792318
2010-06-04,22.999693294401865,72.60115569230976,307.08092816670734,33.93092816670736
2010-06-05,22.999693294401865,72.60115569230976,306.8798287709554,33.72982877095541
2010-06-06,22.999693294401865,72.60115569230976,305.75660514831543,32.60660514831545
2010-06-07,22.999693294401865,72.60115569230976,303.74147351582843,30.591473515828454
2010-06-08,22.999693294401865,72.60115569230976,305.02854601542157,31.87854601542159
2010-06-09,22.999693294401865,72.60115569230976,306.49785741170246,33.34785741170248
2010-06-10,22.999693294401865,72.60115569230976,308.158504486084,35.00850448608401
2010-06-11,22.999693294401865,72.60115569230976,310.42031415303546,37.270314153035486
2010-06-12,22.999693294401865,72.60115569230976,310.5396722157796,37.389672215779626
2010-06-13,22.999693294401865,72.60115569230976,309.7788092295329,36.62880922953292
2010-06-14,22.999693294401865,72.60115569230976,307.94154167175293,34.79154167175295
2010-06-15,22.999693294401865,72.60115569230976,302.4580885569255,29.308088556925497
2010-06-16,22.999693294401865,72.60115569230976,304.27635955810547,31.12635955810549
2010-06-17,22.999693294401865,72.60115569230976,305.52685228983563,32.376852289835654
2010-06-18,22.999693294401865,72.60115569230976,307.6659043629964,34.51590436299642
2010-06-19,22.999693294401865,72.60115569230976,308.55270767211914,35.40270767211916
2010-06-20,22.999693294401865,72.60115569230976,307.2919069925944,34.14190699259444
2010-06-21,22.999693294401865,72.60115569230976,306.6943785349528,33.54437853495284
2010-06-22,22.999693294401865,72.60115569230976,306.72041447957355,33.57041447957357
2010-06-23,22.999693294401865,72.60115569230976,306.6410598754883,33.491059875488304
2010-06-24,22.999693294401865,72.60115569230976,305.5166123708089,32.36661237080892
2010-06-25,22.999693294401865,72.60115569230976,305.81449190775555,32.664491907755576
2010-06-26,22.999693294401865,72.60115569230976,306.75859959920246,33.60859959920248
2010-06-27,22.999693294401865,72.60115569230976,306.31712595621747,33.16712595621749
2010-06-28,22.999693294401865,72.60115569230976,305.994327545166,32.84432754516604
2010-06-29,22.999693294401865,72.60115569230976,306.04133160909015,32.89133160909017
2010-06-30,22.999693294401865,72.60115569230976,306.3309446970622,33.180944697062216
2010-07-01,22.999693294401865,72.60115569230976,305.6797154744466,32.52971547444662
2010-07-02,22.999693294401865,72.60115569230976,304.74296951293945,31.592969512939476
2010-07-03,22.999693294401865,72.60115569230976,303.39378865559894,30.243788655598962
2010-07-04,22.999693294401865,72.60115569230976,300.53035227457684,27.380352274576865
2010-07-05,22.999693294401865,72.60115569230976,299.40528869628906,26.255288696289085
2010-07-06,22.999693294401865,72.60115569230976,300.8219477335612,27.67194773356124
2010-07-07,22.999693294401865,72.60115569230976,301.1161053975423,27.96610539754232
2010-07-08,22.999693294401865,72.60115569230976,300.9725259145101,27.822525914510095
2010-07-09,22.999693294401865,72.60115569230976,301.36988194783527,28.21988194783529
2010-07-10,22.999693294401865,72.60115569230976,301.88622347513837,28.736223475138388
2010-07-11,22.999693294401865,72.60115569230976,302.8907585144043,29.74075851440432
2010-07-12,22.999693294401865,72.60115569230976,302.77203305562335,29.622033055623376
2010-07-13,22.999693294401865,72.60115569230976,302.3350289662679,29.185028966267907
2010-07-14,22.999693294401865,72.60115569230976,301.9830125172933,28.833012517293298
2010-07-15,22.999693294401865,72.60115569230976,302.2656078338623,29.115607833862327
2010-07-16,22.999693294401865,72.60115569230976,301.70953305562335,28.559533055623376
2010-07-17,22.999693294401865,72.60115569230976,301.37245686848956,28.222456868489587
2010-07-18,22.999693294401865,72.60115569230976,302.1999994913737,29.04999949137374
2010-07-19,22.999693294401865,72.60115569230976,302.5558961232503,29.40589612325033
2010-07-20,22.999693294401865,72.60115569230976,302.3041737874349,29.1541737874349
2010-07-21,22.999693294401865,72.60115569230976,301.416072845459,28.266072845459007
2010-07-22,22.999693294401865,72.60115569230976,300.27337010701496,27.123370107014978
2010-07-23,22.999693294401865,72.60115569230976,300.26121711730957,27.111217117309593
2010-07-24,22.999693294401865,72.60115569230976,299.97727457682294,26.82727457682296
2010-07-25,22.999693294401865,72.60115569230976,299.42831103007,26.27831103007003
2010-07-26,22.999693294401865,72.60115569230976,298.56111971537274,25.411119715372763
2010-07-27,22.999693294401865,72.60115569230976,300.8843472798665,27.73434727986654
2010-07-28,22.999693294401865,72.60115569230976,301.1880734761556,28.038073476155603
2010-07-29,22.999693294401865,72.60115569230976,301.18254979451496,28.032549794514978
2010-07-30,22.999693294401865,72.60115569230976,301.5560671488444,28.406067148844443
2010-07-31,22.999693294401865,72.60115569230976,300.48125648498535,27.331256484985374
2010-08-01,22.999693294401865,72.60115569230976,299.90020179748535,26.750201797485374
2010-08-02,22.999693294401865,72.60115569230976,299.3767630259196,26.226763025919638
2010-08-03,22.999693294401865,72.60115569230976,299.7604554494222,26.610455449422204
2010-08-04,22.999693294401865,72.60115569230976,299.07127380371094,25.92127380371096
2010-08-05,22.999693294401865,72.60115569230976,301.2110735575358,28.06107355753585
2010-08-06,22.999693294401865,72.60115569230976,300.7985254923503,27.648525492350302
2010-08-07,22.999693294401865,72.60115569230976,299.4455973307292,26.29559733072921
2010-08-08,22.999693294401865,72.60115569230976,299.2835267384847,26.133526738484704
2010-08-09,22.999693294401865,72.60115569230976,300.54174550374347,27.391745503743493
2010-08-10,22.999693294401865,72.60115569230976,300.964391708374,27.814391708374046
2010-08-11,22.999693294401865,72.60115569230976,301.2887643178304,28.138764317830407
2010-08-12,22.999693294401865,72.60115569230976,301.3041655222575,28.15416552225753
2010-08-13,22.999693294401865,72.60115569230976,300.6820983886719,27.532098388671898
2010-08-14,22.999693294401865,72.60115569230976,301.12663714090985,27.976637140909872
2010-08-15,22.999693294401865,72.60115569230976,301.50668716430664,28.356687164306663
2010-08-16,22.999693294401865,72.60115569230976,301.82384999593097,28.673849995930993
2010-08-17,22.999693294401865,72.60115569230976,301.6478665669759,28.497866566975915
2010-08-18,22.999693294401865,72.60115569230976,301.27861467997235,28.128614679972372
2010-08-19,22.999693294401865,72.60115569230976,301.3430468241374,28.19304682413741
2010-08-20,22.999693294401865,72.60115569230976,301.04141489664715,27.891414896647177
2010-08-21,22.999693294401865,72.60115569230976,300.11133511861163,26.961335118611657
2010-08-22,22.999693294401865,72.60115569230976,301.32562828063965,28.17562828063967
2010-08-23,22.999693294401865,72.60115569230976,301.4000536600749,28.25005366007491
2010-08-24,22.999693294401865,72.60115569230976,301.13128089904785,27.981280899047874
2010-08-25,22.999693294401865,72.60115569230976,301.01865577697754,27.868655776977562
2010-08-26,22.999693294401865,72.60115569230976,300.8446610768636,27.69466107686361
2010-08-27,22.999693294401865,72.60115569230976,301.2829411824544,28.13294118245443
2010-08-28,22.999693294401865,72.60115569230976,301.38070487976074,28.230704879760765
2010-08-29,22.999693294401865,72.60115569230976,300.2332534790039,27.08325347900393
2010-08-30,22.999693294401865,72.60115569230976,299.5560474395752,26.406047439575218
2010-08-31,22.999693294401865,72.60115569230976,299.80153783162433,26.651537831624353
2010-09-01,22.999693294401865,72.60115569230976,300.46706771850586,27.317067718505882
2010-09-02,22.999693294401865,72.60115569230976,300.9776808420817,27.827680842081747
2010-09-03,22.999693294401865,72.60115569230976,300.77138328552246,27.621383285522484
2010-09-04,22.999693294401865,72.60115569230976,300.4199473063151,27.269947306315146
2010-09-05,22.999693294401865,72.60115569230976,300.175989151001,27.025989151001
2010-09-06,22.999693294401865,72.60115569230976,300.4622389475505,27.312238947550497
2010-09-07,22.999693294401865,72.60115569230976,299.8265552520752,26.676555252075218
2010-09-08,22.999693294401865,72.60115569230976,300.8116811116536,27.66168111165365
2010-09-09,22.999693294401865,72.60115569230976,299.25843175252277,26.10843175252279
2010-09-10,22.999693294401865,72.60115569230976,299.0900421142578,25.940042114257835
2010-09-11,22.999693294401865,72.60115569230976,300.45316823323566,27.30316823323568
2010-09-12,22.999693294401865,72.60115569230976,299.8339207967122,26.683920796712243
2010-09-13,22.999693294401865,72.60115569230976,300.2184600830078,27.068460083007835
2010-09-14,22.999693294401865,72.60115569230976,300.7632172902425,27.613217290242517
2010-09-15,22.999693294401865,72.60115569230976,300.22516441345215,27.07516441345217
2010-09-16,22.999693294401865,72.60115569230976,300.67838795979816,27.52838795979818
2010-09-17,22.999693294401865,72.60115569230976,300.63903109232587,27.489031092325888
2010-09-18,22.999693294401865,72.60115569230976,300.1996428171794,27.049642817179404
2010-09-19,22.999693294401865,72.60115569230976,300.8197142283122,27.669714228312216
2010-09-20,22.999693294401865,72.60115569230976,300.9137388865153,27.76373888651534
2010-09-21,22.999693294401865,72.60115569230976,301.1612358093262,28.011235809326195
2010-09-22,22.999693294401865,72.60115569230976,301.08929506937665,27.93929506937667
2010-09-23,22.999693294401865,72.60115569230976,300.7545026143392,27.604502614339196
2010-09-24,22.999693294401865,72.60115569230976,300.1015981038411,26.95159810384115
2010-09-25,22.999693294401865,72.60115569230976,299.0409812927246,25.890981292724632
2010-09-26,22.999693294401865,72.60115569230976,300.3560250600179,27.206025060017907
2010-09-27,22.999693294401865,72.60115569230976,301.4054775238037,28.255477523803734
2010-09-28,22.999693294401865,72.60115569230976,302.61975860595703,29.469758605957054
2010-09-29,22.999693294401865,72.60115569230976,302.1659126281738,29.01591262817385
2010-09-30,22.999693294401865,72.60115569230976,301.6458314259847,28.495831425984704
2010-10-01,22.999693294401865,72.60115569230976,301.279260635376,28.129260635376
2010-10-02,22.999693294401865,72.60115569230976,301.6845137278239,28.534513727823935
2010-10-03,22.999693294401865,72.60115569230976,301.76729075113934,28.617290751139365
2010-10-04,22.999693294401865,72.60115569230976,301.90497970581055,28.75497970581057
2010-10-05,22.999693294401865,72.60115569230976,302.72848955790204,29.57848955790206
2010-10-06,22.999693294401865,72.60115569230976,302.2705764770508,29.120576477050804
2010-10-07,22.999693294401865,72.60115569230976,301.9809322357178,28.830932235717796
2010-10-08,22.999693294401865,72.60115569230976,300.68358039855957,27.533580398559593
2010-10-09,22.999693294401865,72.60115569230976,300.9698486328125,27.819848632812523
2010-10-10,22.999693294401865,72.60115569230976,300.9020570119222,27.752057011922204
2010-10-11,22.999693294401865,72.60115569230976,300.16236941019696,27.012369410196982
2010-10-12,22.999693294401865,72.60115569230976,299.9929949442546,26.8429949442546
2010-10-13,22.999693294401865,72.60115569230976,300.77775319417316,27.62775319417318
2010-10-14,22.999693294401865,72.60115569230976,301.4129447937012,28.262944793701195
2010-10-15,22.999693294401865,72.60115569230976,302.09776242574054,28.947762425740564
2010-10-16,22.999693294401865,72.60115569230976,302.898956934611,29.748956934611044
2010-10-17,22.999693294401865,72.60115569230976,302.48165194193524,29.331651941935263
2010-10-18,22.999693294401865,72.60115569230976,303.1171696980794,29.96716969807943
2010-10-19,22.999693294401865,72.60115569230976,303.3683261871338,30.218326187133812
2010-10-20,22.999693294401865,72.60115569230976,302.7437451680501,29.593745168050134
2010-10-21,22.999693294401865,72.60115569230976,302.5936749776204,29.443674977620446
2010-10-22,22.999693294401865,72.60115569230976,302.12731170654297,28.97731170654299
2010-10-23,22.999693294401865,72.60115569230976,300.2035032908122,27.053503290812216
2010-10-24,22.999693294401865,72.60115569230976,300.3123207092285,27.16232070922854
2010-10-25,22.999693294401865,72.60115569230976,300.60105832417804,27.451058324178064
2010-10-26,22.999693294401865,72.60115569230976,301.0970929463704,27.947092946370446
2010-10-27,22.999693294401865,72.60115569230976,301.3744697570801,28.2244697570801
2010-10-28,22.999693294401865,72.60115569230976,301.41763432820636,28.267634328206384
2010-10-29,22.999693294401865,72.60115569230976,300.63480440775555,27.484804407755576
2010-10-30,22.999693294401865,72.60115569230976,300.7358538309733,27.58585383097335
2010-10-31,22.999693294401865,72.60115569230976,300.5375550587972,27.387555058797204
2010-11-01,22.999693294401865,72.60115569230976,299.87583605448407,26.72583605448409
2010-11-02,22.999693294401865,72.60115569230976,298.90979385375977,25.75979385375979
2010-11-03,22.999693294401865,72.60115569230976,298.68227259318036,25.53227259318038
2010-11-04,22.999693294401865,72.60115569230976,298.97331619262695,25.823316192626976
2010-11-05,22.999693294401865,72.60115569230976,299.465674718221,26.315674718221032
2010-11-06,22.999693294401865,72.60115569230976,299.5199610392253,26.369961039225302
2010-11-07,22.999693294401865,72.60115569230976,299.21059544881183,26.060595448811853
2010-11-08,22.999693294401865,72.60115569230976,300.54418500264484,27.39418500264486
2010-11-09,22.999693294401865,72.60115569230976,301.50822194417316,28.35822194417318
2010-11-10,22.999693294401865,72.60115569230976,298.59887504577637,25.44887504577639
2010-11-11,22.999693294401865,72.60115569230976,300.04479281107587,26.894792811075888
2010-11-12,22.999693294401865,72.60115569230976,299.00655364990234,25.856553649902366
2010-11-13,22.999693294401865,72.60115569230976,299.87860679626465,26.72860679626467
2010-11-14,22.999693294401865,72.60115569230976,300.5628096262614,27.412809626261435
2010-11-15,22.999693294401865,72.60115569230976,300.2132167816162,27.063216781616234
2010-11-16,22.999693294401865,72.60115569230976,299.59749666849774,26.447496668497763
2010-11-17,22.999693294401865,72.60115569230976,298.8755060831706,25.725506083170615
2010-11-18,22.999693294401865,72.60115569230976,299.40538660685223,26.255386606852255
2010-11-19,22.999693294401865,72.60115569230976,298.81181653340656,25.66181653340658
2010-11-20,22.999693294401865,72.60115569230976,297.4884624481201,24.33846244812014
2010-11-21,22.999693294401865,72.60115569230976,296.59802373250324,23.44802373250326
2010-11-22,22.999693294401865,72.60115569230976,294.92604064941406,21.776040649414085
2010-11-23,22.999693294401865,72.60115569230976,294.92396545410156,21.773965454101585
2010-11-24,22.999693294401865,72.60115569230976,295.6932684580485,22.543268458048544
2010-11-25,22.999693294401865,72.60115569230976,295.6821924845378,22.532192484537802
2010-11-26,22.999693294401865,72.60115569230976,295.5502300262451,22.40023002624514
2010-11-27,22.999693294401865,72.60115569230976,295.4266293843587,22.276629384358728
2010-11-28,22.999693294401865,72.60115569230976,296.241543451945,23.09154345194503
2010-11-29,22.999693294401865,72.60115569230976,297.09106890360516,23.941068903605185
2010-11-30,22.999693294401865,72.60115569230976,296.7695770263672,23.61957702636721
2010-12-01,22.999693294401865,72.60115569230976,296.2338511149089,23.083851114908896
2010-12-02,22.999693294401865,72.60115569230976,296.16132164001465,23.01132164001467
2010-12-03,22.999693294401865,72.60115569230976,296.3832499186198,23.233249918619833
2010-12-04,22.999693294401865,72.60115569230976,295.97490247090656,22.82490247090658
2010-12-05,22.999693294401865,72.60115569230976,296.6714464823405,23.521446482340536
2010-12-06,22.999693294401865,72.60115569230976,296.50186856587726,23.351868565877282
2010-12-07,22.999693294401865,72.60115569230976,294.59454282124835,21.444542821248376
2010-12-08,22.999693294401865,72.60115569230976,293.6211757659912,20.471175765991234
2010-12-09,22.999693294401865,72.60115569230976,293.8847198486328,20.734719848632835
2010-12-10,22.999693294401865,72.60115569230976,292.8379096984863,19.68790969848635
2010-12-11,22.999693294401865,72.60115569230976,292.0484224955241,18.89842249552413
2010-12-12,22.999693294401865,72.60115569230976,291.19158999125165,18.04158999125167
2010-12-13,22.999693294401865,72.60115569230976,291.5391540527344,18.389154052734398
2010-12-14,22.999693294401865,72.60115569230976,291.90264383951825,18.75264383951827
2010-12-15,22.999693294401865,72.60115569230976,293.31843121846515,20.168431218465173
2010-12-16,22.999693294401865,72.60115569230976,293.1994374593099,20.0494374593099
2010-12-17,22.999693294401865,72.60115569230976,293.2882722218831,20.138272221883142
2010-12-18,22.999693294401865,72.60115569230976,293.34817695617676,20.19817695617678
2010-12-19,22.999693294401865,72.60115569230976,293.77868525187176,20.628685251871786
2010-12-20,22.999693294401865,72.60115569230976,292.9214089711507,19.77140897115072
2010-12-21,22.999693294401865,72.60115569230976,292.2699438730876,19.119943873087607
2010-12-22,22.999693294401865,72.60115569230976,292.0625807444255,18.912580744425497
2010-12-23,22.999693294401865,72.60115569230976,292.9564272562663,19.806427256266318
2010-12-24,22.999693294401865,72.60115569230976,292.9105803171794,19.760580317179404
2010-12-25,22.999693294401865,72.60115569230976,292.63195482889813,19.481954828898154
2010-12-26,22.999693294401865,72.60115569230976,293.1427357991536,19.99273579915365
2010-12-27,22.999693294401865,72.60115569230976,295.3549397786458,22.204939778645837
2010-12-28,22.999693294401865,72.60115569230976,295.7329184214274,22.58291842142745
2010-12-29,22.999693294401865,72.60115569230976,294.48841603597003,21.338416035970056
2010-12-30,22.999693294401865,72.60115569230976,292.77288754781085,19.622887547810876
2010-12-31,22.999693294401865,72.60115569230976,290.8402016957601,17.690201695760095
2011-01-01,22.999693294401865,72.60115569230976,290.8387870788574,17.688787078857445
2011-01-02,22.999693294401865,72.60115569230976,290.7083390553792,17.558339055379236
2011-01-03,22.999693294401865,72.60115569230976,291.6591606140137,18.509160614013695
2011-01-04,22.999693294401865,72.60115569230976,292.0272566477458,18.87725664774581
2011-01-05,22.999693294401865,72.60115569230976,291.6342372894287,18.484237289428734
2011-01-06,22.999693294401865,72.60115569230976,291.31045468648273,18.16045468648275
2011-01-07,22.999693294401865,72.60115569230976,291.2957566579183,18.145756657918298
2011-01-08,22.999693294401865,72.60115569230976,291.69802474975586,18.548024749755882
2011-01-09,22.999693294401865,72.60115569230976,292.2628866831462,19.1128866831462
2011-01-10,22.999693294401865,72.60115569230976,291.65791511535645,18.507915115356468
2011-01-11,22.999693294401865,72.60115569230976,291.9365355173747,18.786535517374716
2011-01-12,22.999693294401865,72.60115569230976,292.5851186116536,19.43511861165365
2011-01-13,22.999693294401865,72.60115569230976,293.4825960795085,20.332596079508505
2011-01-14,22.999693294401865,72.60115569230976,293.651673634847,20.50167363484701
2011-01-15,22.999693294401865,72.60115569230976,292.22928047180176,19.07928047180178
2011-01-16,22.999693294401865,72.60115569230976,290.61212793986004,17.462127939860068
2011-01-17,22.999693294401865,72.60115569230976,291.384734471639,18.234734471639
2011-01-18,22.999693294401865,72.60115569230976,292.8149878184001,19.664987818400107
2011-01-19,22.999693294401865,72.60115569230976,292.88660621643066,19.736606216430687
2011-01-20,22.999693294401865,72.60115569230976,292.78307151794434,19.63307151794436
2011-01-21,22.999693294401865,72.60115569230976,293.68684514363605,20.53684514363607
2011-01-22,22.999693294401865,72.60115569230976,294.1704451243083,21.02044512430831
2011-01-23,22.999693294401865,72.60115569230976,294.8694127400716,21.71941274007162
2011-01-24,22.999693294401865,72.60115569230976,295.35041936238605,22.20041936238607
2011-01-25,22.999693294401865,72.60115569230976,294.260945002238,21.110945002237997
2011-01-26,22.999693294401865,72.60115569230976,292.5030396779378,19.35303967793783
2011-01-27,22.999693294401865,72.60115569230976,293.78979174296063,20.639791742960654
2011-01-28,22.999693294401865,72.60115569230976,293.99224789937335,20.842247899373376
2011-01-29,22.999693294401865,72.60115569230976,293.1005516052246,19.950551605224632
2011-01-30,22.999693294401865,72.60115569230976,294.5153058369954,21.365305836995446
2011-01-31,22.999693294401865,72.60115569230976,294.9080441792806,21.758044179280603
2011-02-01,22.999693294401865,72.60115569230976,295.09155654907227,21.94155654907229
2011-02-02,22.999693294401865,72.60115569230976,295.6287784576416,22.478778457641624
2011-02-03,22.999693294401865,72.60115569230976,296.105562210083,22.95556221008303
2011-02-04,22.999693294401865,72.60115569230976,296.1631660461426,23.0131660461426
2011-02-05,22.999693294401865,72.60115569230976,295.7549355824788,22.604935582478845
2011-02-06,22.999693294401865,72.60115569230976,295.40652402242023,22.25652402242025
2011-02-07,22.999693294401865,72.60115569230976,296.12284024556476,22.972840245564782
2011-02-08,22.999693294401865,72.60115569230976,295.6995162963867,22.54951629638674
2011-02-09,22.999693294401865,72.60115569230976,295.1399326324463,21.989932632446312
2011-02-10,22.999693294401865,72.60115569230976,295.1941343943278,22.04413439432784
2011-02-11,22.999693294401865,72.60115569230976,297.1551113128662,24.005111312866234
2011-02-12,22.999693294401865,72.60115569230976,297.38707733154297,24.23707733154299
2011-02-13,22.999693294401865,72.60115569230976,296.0633888244629,22.913388824462913
2011-02-14,22.999693294401865,72.60115569230976,296.087251663208,22.93725166320803
2011-02-15,22.999693294401865,72.60115569230976,295.8608233133952,22.710823313395224
2011-02-16,22.999693294401865,72.60115569230976,294.4260762532552,21.276076253255212
2011-02-17,22.999693294401865,72.60115569230976,294.79823875427246,21.648238754272484
2011-02-18,22.999693294401865,72.60115569230976,294.90682729085285,21.75682729085287
2011-02-19,22.999693294401865,72.60115569230976,295.25933202107746,22.109332021077478
2011-02-20,22.999693294401865,72.60115569230976,295.99478912353516,22.84478912353518
2011-02-21,22.999693294401865,72.60115569230976,294.7728748321533,21.622874832153343
2011-02-22,22.999693294401865,72.60115569230976,295.30678113301593,22.156781133015954
2011-02-23,22.999693294401865,72.60115569230976,296.3367099761963,23.186709976196312
2011-02-24,22.999693294401865,72.60115569230976,296.3929793039958,23.24297930399581
2011-02-25,22.999693294401865,72.60115569230976,296.36395200093585,23.213952000935876
2011-02-26,22.999693294401865,72.60115569230976,296.9886722564697,23.83867225646975
2011-02-27,22.999693294401865,72.60115569230976,297.0480836232503,23.89808362325033
2011-02-28,22.999693294401865,72.60115569230976,298.4161726633708,25.26617266337081
2011-03-01,22.999693294401865,72.60115569230976,298.80418332417804,25.654183324178064
2011-03-02,22.999693294401865,72.60115569230976,299.16309038798016,26.013090387980185
2011-03-03,22.999693294401865,72.60115569230976,299.7395311991374,26.58953119913741
2011-03-04,22.999693294401865,72.60115569230976,298.09949747721356,24.949497477213583
2011-03-05,22.999693294401865,72.60115569230976,298.33898162841797,25.18898162841799
2011-03-06,22.999693294401865,72.60115569230976,298.73312187194824,25.583121871948265
2011-03-07,22.999693294401865,72.60115569230976,299.87601470947266,26.72601470947268
2011-03-08,22.999693294401865,72.60115569230976,299.59821065266925,26.448210652669275
2011-03-09,22.999693294401865,72.60115569230976,298.3083922068278,25.15839220682784
2011-03-10,22.999693294401865,72.60115569230976,297.8284441630046,24.6784441630046
2011-03-11,22.999693294401865,72.60115569230976,297.93631807963055,24.786318079630576
2011-03-12,22.999693294401865,72.60115569230976,298.1030381520589,24.953038152058923
2011-03-13,22.999693294401865,72.60115569230976,299.75329208374023,26.603292083740257
2011-03-14,22.999693294401865,72.60115569230976,300.7065251668294,27.55652516682943
2011-03-15,22.999693294401865,72.60115569230976,302.12089983622235,28.970899836222372
2011-03-16,22.999693294401865,72.60115569230976,302.13548787434894,28.985487874348962
2011-03-17,22.999693294401865,72.60115569230976,302.3588689168294,29.20886891682943
2011-03-18,22.999693294401865,72.60115569230976,303.24239857991535,30.09239857991537
2011-03-19,22.999693294401865,72.60115569230976,301.1007766723633,27.950776672363304
2011-03-20,22.999693294401865,72.60115569230976,300.0305716196696,26.880571619669638
2011-03-21,22.999693294401865,72.60115569230976,299.66840807596844,26.518408075968466
2011-03-22,22.999693294401865,72.60115569230976,299.40662511189777,26.25662511189779
2011-03-23,22.999693294401865,72.60115569230976,299.3873354593913,26.237335459391318
2011-03-24,22.999693294401865,72.60115569230976,300.85478019714355,27.704780197143577
2011-03-25,22.999693294401865,72.60115569230976,301.36584599812824,28.21584599812826
2011-03-26,22.999693294401865,72.60115569230976,302.18100929260254,29.031009292602562
2011-03-27,22.999693294401865,72.60115569230976,302.857515335083,29.70751533508303
2011-03-28,22.999693294401865,72.60115569230976,302.4667491912842,29.316749191284202
2011-03-29,22.999693294401865,72.60115569230976,302.3559487660726,29.205948766072595
2011-03-30,22.999693294401865,72.60115569230976,302.0094788869222,28.859478886922204
2011-03-31,22.999693294401865,72.60115569230976,300.80644607543945,27.656446075439476
2011-04-01,22.999693294401865,72.60115569230976,301.3548240661621,28.204824066162132
2011-04-02,22.999693294401865,72.60115569230976,301.64626693725586,28.496266937255882
2011-04-03,22.999693294401865,72.60115569230976,301.4209353129069,28.270935312906943
2011-04-04,22.999693294401865,72.60115569230976,302.0367825826009,28.886782582600915
2011-04-05,22.999693294401865,72.60115569230976,303.0533962249756,29.90339622497561
2011-04-06,22.999693294401865,72.60115569230976,303.5218499501546,30.371849950154626
2011-04-07,22.999693294401865,72.60115569230976,303.46921793619794,30.31921793619796
2011-04-08,22.999693294401865,72.60115569230976,303.498743057251,30.348743057251
2011-04-09,22.999693294401865,72.60115569230976,303.4651412963867,30.31514129638674
2011-04-10,22.999693294401865,72.60115569230976,304.4327564239502,31.282756423950218
2011-04-11,22.999693294401865,72.60115569230976,304.1185557047526,30.968555704752646
2011-04-12,22.999693294401865,72.60115569230976,304.7556972503662,31.605697250366234
2011-04-13,22.999693294401865,72.60115569230976,304.76911036173504,31.619110361735068
2011-04-14,22.999693294401865,72.60115569230976,305.2885042826335,32.138504282633505
2011-04-15,22.999693294401865,72.60115569230976,305.6477705637614,32.497770563761435
2011-04-16,22.999693294401865,72.60115569230976,305.5633653004964,32.41336530049642
2011-04-17,22.999693294401865,72.60115569230976,305.10186131795246,31.951861317952478
2011-04-18,22.999693294401865,72.60115569230976,304.47770563761395,31.327705637613974
2011-04-19,22.999693294401865,72.60115569230976,304.2166213989258,31.066621398925804
2011-04-20,22.999693294401865,72.60115569230976,304.2489636739095,31.09896367390951
2011-04-21,22.999693294401865,72.60115569230976,304.5421339670817,31.392133967081747
2011-04-22,22.999693294401865,72.60115569230976,304.9824498494466,31.83244984944662
2011-04-23,22.999693294401865,72.60115569230976,304.801461537679,31.65146153767904
2011-04-24,22.999693294401865,72.60115569230976,305.37948290507,32.22948290507003
2011-04-25,22.999693294401865,72.60115569230976,305.5716069539388,32.421606953938806
2011-04-26,22.999693294401865,72.60115569230976,305.85085678100586,32.70085678100588
2011-04-27,22.999693294401865,72.60115569230976,306.56982676188153,33.41982676188155
2011-04-28,22.999693294401865,72.60115569230976,306.7566719055176,33.6066719055176
2011-04-29,22.999693294401865,72.60115569230976,306.0570952097575,32.90709520975753
2011-04-30,22.999693294401865,72.60115569230976,305.7496388753255,32.599638875325525
2011-05-01,22.999693294401865,72.60115569230976,306.10548909505206,32.95548909505209
2011-05-02,22.999693294401865,72.60115569230976,305.0433890024821,31.893389002482138
2011-05-03,22.999693294401865,72.60115569230976,304.06935691833496,30.919356918334984
2011-05-04,22.999693294401865,72.60115569230976,303.91683769226074,30.766837692260765
2011-05-05,22.999693294401865,72.60115569230976,303.74512990315753,30.595129903157556
2011-05-06,22.999693294401865,72.60115569230976,303.65429306030273,30.504293060302757
2011-05-07,22.999693294401865,72.60115569230976,304.44675699869794,31.29675699869796
2011-05-08,22.999693294401865,72.60115569230976,305.6014931996663,32.451493199666345
2011-05-09,22.999693294401865,72.60115569230976,305.22790908813477,32.07790908813479
2011-05-10,22.999693294401865,72.60115569230976,304.55120786031085,31.401207860310876
2011-05-11,22.999693294401865,72.60115569230976,304.92471631368,31.774716313680017
2011-05-12,22.999693294401865,72.60115569230976,304.6969846089681,31.546984608968103
2011-05-13,22.999693294401865,72.60115569230976,305.1446189880371,31.994618988037132
2011-05-14,22.999693294401865,72.60115569230976,305.7486394246419,32.59863942464193
2011-05-15,22.999693294401865,72.60115569230976,306.3028971354167,33.15289713541671
2011-05-16,22.999693294401865,72.60115569230976,306.18527030944824,33.035270309448265
2011-05-17,22.999693294401865,72.60115569230976,307.32961400349933,34.17961400349935
2011-05-18,22.999693294401865,72.60115569230976,306.4526767730713,33.30267677307131
2011-05-19,22.999693294401865,72.60115569230976,305.7755546569824,32.625554656982445
2011-05-20,22.999693294401865,72.60115569230976,306.5222447713216,33.37224477132162
2011-05-21,22.999693294401865,72.60115569230976,305.9155699412028,32.76556994120284
2011-05-22,22.999693294401865,72.60115569230976,305.9001038869222,32.750103886922204
2011-05-23,22.999693294401865,72.60115569230976,306.10474904378253,32.954749043782556
2011-05-24,22.999693294401865,72.60115569230976,305.899507522583,32.74950752258303
2011-05-25,22.999693294401865,72.60115569230976,305.85685030619305,32.706850306193076
2011-05-26,22.999693294401865,72.60115569230976,305.8865210215251,32.73652102152511
2011-05-27,22.999693294401865,72.60115569230976,306.5131079355876,33.36310793558761
2011-05-28,22.999693294401865,72.60115569230976,306.4855963389079,33.33559633890792
2011-05-29,22.999693294401865,72.60115569230976,306.55981318155926,33.40981318155929
2011-05-30,22.999693294401865,72.60115569230976,306.39189020792645,33.241890207926474
2011-05-31,22.999693294401865,72.60115569230976,306.1302916208903,32.98029162089034
2011-06-01,22.999693294401865,72.60115569230976,306.14162890116376,32.99162890116378
2011-06-02,22.999693294401865,72.60115569230976,306.78381792704266,33.633817927042685
2011-06-03,22.999693294401865,72.60115569230976,306.60324986775714,33.453249867757165
2011-06-04,22.999693294401865,72.60115569230976,307.5950247446696,34.44502474466964
2011-06-05,22.999693294401865,72.60115569230976,308.41595522562665,35.26595522562667
2011-06-06,22.999693294401865,72.60115569230976,308.8869565327962,35.73695653279623
2011-06-07,22.999693294401865,72.60115569230976,307.42943445841473,34.279434458414755
2011-06-08,22.999693294401865,72.60115569230976,306.0121618906657,32.86216189066573
2011-06-09,22.999693294401865,72.60115569230976,306.4375693003337,33.2875693003337
2011-06-10,22.999693294401865,72.60115569230976,305.53162892659503,32.381628926595056
2011-06-11,22.999693294401865,72.60115569230976,304.7568702697754,31.606870269775413
2011-06-12,22.999693294401865,72.60115569230976,304.2819004058838,31.131900405883812
2011-06-13,22.999693294401865,72.60115569230976,304.36336962382,31.21336962382003
2011-06-14,22.999693294401865,72.60115569230976,305.85669136047363,32.706691360473656
2011-06-15,22.999693294401865,72.60115569230976,305.9068133036296,32.7568133036296
2011-06-16,22.999693294401865,72.60115569230976,305.90585962931317,32.75585962931319
2011-06-17,22.999693294401865,72.60115569230976,305.52612113952637,32.37612113952639
2011-06-18,22.999693294401865,72.60115569230976,305.50107129414874,32.35107129414877
2011-06-19,22.999693294401865,72.60115569230976,305.2746047973633,32.124604797363304
2011-06-20,22.999693294401865,72.60115569230976,305.77195994059247,32.62195994059249
2011-06-21,22.999693294401865,72.60115569230976,305.1931781768799,32.043178176879906
2011-06-22,22.999693294401865,72.60115569230976,305.1753215789795,32.025321578979515
2011-06-23,22.999693294401865,72.60115569230976,303.78922208150226,30.639222081502282
2011-06-24,22.999693294401865,72.60115569230976,303.10109583536786,29.95109583536788
2011-06-25,22.999693294401865,72.60115569230976,304.1407248179118,30.990724817911826
2011-06-26,22.999693294401865,72.60115569230976,305.15711402893066,32.00711402893069
2011-06-27,22.999693294401865,72.60115569230976,304.4453976949056,31.295397694905603
2011-06-28,22.999693294401865,72.60115569230976,304.32976086934406,31.17976086934408
2011-06-29,22.999693294401865,72.60115569230976,304.22555414835614,31.07555414835616
2011-06-30,22.999693294401865,72.60115569230976,305.24753189086914,32.09753189086916
2011-07-01,22.999693294401865,72.60115569230976,305.08505312601727,31.935053126017294
2011-07-02,22.999693294401865,72.60115569230976,304.660826365153,31.510826365153036
2011-07-03,22.999693294401865,72.60115569230976,303.7931950887044,30.64319508870443
2011-07-04,22.999693294401865,72.60115569230976,304.24508412679035,31.09508412679037
2011-07-05,22.999693294401865,72.60115569230976,305.6495825449626,32.49958254496261
2011-07-06,22.999693294401865,72.60115569230976,301.6508394877116,28.50083948771163
2011-07-07,22.999693294401865,72.60115569230976,301.5994478861491,28.44944788614913
2011-07-08,22.999693294401865,72.60115569230976,300.1620871225993,27.012087122599326
2011-07-09,22.999693294401865,72.60115569230976,298.7085730234782,25.558573023478232
2011-07-10,22.999693294401865,72.60115569230976,298.72064844767254,25.570648447672568
2011-07-11,22.999693294401865,72.60115569230976,300.1484514872233,26.99845148722335
2011-07-12,22.999693294401865,72.60115569230976,301.969482421875,28.819482421875023
2011-07-13,22.999693294401865,72.60115569230976,301.6124095916748,28.462409591674827
2011-07-14,22.999693294401865,72.60115569230976,300.908260345459,27.758260345459007
2011-07-15,22.999693294401865,72.60115569230976,301.95262145996094,28.80262145996096
2011-07-16,22.999693294401865,72.60115569230976,301.4590536753337,28.3090536753337
2011-07-17,22.999693294401865,72.60115569230976,301.82529131571454,28.67529131571456
2011-07-18,22.999693294401865,72.60115569230976,301.46151479085285,28.31151479085287
2011-07-19,22.999693294401865,72.60115569230976,300.4206428527832,27.270642852783226
2011-07-20,22.999693294401865,72.60115569230976,302.04871368408203,28.898713684082054
2011-07-21,22.999693294401865,72.60115569230976,301.8017832438151,28.651783243815146
2011-07-22,22.999693294401865,72.60115569230976,301.4403012593587,28.290301259358728
2011-07-23,22.999693294401865,72.60115569230976,299.81569417317706,26.665694173177087
2011-07-24,22.999693294401865,72.60115569230976,300.0330867767334,26.88308677673342
2011-07-25,22.999693294401865,72.60115569230976,300.3755639394124,27.22556393941244
2011-07-26,22.999693294401865,72.60115569230976,301.10961469014484,27.95961469014486
2011-07-27,22.999693294401865,72.60115569230976,301.4313678741455,28.28136787414553
2011-07-28,22.999693294401865,72.60115569230976,300.79792912801105,27.64792912801107
2011-07-29,22.999693294401865,72.60115569230976,300.83820088704425,27.688200887044275
2011-07-30,22.999693294401865,72.60115569230976,300.2411200205485,27.091120020548544
2011-07-31,22.999693294401865,72.60115569230976,299.6834526062012,26.533452606201195
2011-08-01,22.999693294401865,72.60115569230976,299.9238389333089,26.773838933308923
2011-08-02,22.999693294401865,72.60115569230976,301.430809656779,28.280809656779013
2011-08-03,22.999693294401865,72.60115569230976,301.50650151570636,28.356501515706384
2011-08-04,22.999693294401865,72.60115569230976,301.22599538167316,28.07599538167318
2011-08-05,22.999693294401865,72.60115569230976,301.77735137939453,28.627351379394554
2011-08-06,22.999693294401865,72.60115569230976,301.7060356140137,28.556035614013695
2011-08-07,22.999693294401865,72.60115569230976,301.696569442749,28.546569442749046
2011-08-08,22.999693294401865,72.60115569230976,300.65908940633136,27.509089406331384
2011-08-09,22.999693294401865,72.60115569230976,299.06509590148926,25.91509590148928
2011-08-10,22.999693294401865,72.60115569230976,299.1571731567383,26.007173156738304
2011-08-11,22.999693294401865,72.60115569230976,299.55156898498535,26.401568984985374
2011-08-12,22.999693294401865,72.60115569230976,298.7302697499593,25.580269749959314
2011-08-13,22.999693294401865,72.60115569230976,298.8674844106038,25.717484410603845
2011-08-14,22.999693294401865,72.60115569230976,298.62768936157227,25.47768936157229
2011-08-15,22.999693294401865,72.60115569230976,298.746145884196,25.596145884196005
2011-08-16,22.999693294401865,72.60115569230976,300.11705017089844,26.96705017089846
2011-08-17,22.999693294401865,72.60115569230976,300.7345682779948,27.584568277994833
2011-08-18,22.999693294401865,72.60115569230976,300.77882957458496,27.628829574584984
2011-08-19,22.999693294401865,72.60115569230976,300.6675682067871,27.517568206787132
2011-08-20,22.999693294401865,72.60115569230976,299.5115553538005,26.361555353800497
2011-08-21,22.999693294401865,72.60115569230976,298.83240000406903,25.682400004069052
2011-08-22,22.999693294401865,72.60115569230976,299.7857977549235,26.635797754923544
2011-08-23,22.999693294401865,72.60115569230976,301.3286539713542,28.17865397135421
2011-08-24,22.999693294401865,72.60115569230976,300.30964279174805,27.15964279174807
2011-08-25,22.999693294401865,72.60115569230976,299.83436648050946,26.684366480509482
2011-08-26,22.999693294401865,72.60115569230976,299.45402844746906,26.30402844746908
2011-08-27,22.999693294401865,72.60115569230976,299.9812838236491,26.83128382364913
2011-08-28,22.999693294401865,72.60115569230976,300.5626589457194,27.412658945719443
2011-08-29,22.999693294401865,72.60115569230976,298.7624677022298,25.61246770222982
2011-08-30,22.999693294401865,72.60115569230976,300.07665824890137,26.92665824890139
2011-08-31,22.999693294401865,72.60115569230976,300.58446375528973,27.434463755289755
2011-09-01,22.999693294401865,72.60115569230976,300.5489145914714,27.398914591471396
2011-09-02,22.999693294401865,72.60115569230976,299.9413865407308,26.791386540730798
2011-09-03,22.999693294401865,72.60115569230976,300.0614700317383,26.911470031738304
2011-09-04,22.999693294401865,72.60115569230976,300.0425001780192,26.892500178019247
2011-09-05,22.999693294401865,72.60115569230976,300.4197311401367,27.26973114013674
2011-09-06,22.999693294401865,72.60115569230976,298.9789072672526,25.828907267252646
2011-09-07,22.999693294401865,72.60115569230976,299.41982714335126,26.26982714335128
2011-09-08,22.999693294401865,72.60115569230976,300.3568642934163,27.206864293416345
2011-09-09,22.999693294401865,72.60115569230976,300.03738657633465,26.887386576334677
2011-09-10,22.999693294401865,72.60115569230976,299.85698318481445,26.706983184814476
2011-09-11,22.999693294401865,72.60115569230976,299.1982199350993,26.048219935099326
2011-09-12,22.999693294401865,72.60115569230976,299.1176408131917,25.967640813191736
2011-09-13,22.999693294401865,72.60115569230976,300.3580716451009,27.208071645100915
2011-09-14,22.999693294401865,72.60115569230976,300.855437596639,27.705437596639
2011-09-15,22.999693294401865,72.60115569230976,300.48151206970215,27.33151206970217
2011-09-16,22.999693294401865,72.60115569230976,300.3444455464681,27.194445546468103
2011-09-17,22.999693294401865,72.60115569230976,299.62220509847003,26.472205098470056
2011-09-18,22.999693294401865,72.60115569230976,299.77357228597003,26.623572285970056
2011-09-19,22.999693294401865,72.60115569230976,299.41265360514325,26.26265360514327
2011-09-20,22.999693294401865,72.60115569230976,299.4230721791585,26.273072179158532
2011-09-21,22.999693294401865,72.60115569230976,299.06586901346844,25.915869013468466
2011-09-22,22.999693294401865,72.60115569230976,298.9661413828532,25.816141382853232
2011-09-23,22.999693294401865,72.60115569230976,299.34926923116046,26.199269231160486
2011-09-24,22.999693294401865,72.60115569230976,299.7597649892171,26.609764989217126
2011-09-25,22.999693294401865,72.60115569230976,299.7971903483073,26.647190348307333
2011-09-26,22.999693294401865,72.60115569230976,299.6665687561035,26.51656875610354
2011-09-27,22.999693294401865,72.60115569230976,299.5339832305908,26.383983230590843
2011-09-28,22.999693294401865,72.60115569230976,299.7145404815674,26.564540481567406
2011-09-29,22.999693294401865,72.60115569230976,299.8443425496419,26.69434254964193
2011-09-30,22.999693294401865,72.60115569230976,299.84384028116864,26.69384028116866
2011-10-01,22.999693294401865,72.60115569230976,300.0843613942464,26.934361394246423
2011-10-02,22.999693294401865,72.60115569230976,299.81555875142413,26.665558751424157
2011-10-03,22.999693294401865,72.60115569230976,299.4582939147949,26.308293914794945
2011-10-04,22.999693294401865,72.60115569230976,299.14196014404297,25.99196014404299
2011-10-05,22.999693294401865,72.60115569230976,299.79697672526044,26.64697672526046
2011-10-06,22.999693294401865,72.60115569230976,300.4596716562907,27.309671656290732
2011-10-07,22.999693294401865,72.60115569230976,300.63255246480304,27.482552464803064
2011-10-08,22.999693294401865,72.60115569230976,300.4972743988037,27.347274398803734
2011-10-09,22.999693294401865,72.60115569230976,301.34423128763837,28.194231287638388
2011-10-10,22.999693294401865,72.60115569230976,301.8316841125488,28.68168411254885
2011-10-11,22.999693294401865,72.60115569230976,302.0747248331706,28.924724833170615
2011-10-12,22.999693294401865,72.60115569230976,302.2199115753174,29.069911575317406
2011-10-13,22.999693294401865,72.60115569230976,302.79325739542645,29.643257395426474
2011-10-14,22.999693294401865,72.60115569230976,303.26452827453613,30.114528274536156
2011-10-15,22.999693294401865,72.60115569230976,303.049617767334,29.899617767334007
2011-10-16,22.999693294401865,72.60115569230976,302.97595405578613,29.825954055786156
2011-10-17,22.999693294401865,72.60115569230976,302.5378767649333,29.38787676493331
2011-10-18,22.999693294401865,72.60115569230976,302.7707341512044,29.62073415120443
2011-10-19,22.999693294401865,72.60115569230976,301.0613873799642,27.911387379964196
2011-10-20,22.999693294401865,72.60115569230976,300.4134871164958,27.26348711649581
2011-10-21,22.999693294401865,72.60115569230976,300.31670506795246,27.166705067952478
2011-10-22,22.999693294401865,72.60115569230976,300.54670969645184,27.396709696451865
2011-10-23,22.999693294401865,72.60115569230976,300.68151982625324,27.53151982625326
2011-10-24,22.999693294401865,72.60115569230976,300.938720703125,27.788720703125023
2011-10-25,22.999693294401865,72.60115569230976,301.13792928059894,27.987929280598962
2011-10-26,22.999693294401865,72.60115569230976,300.8689492543538,27.718949254353845
2011-10-27,22.999693294401865,72.60115569230976,300.1870524088542,27.03705240885421
2011-10-28,22.999693294401865,72.60115569230976,299.8102429707845,26.66024297078451
2011-10-29,22.999693294401865,72.60115569230976,299.86439450581867,26.71439450581869
2011-10-30,22.999693294401865,72.60115569230976,299.3668626149495,26.216862614949548
2011-10-31,22.999693294401865,72.60115569230976,299.21542803446454,26.06542803446456
2011-11-01,22.999693294401865,72.60115569230976,298.79852294921875,25.648522949218773
2011-11-02,22.999693294401865,72.60115569230976,299.89263852437335,26.742638524373376
2011-11-03,22.999693294401865,72.60115569230976,300.08761978149414,26.937619781494163
2011-11-04,22.999693294401865,72.60115569230976,300.5410683949788,27.391068394978845
2011-11-05,22.999693294401865,72.60115569230976,301.0453236897786,27.89532368977865
2011-11-06,22.999693294401865,72.60115569230976,300.2027842203776,27.052784220377646
2011-11-07,22.999693294401865,72.60115569230976,300.36846351623535,27.218463516235374
2011-11-08,22.999693294401865,72.60115569230976,300.41111691792804,27.261116917928064
2011-11-09,22.999693294401865,72.60115569230976,300.02117284138996,26.871172841389978
2011-11-10,22.999693294401865,72.60115569230976,300.0542348225911,26.90423482259115
2011-11-11,22.999693294401865,72.60115569230976,299.25624593098956,26.106245930989587
2011-11-12,22.999693294401865,72.60115569230976,299.7918179829915,26.64181798299154
2011-11-13,22.999693294401865,72.60115569230976,300.2762508392334,27.12625083923342
2011-11-14,22.999693294401865,72.60115569230976,300.041166305542,26.891166305542015
2011-11-15,22.999693294401865,72.60115569230976,299.52672004699707,26.376720046997093
2011-11-16,22.999693294401865,72.60115569230976,298.778605779012,25.628605779012048
2011-11-17,22.999693294401865,72.60115569230976,298.3849620819092,25.234962081909202
2011-11-18,22.999693294401865,72.60115569230976,297.74962679545087,24.599626795450888
2011-11-19,22.999693294401865,72.60115569230976,297.6107718149821,24.460771814982138
2011-11-20,22.999693294401865,72.60115569230976,298.3757495880127,25.225749588012718
2011-11-21,22.999693294401865,72.60115569230976,299.22557830810547,26.07557830810549
2011-11-22,22.999693294401865,72.60115569230976,298.72813097635907,25.57813097635909
2011-11-23,22.999693294401865,72.60115569230976,297.81529235839844,24.66529235839846
2011-11-24,22.999693294401865,72.60115569230976,297.74874178568524,24.598741785685263
2011-11-25,22.999693294401865,72.60115569230976,297.70825576782227,24.55825576782229
2011-11-26,22.999693294401865,72.60115569230976,297.55552864074707,24.405528640747093
2011-11-27,22.999693294401865,72.60115569230976,299.0735378265381,25.92353782653811
2011-11-28,22.999693294401865,72.60115569230976,299.54699389139813,26.396993891398154
2011-11-29,22.999693294401865,72.60115569230976,299.7695738474528,26.61957384745284
2011-11-30,22.999693294401865,72.60115569230976,298.39867909749347,25.248679097493493
2011-12-01,22.999693294401865,72.60115569230976,297.64367930094403,24.493679300944052
2011-12-02,22.999693294401865,72.60115569230976,297.8726050059001,24.722605005900107
2011-12-03,22.999693294401865,72.60115569230976,298.22789573669434,25.07789573669436
2011-12-04,22.999693294401865,72.60115569230976,298.88297271728516,25.73297271728518
2011-12-05,22.999693294401865,72.60115569230976,298.2411397298177,25.091139729817712
2011-12-06,22.999693294401865,72.60115569230976,297.1150417327881,23.96504173278811
2011-12-07,22.999693294401865,72.60115569230976,296.65533447265625,23.505334472656273
2011-12-08,22.999693294401865,72.60115569230976,297.0491587320964,23.899158732096396
2011-12-09,22.999693294401865,72.60115569230976,296.59915924072266,23.44915924072268
2011-12-10,22.999693294401865,72.60115569230976,294.5999698638916,21.449969863891624
2011-12-11,22.999693294401865,72.60115569230976,292.7529945373535,19.60299453735354
2011-12-12,22.999693294401865,72.60115569230976,293.16366958618164,20.013669586181663
2011-12-13,22.999693294401865,72.60115569230976,293.3040243784587,20.1540243784587
2011-12-14,22.999693294401865,72.60115569230976,293.4891134897868,20.339113489786826
2011-12-15,22.999693294401865,72.60115569230976,293.68990389506024,20.539903895060263
2011-12-16,22.999693294401865,72.60115569230976,293.95078150431317,20.800781504313193
2011-12-17,22.999693294401865,72.60115569230976,294.61120287577313,21.461202875773154
2011-12-18,22.999693294401865,72.60115569230976,294.1758352915446,21.025835291544638
2011-12-19,22.999693294401865,72.60115569230976,293.29295984903973,20.142959849039755
2011-12-20,22.999693294401865,72.60115569230976,292.8386052449544,19.68860524495443
2011-12-21,22.999693294401865,72.60115569230976,293.1351490020752,19.985149002075218
2011-12-22,22.999693294401865,72.60115569230976,293.6037851969401,20.453785196940146
2011-12-23,22.999693294401865,72.60115569230976,293.6661898295085,20.516189829508505
2011-12-24,22.999693294401865,72.60115569230976,293.3345654805501,20.184565480550134
2011-12-25,22.999693294401865,72.60115569230976,292.57986704508465,19.429867045084677
2011-12-26,22.999693294401865,72.60115569230976,292.0230242411296,18.8730242411296
2011-12-27,22.999693294401865,72.60115569230976,292.05628140767413,18.906281407674157
2011-12-28,22.999693294401865,72.60115569230976,293.3720022837321,20.222002283732138
2011-12-29,22.999693294401865,72.60115569230976,293.42971165974933,20.279711659749353
2011-12-30,22.999693294401865,72.60115569230976,292.6536051432292,19.50360514322921
2011-12-31,22.999693294401865,72.60115569230976,292.8406225840251,19.690622584025107
2012-01-01,22.999693294401865,72.60115569230976,291.6858654022217,18.535865402221702
2012-01-02,22.999693294401865,72.60115569230976,291.88340822855633,18.733408228556357
2012-01-03,22.999693294401865,72.60115569230976,291.6875756581624,18.53757565816244
2012-01-04,22.999693294401865,72.60115569230976,292.0606320699056,18.910632069905603
2012-01-05,22.999693294401865,72.60115569230976,292.91598892211914,19.765988922119163
2012-01-06,22.999693294401865,72.60115569230976,293.4196599324544,20.26965993245443
2012-01-07,22.999693294401865,72.60115569230976,292.0359656016032,18.885965601603232
2012-01-08,22.999693294401865,72.60115569230976,290.60268783569336,17.452687835693382
2012-01-09,22.999693294401865,72.60115569230976,290.542298634847,17.39229863484701
2012-01-10,22.999693294401865,72.60115569230976,290.6243216196696,17.474321619669638
2012-01-11,22.999693294401865,72.60115569230976,290.592976252238,17.442976252237997
2012-01-12,22.999693294401865,72.60115569230976,291.2142155965169,18.06421559651693
2012-01-13,22.999693294401865,72.60115569230976,291.37854385375977,18.22854385375979
2012-01-14,22.999693294401865,72.60115569230976,291.6486288706462,18.4986288706462
2012-01-15,22.999693294401865,72.60115569230976,292.9597161610921,19.809716161092126
2012-01-16,22.999693294401865,72.60115569230976,294.0351219177246,20.885121917724632
2012-01-17,22.999693294401865,72.60115569230976,292.05527178446454,18.90527178446456
2012-01-18,22.999693294401865,72.60115569230976,290.21254857381183,17.062548573811853
2012-01-19,22.999693294401865,72.60115569230976,290.0913887023926,16.9413887023926
2012-01-20,22.999693294401865,72.60115569230976,290.28220049540204,17.13220049540206
2012-01-21,22.999693294401865,72.60115569230976,291.3970235188802,18.247023518880212
2012-01-22,22.999693294401865,72.60115569230976,292.762051264445,19.61205126444503
2012-01-23,22.999693294401865,72.60115569230976,292.84962972005206,19.699629720052087
2012-01-24,22.999693294401865,72.60115569230976,292.9784215291341,19.82842152913412
2012-01-25,22.999693294401865,72.60115569230976,293.88135019938153,20.731350199381552
2012-01-26,22.999693294401865,72.60115569230976,293.2772528330485,20.127252833048544
2012-01-27,22.999693294401865,72.60115569230976,292.507573445638,19.357573445638025
2012-01-28,22.999693294401865,72.60115569230976,292.0948321024577,18.944832102457724
2012-01-29,22.999693294401865,72.60115569230976,292.746919631958,19.59691963195803
2012-01-30,22.999693294401865,72.60115569230976,293.2635135650635,20.1135135650635
2012-01-31,22.999693294401865,72.60115569230976,292.8474013010661,19.697401301066122
2012-02-01,22.999693294401865,72.60115569230976,292.5441830952962,19.394183095296228
2012-02-02,22.999693294401865,72.60115569230976,293.5305817921956,20.380581792195642
2012-02-03,22.999693294401865,72.60115569230976,294.48500378926593,21.335003789265954
2012-02-04,22.999693294401865,72.60115569230976,293.93189493815106,20.781894938151083
2012-02-05,22.999693294401865,72.60115569230976,294.0800787607829,20.93007876078292
2012-02-06,22.999693294401865,72.60115569230976,293.3482087453206,20.198208745320642
2012-02-07,22.999693294401865,72.60115569230976,291.0703525543213,17.920352554321312
2012-02-08,22.999693294401865,72.60115569230976,287.9623158772786,14.81231587727865
2012-02-09,22.999693294401865,72.60115569230976,289.20016543070477,16.050165430704794
2012-02-10,22.999693294401865,72.60115569230976,290.91454188028973,17.764541880289755
2012-02-11,22.999693294401865,72.60115569230976,292.86623128255206,19.716231282552087
2012-02-12,22.999693294401865,72.60115569230976,293.5383771260579,20.388377126057946
2012-02-13,22.999693294401865,72.60115569230976,294.3741703033447,21.22417030334475
2012-02-14,22.999693294401865,72.60115569230976,294.3282826741536,21.17828267415365
2012-02-15,22.999693294401865,72.60115569230976,293.0098412831624,19.85984128316244
2012-02-16,22.999693294401865,72.60115569230976,293.17790095011395,20.027900950113974
2012-02-17,22.999693294401865,72.60115569230976,294.8660373687744,21.716037368774437
2012-02-18,22.999693294401865,72.60115569230976,295.43596331278485,22.285963312784872
2012-02-19,22.999693294401865,72.60115569230976,296.3366839090983,23.18668390909835
2012-02-20,22.999693294401865,72.60115569230976,296.5692443847656,23.419244384765648
2012-02-21,22.999693294401865,72.60115569230976,296.714256922404,23.564256922404013
2012-02-22,22.999693294401865,72.60115569230976,296.0253734588623,22.875373458862327
2012-02-23,22.999693294401865,72.60115569230976,295.4059664408366,22.25596644083663
2012-02-24,22.999693294401865,72.60115569230976,293.97313690185547,20.82313690185549
2012-02-25,22.999693294401865,72.60115569230976,293.7076524098714,20.557652409871423
2012-02-26,22.999693294401865,72.60115569230976,295.29226366678876,22.14226366678878
2012-02-27,22.999693294401865,72.60115569230976,296.17188390096027,23.02188390096029
2012-02-28,22.999693294401865,72.60115569230976,295.71105003356934,22.56105003356936
2012-02-29,22.999693294401865,72.60115569230976,295.6184139251709,22.46841392517092
2012-03-01,22.999693294401865,72.60115569230976,294.6497809092204,21.49978090922042
2012-03-02,22.999693294401865,72.60115569230976,295.7747853597005,22.624785359700525
2012-03-03,22.999693294401865,72.60115569230976,296.68802007039386,23.538020070393884
2012-03-04,22.999693294401865,72.60115569230976,298.30872917175293,25.158729171752952
2012-03-05,22.999693294401865,72.60115569230976,298.3354899088542,25.18548990885421
2012-03-06,22.999693294401865,72.60115569230976,295.69728024800617,22.54728024800619
2012-03-07,22.999693294401865,72.60115569230976,295.8751398722331,22.725139872233115
2012-03-08,22.999693294401865,72.60115569230976,294.39465077718097,21.244650777180993
2012-03-09,22.999693294401865,72.60115569230976,293.9517459869385,20.8017459869385
2012-03-10,22.999693294401865,72.60115569230976,295.0298824310303,21.879882431030296
2012-03-11,22.999693294401865,72.60115569230976,296.4941972096761,23.34419720967611
2012-03-12,22.999693294401865,72.60115569230976,296.402063369751,23.252063369751
2012-03-13,22.999693294401865,72.60115569230976,296.5478636423747,23.397863642374716
2012-03-14,22.999693294401865,72.60115569230976,297.3967692057292,24.24676920572921
2012-03-15,22.999693294401865,72.60115569230976,298.5831934611003,25.433193461100302
2012-03-16,22.999693294401865,72.60115569230976,299.25172996520996,26.101729965209984
2012-03-17,22.999693294401865,72.60115569230976,299.3973967234294,26.247396723429404
2012-03-18,22.999693294401865,72.60115569230976,299.8250681559245,26.67506815592452
2012-03-19,22.999693294401865,72.60115569230976,300.1610743204753,27.011074320475302
2012-03-20,22.999693294401865,72.60115569230976,299.51036834716797,26.36036834716799
2012-03-21,22.999693294401865,72.60115569230976,298.1151180267334,24.96511802673342
2012-03-22,22.999693294401865,72.60115569230976,298.73217519124347,25.582175191243493
2012-03-23,22.999693294401865,72.60115569230976,299.74137624104816,26.59137624104818
2012-03-24,22.999693294401865,72.60115569230976,300.2938346862793,27.14383468627932
2012-03-25,22.999693294401865,72.60115569230976,300.1302897135417,26.98028971354171
2012-03-26,22.999693294401865,72.60115569230976,301.199312210083,28.04931221008303
2012-03-27,22.999693294401865,72.60115569230976,302.35844802856445,29.208448028564476
2012-03-28,22.999693294401865,72.60115569230976,302.8330275217692,29.683027521769247
2012-03-29,22.999693294401865,72.60115569230976,303.22725168863934,30.077251688639365
2012-03-30,22.999693294401865,72.60115569230976,302.94788487752277,29.79788487752279
2012-03-31,22.999693294401865,72.60115569230976,303.24669075012207,30.096690750122093
2012-04-01,22.999693294401865,72.60115569230976,303.50365447998047,30.35365447998049
2012-04-02,22.999693294401865,72.60115569230976,304.00488471984863,30.854884719848656
2012-04-03,22.999693294401865,72.60115569230976,304.0675220489502,30.917522048950218
2012-04-04,22.999693294401865,72.60115569230976,304.57219823201496,31.422198232014978
2012-04-05,22.999693294401865,72.60115569230976,303.657501856486,30.507501856486044
2012-04-06,22.999693294401865,72.60115569230976,302.70963859558105,29.559638595581077
2012-04-07,22.999693294401865,72.60115569230976,303.15466499328613,30.004664993286156
2012-04-08,22.999693294401865,72.60115569230976,303.4354839324951,30.28548393249514
2012-04-09,22.999693294401865,72.60115569230976,304.08499908447266,30.93499908447268
2012-04-10,22.999693294401865,72.60115569230976,304.28017807006836,31.130178070068382
2012-04-11,22.999693294401865,72.60115569230976,303.9014148712158,30.751414871215843
2012-04-12,22.999693294401865,72.60115569230976,302.7741896311442,29.624189631144247
2012-04-13,22.999693294401865,72.60115569230976,302.6052894592285,29.45528945922854
2012-04-14,22.999693294401865,72.60115569230976,303.1792055765788,30.029205576578818
2012-04-15,22.999693294401865,72.60115569230976,304.29238573710126,31.14238573710128
2012-04-16,22.999693294401865,72.60115569230976,305.1631628672282,32.01316286722823
2012-04-17,22.999693294401865,72.60115569230976,304.53175989786786,31.38175989786788
2012-04-18,22.999693294401865,72.60115569230976,304.03451983133954,30.88451983133956
2012-04-19,22.999693294401865,72.60115569230976,304.3763116200765,31.2263116200765
2012-04-20,22.999693294401865,72.60115569230976,301.3786989847819,28.228698984781943
2012-04-21,22.999693294401865,72.60115569230976,302.5635738372803,29.413573837280296
2012-04-22,22.999693294401865,72.60115569230976,302.66077359517413,29.510773595174157
2012-04-23,22.999693294401865,72.60115569230976,302.4086405436198,29.258640543619833
2012-04-24,22.999693294401865,72.60115569230976,302.72492535909015,29.574925359090173
2012-04-25,22.999693294401865,72.60115569230976,303.60509936014813,30.455099360148154
2012-04-26,22.999693294401865,72.60115569230976,304.13909403483075,30.98909403483077
2012-04-27,22.999693294401865,72.60115569230976,304.39313952128094,31.243139521280966
2012-04-28,22.999693294401865,72.60115569230976,304.45047823588055,31.300478235880576
2012-04-29,22.999693294401865,72.60115569230976,304.7140089670817,31.564008967081747
2012-04-30,22.999693294401865,72.60115569230976,304.7040265401204,31.554026540120446
2012-05-01,22.999693294401865,72.60115569230976,304.3421999613444,31.192199961344443
2012-05-02,22.999693294401865,72.60115569230976,304.34250768025714,31.192507680257165
2012-05-03,22.999693294401865,72.60115569230976,304.63216972351074,31.482169723510765
2012-05-04,22.999693294401865,72.60115569230976,304.3828932444255,31.232893244425497
2012-05-05,22.999693294401865,72.60115569230976,303.92199007670087,30.771990076700888
2012-05-06,22.999693294401865,72.60115569230976,303.91747728983563,30.767477289835654
2012-05-07,22.999693294401865,72.60115569230976,304.4505418141683,31.300541814168298
2012-05-08,22.999693294401865,72.60115569230976,305.4107831319173,32.26078313191732
2012-05-09,22.999693294401865,72.60115569230976,306.2707767486572,33.12077674865725
2012-05-10,22.999693294401865,72.60115569230976,305.85716183980304,32.707161839803064
2012-05-11,22.999693294401865,72.60115569230976,304.7766520182292,31.62665201822921
2012-05-12,22.999693294401865,72.60115569230976,304.5104675292969,31.360467529296898
2012-05-13,22.999693294401865,72.60115569230976,304.3285897572835,31.178589757283532
2012-05-14,22.999693294401865,72.60115569230976,304.88369115193683,31.733691151936853
2012-05-15,22.999693294401865,72.60115569230976,305.077605565389,31.927605565389
2012-05-16,22.999693294401865,72.60115569230976,305.16140874226886,32.011408742268884
2012-05-17,22.999693294401865,72.60115569230976,305.43504969278973,32.285049692789755
2012-05-18,22.999693294401865,72.60115569230976,305.50964609781903,32.35964609781905
2012-05-19,22.999693294401865,72.60115569230976,306.1172955830892,32.9672955830892
2012-05-20,22.999693294401865,72.60115569230976,306.3628927866618,33.212892786661826
2012-05-21,22.999693294401865,72.60115569230976,305.4101785024007,32.26017850240072
2012-05-22,22.999693294401865,72.60115569230976,305.721778233846,32.57177823384603
2012-05-23,22.999693294401865,72.60115569230976,305.9995460510254,32.84954605102541
2012-05-24,22.999693294401865,72.60115569230976,306.68139330546063,33.531393305460654
2012-05-25,22.999693294401865,72.60115569230976,306.63305346171063,33.483053461710654
2012-05-26,22.999693294401865,72.60115569230976,306.14877065022785,32.99877065022787
2012-05-27,22.999693294401865,72.60115569230976,305.7036991119385,32.5536991119385
2012-05-28,22.999693294401865,72.60115569230976,306.10100809733075,32.95100809733077
2012-05-29,22.999693294401865,72.60115569230976,306.0427665710449,32.892766571044945
2012-05-30,22.999693294401865,72.60115569230976,305.8151664733887,32.665166473388695
2012-05-31,22.999693294401865,72.60115569230976,305.0700740814209,31.92007408142092
2012-06-01,22.999693294401865,72.60115569230976,305.1215114593506,31.97151145935061
2012-06-02,22.999693294401865,72.60115569230976,305.73702239990234,32.58702239990237
2012-06-03,22.999693294401865,72.60115569230976,305.40894317626953,32.258943176269554
2012-06-04,22.999693294401865,72.60115569230976,305.78249168395996,32.632491683959984
2012-06-05,22.999693294401865,72.60115569230976,305.34003257751465,32.19003257751467
2012-06-06,22.999693294401865,72.60115569230976,305.21598052978516,32.06598052978518
2012-06-07,22.999693294401865,72.60115569230976,305.8346373240153,32.68463732401534
2012-06-08,22.999693294401865,72.60115569230976,305.9131558736165,32.76315587361654
2012-06-09,22.999693294401865,72.60115569230976,305.7811101277669,32.63111012776693
2012-06-10,22.999693294401865,72.60115569230976,304.68008041381836,31.530080413818382
2012-06-11,22.999693294401865,72.60115569230976,304.4226500193278,31.27265001932784
2012-06-12,22.999693294401865,72.60115569230976,305.85233370463055,32.702333704630576
2012-06-13,22.999693294401865,72.60115569230976,305.0536251068115,31.903625106811546
2012-06-14,22.999693294401865,72.60115569230976,304.7824300130208,31.632430013020837
2012-06-15,22.999693294401865,72.60115569230976,304.8181838989258,31.668183898925804
2012-06-16,22.999693294401865,72.60115569230976,303.95458602905273,30.804586029052757
2012-06-17,22.999693294401865,72.60115569230976,304.9283281962077,31.778328196207724
2012-06-18,22.999693294401865,72.60115569230976,305.490390141805,32.34039014180502
2012-06-19,22.999693294401865,72.60115569230976,305.57491874694824,32.424918746948265
2012-06-20,22.999693294401865,72.60115569230976,305.43520800272626,32.28520800272628
2012-06-21,22.999693294401865,72.60115569230976,305.57385063171387,32.42385063171389
2012-06-22,22.999693294401865,72.60115569230976,305.3900063832601,32.240006383260095
2012-06-23,22.999693294401865,72.60115569230976,305.5624523162842,32.4124523162842
2012-06-24,22.999693294401865,72.60115569230976,305.8950780232747,32.74507802327474
2012-06-25,22.999693294401865,72.60115569230976,306.0425027211507,32.89250272115072
2012-06-26,22.999693294401865,72.60115569230976,306.02502250671387,32.87502250671389
2012-06-27,22.999693294401865,72.60115569230976,305.68556149800617,32.53556149800619
2012-06-28,22.999693294401865,72.60115569230976,305.20435269673663,32.05435269673666
2012-06-29,22.999693294401865,72.60115569230976,305.2461789449056,32.0961789449056
2012-06-30,22.999693294401865,72.60115569230976,306.1823088328044,33.032308832804404
2012-07-01,22.999693294401865,72.60115569230976,305.27086512247723,32.120865122477255
2012-07-02,22.999693294401865,72.60115569230976,305.5535774230957,32.403577423095726
2012-07-03,22.999693294401865,72.60115569230976,304.75428517659503,31.604285176595056
2012-07-04,22.999693294401865,72.60115569230976,301.7742455800374,28.62424558003744
2012-07-05,22.999693294401865,72.60115569230976,301.4404830932617,28.29048309326174
2012-07-06,22.999693294401865,72.60115569230976,301.98766072591144,28.837660725911462
2012-07-07,22.999693294401865,72.60115569230976,302.07986577351886,28.929865773518884
2012-07-08,22.999693294401865,72.60115569230976,302.2477429707845,29.09774297078451
2012-07-09,22.999693294401865,72.60115569230976,303.83351771036786,30.68351771036788
2012-07-10,22.999693294401865,72.60115569230976,299.7563254038493,26.606325403849326
2012-07-11,22.999693294401865,72.60115569230976,300.49562708536786,27.34562708536788
2012-07-12,22.999693294401865,72.60115569230976,301.5105838775635,28.3605838775635
2012-07-13,22.999693294401865,72.60115569230976,301.44858678181964,28.298586781819665
2012-07-14,22.999693294401865,72.60115569230976,302.1526330312093,29.002633031209314
2012-07-15,22.999693294401865,72.60115569230976,301.81120745340985,28.661207453409872
2012-07-16,22.999693294401865,72.60115569230976,301.600638071696,28.450638071696005
2012-07-17,22.999693294401865,72.60115569230976,301.97455978393555,28.82455978393557
2012-07-18,22.999693294401865,72.60115569230976,301.81574567159015,28.665745671590173
2012-07-19,22.999693294401865,72.60115569230976,302.6300411224365,29.480041122436546
2012-07-20,22.999693294401865,72.60115569230976,303.1584707895915,30.008470789591513
2012-07-21,22.999693294401865,72.60115569230976,303.4563331604004,30.306333160400413
2012-07-22,22.999693294401865,72.60115569230976,303.0674285888672,29.91742858886721
2012-07-23,22.999693294401865,72.60115569230976,301.25977579752606,28.109775797526083
2012-07-24,22.999693294401865,72.60115569230976,303.01622581481934,29.86622581481936
2012-07-25,22.999693294401865,72.60115569230976,303.307565053304,30.15756505330404
2012-07-26,22.999693294401865,72.60115569230976,303.607816696167,30.457816696167015
2012-07-27,22.999693294401865,72.60115569230976,303.1137294769287,29.963729476928734
2012-07-28,22.999693294401865,72.60115569230976,302.73222796122235,29.582227961222372
2012-07-29,22.999693294401865,72.60115569230976,300.89955774943036,27.74955774943038
2012-07-30,22.999693294401865,72.60115569230976,300.26220258076984,27.11220258076986
2012-07-31,22.999693294401865,72.60115569230976,299.4097213745117,26.25972137451174
2012-08-01,22.999693294401865,72.60115569230976,302.23364003499347,29.083640034993493
2012-08-02,22.999693294401865,72.60115569230976,302.5316575368245,29.381657536824548
2012-08-03,22.999693294401865,72.60115569230976,302.5066337585449,29.356633758544945
2012-08-04,22.999693294401865,72.60115569230976,302.8056062062581,29.655606206258142
2012-08-05,22.999693294401865,72.60115569230976,302.5676561991374,29.41765619913741
2012-08-06,22.999693294401865,72.60115569230976,302.76813379923504,29.618133799235068
2012-08-07,22.999693294401865,72.60115569230976,302.02733929951984,28.87733929951986
2012-08-08,22.999693294401865,72.60115569230976,300.0355790456136,26.88557904561361
2012-08-09,22.999693294401865,72.60115569230976,300.7165444691976,27.566544469197595
2012-08-10,22.999693294401865,72.60115569230976,300.66158231099445,27.51158231099447
2012-08-11,22.999693294401865,72.60115569230976,300.6277726491292,27.477772649129236
2012-08-12,22.999693294401865,72.60115569230976,298.7988700866699,25.648870086669945
2012-08-13,22.999693294401865,72.60115569230976,298.70406405131024,25.554064051310263
2012-08-14,22.999693294401865,72.60115569230976,300.3416035970052,27.191603597005212
2012-08-15,22.999693294401865,72.60115569230976,301.22112973531085,28.071129735310876
2012-08-16,22.999693294401865,72.60115569230976,301.0635738372803,27.913573837280296
2012-08-17,22.999693294401865,72.60115569230976,301.21438789367676,28.06438789367678
2012-08-18,22.999693294401865,72.60115569230976,301.1633192698161,28.013319269816122
2012-08-19,22.999693294401865,72.60115569230976,301.5363006591797,28.38630065917971
2012-08-20,22.999693294401865,72.60115569230976,301.66952196757,28.51952196757003
2012-08-21,22.999693294401865,72.60115569230976,301.4265702565511,28.27657025655111
2012-08-22,22.999693294401865,72.60115569230976,300.35616238911945,27.20616238911947
2012-08-23,22.999693294401865,72.60115569230976,300.62650871276855,27.476508712768577
2012-08-24,22.999693294401865,72.60115569230976,301.53529866536456,28.385298665364587
2012-08-25,22.999693294401865,72.60115569230976,301.10746065775555,27.957460657755576
2012-08-26,22.999693294401865,72.60115569230976,300.490172068278,27.340172068278036
2012-08-27,22.999693294401865,72.60115569230976,299.98596890767413,26.835968907674157
2012-08-28,22.999693294401865,72.60115569230976,300.84642219543457,27.696422195434593
2012-08-29,22.999693294401865,72.60115569230976,300.5184675852458,27.36846758524581
2012-08-30,22.999693294401865,72.60115569230976,301.1271228790283,27.977122879028343
2012-08-31,22.999693294401865,72.60115569230976,301.07153574625653,27.921535746256552
2012-09-01,22.999693294401865,72.60115569230976,300.4831536610921,27.333153661092126
2012-09-02,22.999693294401865,72.60115569230976,301.53148460388184,28.38148460388186
2012-09-03,22.999693294401865,72.60115569230976,300.69370524088544,27.54370524088546
2012-09-04,22.999693294401865,72.60115569230976,299.20159276326496,26.051592763264978
2012-09-05,22.999693294401865,72.60115569230976,300.41633288065594,27.266332880655966
2012-09-06,22.999693294401865,72.60115569230976,299.3604558308919,26.21045583089193
2012-09-07,22.999693294401865,72.60115569230976,299.51354726155597,26.363547261555993
2012-09-08,22.999693294401865,72.60115569230976,299.6001097361247,26.450109736124716
2012-09-09,22.999693294401865,72.60115569230976,299.1593322753906,26.009332275390648
2012-09-10,22.999693294401865,72.60115569230976,298.53302001953125,25.383020019531273
2012-09-11,22.999693294401865,72.60115569230976,299.62275822957355,26.47275822957357
2012-09-12,22.999693294401865,72.60115569230976,299.81888516743976,26.668885167439782
2012-09-13,22.999693294401865,72.60115569230976,300.0847632090251,26.934763209025107
2012-09-14,22.999693294401865,72.60115569230976,299.861115137736,26.711115137736044
2012-09-15,22.999693294401865,72.60115569230976,300.7172482808431,27.567248280843103
2012-09-16,22.999693294401865,72.60115569230976,300.4636033376058,27.313603337605798
2012-09-17,22.999693294401865,72.60115569230976,300.23334248860675,27.083342488606775
2012-09-18,22.999693294401865,72.60115569230976,299.76905314127606,26.619053141276083
2012-09-19,22.999693294401865,72.60115569230976,300.07912572224933,26.929125722249353
2012-09-20,22.999693294401865,72.60115569230976,301.0940990447998,27.944099044799827
2012-09-21,22.999693294401865,72.60115569230976,301.0845495859782,27.934549585978232
2012-09-22,22.999693294401865,72.60115569230976,299.9138062795003,26.76380627950033
2012-09-23,22.999693294401865,72.60115569230976,299.55068906148273,26.40068906148275
2012-09-24,22.999693294401865,72.60115569230976,299.3395595550537,26.189559555053734
2012-09-25,22.999693294401865,72.60115569230976,299.4076792399089,26.257679239908896
2012-09-26,22.999693294401865,72.60115569230976,299.5685386657715,26.418538665771507
2012-09-27,22.999693294401865,72.60115569230976,300.1309413909912,26.980941390991234
2012-09-28,22.999693294401865,72.60115569230976,300.55452664693195,27.40452664693197
2012-09-29,22.999693294401865,72.60115569230976,301.1264069875081,27.976406987508142
2012-09-30,22.999693294401865,72.60115569230976,301.61975415547687,28.469754155476892
2012-10-01,22.999693294401865,72.60115569230976,301.7632637023926,28.6132637023926
2012-10-02,22.999693294401865,72.60115569230976,302.08020718892413,28.930207188924157
2012-10-03,22.999693294401865,72.60115569230976,302.1064510345459,28.95645103454592
2012-10-04,22.999693294401865,72.60115569230976,301.9907805124919,28.840780512491904
2012-10-05,22.999693294401865,72.60115569230976,301.425256729126,28.275256729126
2012-10-06,22.999693294401865,72.60115569230976,301.59595616658527,28.44595616658529
2012-10-07,22.999693294401865,72.60115569230976,301.6787935892741,28.52879358927413
2012-10-08,22.999693294401865,72.60115569230976,301.95187441507977,28.801874415079794
2012-10-09,22.999693294401865,72.60115569230976,301.0862414042155,27.936241404215536
2012-10-10,22.999693294401865,72.60115569230976,300.3602104187012,27.210210418701195
2012-10-11,22.999693294401865,72.60115569230976,299.8806921641032,26.730692164103232
2012-10-12,22.999693294401865,72.60115569230976,300.42604064941406,27.276040649414085
2012-10-13,22.999693294401865,72.60115569230976,299.6376616160075,26.48766161600753
2012-10-14,22.999693294401865,72.60115569230976,299.7532374064128,26.603237406412802
2012-10-15,22.999693294401865,72.60115569230976,300.1964232126872,27.046423212687216
2012-10-16,22.999693294401865,72.60115569230976,299.71449597676593,26.564495976765954
2012-10-17,22.999693294401865,72.60115569230976,299.7236550649007,26.57365506490072
2012-10-18,22.999693294401865,72.60115569230976,299.97808265686035,26.828082656860374
2012-10-19,22.999693294401865,72.60115569230976,299.90469678243,26.754696782430017
2012-10-20,22.999693294401865,72.60115569230976,300.03933652242023,26.88933652242025
2012-10-21,22.999693294401865,72.60115569230976,300.70567893981934,27.55567893981936
2012-10-22,22.999693294401865,72.60115569230976,299.72367159525555,26.573671595255576
2012-10-23,22.999693294401865,72.60115569230976,300.096097946167,26.946097946167015
2012-10-24,22.999693294401865,72.60115569230976,300.10537338256836,26.955373382568382
2012-10-25,22.999693294401865,72.60115569230976,299.3289502461751,26.178950246175134
2012-10-26,22.999693294401865,72.60115569230976,298.5449587504069,25.394958750406943
2012-10-27,22.999693294401865,72.60115569230976,299.1264839172363,25.97648391723635
2012-10-28,22.999693294401865,72.60115569230976,299.2503954569499,26.10039545694991
2012-10-29,22.999693294401865,72.60115569230976,298.51091957092285,25.360919570922874
2012-10-30,22.999693294401865,72.60115569230976,298.58674875895184,25.436748758951865
2012-10-31,22.999693294401865,72.60115569230976,298.9544798533122,25.804479853312216
2012-11-01,22.999693294401865,72.60115569230976,298.7469285329183,25.596928532918298
2012-11-02,22.999693294401865,72.60115569230976,298.32289441426593,25.172894414265954
2012-11-03,22.999693294401865,72.60115569230976,297.76181475321454,24.61181475321456
2012-11-04,22.999693294401865,72.60115569230976,297.3423531850179,24.192353185017907
2012-11-05,22.999693294401865,72.60115569230976,296.9615872701009,23.811587270100915
2012-11-06,22.999693294401865,72.60115569230976,296.9443276723226,23.794327672322595
2012-11-07,22.999693294401865,72.60115569230976,297.28494389851886,24.134943898518884
2012-11-08,22.999693294401865,72.60115569230976,297.1295979817708,23.979597981770837
2012-11-09,22.999693294401865,72.60115569230976,296.8970311482747,23.747031148274743
2012-11-10,22.999693294401865,72.60115569230976,297.28613408406574,24.13613408406576
2012-11-11,22.999693294401865,72.60115569230976,297.61570930480957,24.465709304809593
2012-11-12,22.999693294401865,72.60115569230976,297.55211702982587,24.402117029825888
2012-11-13,22.999693294401865,72.60115569230976,297.90405464172363,24.754054641723656
2012-11-14,22.999693294401865,72.60115569230976,298.3774185180664,25.22741851806643
2012-11-15,22.999693294401865,72.60115569230976,298.08823649088544,24.93823649088546
2012-11-16,22.999693294401865,72.60115569230976,296.9444471995036,23.794447199503622
2012-11-17,22.999693294401865,72.60115569230976,296.4943148295085,23.344314829508505
2012-11-18,22.999693294401865,72.60115569230976,296.5912837982178,23.441283798217796
2012-11-19,22.999693294401865,72.60115569230976,296.8672847747803,23.717284774780296
2012-11-20,22.999693294401865,72.60115569230976,296.6018352508545,23.451835250854515
2012-11-21,22.999693294401865,72.60115569230976,295.8785483042399,22.72854830423995
2012-11-22,22.999693294401865,72.60115569230976,295.77830505371094,22.62830505371096
2012-11-23,22.999693294401865,72.60115569230976,295.29426765441895,22.144267654418968
2012-11-24,22.999693294401865,72.60115569230976,295.87458356221515,22.724583562215173
2012-11-25,22.999693294401865,72.60115569230976,296.3158372243245,23.165837224324548
2012-11-26,22.999693294401865,72.60115569230976,295.90735244750977,22.75735244750979
2012-11-27,22.999693294401865,72.60115569230976,295.9689464569092,22.818946456909202
2012-11-28,22.999693294401865,72.60115569230976,295.4484011332194,22.298401133219443
2012-11-29,22.999693294401865,72.60115569230976,295.32062975565594,22.170629755655966
2012-11-30,22.999693294401865,72.60115569230976,295.1210581461589,21.971058146158896
2012-12-01,22.999693294401865,72.60115569230976,294.6335849761963,21.483584976196312
2012-12-02,22.999693294401865,72.60115569230976,295.50085258483887,22.35085258483889
2012-12-03,22.999693294401865,72.60115569230976,297.5297368367513,24.379736836751306
2012-12-04,22.999693294401865,72.60115569230976,298.114294052124,24.964294052124046
2012-12-05,22.999693294401865,72.60115569230976,297.5369364420573,24.386936442057333
2012-12-06,22.999693294401865,72.60115569230976,297.0774834950765,23.9274834950765
2012-12-07,22.999693294401865,72.60115569230976,297.4911918640137,24.341191864013695
2012-12-08,22.999693294401865,72.60115569230976,297.22310702006024,24.073107020060263
2012-12-09,22.999693294401865,72.60115569230976,295.7513828277588,22.601382827758812
2012-12-10,22.999693294401865,72.60115569230976,295.79077529907227,22.64077529907229
2012-12-11,22.999693294401865,72.60115569230976,295.1563714345296,22.006371434529626
2012-12-12,22.999693294401865,72.60115569230976,294.40758005777997,21.25758005777999
2012-12-13,22.999693294401865,72.60115569230976,294.8851725260417,21.73517252604171
2012-12-14,22.999693294401865,72.60115569230976,295.7985331217448,22.648533121744833
2012-12-15,22.999693294401865,72.60115569230976,296.70461591084796,23.554615910847986
2012-12-16,22.999693294401865,72.60115569230976,296.14624977111816,22.996249771118187
2012-12-17,22.999693294401865,72.60115569230976,296.7787316640218,23.628731664021814
2012-12-18,22.999693294401865,72.60115569230976,296.48481877644855,23.33481877644857
2012-12-19,22.999693294401865,72.60115569230976,295.86034774780273,22.710347747802757
2012-12-20,22.999693294401865,72.60115569230976,294.30059750874835,21.150597508748376
2012-12-21,22.999693294401865,72.60115569230976,294.66296831766766,21.512968317667685
2012-12-22,22.999693294401865,72.60115569230976,295.2843761444092,22.134376144409202
2012-12-23,22.999693294401865,72.60115569230976,295.3765226999919,22.226522699991904
2012-12-24,22.999693294401865,72.60115569230976,294.65261395772296,21.502613957722986
2012-12-25,22.999693294401865,72.60115569230976,293.94307708740234,20.793077087402366
2012-12-26,22.999693294401865,72.60115569230976,293.6846866607666,20.534686660766624
2012-12-27,22.999693294401865,72.60115569230976,293.1699810028076,20.01998100280764
2012-12-28,22.999693294401865,72.60115569230976,292.5197099049886,19.36970990498861
2012-12-29,22.999693294401865,72.60115569230976,292.6447118123372,19.494711812337243
2012-12-30,22.999693294401865,72.60115569230976,293.2037041982015,20.0537041982015
2012-12-31,22.999693294401865,72.60115569230976,293.6373291015625,20.487329101562523
2013-01-01,22.999693294401865,72.60115569230976,292.1094741821289,18.95947418212893
2013-01-02,22.999693294401865,72.60115569230976,290.77316919962567,17.623169199625693
2013-01-03,22.999693294401865,72.60115569230976,291.58376057942706,18.433760579427087
2013-01-04,22.999693294401865,72.60115569230976,290.9290771484375,17.779077148437523
2013-01-05,22.999693294401865,72.60115569230976,290.6040623982747,17.454062398274743
2013-01-06,22.999693294401865,72.60115569230976,291.6071027119954,18.457102711995446
2013-01-07,22.999693294401865,72.60115569230976,291.20661481221515,18.056614812215173
2013-01-08,22.999693294401865,72.60115569230976,290.99049949645996,17.840499496459984
2013-01-09,22.999693294401865,72.60115569230976,292.2475579579671,19.097557957967126
2013-01-10,22.999693294401865,72.60115569230976,292.8711452484131,19.72114524841311
2013-01-11,22.999693294401865,72.60115569230976,294.120449701945,20.97044970194503
2013-01-12,22.999693294401865,72.60115569230976,295.1118965148926,21.9618965148926
2013-01-13,22.999693294401865,72.60115569230976,295.19968287150067,22.049682871500693
2013-01-14,22.999693294401865,72.60115569230976,295.45473861694336,22.304738616943382
2013-01-15,22.999693294401865,72.60115569230976,294.7217273712158,21.571727371215843
2013-01-16,22.999693294401865,72.60115569230976,294.9135214487712,21.7635214487712
2013-01-17,22.999693294401865,72.60115569230976,294.2625268300374,21.11252683003744
2013-01-18,22.999693294401865,72.60115569230976,289.48940976460773,16.33940976460775
2013-01-19,22.999693294401865,72.60115569230976,290.2007884979248,17.050788497924827
2013-01-20,22.999693294401865,72.60115569230976,291.08117802937824,17.93117802937826
2013-01-21,22.999693294401865,72.60115569230976,291.3088486989339,18.158848698933923
2013-01-22,22.999693294401865,72.60115569230976,292.4129498799642,19.262949879964196
2013-01-23,22.999693294401865,72.60115569230976,293.17527453104657,20.02527453104659
2013-01-24,22.999693294401865,72.60115569230976,293.816364924113,20.666364924112997
2013-01-25,22.999693294401865,72.60115569230976,293.5441665649414,20.39416656494143
2013-01-26,22.999693294401865,72.60115569230976,293.44703483581543,20.297034835815452
2013-01-27,22.999693294401865,72.60115569230976,293.76840527852374,20.618405278523767
2013-01-28,22.999693294401865,72.60115569230976,294.05238278706867,20.90238278706869
2013-01-29,22.999693294401865,72.60115569230976,294.81213569641113,21.662135696411156
2013-01-30,22.999693294401865,72.60115569230976,295.7554651896159,22.605465189615927
2013-01-31,22.999693294401865,72.60115569230976,296.21596972147626,23.06596972147628
2013-02-01,22.999693294401865,72.60115569230976,296.3870328267415,23.23703282674154
2013-02-02,22.999693294401865,72.60115569230976,296.956340154012,23.806340154012048
2013-02-03,22.999693294401865,72.60115569230976,297.8267828623454,24.67678286234542
2013-02-04,22.999693294401865,72.60115569230976,296.0540377298991,22.90403772989913
2013-02-05,22.999693294401865,72.60115569230976,294.03468958536786,20.88468958536788
2013-02-06,22.999693294401865,72.60115569230976,291.56221834818524,18.412218348185263
2013-02-07,22.999693294401865,72.60115569230976,292.9466158548991,19.79661585489913
2013-02-08,22.999693294401865,72.60115569230976,293.2303237915039,20.08032379150393
2013-02-09,22.999693294401865,72.60115569230976,294.0697193145752,20.919719314575218
2013-02-10,22.999693294401865,72.60115569230976,296.5198663075765,23.3698663075765
2013-02-11,22.999693294401865,72.60115569230976,297.80026626586914,24.650266265869163
2013-02-12,22.999693294401865,72.60115569230976,298.1991443634033,25.049144363403343
2013-02-13,22.999693294401865,72.60115569230976,298.8419132232666,25.691913223266624
2013-02-14,22.999693294401865,72.60115569230976,298.6030928293864,25.453092829386435
2013-02-15,22.999693294401865,72.60115569230976,296.2554047902425,23.105404790242517
2013-02-16,22.999693294401865,72.60115569230976,292.00450897216797,18.85450897216799
2013-02-17,22.999693294401865,72.60115569230976,292.46425374348956,19.314253743489587
2013-02-18,22.999693294401865,72.60115569230976,294.6149679819743,21.464967981974326
2013-02-19,22.999693294401865,72.60115569230976,295.75732103983563,22.607321039835654
2013-02-20,22.999693294401865,72.60115569230976,296.5972836812337,23.447283681233728
2013-02-21,22.999693294401865,72.60115569230976,297.8113085428874,24.66130854288741
2013-02-22,22.999693294401865,72.60115569230976,298.3235499064128,25.173549906412802
2013-02-23,22.999693294401865,72.60115569230976,297.20409456888837,24.054094568888388
2013-02-24,22.999693294401865,72.60115569230976,295.5121504465739,22.362150446573935
2013-02-25,22.999693294401865,72.60115569230976,297.08477846781415,23.93477846781417
2013-02-26,22.999693294401865,72.60115569230976,297.7561232248942,24.606123224894247
2013-02-27,22.999693294401865,72.60115569230976,295.65364201863605,22.50364201863607
2013-02-28,22.999693294401865,72.60115569230976,296.36298116048175,23.212981160481775
2013-03-01,22.999693294401865,72.60115569230976,296.75794792175293,23.607947921752952
2013-03-02,22.999693294401865,72.60115569230976,296.6141363779704,23.46413637797042
2013-03-03,22.999693294401865,72.60115569230976,297.71104939778644,24.561049397786462
2013-03-04,22.999693294401865,72.60115569230976,298.9168294270833,25.766829427083337
2013-03-05,22.999693294401865,72.60115569230976,299.67353375752765,26.523533757527673
2013-03-06,22.999693294401865,72.60115569230976,299.9329643249512,26.782964324951195
2013-03-07,22.999693294401865,72.60115569230976,300.46751085917157,27.31751085917159
2013-03-08,22.999693294401865,72.60115569230976,300.87856038411456,27.728560384114587
2013-03-09,22.999693294401865,72.60115569230976,300.1204293568929,26.970429356892907
2013-03-10,22.999693294401865,72.60115569230976,299.2200635274251,26.070063527425134
2013-03-11,22.999693294401865,72.60115569230976,299.62962404886883,26.479624048868857
2013-03-12,22.999693294401865,72.60115569230976,299.196039835612,26.04603983561202
2013-03-13,22.999693294401865,72.60115569230976,299.12292035420734,25.97292035420736
2013-03-14,22.999693294401865,72.60115569230976,299.9793523152669,26.82935231526693
2013-03-15,22.999693294401865,72.60115569230976,300.90174102783203,27.751741027832054
2013-03-16,22.999693294401865,72.60115569230976,301.0002905527751,27.850290552775107
2013-03-17,22.999693294401865,72.60115569230976,300.48433049519855,27.33433049519857
2013-03-18,22.999693294401865,72.60115569230976,301.5884094238281,28.438409423828148
2013-03-19,22.999693294401865,72.60115569230976,301.8215497334798,28.67154973347982
2013-03-20,22.999693294401865,72.60115569230976,300.3834711710612,27.23347117106124
2013-03-21,22.999693294401865,72.60115569230976,300.4942506154378,27.34425061543783
2013-03-22,22.999693294401865,72.60115569230976,300.4902458190918,27.34024581909182
2013-03-23,22.999693294401865,72.60115569230976,300.6814448038737,27.53144480387374
2013-03-24,22.999693294401865,72.60115569230976,300.726557413737,27.57655741373702
2013-03-25,22.999693294401865,72.60115569230976,301.54584821065265,28.395848210652673
2013-03-26,22.999693294401865,72.60115569230976,301.9938621520996,28.843862152099632
2013-03-27,22.999693294401865,72.60115569230976,300.50278345743817,27.352783457438193
2013-03-28,22.999693294401865,72.60115569230976,300.50594329833984,27.355943298339866
2013-03-29,22.999693294401865,72.60115569230976,300.32751146952313,27.177511469523154
2013-03-30,22.999693294401865,72.60115569230976,301.73473993937176,28.584739939371786
2013-03-31,22.999693294401865,72.60115569230976,302.2750879923503,29.125087992350302
2013-04-01,22.999693294401865,72.60115569230976,302.28154373168945,29.131543731689476
2013-04-02,22.999693294401865,72.60115569230976,301.24811299641925,28.098112996419275
2013-04-03,22.999693294401865,72.60115569230976,300.17066891988117,27.02066891988119
2013-04-04,22.999693294401865,72.60115569230976,302.32460594177246,29.174605941772484
2013-04-05,22.999693294401865,72.60115569230976,303.492338180542,30.342338180542015
2013-04-06,22.999693294401865,72.60115569230976,303.1017894744873,29.951789474487327
2013-04-07,22.999693294401865,72.60115569230976,302.8713143666585,29.721314366658532
2013-04-08,22.999693294401865,72.60115569230976,301.45273272196454,28.30273272196456
2013-04-09,22.999693294401865,72.60115569230976,302.4974422454834,29.34744224548342
2013-04-10,22.999693294401865,72.60115569230976,302.3190116882324,29.169011688232445
2013-04-11,22.999693294401865,72.60115569230976,302.45264625549316,29.302646255493187
2013-04-12,22.999693294401865,72.60115569230976,303.0231850941976,29.873185094197595
2013-04-13,22.999693294401865,72.60115569230976,304.46087710062665,31.31087710062667
2013-04-14,22.999693294401865,72.60115569230976,304.9367682139079,31.78676821390792
2013-04-15,22.999693294401865,72.60115569230976,304.9926840464274,31.84268404642745
2013-04-16,22.999693294401865,72.60115569230976,303.26285489400226,30.112854894002282
2013-04-17,22.999693294401865,72.60115569230976,302.4595692952474,29.3095692952474
2013-04-18,22.999693294401865,72.60115569230976,303.0016098022461,29.851609802246116
2013-04-19,22.999693294401865,72.60115569230976,302.74664370218915,29.59664370218917
2013-04-20,22.999693294401865,72.60115569230976,302.35309346516925,29.203093465169275
2013-04-21,22.999693294401865,72.60115569230976,302.8040008544922,29.65400085449221
2013-04-22,22.999693294401865,72.60115569230976,302.9154052734375,29.765405273437523
2013-04-23,22.999693294401865,72.60115569230976,304.08848635355633,30.938486353556357
2013-04-24,22.999693294401865,72.60115569230976,305.6354694366455,32.48546943664553
2013-04-25,22.999693294401865,72.60115569230976,306.2681891123454,33.11818911234542
2013-04-26,22.999693294401865,72.60115569230976,305.694029490153,32.54402949015304
2013-04-27,22.999693294401865,72.60115569230976,306.14210573832196,32.99210573832198
2013-04-28,22.999693294401865,72.60115569230976,306.8220634460449,33.672063446044945
2013-04-29,22.999693294401865,72.60115569230976,306.9781799316406,33.82817993164065
2013-04-30,22.999693294401865,72.60115569230976,306.97972170511883,33.82972170511886
2013-05-01,22.999693294401865,72.60115569230976,307.21697362263996,34.06697362263998
2013-05-02,22.999693294401865,72.60115569230976,306.5662091573079,33.41620915730795
2013-05-03,22.999693294401865,72.60115569230976,306.5617853800456,33.411785380045615
2013-05-04,22.999693294401865,72.60115569230976,306.2673937479655,33.11739374796554
2013-05-05,22.999693294401865,72.60115569230976,305.0401261647542,31.890126164754236
2013-05-06,22.999693294401865,72.60115569230976,305.66380373636883,32.51380373636886
2013-05-07,22.999693294401865,72.60115569230976,306.8176333109538,33.66763331095382
2013-05-08,22.999693294401865,72.60115569230976,306.54444948832196,33.39444948832198
2013-05-09,22.999693294401865,72.60115569230976,305.9422887166341,32.79228871663412
2013-05-10,22.999693294401865,72.60115569230976,305.61377207438153,32.46377207438155
2013-05-11,22.999693294401865,72.60115569230976,305.43067677815753,32.280676778157556
2013-05-12,22.999693294401865,72.60115569230976,305.1090672810872,31.959067281087243
2013-05-13,22.999693294401865,72.60115569230976,305.36445744832355,32.21445744832357
2013-05-14,22.999693294401865,72.60115569230976,306.25432777404785,33.104327774047874
2013-05-15,22.999693294401865,72.60115569230976,306.5812810262044,33.43128102620443
2013-05-16,22.999693294401865,72.60115569230976,305.7990093231201,32.64900932312014
2013-05-17,22.999693294401865,72.60115569230976,305.5849259694417,32.434925969441736
2013-05-18,22.999693294401865,72.60115569230976,306.5017375946045,33.351737594604515
2013-05-19,22.999693294401865,72.60115569230976,307.37792269388837,34.22792269388839
2013-05-20,22.999693294401865,72.60115569230976,307.99895032246906,34.84895032246908
2013-05-21,22.999693294401865,72.60115569230976,307.9528153737386,34.80281537373861
2013-05-22,22.999693294401865,72.60115569230976,307.2561855316162,34.106185531616234
2013-05-23,22.999693294401865,72.60115569230976,306.21460723876953,33.064607238769554
2013-05-24,22.999693294401865,72.60115569230976,305.79476102193195,32.64476102193197
2013-05-25,22.999693294401865,72.60115569230976,306.473840713501,33.323840713501
2013-05-26,22.999693294401865,72.60115569230976,306.33406194051105,33.18406194051107
2013-05-27,22.999693294401865,72.60115569230976,306.72007179260254,33.57007179260256
2013-05-28,22.999693294401865,72.60115569230976,306.56826337178546,33.418263371785486
2013-05-29,22.999693294401865,72.60115569230976,306.55398241678876,33.40398241678878
2013-05-30,22.999693294401865,72.60115569230976,306.42113240559894,33.27113240559896
2013-05-31,22.999693294401865,72.60115569230976,306.83395830790204,33.68395830790206
2013-06-01,22.999693294401865,72.60115569230976,306.8691469828288,33.71914698282882
2013-06-02,22.999693294401865,72.60115569230976,306.414124806722,33.26412480672201
2013-06-03,22.999693294401865,72.60115569230976,305.7221215565999,32.57212155659994
2013-06-04,22.999693294401865,72.60115569230976,306.7116228739421,33.5616228739421
2013-06-05,22.999693294401865,72.60115569230976,307.0776360829671,33.927636082967126
2013-06-06,22.999693294401865,72.60115569230976,307.14166196187335,33.991661961873376
2013-06-07,22.999693294401865,72.60115569230976,305.7793827056885,32.6293827056885
2013-06-08,22.999693294401865,72.60115569230976,305.58384641011554,32.433846410115564
2013-06-09,22.999693294401865,72.60115569230976,304.230260848999,31.080260848999046
2013-06-10,22.999693294401865,72.60115569230976,303.25228118896484,30.102281188964866
2013-06-11,22.999693294401865,72.60115569230976,302.1295057932536,28.979505793253622
2013-06-12,22.999693294401865,72.60115569230976,302.20285669962567,29.052856699625693
2013-06-13,22.999693294401865,72.60115569230976,302.7804546356201,29.63045463562014
2013-06-14,22.999693294401865,72.60115569230976,303.8559373219808,30.705937321980798
2013-06-15,22.999693294401865,72.60115569230976,303.03603744506836,29.886037445068382
2013-06-16,22.999693294401865,72.60115569230976,302.3535970052083,29.203597005208337
2013-06-17,22.999693294401865,72.60115569230976,300.38439814249676,27.234398142496786
2013-06-18,22.999693294401865,72.60115569230976,300.6646207173665,27.51462071736654
2013-06-19,22.999693294401865,72.60115569230976,301.3870080312093,28.237008031209314
2013-06-20,22.999693294401865,72.60115569230976,302.5680859883626,29.418085988362634
2013-06-21,22.999693294401865,72.60115569230976,303.0109004974365,29.860900497436546
2013-06-22,22.999693294401865,72.60115569230976,302.6247132619222,29.474713261922204
2013-06-23,22.999693294401865,72.60115569230976,302.6622257232666,29.512225723266624
2013-06-24,22.999693294401865,72.60115569230976,303.23024876912433,30.080248769124353
2013-06-25,22.999693294401865,72.60115569230976,302.2728614807129,29.122861480712913
2013-06-26,22.999693294401865,72.60115569230976,300.754399617513,27.604399617513025
2013-06-27,22.999693294401865,72.60115569230976,302.05560938517254,28.905609385172568
2013-06-28,22.999693294401865,72.60115569230976,302.1731363932292,29.02313639322921
2013-06-29,22.999693294401865,72.60115569230976,302.6397291819255,29.489729181925497
2013-06-30,22.999693294401865,72.60115569230976,302.65661875406903,29.506618754069052
2013-07-01,22.999693294401865,72.60115569230976,303.167423248291,30.01742324829104
2013-07-02,22.999693294401865,72.60115569230976,303.30506324768066,30.155063247680687
2013-07-03,22.999693294401865,72.60115569230976,302.6879990895589,29.537999089558923
2013-07-04,22.999693294401865,72.60115569230976,298.64885965983075,25.49885965983077
2013-07-05,22.999693294401865,72.60115569230976,300.5725968678792,27.422596867879236
2013-07-06,22.999693294401865,72.60115569230976,300.6678117116292,27.517811711629236
2013-07-07,22.999693294401865,72.60115569230976,301.3265787760417,28.17657877604171
2013-07-08,22.999693294401865,72.60115569230976,301.37682215372723,28.226822153727255
2013-07-09,22.999693294401865,72.60115569230976,300.9182014465332,27.768201446533226
2013-07-10,22.999693294401865,72.60115569230976,301.08872667948407,27.93872667948409
2013-07-11,22.999693294401865,72.60115569230976,300.5994815826416,27.449481582641624
2013-07-12,22.999693294401865,72.60115569230976,300.7195504506429,27.569550450642907
2013-07-13,22.999693294401865,72.60115569230976,298.3372974395752,25.187297439575218
2013-07-14,22.999693294401865,72.60115569230976,300.3329906463623,27.182990646362327
2013-07-15,22.999693294401865,72.60115569230976,300.53261121114093,27.382611211140954
2013-07-16,22.999693294401865,72.60115569230976,300.41216405232746,27.262164052327478
2013-07-17,22.999693294401865,72.60115569230976,300.52614974975586,27.376149749755882
2013-07-18,22.999693294401865,72.60115569230976,300.5078474680583,27.35784746805831
2013-07-19,22.999693294401865,72.60115569230976,300.8669141133626,27.716914113362634
2013-07-20,22.999693294401865,72.60115569230976,299.7170836130778,26.56708361307784
2013-07-21,22.999693294401865,72.60115569230976,300.5455379486084,27.39553794860842
2013-07-22,22.999693294401865,72.60115569230976,300.7151845296224,27.5651845296224
2013-07-23,22.999693294401865,72.60115569230976,300.3773447672526,27.227344767252646
2013-07-24,22.999693294401865,72.60115569230976,300.4015261332194,27.251526133219443
2013-07-25,22.999693294401865,72.60115569230976,299.8686517079671,26.718651707967126
2013-07-26,22.999693294401865,72.60115569230976,299.3697802225749,26.21978022257491
2013-07-27,22.999693294401865,72.60115569230976,299.13194274902344,25.98194274902346
2013-07-28,22.999693294401865,72.60115569230976,298.8900025685628,25.74000256856283
2013-07-29,22.999693294401865,72.60115569230976,298.4291083017985,25.279108301798544
2013-07-30,22.999693294401865,72.60115569230976,299.6208095550537,26.470809555053734
2013-07-31,22.999693294401865,72.60115569230976,299.47017669677734,26.320176696777366
2013-08-01,22.999693294401865,72.60115569230976,299.4204184214274,26.27041842142745
2013-08-02,22.999693294401865,72.60115569230976,299.0788695017497,25.928869501749716
2013-08-03,22.999693294401865,72.60115569230976,299.3715737660726,26.221573766072595
2013-08-04,22.999693294401865,72.60115569230976,300.14222717285156,26.992227172851585
2013-08-05,22.999693294401865,72.60115569230976,300.69510587056476,27.545105870564782
2013-08-06,22.999693294401865,72.60115569230976,300.4172897338867,27.26728973388674
2013-08-07,22.999693294401865,72.60115569230976,300.53261693318683,27.382616933186853
2013-08-08,22.999693294401865,72.60115569230976,300.2731450398763,27.123145039876306
2013-08-09,22.999693294401865,72.60115569230976,299.22231674194336,26.072316741943382
2013-08-10,22.999693294401865,72.60115569230976,298.12690416971844,24.976904169718466
2013-08-11,22.999693294401865,72.60115569230976,299.7286548614502,26.578654861450218
2013-08-12,22.999693294401865,72.60115569230976,300.18777720133465,27.037777201334677
2013-08-13,22.999693294401865,72.60115569230976,298.669677734375,25.519677734375023
2013-08-14,22.999693294401865,72.60115569230976,299.26915486653644,26.119154866536462
2013-08-15,22.999693294401865,72.60115569230976,300.11913617451984,26.96913617451986
2013-08-16,22.999693294401865,72.60115569230976,299.1092020670573,25.959202067057333
2013-08-17,22.999693294401865,72.60115569230976,300.5968990325928,27.446899032592796
2013-08-18,22.999693294401865,72.60115569230976,300.8515993754069,27.701599375406943
2013-08-19,22.999693294401865,72.60115569230976,300.2453308105469,27.095330810546898
2013-08-20,22.999693294401865,72.60115569230976,300.3478768666585,27.197876866658532
2013-08-21,22.999693294401865,72.60115569230976,299.6680202484131,26.51802024841311
2013-08-22,22.999693294401865,72.60115569230976,300.062307993571,26.912307993571005
2013-08-23,22.999693294401865,72.60115569230976,300.1503620147705,27.00036201477053
2013-08-24,22.999693294401865,72.60115569230976,298.5687135060628,25.41871350606283
2013-08-25,22.999693294401865,72.60115569230976,299.6330038706462,26.4830038706462
2013-08-26,22.999693294401865,72.60115569230976,300.3324845631917,27.182484563191736
2013-08-27,22.999693294401865,72.60115569230976,300.21911303202313,27.069113032023154
2013-08-28,22.999693294401865,72.60115569230976,300.52619489034015,27.376194890340173
2013-08-29,22.999693294401865,72.60115569230976,300.44604937235516,27.296049372355185
2013-08-30,22.999693294401865,72.60115569230976,300.57403628031415,27.42403628031417
2013-08-31,22.999693294401865,72.60115569230976,300.3351656595866,27.18516565958663
2013-09-01,22.999693294401865,72.60115569230976,300.5847415924072,27.43474159240725
2013-09-02,22.999693294401865,72.60115569230976,300.53195508321124,27.381955083211267
2013-09-03,22.999693294401865,72.60115569230976,300.267032623291,27.11703262329104
2013-09-04,22.999693294401865,72.60115569230976,300.37051073710126,27.22051073710128
2013-09-05,22.999693294401865,72.60115569230976,300.32971445719403,27.179714457194052
2013-09-06,22.999693294401865,72.60115569230976,300.1679604848226,27.017960484822595
2013-09-07,22.999693294401865,72.60115569230976,300.232697168986,27.082697168986044
2013-09-08,22.999693294401865,72.60115569230976,300.3062489827474,27.1562489827474
2013-09-09,22.999693294401865,72.60115569230976,301.20408821105957,28.054088211059593
2013-09-10,22.999693294401865,72.60115569230976,301.9782524108887,28.828252410888695
2013-09-11,22.999693294401865,72.60115569230976,302.4817892710368,29.331789271036826
2013-09-12,22.999693294401865,72.60115569230976,302.7272644042969,29.577264404296898
2013-09-13,22.999693294401865,72.60115569230976,303.1697476704915,30.01974767049154
2013-09-14,22.999693294401865,72.60115569230976,302.83761660257977,29.687616602579794
2013-09-15,22.999693294401865,72.60115569230976,303.4037609100342,30.253760910034202
2013-09-16,22.999693294401865,72.60115569230976,302.5663579305013,29.416357930501306
2013-09-17,22.999693294401865,72.60115569230976,302.4254945119222,29.275494511922204
2013-09-18,22.999693294401865,72.60115569230976,303.2776584625244,30.127658462524437
2013-09-19,22.999693294401865,72.60115569230976,303.6998462677002,30.549846267700218
2013-09-20,22.999693294401865,72.60115569230976,303.3839925130208,30.233992513020837
2013-09-21,22.999693294401865,72.60115569230976,300.6096820831299,27.459682083129906
2013-09-22,22.999693294401865,72.60115569230976,300.22268803914386,27.072688039143884
2013-09-23,22.999693294401865,72.60115569230976,299.649351755778,26.499351755778036
2013-09-24,22.999693294401865,72.60115569230976,299.09480985005695,25.94480985005697
2013-09-25,22.999693294401865,72.60115569230976,298.1843433380127,25.034343338012718
2013-09-26,22.999693294401865,72.60115569230976,298.6939156850179,25.543915685017907
2013-09-27,22.999693294401865,72.60115569230976,299.1902020772298,26.04020207722982
2013-09-28,22.999693294401865,72.60115569230976,299.28640429178876,26.13640429178878
2013-09-29,22.999693294401865,72.60115569230976,299.60283342997235,26.452833429972372
2013-09-30,22.999693294401865,72.60115569230976,299.94051424662274,26.790514246622763
2013-10-01,22.999693294401865,72.60115569230976,299.2008107503255,26.050810750325525
2013-10-02,22.999693294401865,72.60115569230976,300.74503389994305,27.595033899943076
2013-10-03,22.999693294401865,72.60115569230976,301.02727063496906,27.87727063496908
2013-10-04,22.999693294401865,72.60115569230976,300.3502133687337,27.200213368733728
2013-10-05,22.999693294401865,72.60115569230976,301.2671381632487,28.11713816324874
2013-10-06,22.999693294401865,72.60115569230976,300.6336097717285,27.48360977172854
2013-10-07,22.999693294401865,72.60115569230976,299.82580439249676,26.675804392496786
2013-10-08,22.999693294401865,72.60115569230976,299.5655581156413,26.415558115641318
2013-10-09,22.999693294401865,72.60115569230976,299.09974098205566,25.949740982055687
2013-10-10,22.999693294401865,72.60115569230976,299.37363878885907,26.22363878885909
2013-10-11,22.999693294401865,72.60115569230976,300.1990280151367,27.04902801513674
2013-10-12,22.999693294401865,72.60115569230976,299.6927121480306,26.542712148030603
2013-10-13,22.999693294401865,72.60115569230976,300.17288907368976,27.022889073689782
2013-10-14,22.999693294401865,72.60115569230976,300.46736399332684,27.317363993326865
2013-10-15,22.999693294401865,72.60115569230976,300.6764386494954,27.526438649495446
2013-10-16,22.999693294401865,72.60115569230976,300.1184647878011,26.96846478780111
2013-10-17,22.999693294401865,72.60115569230976,300.215430577596,27.065430577596032
2013-10-18,22.999693294401865,72.60115569230976,300.63653055826825,27.48653055826827
2013-10-19,22.999693294401865,72.60115569230976,300.3448549906413,27.194854990641318
2013-10-20,22.999693294401865,72.60115569230976,299.9036394755046,26.7536394755046
2013-10-21,22.999693294401865,72.60115569230976,298.9440670013428,25.794067001342796
2013-10-22,22.999693294401865,72.60115569230976,298.694876352946,25.544876352946005
2013-10-23,22.999693294401865,72.60115569230976,298.70277404785156,25.552774047851585
2013-10-24,22.999693294401865,72.60115569230976,298.67343457539874,25.523434575398767
2013-10-25,22.999693294401865,72.60115569230976,300.02296765645343,26.872967656453454
2013-10-26,22.999693294401865,72.60115569230976,299.25390942891437,26.103909428914392
2013-10-27,22.999693294401865,72.60115569230976,298.61872545878094,25.468725458780966
2013-10-28,22.999693294401865,72.60115569230976,298.6527805328369,25.502780532836937
2013-10-29,22.999693294401865,72.60115569230976,298.49252700805664,25.342527008056663
2013-10-30,22.999693294401865,72.60115569230976,297.1041800181071,23.954180018107138
2013-10-31,22.999693294401865,72.60115569230976,296.8272895812988,23.67728958129885
2013-11-01,22.999693294401865,72.60115569230976,297.025359471639,23.875359471639
2013-11-02,22.999693294401865,72.60115569230976,297.7591660817464,24.609166081746423
2013-11-03,22.999693294401865,72.60115569230976,298.26715596516925,25.117155965169275
2013-11-04,22.999693294401865,72.60115569230976,298.1036434173584,24.95364341735842
2013-11-05,22.999693294401865,72.60115569230976,297.86252721150714,24.712527211507165
2013-11-06,22.999693294401865,72.60115569230976,298.4302495320638,25.280249532063806
2013-11-07,22.999693294401865,72.60115569230976,297.6453908284505,24.495390828450525
2013-11-08,22.999693294401865,72.60115569230976,297.2384847005208,24.088484700520837
2013-11-09,22.999693294401865,72.60115569230976,296.76869201660156,23.618692016601585
2013-11-10,22.999693294401865,72.60115569230976,296.68058077494305,23.530580774943076
2013-11-11,22.999693294401865,72.60115569230976,295.57561175028485,22.425611750284872
2013-11-12,22.999693294401865,72.60115569230976,295.3698724110921,22.219872411092126
2013-11-13,22.999693294401865,72.60115569230976,296.00073115030926,22.850731150309286
2013-11-14,22.999693294401865,72.60115569230976,296.10583877563477,22.95583877563479
2013-11-15,22.999693294401865,72.60115569230976,296.1242256164551,22.9742256164551
2013-11-16,22.999693294401865,72.60115569230976,294.71698570251465,21.56698570251467
2013-11-17,22.999693294401865,72.60115569230976,294.74587949117023,21.59587949117025
2013-11-18,22.999693294401865,72.60115569230976,294.81753094991046,21.667530949910486
2013-11-19,22.999693294401865,72.60115569230976,294.6499245961507,21.49992459615072
2013-11-20,22.999693294401865,72.60115569230976,294.06557909647626,20.91557909647628
2013-11-21,22.999693294401865,72.60115569230976,294.76993115743,21.619931157430017
2013-11-22,22.999693294401865,72.60115569230976,295.17392031351727,22.023920313517294
2013-11-23,22.999693294401865,72.60115569230976,295.1832968393962,22.0332968393962
2013-11-24,22.999693294401865,72.60115569230976,295.6645329793294,22.51453297932943
2013-11-25,22.999693294401865,72.60115569230976,296.7302354176839,23.580235417683923
2013-11-26,22.999693294401865,72.60115569230976,297.1200866699219,23.970086669921898
2013-11-27,22.999693294401865,72.60115569230976,297.1854368845622,24.035436884562216
2013-11-28,22.999693294401865,72.60115569230976,297.21509234110516,24.065092341105185
2013-11-29,22.999693294401865,72.60115569230976,296.4109910329183,23.260991032918298
2013-11-30,22.999693294401865,72.60115569230976,295.50315539042157,22.35315539042159
2013-12-01,22.999693294401865,72.60115569230976,295.97755177815753,22.827551778157556
2013-12-02,22.999693294401865,72.60115569230976,295.67174339294434,22.52174339294436
2013-12-03,22.999693294401865,72.60115569230976,295.0177987416585,21.867798741658532
2013-12-04,22.999693294401865,72.60115569230976,296.51413281758624,23.364132817586267
2013-12-05,22.999693294401865,72.60115569230976,296.1422824859619,22.992282485961937
2013-12-06,22.999693294401865,72.60115569230976,294.8931821187337,21.743182118733728
2013-12-07,22.999693294401865,72.60115569230976,294.23637135823566,21.08637135823568
2013-12-08,22.999693294401865,72.60115569230976,294.0575974782308,20.907597478230798
2013-12-09,22.999693294401865,72.60115569230976,293.6007773081462,20.4507773081462
2013-12-10,22.999693294401865,72.60115569230976,293.89142354329425,20.741423543294275
2013-12-11,22.999693294401865,72.60115569230976,293.8758850097656,20.725885009765648
2013-12-12,22.999693294401865,72.60115569230976,293.79370307922363,20.643703079223656
2013-12-13,22.999693294401865,72.60115569230976,293.62004470825195,20.470044708251976
2013-12-14,22.999693294401865,72.60115569230976,293.05400975545246,19.904009755452478
2013-12-15,22.999693294401865,72.60115569230976,292.73397000630695,19.58397000630697
2013-12-16,22.999693294401865,72.60115569230976,292.44326146443683,19.293261464436853
2013-12-17,22.999693294401865,72.60115569230976,291.86090024312335,18.710900243123376
2013-12-18,22.999693294401865,72.60115569230976,292.89400418599445,19.74400418599447
2013-12-19,22.999693294401865,72.60115569230976,292.934601465861,19.784601465861044
2013-12-20,22.999693294401865,72.60115569230976,290.93679936726886,17.786799367268884
2013-12-21,22.999693294401865,72.60115569230976,290.6918150583903,17.54181505839034
2013-12-22,22.999693294401865,72.60115569230976,290.9972152709961,17.847215270996116
2013-12-23,22.999693294401865,72.60115569230976,292.60596148173016,19.455961481730185
2013-12-24,22.999693294401865,72.60115569230976,293.1699447631836,20.019944763183616
2013-12-25,22.999693294401865,72.60115569230976,293.6927553812663,20.542755381266318
2013-12-26,22.999693294401865,72.60115569230976,294.1624406178792,21.012440617879236
2013-12-27,22.999693294401865,72.60115569230976,292.71468861897785,19.56468861897787
2013-12-28,22.999693294401865,72.60115569230976,291.0908432006836,17.940843200683616
2013-12-29,22.999693294401865,72.60115569230976,292.32862091064453,19.178620910644554
2013-12-30,22.999693294401865,72.60115569230976,292.2595462799072,19.10954627990725
2013-12-31,22.999693294401865,72.60115569230976,290.6802234649658,17.530223464965843
2014-01-01,22.999693294401865,72.60115569230976,293.07167116800946,19.921671168009482
2014-01-02,22.999693294401865,72.60115569230976,293.7113380432129,20.561338043212913
2014-01-03,22.999693294401865,72.60115569230976,294.898494720459,21.748494720459007
2014-01-04,22.999693294401865,72.60115569230976,292.7094046274821,19.559404627482138
2014-01-05,22.999693294401865,72.60115569230976,291.0382588704427,17.888258870442712
2014-01-06,22.999693294401865,72.60115569230976,291.4928385416667,18.34283854166671
2014-01-07,22.999693294401865,72.60115569230976,292.37832323710126,19.22832323710128
2014-01-08,22.999693294401865,72.60115569230976,294.26062711079913,21.110627110799157
2014-01-09,22.999693294401865,72.60115569230976,291.7481689453125,18.598168945312523
2014-01-10,22.999693294401865,72.60115569230976,290.19264729817706,17.042647298177087
2014-01-11,22.999693294401865,72.60115569230976,290.75864664713544,17.60864664713546
2014-01-12,22.999693294401865,72.60115569230976,291.009215037028,17.859215037028036
2014-01-13,22.999693294401865,72.60115569230976,292.52193959554035,19.37193959554037
2014-01-14,22.999693294401865,72.60115569230976,292.1488329569499,18.99883295694991
2014-01-15,22.999693294401865,72.60115569230976,291.5719928741455,18.42199287414553
2014-01-16,22.999693294401865,72.60115569230976,291.9617277781169,18.811727778116904
2014-01-17,22.999693294401865,72.60115569230976,290.87221082051593,17.722210820515954
2014-01-18,22.999693294401865,72.60115569230976,290.6428101857503,17.49281018575033
2014-01-19,22.999693294401865,72.60115569230976,292.39741198221844,19.247411982218466
2014-01-20,22.999693294401865,72.60115569230976,294.7870165506999,21.63701655069991
2014-01-21,22.999693294401865,72.60115569230976,293.8086051940918,20.65860519409182
2014-01-22,22.999693294401865,72.60115569230976,293.1256516774495,19.975651677449548
2014-01-23,22.999693294401865,72.60115569230976,292.6667226155599,19.5167226155599
2014-01-24,22.999693294401865,72.60115569230976,292.99606196085614,19.84606196085616
2014-01-25,22.999693294401865,72.60115569230976,293.71015485127765,20.560154851277673
2014-01-26,22.999693294401865,72.60115569230976,293.9812520345052,20.831252034505212
2014-01-27,22.999693294401865,72.60115569230976,293.73537317911786,20.58537317911788
2014-01-28,22.999693294401865,72.60115569230976,293.0067551930745,19.856755193074548
2014-01-29,22.999693294401865,72.60115569230976,293.1974868774414,20.04748687744143
2014-01-30,22.999693294401865,72.60115569230976,293.86607551574707,20.716075515747093
2014-01-31,22.999693294401865,72.60115569230976,294.3600610097249,21.21006100972494
2014-02-01,22.999693294401865,72.60115569230976,295.54652913411456,22.396529134114587
2014-02-02,22.999693294401865,72.60115569230976,295.9730739593506,22.82307395935061
2014-02-03,22.999693294401865,72.60115569230976,296.79333750406903,23.643337504069052
2014-02-04,22.999693294401865,72.60115569230976,296.1126937866211,22.962693786621116
2014-02-05,22.999693294401865,72.60115569230976,296.37617683410645,23.226176834106468
2014-02-06,22.999693294401865,72.60115569230976,297.02700742085773,23.87700742085775
2014-02-07,22.999693294401865,72.60115569230976,295.56470425923663,22.414704259236657
2014-02-08,22.999693294401865,72.60115569230976,293.4492645263672,20.29926452636721
2014-02-09,22.999693294401865,72.60115569230976,292.3209864298503,19.170986429850302
2014-02-10,22.999693294401865,72.60115569230976,292.2749621073405,19.124962107340536
2014-02-11,22.999693294401865,72.60115569230976,292.38340441385907,19.23340441385909
2014-02-12,22.999693294401865,72.60115569230976,293.46916516621906,20.31916516621908
2014-02-13,22.999693294401865,72.60115569230976,294.28044509887695,21.130445098876976
2014-02-14,22.999693294401865,72.60115569230976,293.10522778828937,19.955227788289392
2014-02-15,22.999693294401865,72.60115569230976,292.75641377766925,19.606413777669275
2014-02-16,22.999693294401865,72.60115569230976,292.7507489522298,19.60074895222982
2014-02-17,22.999693294401865,72.60115569230976,292.9296309153239,19.779630915323935
2014-02-18,22.999693294401865,72.60115569230976,293.35927899678546,20.209278996785486
2014-02-19,22.999693294401865,72.60115569230976,294.30239486694336,21.152394866943382
2014-02-20,22.999693294401865,72.60115569230976,296.0996348063151,22.949634806315146
2014-02-21,22.999693294401865,72.60115569230976,295.86840375264484,22.71840375264486
2014-02-22,22.999693294401865,72.60115569230976,295.37955411275226,22.229554112752282
2014-02-23,22.999693294401865,72.60115569230976,295.82657559712726,22.676575597127282
2014-02-24,22.999693294401865,72.60115569230976,296.71509679158527,23.56509679158529
2014-02-25,22.999693294401865,72.60115569230976,297.6475416819255,24.497541681925497
2014-02-26,22.999693294401865,72.60115569230976,296.2369270324707,23.086927032470726
2014-02-27,22.999693294401865,72.60115569230976,296.15535100301105,23.00535100301107
2014-02-28,22.999693294401865,72.60115569230976,294.64049847920734,21.49049847920736
2014-03-01,22.999693294401865,72.60115569230976,293.69104448954266,20.541044489542685
2014-03-02,22.999693294401865,72.60115569230976,294.6032905578613,21.45329055786135
2014-03-03,22.999693294401865,72.60115569230976,294.76061312357587,21.610613123575888
2014-03-04,22.999693294401865,72.60115569230976,295.8651313781738,22.71513137817385
2014-03-05,22.999693294401865,72.60115569230976,296.8153476715088,23.665347671508812
2014-03-06,22.999693294401865,72.60115569230976,297.6590747833252,24.509074783325218
2014-03-07,22.999693294401865,72.60115569230976,298.1219304402669,24.97193044026693
2014-03-08,22.999693294401865,72.60115569230976,298.96573638916016,25.81573638916018
2014-03-09,22.999693294401865,72.60115569230976,299.12424596150714,25.974245961507165
2014-03-10,22.999693294401865,72.60115569230976,299.3448066711426,26.1948066711426
2014-03-11,22.999693294401865,72.60115569230976,299.04988797505695,25.89988797505697
2014-03-12,22.999693294401865,72.60115569230976,298.30774180094403,25.157741800944052
2014-03-13,22.999693294401865,72.60115569230976,299.27120272318524,26.121202723185263
2014-03-14,22.999693294401865,72.60115569230976,300.81599553426105,27.66599553426107
2014-03-15,22.999693294401865,72.60115569230976,301.84632619222003,28.696326192220056
2014-03-16,22.999693294401865,72.60115569230976,301.6370480855306,28.487048085530603
2014-03-17,22.999693294401865,72.60115569230976,301.0093339284261,27.85933392842611
2014-03-18,22.999693294401865,72.60115569230976,298.1347516377767,24.984751637776696
2014-03-19,22.999693294401865,72.60115569230976,299.1938813527425,26.043881352742517
2014-03-20,22.999693294401865,72.60115569230976,299.2275727589925,26.077572758992517
2014-03-21,22.999693294401865,72.60115569230976,297.35080273946124,24.200802739461267
2014-03-22,22.999693294401865,72.60115569230976,298.8889872233073,25.738987223307333
2014-03-23,22.999693294401865,72.60115569230976,301.0668195088704,27.916819508870446
2014-03-24,22.999693294401865,72.60115569230976,301.5688412984212,28.418841298421228
2014-03-25,22.999693294401865,72.60115569230976,300.87800788879395,27.728007888793968
2014-03-26,22.999693294401865,72.60115569230976,301.4647674560547,28.31476745605471
2014-03-27,22.999693294401865,72.60115569230976,301.9998416900635,28.8498416900635
2014-03-28,22.999693294401865,72.60115569230976,302.2207368214925,29.070736821492517
2014-03-29,22.999693294401865,72.60115569230976,301.5318972269694,28.381897226969443
2014-03-30,22.999693294401865,72.60115569230976,302.0082664489746,28.858266448974632
2014-03-31,22.999693294401865,72.60115569230976,302.2918275197347,29.141827519734704
2014-04-01,22.999693294401865,72.60115569230976,301.923796971639,28.773796971639
2014-04-02,22.999693294401865,72.60115569230976,301.7910353342692,28.641035334269247
2014-04-03,22.999693294401865,72.60115569230976,302.2492211659749,29.09922116597494
2014-04-04,22.999693294401865,72.60115569230976,303.2143154144287,30.064315414428734
2014-04-05,22.999693294401865,72.60115569230976,303.6961669921875,30.546166992187523
2014-04-06,22.999693294401865,72.60115569230976,302.9713954925537,29.821395492553734
2014-04-07,22.999693294401865,72.60115569230976,302.8884105682373,29.738410568237327
2014-04-08,22.999693294401865,72.60115569230976,302.6418259938558,29.491825993855798
2014-04-09,22.999693294401865,72.60115569230976,301.74389266967773,28.593892669677757
2014-04-10,22.999693294401865,72.60115569230976,301.55331166585285,28.40331166585287
2014-04-11,22.999693294401865,72.60115569230976,302.26545333862305,29.11545333862307
2014-04-12,22.999693294401865,72.60115569230976,302.5344772338867,29.38447723388674
2014-04-13,22.999693294401865,72.60115569230976,302.6013189951579,29.45131899515792
2014-04-14,22.999693294401865,72.60115569230976,302.8347574869792,29.68475748697921
2014-04-15,22.999693294401865,72.60115569230976,303.90514882405597,30.755148824055993
2014-04-16,22.999693294401865,72.60115569230976,304.9696731567383,31.819673156738304
2014-04-17,22.999693294401865,72.60115569230976,303.9013023376465,30.751302337646507
2014-04-18,22.999693294401865,72.60115569230976,303.1416467030843,29.991646703084314
2014-04-19,22.999693294401865,72.60115569230976,303.28096707661945,30.13096707661947
2014-04-20,22.999693294401865,72.60115569230976,304.1253471374512,30.975347137451195
2014-04-21,22.999693294401865,72.60115569230976,304.88076909383136,31.730769093831384
2014-04-22,22.999693294401865,72.60115569230976,304.9653142293294,31.81531422932943
2014-04-23,22.999693294401865,72.60115569230976,304.857707341512,31.707707341512048
2014-04-24,22.999693294401865,72.60115569230976,304.96871821085614,31.81871821085616
2014-04-25,22.999693294401865,72.60115569230976,305.2932949066162,32.143294906616234
2014-04-26,22.999693294401865,72.60115569230976,305.42322158813477,32.27322158813479
2014-04-27,22.999693294401865,72.60115569230976,306.65998967488605,33.50998967488607
2014-04-28,22.999693294401865,72.60115569230976,307.2282085418701,34.07820854187014
2014-04-29,22.999693294401865,72.60115569230976,307.115727742513,33.965727742513025
2014-04-30,22.999693294401865,72.60115569230976,306.2622063954671,33.112206395467126
2014-05-01,22.999693294401865,72.60115569230976,305.83608118693036,32.68608118693038
2014-05-02,22.999693294401865,72.60115569230976,304.8406391143799,31.690639114379906
2014-05-03,22.999693294401865,72.60115569230976,304.70295842488605,31.55295842488607
2014-05-04,22.999693294401865,72.60115569230976,304.47135162353516,31.32135162353518
2014-05-05,22.999693294401865,72.60115569230976,305.70665041605633,32.55665041605636
2014-05-06,22.999693294401865,72.60115569230976,306.84139188130695,33.69139188130697
2014-05-07,22.999693294401865,72.60115569230976,307.27542241414386,34.125422414143884
2014-05-08,22.999693294401865,72.60115569230976,307.48617299397785,34.33617299397787
2014-05-09,22.999693294401865,72.60115569230976,306.04515647888184,32.89515647888186
2014-05-10,22.999693294401865,72.60115569230976,304.149746576945,30.99974657694503
2014-05-11,22.999693294401865,72.60115569230976,304.47886085510254,31.328860855102562
2014-05-12,22.999693294401865,72.60115569230976,304.1292527516683,30.979252751668298
2014-05-13,22.999693294401865,72.60115569230976,304.20689964294434,31.05689964294436
2014-05-14,22.999693294401865,72.60115569230976,304.3214975992839,31.171497599283896
2014-05-15,22.999693294401865,72.60115569230976,304.6699848175049,31.519984817504906
2014-05-16,22.999693294401865,72.60115569230976,305.06072425842285,31.910724258422874
2014-05-17,22.999693294401865,72.60115569230976,305.7100715637207,32.560071563720726
2014-05-18,22.999693294401865,72.60115569230976,306.1791133880615,33.029113388061546
2014-05-19,22.999693294401865,72.60115569230976,306.4971987406413,33.34719874064132
2014-05-20,22.999693294401865,72.60115569230976,306.1621894836426,33.0121894836426
2014-05-21,22.999693294401865,72.60115569230976,306.3869915008545,33.236991500854515
2014-05-22,22.999693294401865,72.60115569230976,306.60723304748535,33.457233047485374
2014-05-23,22.999693294401865,72.60115569230976,306.05193010965985,32.90193010965987
2014-05-24,22.999693294401865,72.60115569230976,306.38754717508954,33.23754717508956
2014-05-25,22.999693294401865,72.60115569230976,307.3955643971761,34.24556439717611
2014-05-26,22.999693294401865,72.60115569230976,307.92480723063153,34.77480723063155
2014-05-27,22.999693294401865,72.60115569230976,308.01340166727704,34.86340166727706
2014-05-28,22.999693294401865,72.60115569230976,308.06039492289227,34.910394922892294
2014-05-29,22.999693294401865,72.60115569230976,307.3672053019206,34.217205301920615
2014-05-30,22.999693294401865,72.60115569230976,306.2890822092692,33.13908220926925
2014-05-31,22.999693294401865,72.60115569230976,306.1691474914551,33.0191474914551
2014-06-01,22.999693294401865,72.60115569230976,306.3927803039551,33.2427803039551
2014-06-02,22.999693294401865,72.60115569230976,308.2902634938558,35.1402634938558
2014-06-03,22.999693294401865,72.60115569230976,309.012975692749,35.862975692749046
2014-06-04,22.999693294401865,72.60115569230976,308.2945416768392,35.1445416768392
2014-06-05,22.999693294401865,72.60115569230976,307.6798013051351,34.529801305135095
2014-06-06,22.999693294401865,72.60115569230976,307.7592290242513,34.609229024251306
2014-06-07,22.999693294401865,72.60115569230976,306.91652234395343,33.766522343953454
2014-06-08,22.999693294401865,72.60115569230976,306.66805903116864,33.51805903116866
2014-06-09,22.999693294401865,72.60115569230976,306.4716987609863,33.32169876098635
2014-06-10,22.999693294401865,72.60115569230976,306.9516124725342,33.8016124725342
2014-06-11,22.999693294401865,72.60115569230976,305.7442569732666,32.594256973266624
2014-06-12,22.999693294401865,72.60115569230976,305.40195719401044,32.25195719401046
2014-06-13,22.999693294401865,72.60115569230976,305.7757161458333,32.62571614583334
2014-06-14,22.999693294401865,72.60115569230976,305.57844098409015,32.42844098409017
2014-06-15,22.999693294401865,72.60115569230976,304.4292240142822,31.27922401428225
2014-06-16,22.999693294401865,72.60115569230976,304.3379554748535,31.18795547485354
2014-06-17,22.999693294401865,72.60115569230976,304.4044551849365,31.254455184936546
2014-06-18,22.999693294401865,72.60115569230976,304.66077677408856,31.510776774088583
2014-06-19,22.999693294401865,72.60115569230976,305.5050843556722,32.355084355672204
2014-06-20,22.999693294401865,72.60115569230976,305.76616223653156,32.61616223653158
2014-06-21,22.999693294401865,72.60115569230976,306.00586128234863,32.855861282348656
2014-06-22,22.999693294401865,72.60115569230976,306.3489646911621,33.19896469116213
2014-06-23,22.999693294401865,72.60115569230976,306.74716504414874,33.59716504414877
2014-06-24,22.999693294401865,72.60115569230976,306.5770320892334,33.42703208923342
2014-06-25,22.999693294401865,72.60115569230976,306.1461696624756,32.99616966247561
2014-06-26,22.999693294401865,72.60115569230976,305.5660572052002,32.41605720520022
2014-06-27,22.999693294401865,72.60115569230976,305.8057670593262,32.655767059326195
2014-06-28,22.999693294401865,72.60115569230976,305.7795759836833,32.62957598368331
2014-06-29,22.999693294401865,72.60115569230976,305.7307020823161,32.58070208231612
2014-06-30,22.999693294401865,72.60115569230976,305.73902066548663,32.58902066548666
2014-07-01,22.999693294401865,72.60115569230976,305.26017634073895,32.110176340738974
2014-07-02,22.999693294401865,72.60115569230976,305.70908482869464,32.559084828694665
2014-07-03,22.999693294401865,72.60115569230976,305.41627502441406,32.266275024414085
2014-07-04,22.999693294401865,72.60115569230976,305.8420575459798,32.69205754597982
2014-07-05,22.999693294401865,72.60115569230976,305.8937447865804,32.74374478658041
2014-07-06,22.999693294401865,72.60115569230976,306.37212498982746,33.22212498982748
2014-07-07,22.999693294401865,72.60115569230976,306.6872641245524,33.53726412455245
2014-07-08,22.999693294401865,72.60115569230976,306.1441535949707,32.994153594970726
2014-07-09,22.999693294401865,72.60115569230976,305.07584953308105,31.925849533081077
2014-07-10,22.999693294401865,72.60115569230976,304.61149978637695,31.461499786376976
2014-07-11,22.999693294401865,72.60115569230976,304.37120310465497,31.22120310465499
2014-07-12,22.999693294401865,72.60115569230976,303.8020362854004,30.652036285400413
2014-07-13,22.999693294401865,72.60115569230976,304.2406978607178,31.090697860717796
2014-07-14,22.999693294401865,72.60115569230976,302.77995045979816,29.62995045979818
2014-07-15,22.999693294401865,72.60115569230976,302.4683920542399,29.31839205423995
2014-07-16,22.999693294401865,72.60115569230976,300.84965833028156,27.69965833028158
2014-07-17,22.999693294401865,72.60115569230976,301.5798803965251,28.429880396525107
2014-07-18,22.999693294401865,72.60115569230976,299.9634145100911,26.81341451009115
2014-07-19,22.999693294401865,72.60115569230976,301.2254047393799,28.075404739379906
2014-07-20,22.999693294401865,72.60115569230976,302.2628657023112,29.11286570231124
2014-07-21,22.999693294401865,72.60115569230976,302.1916268666585,29.041626866658532
2014-07-22,22.999693294401865,72.60115569230976,302.17432594299316,29.024325942993187
2014-07-23,22.999693294401865,72.60115569230976,299.4974060058594,26.347406005859398
2014-07-24,22.999693294401865,72.60115569230976,298.54384167989093,25.393841679890954
2014-07-25,22.999693294401865,72.60115569230976,299.464558283488,26.314558283487997
2014-07-26,22.999693294401865,72.60115569230976,300.6732660929362,27.52326609293624
2014-07-27,22.999693294401865,72.60115569230976,301.2597421010335,28.109742101033532
2014-07-28,22.999693294401865,72.60115569230976,300.86661465962726,27.716614659627282
2014-07-29,22.999693294401865,72.60115569230976,299.5826530456543,26.43265304565432
2014-07-30,22.999693294401865,72.60115569230976,299.74831136067706,26.598311360677087
2014-07-31,22.999693294401865,72.60115569230976,300.06101353963214,26.911013539632165
2014-08-01,22.999693294401865,72.60115569230976,300.9424311319987,27.79243113199874
2014-08-02,22.999693294401865,72.60115569230976,300.7954406738281,27.645440673828148
2014-08-03,22.999693294401865,72.60115569230976,300.32081413269043,27.170814132690452
2014-08-04,22.999693294401865,72.60115569230976,300.94188499450684,27.79188499450686
2014-08-05,22.999693294401865,72.60115569230976,300.03301938374835,26.883019383748376
2014-08-06,22.999693294401865,72.60115569230976,299.10140164693195,25.95140164693197
2014-08-07,22.999693294401865,72.60115569230976,299.51428349812824,26.36428349812826
2014-08-08,22.999693294401865,72.60115569230976,299.70401763916016,26.55401763916018
2014-08-09,22.999693294401865,72.60115569230976,299.94491640726727,26.794916407267294
2014-08-10,22.999693294401865,72.60115569230976,300.7907822926839,27.640782292683923
2014-08-11,22.999693294401865,72.60115569230976,301.1775436401367,28.02754364013674
2014-08-12,22.999693294401865,72.60115569230976,300.8319320678711,27.681932067871116
2014-08-13,22.999693294401865,72.60115569230976,300.9231128692627,27.773112869262718
2014-08-14,22.999693294401865,72.60115569230976,300.646816889445,27.49681688944503
2014-08-15,22.999693294401865,72.60115569230976,300.598570505778,27.448570505778036
2014-08-16,22.999693294401865,72.60115569230976,301.03820927937824,27.88820927937826
2014-08-17,22.999693294401865,72.60115569230976,301.0230649312337,27.873064931233728
2014-08-18,22.999693294401865,72.60115569230976,300.8916263580322,27.74162635803225
2014-08-19,22.999693294401865,72.60115569230976,301.6385383605957,28.488538360595726
2014-08-20,22.999693294401865,72.60115569230976,301.94765345255536,28.79765345255538
2014-08-21,22.999693294401865,72.60115569230976,301.80236689249676,28.652366892496786
2014-08-22,22.999693294401865,72.60115569230976,302.00135739644367,28.85135739644369
2014-08-23,22.999693294401865,72.60115569230976,301.56904284159344,28.419042841593466
2014-08-24,22.999693294401865,72.60115569230976,300.56875228881836,27.418752288818382
2014-08-25,22.999693294401865,72.60115569230976,301.3816452026367,28.23164520263674
2014-08-26,22.999693294401865,72.60115569230976,301.10618527730304,27.956185277303064
2014-08-27,22.999693294401865,72.60115569230976,301.2002353668213,28.050235366821312
2014-08-28,22.999693294401865,72.60115569230976,301.61412556966144,28.464125569661462
2014-08-29,22.999693294401865,72.60115569230976,302.29273160298663,29.142731602986657
2014-08-30,22.999693294401865,72.60115569230976,301.03695996602374,27.886959966023767
2014-08-31,22.999693294401865,72.60115569230976,300.5075149536133,27.357514953613304
2014-09-01,22.999693294401865,72.60115569230976,300.3460229237874,27.19602292378744
2014-09-02,22.999693294401865,72.60115569230976,300.1771291097005,27.027129109700525
2014-09-03,22.999693294401865,72.60115569230976,299.69889068603516,26.54889068603518
2014-09-04,22.999693294401865,72.60115569230976,299.316370010376,26.166370010376
2014-09-05,22.999693294401865,72.60115569230976,300.91847292582196,27.768472925821982
2014-09-06,22.999693294401865,72.60115569230976,300.5642509460449,27.414250946044945
2014-09-07,22.999693294401865,72.60115569230976,300.64906247456867,27.49906247456869
2014-09-08,22.999693294401865,72.60115569230976,299.3397464752197,26.18974647521975
2014-09-09,22.999693294401865,72.60115569230976,297.9771919250488,24.82719192504885
2014-09-10,22.999693294401865,72.60115569230976,297.6009941101074,24.450994110107445
2014-09-11,22.999693294401865,72.60115569230976,298.1617711385091,25.01177113850912
2014-09-12,22.999693294401865,72.60115569230976,300.23256556193036,27.08256556193038
2014-09-13,22.999693294401865,72.60115569230976,300.56188646952313,27.411886469523154
2014-09-14,22.999693294401865,72.60115569230976,300.28500811258954,27.13500811258956
2014-09-15,22.999693294401865,72.60115569230976,300.42764981587726,27.277649815877282
2014-09-16,22.999693294401865,72.60115569230976,300.56382815043133,27.413828150431357
2014-09-17,22.999693294401865,72.60115569230976,300.13154284159344,26.981542841593466
2014-09-18,22.999693294401865,72.60115569230976,300.4828732808431,27.332873280843103
2014-09-19,22.999693294401865,72.60115569230976,300.03852971394855,26.88852971394857
2014-09-20,22.999693294401865,72.60115569230976,299.67029126485187,26.520291264851892
2014-09-21,22.999693294401865,72.60115569230976,299.76469739278156,26.61469739278158
2014-09-22,22.999693294401865,72.60115569230976,300.07055473327637,26.92055473327639
2014-09-23,22.999693294401865,72.60115569230976,300.0179564158122,26.867956415812216
2014-09-24,22.999693294401865,72.60115569230976,300.08604939778644,26.936049397786462
2014-09-25,22.999693294401865,72.60115569230976,300.49371401468915,27.34371401468917
2014-09-26,22.999693294401865,72.60115569230976,300.6955795288086,27.545579528808616
2014-09-27,22.999693294401865,72.60115569230976,301.04275449117023,27.89275449117025
2014-09-28,22.999693294401865,72.60115569230976,301.17474428812665,28.02474428812667
2014-09-29,22.999693294401865,72.60115569230976,301.730717976888,28.580717976888025
2014-09-30,22.999693294401865,72.60115569230976,301.9276663462321,28.777666346232138
2014-10-01,22.999693294401865,72.60115569230976,302.1403350830078,28.990335083007835
2014-10-02,22.999693294401865,72.60115569230976,301.9644527435303,28.814452743530296
2014-10-03,22.999693294401865,72.60115569230976,302.8238347371419,29.67383473714193
2014-10-04,22.999693294401865,72.60115569230976,302.33985900878906,29.189859008789085
2014-10-05,22.999693294401865,72.60115569230976,301.5129330952962,28.362933095296228
2014-10-06,22.999693294401865,72.60115569230976,301.684295018514,28.534295018514
2014-10-07,22.999693294401865,72.60115569230976,301.9903914133708,28.84039141337081
2014-10-08,22.999693294401865,72.60115569230976,302.25126393636066,29.10126393636068
2014-10-09,22.999693294401865,72.60115569230976,302.0228220621745,28.87282206217452
2014-10-10,22.999693294401865,72.60115569230976,302.07443300882977,28.924433008829794
2014-10-11,22.999693294401865,72.60115569230976,302.7797451019287,29.629745101928734
2014-10-12,22.999693294401865,72.60115569230976,301.7613461812337,28.611346181233728
2014-10-13,22.999693294401865,72.60115569230976,300.96354420979816,27.81354420979818
2014-10-14,22.999693294401865,72.60115569230976,300.235356648763,27.085356648763025
2014-10-15,22.999693294401865,72.60115569230976,301.03117688496906,27.88117688496908
2014-10-16,22.999693294401865,72.60115569230976,300.6359354654948,27.485935465494833
2014-10-17,22.999693294401865,72.60115569230976,299.9676933288574,26.817693328857445
2014-10-18,22.999693294401865,72.60115569230976,299.90476099650067,26.754760996500693
2014-10-19,22.999693294401865,72.60115569230976,300.6218204498291,27.471820449829124
2014-10-20,22.999693294401865,72.60115569230976,301.2957572937012,28.145757293701195
2014-10-21,22.999693294401865,72.60115569230976,301.5955244700114,28.445524470011435
2014-10-22,22.999693294401865,72.60115569230976,301.2881965637207,28.138196563720726
2014-10-23,22.999693294401865,72.60115569230976,301.4200127919515,28.2700127919515
2014-10-24,22.999693294401865,72.60115569230976,300.9504845937093,27.800484593709314
2014-10-25,22.999693294401865,72.60115569230976,300.4950542449951,27.34505424499514
2014-10-26,22.999693294401865,72.60115569230976,299.8943678538005,26.744367853800497
2014-10-27,22.999693294401865,72.60115569230976,300.22097460428876,27.07097460428878
2014-10-28,22.999693294401865,72.60115569230976,299.8607425689697,26.71074256896975
2014-10-29,22.999693294401865,72.60115569230976,300.68620045979816,27.53620045979818
2014-10-30,22.999693294401865,72.60115569230976,301.49738184611004,28.347381846110068
2014-10-31,22.999693294401865,72.60115569230976,301.45349502563477,28.30349502563479
2014-11-01,22.999693294401865,72.60115569230976,301.4323310852051,28.2823310852051
2014-11-02,22.999693294401865,72.60115569230976,301.21477063496906,28.06477063496908
2014-11-03,22.999693294401865,72.60115569230976,300.45516141255695,27.30516141255697
2014-11-04,22.999693294401865,72.60115569230976,300.00294431050617,26.85294431050619
2014-11-05,22.999693294401865,72.60115569230976,299.60888989766437,26.458889897664392
2014-11-06,22.999693294401865,72.60115569230976,299.5797545115153,26.42975451151534
2014-11-07,22.999693294401865,72.60115569230976,298.4723421732585,25.322342173258505
2014-11-08,22.999693294401865,72.60115569230976,299.57544644673663,26.425446446736657
2014-11-09,22.999693294401865,72.60115569230976,300.36376953125,27.213769531250023
2014-11-10,22.999693294401865,72.60115569230976,300.58165168762207,27.431651687622093
2014-11-11,22.999693294401865,72.60115569230976,300.7580451965332,27.608045196533226
2014-11-12,22.999693294401865,72.60115569230976,301.32833607991535,28.17833607991537
2014-11-13,22.999693294401865,72.60115569230976,301.85743522644043,28.707435226440452
2014-11-14,22.999693294401865,72.60115569230976,301.8624979654948,28.712497965494833
2014-11-15,22.999693294401865,72.60115569230976,300.26196479797363,27.111964797973656
2014-11-16,22.999693294401865,72.60115569230976,299.8835900624593,26.733590062459314
2014-11-17,22.999693294401865,72.60115569230976,300.69608243306476,27.546082433064782
2014-11-18,22.999693294401865,72.60115569230976,300.3139298756917,27.163929875691736
2014-11-19,22.999693294401865,72.60115569230976,299.85207811991376,26.70207811991378
2014-11-20,22.999693294401865,72.60115569230976,299.05062611897785,25.90062611897787
2014-11-21,22.999693294401865,72.60115569230976,297.7357482910156,24.585748291015648
2014-11-22,22.999693294401865,72.60115569230976,297.6655216217041,24.515521621704124
2014-11-23,22.999693294401865,72.60115569230976,297.19690640767413,24.046906407674157
2014-11-24,22.999693294401865,72.60115569230976,297.66815249125165,24.51815249125167
2014-11-25,22.999693294401865,72.60115569230976,297.837682723999,24.687682723999046
2014-11-26,22.999693294401865,72.60115569230976,297.1048291524251,23.954829152425134
2014-11-27,22.999693294401865,72.60115569230976,296.9234612782796,23.773461278279626
2014-11-28,22.999693294401865,72.60115569230976,296.8109181722005,23.660918172200525
2014-11-29,22.999693294401865,72.60115569230976,296.91161727905273,23.761617279052757
2014-11-30,22.999693294401865,72.60115569230976,297.4350217183431,24.285021718343103
2014-12-01,22.999693294401865,72.60115569230976,297.60975138346356,24.459751383463583
2014-12-02,22.999693294401865,72.60115569230976,297.75318972269696,24.603189722696982
2014-12-03,22.999693294401865,72.60115569230976,297.24769337972003,24.097693379720056
2014-12-04,22.999693294401865,72.60115569230976,296.91728019714355,23.767280197143577
2014-12-05,22.999693294401865,72.60115569230976,297.0068753560384,23.856875356038415
2014-12-06,22.999693294401865,72.60115569230976,296.7838478088379,23.633847808837913
2014-12-07,22.999693294401865,72.60115569230976,296.0861733754476,22.936173375447595
2014-12-08,22.999693294401865,72.60115569230976,295.6042702992757,22.45427029927572
2014-12-09,22.999693294401865,72.60115569230976,295.61894035339355,22.468940353393577
2014-12-10,22.999693294401865,72.60115569230976,295.64358774820965,22.493587748209677
2014-12-11,22.999693294401865,72.60115569230976,296.6623598734538,23.512359873453818
2014-12-12,22.999693294401865,72.60115569230976,295.94109471638996,22.791094716389978
2014-12-13,22.999693294401865,72.60115569230976,292.968204498291,19.81820449829104
2014-12-14,22.999693294401865,72.60115569230976,291.5659821828206,18.415982182820642
2014-12-15,22.999693294401865,72.60115569230976,291.1094341278076,17.95943412780764
2014-12-16,22.999693294401865,72.60115569230976,291.98855717976886,18.838557179768884
2014-12-17,22.999693294401865,72.60115569230976,291.35508664449054,18.205086644490564
2014-12-18,22.999693294401865,72.60115569230976,291.9828408559163,18.832840855916345
2014-12-19,22.999693294401865,72.60115569230976,292.4976240793864,19.347624079386435
2014-12-20,22.999693294401865,72.60115569230976,291.80029614766437,18.650296147664392
2014-12-21,22.999693294401865,72.60115569230976,291.9925314585368,18.842531458536826
2014-12-22,22.999693294401865,72.60115569230976,292.4629433949788,19.312943394978845
2014-12-23,22.999693294401865,72.60115569230976,292.17889976501465,19.02889976501467
2014-12-24,22.999693294401865,72.60115569230976,292.9882074991862,19.83820749918624
2014-12-25,22.999693294401865,72.60115569230976,293.9515431722005,20.801543172200525
2014-12-26,22.999693294401865,72.60115569230976,292.8199043273926,19.6699043273926
2014-12-27,22.999693294401865,72.60115569230976,291.7651844024658,18.615184402465843
2014-12-28,22.999693294401865,72.60115569230976,291.3834177652995,18.23341776529952
2014-12-29,22.999693294401865,72.60115569230976,291.3434664408366,18.19346644083663
2014-12-30,22.999693294401865,72.60115569230976,291.53293863932294,18.38293863932296
2014-12-31,22.999693294401865,72.60115569230976,293.0727055867513,19.922705586751306
2015-01-01,22.999693294401865,72.60115569230976,293.69126828511554,20.541268285115564
2015-01-02,22.999693294401865,72.60115569230976,293.0730667114258,19.923066711425804
2015-01-03,22.999693294401865,72.60115569230976,292.74053446451825,19.59053446451827
2015-01-04,22.999693294401865,72.60115569230976,293.1583944956462,20.0083944956462
2015-01-05,22.999693294401865,72.60115569230976,291.7036552429199,18.553655242919945
2015-01-06,22.999693294401865,72.60115569230976,291.9430154164632,18.79301541646322
2015-01-07,22.999693294401865,72.60115569230976,292.10622787475586,18.956227874755882
2015-01-08,22.999693294401865,72.60115569230976,293.05151748657227,19.90151748657229
2015-01-09,22.999693294401865,72.60115569230976,293.0094470977783,19.859447097778343
2015-01-10,22.999693294401865,72.60115569230976,293.0877990722656,19.937799072265648
2015-01-11,22.999693294401865,72.60115569230976,293.2398204803467,20.089820480346702
2015-01-12,22.999693294401865,72.60115569230976,293.3344332377116,20.18443323771163
2015-01-13,22.999693294401865,72.60115569230976,293.7342987060547,20.58429870605471
2015-01-14,22.999693294401865,72.60115569230976,293.21650950113934,20.066509501139365
2015-01-15,22.999693294401865,72.60115569230976,293.44471168518066,20.294711685180687
2015-01-16,22.999693294401865,72.60115569230976,293.0457235972087,19.8957235972087
2015-01-17,22.999693294401865,72.60115569230976,292.46379534403485,19.313795344034872
2015-01-18,22.999693294401865,72.60115569230976,292.03121121724445,18.88121121724447
2015-01-19,22.999693294401865,72.60115569230976,293.50039037068683,20.350390370686853
2015-01-20,22.999693294401865,72.60115569230976,294.39881896972656,21.248818969726585
2015-01-21,22.999693294401865,72.60115569230976,294.08489418029785,20.934894180297874
2015-01-22,22.999693294401865,72.60115569230976,292.8990840911865,19.749084091186546
2015-01-23,22.999693294401865,72.60115569230976,292.2860298156738,19.13602981567385
2015-01-24,22.999693294401865,72.60115569230976,293.1070950826009,19.957095082600915
2015-01-25,22.999693294401865,72.60115569230976,293.130703608195,19.98070360819503
2015-01-26,22.999693294401865,72.60115569230976,292.02957852681476,18.879578526814782
2015-01-27,22.999693294401865,72.60115569230976,291.2633984883626,18.113398488362634
2015-01-28,22.999693294401865,72.60115569230976,290.73887697855633,17.588876978556357
2015-01-29,22.999693294401865,72.60115569230976,291.3339551289876,18.183955128987634
2015-01-30,22.999693294401865,72.60115569230976,292.4474862416585,19.297486241658532
2015-01-31,22.999693294401865,72.60115569230976,292.9701519012451,19.82015190124514
2015-02-01,22.999693294401865,72.60115569230976,293.8434492746989,20.693449274698935
2015-02-02,22.999693294401865,72.60115569230976,294.45617802937824,21.30617802937826
2015-02-03,22.999693294401865,72.60115569230976,294.8894958496094,21.739495849609398
2015-02-04,22.999693294401865,72.60115569230976,295.27827135721844,22.128271357218466
2015-02-05,22.999693294401865,72.60115569230976,295.4562530517578,22.306253051757835
2015-02-06,22.999693294401865,72.60115569230976,296.07976150512695,22.929761505126976
2015-02-07,22.999693294401865,72.60115569230976,295.499797185262,22.349797185262048
2015-02-08,22.999693294401865,72.60115569230976,294.4917469024658,21.341746902465843
2015-02-09,22.999693294401865,72.60115569230976,295.15030161539715,22.000301615397177
2015-02-10,22.999693294401865,72.60115569230976,296.0459378560384,22.895937856038415
2015-02-11,22.999693294401865,72.60115569230976,295.6670799255371,22.517079925537132
2015-02-12,22.999693294401865,72.60115569230976,295.2819004058838,22.131900405883812
2015-02-13,22.999693294401865,72.60115569230976,295.4370307922363,22.28703079223635
2015-02-14,22.999693294401865,72.60115569230976,296.19566408793133,23.045664087931357
2015-02-15,22.999693294401865,72.60115569230976,296.4896659851074,23.339665985107445
2015-02-16,22.999693294401865,72.60115569230976,296.924950281779,23.774950281779013
2015-02-17,22.999693294401865,72.60115569230976,297.20180066426593,24.051800664265954
2015-02-18,22.999693294401865,72.60115569230976,297.8431822458903,24.69318224589034
2015-02-19,22.999693294401865,72.60115569230976,297.5392265319824,24.389226531982445
2015-02-20,22.999693294401865,72.60115569230976,297.69442621866864,24.54442621866866
2015-02-21,22.999693294401865,72.60115569230976,298.937598546346,25.787598546346032
2015-02-22,22.999693294401865,72.60115569230976,299.7203261057536,26.570326105753622
2015-02-23,22.999693294401865,72.60115569230976,300.0418128967285,26.89181289672854
2015-02-24,22.999693294401865,72.60115569230976,299.49046897888184,26.34046897888186
2015-02-25,22.999693294401865,72.60115569230976,296.4086265563965,23.258626556396507
2015-02-26,22.999693294401865,72.60115569230976,293.88555844624835,20.735558446248376
2015-02-27,22.999693294401865,72.60115569230976,294.4802703857422,21.33027038574221
2015-02-28,22.999693294401865,72.60115569230976,296.14765612284344,22.997656122843466
2015-03-01,22.999693294401865,72.60115569230976,291.81919797261554,18.669197972615564
2015-03-02,22.999693294401865,72.60115569230976,292.1419277191162,18.991927719116234
2015-03-03,22.999693294401865,72.60115569230976,291.9503803253174,18.800380325317406
2015-03-04,22.999693294401865,72.60115569230976,294.3502998352051,21.2002998352051
2015-03-05,22.999693294401865,72.60115569230976,294.4332396189372,21.283239618937216
2015-03-06,22.999693294401865,72.60115569230976,296.12166086832684,22.971660868326865
2015-03-07,22.999693294401865,72.60115569230976,297.39980634053546,24.249806340535486
2015-03-08,22.999693294401865,72.60115569230976,296.8275896708171,23.6775896708171
2015-03-09,22.999693294401865,72.60115569230976,296.01761054992676,22.86761054992678
2015-03-10,22.999693294401865,72.60115569230976,297.0586732228597,23.908673222859704
2015-03-11,22.999693294401865,72.60115569230976,299.0368251800537,25.886825180053734
2015-03-12,22.999693294401865,72.60115569230976,299.40212694803876,26.25212694803878
2015-03-13,22.999693294401865,72.60115569230976,298.28188769022626,25.13188769022628
2015-03-14,22.999693294401865,72.60115569230976,297.2640329996745,24.11403299967452
2015-03-15,22.999693294401865,72.60115569230976,296.57091522216797,23.42091522216799
2015-03-16,22.999693294401865,72.60115569230976,295.74590492248535,22.595904922485374
2015-03-17,22.999693294401865,72.60115569230976,297.37610626220703,24.226106262207054
2015-03-18,22.999693294401865,72.60115569230976,297.65854326883954,24.50854326883956
2015-03-19,22.999693294401865,72.60115569230976,298.5868034362793,25.43680343627932
2015-03-20,22.999693294401865,72.60115569230976,300.0355364481608,26.88553644816085
2015-03-21,22.999693294401865,72.60115569230976,301.5110912322998,28.361091232299827
2015-03-22,22.999693294401865,72.60115569230976,302.894837697347,29.74483769734701
2015-03-23,22.999693294401865,72.60115569230976,304.1786861419678,31.028686141967796
2015-03-24,22.999693294401865,72.60115569230976,304.0596446990967,30.909644699096702
2015-03-25,22.999693294401865,72.60115569230976,304.62371190388996,31.473711903889978
2015-03-26,22.999693294401865,72.60115569230976,304.86828422546387,31.71828422546389
2015-03-27,22.999693294401865,72.60115569230976,303.44216537475586,30.292165374755882
2015-03-28,22.999693294401865,72.60115569230976,304.70602480570477,31.556024805704794
2015-03-29,22.999693294401865,72.60115569230976,302.6752764383952,29.525276438395224
2015-03-30,22.999693294401865,72.60115569230976,301.73359934488934,28.583599344889365
2015-03-31,22.999693294401865,72.60115569230976,300.831049601237,27.68104960123702
2015-04-01,22.999693294401865,72.60115569230976,301.70197041829425,28.551970418294275
2015-04-02,22.999693294401865,72.60115569230976,302.4601860046387,29.310186004638695
2015-04-03,22.999693294401865,72.60115569230976,302.0985972086589,28.948597208658896
2015-04-04,22.999693294401865,72.60115569230976,301.55719502766925,28.407195027669275
2015-04-05,22.999693294401865,72.60115569230976,300.9385903676351,27.788590367635095
2015-04-06,22.999693294401865,72.60115569230976,302.3695119222005,29.219511922200525
2015-04-07,22.999693294401865,72.60115569230976,302.92016283671063,29.770162836710654
2015-04-08,22.999693294401865,72.60115569230976,304.0575606028239,30.907560602823935
2015-04-09,22.999693294401865,72.60115569230976,304.77714856465656,31.62714856465658
2015-04-10,22.999693294401865,72.60115569230976,303.52457427978516,30.37457427978518
2015-04-11,22.999693294401865,72.60115569230976,301.9334774017334,28.78347740173342
2015-04-12,22.999693294401865,72.60115569230976,300.89406712849933,27.744067128499353
2015-04-13,22.999693294401865,72.60115569230976,301.24186515808105,28.091865158081077
2015-04-14,22.999693294401865,72.60115569230976,301.93702634175617,28.78702634175619
2015-04-15,22.999693294401865,72.60115569230976,302.6323598225911,29.48235982259115
2015-04-16,22.999693294401865,72.60115569230976,304.7060292561849,31.5560292561849
2015-04-17,22.999693294401865,72.60115569230976,305.8272221883138,32.677222188313806
2015-04-18,22.999693294401865,72.60115569230976,306.35619799296063,33.206197992960654
2015-04-19,22.999693294401865,72.60115569230976,306.09590403238934,32.945904032389365
2015-04-20,22.999693294401865,72.60115569230976,306.36199378967285,33.211993789672874
2015-04-21,22.999693294401865,72.60115569230976,307.0166657765706,33.86666577657064
2015-04-22,22.999693294401865,72.60115569230976,305.9919439951579,32.84194399515792
2015-04-23,22.999693294401865,72.60115569230976,303.8779646555583,30.72796465555831
2015-04-24,22.999693294401865,72.60115569230976,304.1463979085286,30.99639790852865
2015-04-25,22.999693294401865,72.60115569230976,303.71778869628906,30.567788696289085
2015-04-26,22.999693294401865,72.60115569230976,304.7862021128337,31.6362021128337
2015-04-27,22.999693294401865,72.60115569230976,305.32768122355145,32.177681223551474
2015-04-28,22.999693294401865,72.60115569230976,305.6811879475911,32.53118794759115
2015-04-29,22.999693294401865,72.60115569230976,305.821491877238,32.671491877238
2015-04-30,22.999693294401865,72.60115569230976,305.29210472106934,32.14210472106936
2015-05-01,22.999693294401865,72.60115569230976,305.90189870198566,32.75189870198568
2015-05-02,22.999693294401865,72.60115569230976,306.4956620534261,33.34566205342611
2015-05-03,22.999693294401865,72.60115569230976,305.7327995300293,32.58279953002932
2015-05-04,22.999693294401865,72.60115569230976,306.011874516805,32.86187451680502
2015-05-05,22.999693294401865,72.60115569230976,306.4378655751546,33.287865575154626
2015-05-06,22.999693294401865,72.60115569230976,305.6668116251628,32.5168116251628
2015-05-07,22.999693294401865,72.60115569230976,306.1275183359782,32.97751833597823
2015-05-08,22.999693294401865,72.60115569230976,306.26733144124347,33.11733144124349
2015-05-09,22.999693294401865,72.60115569230976,306.1515642801921,33.0015642801921
2015-05-10,22.999693294401865,72.60115569230976,305.8832664489746,32.73326644897463
2015-05-11,22.999693294401865,72.60115569230976,306.2856960296631,33.13569602966311
2015-05-12,22.999693294401865,72.60115569230976,305.82339096069336,32.67339096069338
2015-05-13,22.999693294401865,72.60115569230976,306.62181663513184,33.47181663513186
2015-05-14,22.999693294401865,72.60115569230976,306.62724113464355,33.47724113464358
2015-05-15,22.999693294401865,72.60115569230976,307.4729169209798,34.32291692097982
2015-05-16,22.999693294401865,72.60115569230976,308.27995745340985,35.12995745340987
2015-05-17,22.999693294401865,72.60115569230976,307.8832499186198,34.73324991861983
2015-05-18,22.999693294401865,72.60115569230976,307.5250473022461,34.37504730224612
2015-05-19,22.999693294401865,72.60115569230976,306.96280670166016,33.81280670166018
2015-05-20,22.999693294401865,72.60115569230976,306.30870310465497,33.15870310465499
2015-05-21,22.999693294401865,72.60115569230976,306.88937441507977,33.739374415079794
2015-05-22,22.999693294401865,72.60115569230976,306.7721373240153,33.62213732401534
2015-05-23,22.999693294401865,72.60115569230976,307.2364908854167,34.08649088541671
2015-05-24,22.999693294401865,72.60115569230976,307.2141806284587,34.0641806284587
2015-05-25,22.999693294401865,72.60115569230976,306.76977856953937,33.61977856953939
2015-05-26,22.999693294401865,72.60115569230976,306.7320562998454,33.58205629984542
2015-05-27,22.999693294401865,72.60115569230976,306.7769495646159,33.62694956461593
2015-05-28,22.999693294401865,72.60115569230976,306.72680282592773,33.57680282592776
2015-05-29,22.999693294401865,72.60115569230976,307.61325391133624,34.46325391133627
2015-05-30,22.999693294401865,72.60115569230976,307.3778845469157,34.22788454691573
2015-05-31,22.999693294401865,72.60115569230976,306.8524449666341,33.70244496663412
2015-06-01,22.999693294401865,72.60115569230976,305.6259682973226,32.475968297322595
2015-06-02,22.999693294401865,72.60115569230976,305.13502311706543,31.985023117065452
2015-06-03,22.999693294401865,72.60115569230976,305.52954800923663,32.37954800923666
2015-06-04,22.999693294401865,72.60115569230976,307.04628054300946,33.89628054300948
2015-06-05,22.999693294401865,72.60115569230976,308.67987060546875,35.52987060546877
2015-06-06,22.999693294401865,72.60115569230976,308.8331871032715,35.68318710327151
2015-06-07,22.999693294401865,72.60115569230976,308.2601674397786,35.11016743977865
2015-06-08,22.999693294401865,72.60115569230976,305.19276173909503,32.042761739095056
2015-06-09,22.999693294401865,72.60115569230976,305.4762776692708,32.32627766927084
2015-06-10,22.999693294401865,72.60115569230976,305.55616505940753,32.406165059407556
2015-06-11,22.999693294401865,72.60115569230976,305.44025166829425,32.290251668294275
2015-06-12,22.999693294401865,72.60115569230976,304.79312388102215,31.643123881022177
2015-06-13,22.999693294401865,72.60115569230976,304.41290219624835,31.262902196248376
2015-06-14,22.999693294401865,72.60115569230976,304.76736005147296,31.617360051472986
2015-06-15,22.999693294401865,72.60115569230976,304.22801399230957,31.078013992309593
2015-06-16,22.999693294401865,72.60115569230976,303.85346666971844,30.703466669718466
2015-06-17,22.999693294401865,72.60115569230976,304.06371752421063,30.913717524210654
2015-06-18,22.999693294401865,72.60115569230976,304.53300921122235,31.383009211222372
2015-06-19,22.999693294401865,72.60115569230976,303.5842634836833,30.43426348368331
2015-06-20,22.999693294401865,72.60115569230976,304.51254908243817,31.362549082438193
2015-06-21,22.999693294401865,72.60115569230976,304.3661060333252,31.216106033325218
2015-06-22,22.999693294401865,72.60115569230976,302.85243161519367,29.70243161519369
2015-06-23,22.999693294401865,72.60115569230976,302.0540084838867,28.90400848388674
2015-06-24,22.999693294401865,72.60115569230976,300.25568262736004,27.105682627360068
2015-06-25,22.999693294401865,72.60115569230976,302.8294105529785,29.67941055297854
2015-06-26,22.999693294401865,72.60115569230976,303.1100279490153,29.96002794901534
2015-06-27,22.999693294401865,72.60115569230976,303.1882489522298,30.03824895222982
2015-06-28,22.999693294401865,72.60115569230976,303.007080078125,29.857080078125023
2015-06-29,22.999693294401865,72.60115569230976,303.11640485127765,29.966404851277673
2015-06-30,22.999693294401865,72.60115569230976,303.77334849039715,30.623348490397177
2015-07-01,22.999693294401865,72.60115569230976,304.30237070719403,31.152370707194052
2015-07-02,22.999693294401865,72.60115569230976,304.2510757446289,31.10107574462893
2015-07-03,22.999693294401865,72.60115569230976,304.47195688883465,31.321956888834677
2015-07-04,22.999693294401865,72.60115569230976,305.2530091603597,32.103009160359704
2015-07-05,22.999693294401865,72.60115569230976,305.1050510406494,31.955051040649437
2015-07-06,22.999693294401865,72.60115569230976,304.3922913869222,31.242291386922204
2015-07-07,22.999693294401865,72.60115569230976,304.75974527994794,31.60974527994796
2015-07-08,22.999693294401865,72.60115569230976,304.4008076985677,31.250807698567712
2015-07-09,22.999693294401865,72.60115569230976,304.9373861948649,31.78738619486495
2015-07-10,22.999693294401865,72.60115569230976,304.9334023793538,31.783402379353845
2015-07-11,22.999693294401865,72.60115569230976,304.49982198079425,31.349821980794275
2015-07-12,22.999693294401865,72.60115569230976,304.81822967529297,31.66822967529299
2015-07-13,22.999693294401865,72.60115569230976,304.6585343678792,31.508534367879236
2015-07-14,22.999693294401865,72.60115569230976,305.3585027058919,32.20850270589193
2015-07-15,22.999693294401865,72.60115569230976,304.8663247426351,31.716324742635095
2015-07-16,22.999693294401865,72.60115569230976,304.8553384145101,31.705338414510095
2015-07-17,22.999693294401865,72.60115569230976,305.56803131103516,32.41803131103518
2015-07-18,22.999693294401865,72.60115569230976,304.2054621378581,31.055462137858115
2015-07-19,22.999693294401865,72.60115569230976,301.58936309814453,28.439363098144554
2015-07-20,22.999693294401865,72.60115569230976,301.6882953643799,28.538295364379906
2015-07-21,22.999693294401865,72.60115569230976,301.27696482340497,28.12696482340499
2015-07-22,22.999693294401865,72.60115569230976,299.18367703755695,26.03367703755697
2015-07-23,22.999693294401865,72.60115569230976,301.3959223429362,28.24592234293624
2015-07-24,22.999693294401865,72.60115569230976,301.52236048380536,28.37236048380538
2015-07-25,22.999693294401865,72.60115569230976,299.6834354400635,26.5334354400635
2015-07-26,22.999693294401865,72.60115569230976,298.15284538269043,25.002845382690452
2015-07-27,22.999693294401865,72.60115569230976,298.18986384073895,25.039863840738974
2015-07-28,22.999693294401865,72.60115569230976,298.1010456085205,24.95104560852053
2015-07-29,22.999693294401865,72.60115569230976,299.90429941813153,26.754299418131552
2015-07-30,22.999693294401865,72.60115569230976,300.7304967244466,27.58049672444662
2015-07-31,22.999693294401865,72.60115569230976,300.8953564961751,27.745356496175134
2015-08-01,22.999693294401865,72.60115569230976,301.13306935628253,27.983069356282556
2015-08-02,22.999693294401865,72.60115569230976,300.4103768666585,27.260376866658532
2015-08-03,22.999693294401865,72.60115569230976,300.7838878631592,27.633887863159202
2015-08-04,22.999693294401865,72.60115569230976,300.860741297404,27.710741297404013
2015-08-05,22.999693294401865,72.60115569230976,300.6715151468913,27.521515146891318
2015-08-06,22.999693294401865,72.60115569230976,301.0422134399414,27.89221343994143
2015-08-07,22.999693294401865,72.60115569230976,301.4775905609131,28.32759056091311
2015-08-08,22.999693294401865,72.60115569230976,301.38342666625977,28.23342666625979
2015-08-09,22.999693294401865,72.60115569230976,301.378947575887,28.228947575887048
2015-08-10,22.999693294401865,72.60115569230976,301.51782671610516,28.367826716105185
2015-08-11,22.999693294401865,72.60115569230976,301.5526701609294,28.402670160929404
2015-08-12,22.999693294401865,72.60115569230976,300.84911791483563,27.699117914835654
2015-08-13,22.999693294401865,72.60115569230976,300.5055783589681,27.355578358968103
2015-08-14,22.999693294401865,72.60115569230976,300.59963035583496,27.449630355834984
2015-08-15,22.999693294401865,72.60115569230976,301.01979001363117,27.86979001363119
2015-08-16,22.999693294401865,72.60115569230976,301.6048240661621,28.454824066162132
2015-08-17,22.999693294401865,72.60115569230976,301.6870746612549,28.537074661254906
2015-08-18,22.999693294401865,72.60115569230976,301.3967227935791,28.246722793579124
2015-08-19,22.999693294401865,72.60115569230976,301.59115664164227,28.441156641642294
2015-08-20,22.999693294401865,72.60115569230976,300.8909206390381,27.74092063903811
2015-08-21,22.999693294401865,72.60115569230976,301.33732922871906,28.18732922871908
2015-08-22,22.999693294401865,72.60115569230976,301.1504313151042,28.00043131510421
2015-08-23,22.999693294401865,72.60115569230976,301.54420471191406,28.394204711914085
2015-08-24,22.999693294401865,72.60115569230976,301.2971420288086,28.147142028808616
2015-08-25,22.999693294401865,72.60115569230976,301.54201634724933,28.392016347249353
2015-08-26,22.999693294401865,72.60115569230976,301.36816024780273,28.218160247802757
2015-08-27,22.999693294401865,72.60115569230976,301.6955102284749,28.54551022847494
2015-08-28,22.999693294401865,72.60115569230976,301.84277089436847,28.692770894368493
2015-08-29,22.999693294401865,72.60115569230976,301.9994589487712,28.8494589487712
2015-08-30,22.999693294401865,72.60115569230976,301.82351811726886,28.673518117268884
2015-08-31,22.999693294401865,72.60115569230976,301.6363836924235,28.486383692423544
2015-09-01,22.999693294401865,72.60115569230976,301.52601941426593,28.376019414265954
2015-09-02,22.999693294401865,72.60115569230976,301.0721486409505,27.922148640950525
2015-09-03,22.999693294401865,72.60115569230976,301.0268262227376,27.876826222737634
2015-09-04,22.999693294401865,72.60115569230976,301.7821731567383,28.632173156738304
2015-09-05,22.999693294401865,72.60115569230976,301.49423027038574,28.344230270385765
2015-09-06,22.999693294401865,72.60115569230976,301.3979384104411,28.247938410441122
2015-09-07,22.999693294401865,72.60115569230976,301.437993367513,28.287993367513025
2015-09-08,22.999693294401865,72.60115569230976,302.07839902242023,28.92839902242025
2015-09-09,22.999693294401865,72.60115569230976,302.58685302734375,29.436853027343773
2015-09-10,22.999693294401865,72.60115569230976,303.089885075887,29.939885075887048
2015-09-11,22.999693294401865,72.60115569230976,304.31033515930176,31.16033515930178
2015-09-12,22.999693294401865,72.60115569230976,304.6261234283447,31.47612342834475
2015-09-13,22.999693294401865,72.60115569230976,304.4739475250244,31.323947525024437
2015-09-14,22.999693294401865,72.60115569230976,304.3778012593587,31.227801259358728
2015-09-15,22.999693294401865,72.60115569230976,303.3053563435872,30.155356343587243
2015-09-16,22.999693294401865,72.60115569230976,303.9778703053792,30.827870305379236
2015-09-17,22.999693294401865,72.60115569230976,304.7087821960449,31.558782196044945
2015-09-18,22.999693294401865,72.60115569230976,303.0144812266032,29.864481226603232
2015-09-19,22.999693294401865,72.60115569230976,301.5026384989421,28.3526384989421
2015-09-20,22.999693294401865,72.60115569230976,299.56555048624676,26.415550486246786
2015-09-21,22.999693294401865,72.60115569230976,298.8050950368245,25.655095036824548
2015-09-22,22.999693294401865,72.60115569230976,300.57975069681805,27.429750696818076
2015-09-23,22.999693294401865,72.60115569230976,300.12267939249676,26.972679392496786
2015-09-24,22.999693294401865,72.60115569230976,299.51245880126953,26.362458801269554
2015-09-25,22.999693294401865,72.60115569230976,299.30095354715985,26.150953547159872
2015-09-26,22.999693294401865,72.60115569230976,299.8997344970703,26.749734497070335
2015-09-27,22.999693294401865,72.60115569230976,300.2700621287028,27.12006212870284
2015-09-28,22.999693294401865,72.60115569230976,300.63502438863117,27.48502438863119
2015-09-29,22.999693294401865,72.60115569230976,302.6621964772542,29.512196477254236
2015-09-30,22.999693294401865,72.60115569230976,303.05317306518555,29.90317306518557
2015-10-01,22.999693294401865,72.60115569230976,302.6798547108968,29.529854710896814
2015-10-02,22.999693294401865,72.60115569230976,303.4209206899007,30.27092068990072
2015-10-03,22.999693294401865,72.60115569230976,303.3901011149089,30.240101114908896
2015-10-04,22.999693294401865,72.60115569230976,302.8367748260498,29.686774826049827
2015-10-05,22.999693294401865,72.60115569230976,303.17655754089355,30.026557540893577
2015-10-06,22.999693294401865,72.60115569230976,303.96494420369464,30.814944203694665
2015-10-07,22.999693294401865,72.60115569230976,304.23328399658203,31.083283996582054
2015-10-08,22.999693294401865,72.60115569230976,303.7651430765788,30.615143076578818
2015-10-09,22.999693294401865,72.60115569230976,303.84098625183105,30.690986251831077
2015-10-10,22.999693294401865,72.60115569230976,303.31114959716797,30.16114959716799
2015-10-11,22.999693294401865,72.60115569230976,302.74013328552246,29.590133285522484
2015-10-12,22.999693294401865,72.60115569230976,303.45673243204754,30.306732432047568
2015-10-13,22.999693294401865,72.60115569230976,304.2617893218994,31.111789321899437
2015-10-14,22.999693294401865,72.60115569230976,304.59688504536945,31.44688504536947
2015-10-15,22.999693294401865,72.60115569230976,304.3220520019531,31.172052001953148
2015-10-16,22.999693294401865,72.60115569230976,304.16550127665204,31.01550127665206
2015-10-17,22.999693294401865,72.60115569230976,304.23316129048663,31.083161290486657
2015-10-18,22.999693294401865,72.60115569230976,304.3278611501058,31.177861150105798
2015-10-19,22.999693294401865,72.60115569230976,303.9733187357585,30.823318735758505
2015-10-20,22.999693294401865,72.60115569230976,303.52557881673175,30.375578816731775
2015-10-21,22.999693294401865,72.60115569230976,303.5453987121582,30.395398712158226
2015-10-22,22.999693294401865,72.60115569230976,303.01622645060223,29.866226450602255
2015-10-23,22.999693294401865,72.60115569230976,302.27510197957355,29.12510197957357
2015-10-24,22.999693294401865,72.60115569230976,301.464454015096,28.314454015096032
2015-10-25,22.999693294401865,72.60115569230976,302.18216641743976,29.032166417439782
2015-10-26,22.999693294401865,72.60115569230976,301.8506393432617,28.70063934326174
2015-10-27,22.999693294401865,72.60115569230976,301.6054865519206,28.455486551920615
2015-10-28,22.999693294401865,72.60115569230976,300.577631632487,27.42763163248702
2015-10-29,22.999693294401865,72.60115569230976,298.5619144439697,25.41191444396975
2015-10-30,22.999693294401865,72.60115569230976,298.8886521657308,25.738652165730798
2015-10-31,22.999693294401865,72.60115569230976,298.93770535786945,25.78770535786947
2015-11-01,22.999693294401865,72.60115569230976,300.18984667460126,27.03984667460128
2015-11-02,22.999693294401865,72.60115569230976,301.62462997436523,28.474629974365257
2015-11-03,22.999693294401865,72.60115569230976,301.92811520894367,28.77811520894369
2015-11-04,22.999693294401865,72.60115569230976,301.6043294270833,28.454329427083337
2015-11-05,22.999693294401865,72.60115569230976,300.9938710530599,27.8438710530599
2015-11-06,22.999693294401865,72.60115569230976,300.67795244852704,27.52795244852706
2015-11-07,22.999693294401865,72.60115569230976,300.35863304138184,27.20863304138186
2015-11-08,22.999693294401865,72.60115569230976,299.9164810180664,26.76648101806643
2015-11-09,22.999693294401865,72.60115569230976,299.92445945739746,26.774459457397484
2015-11-10,22.999693294401865,72.60115569230976,300.47633425394696,27.326334253946982
2015-11-11,22.999693294401865,72.60115569230976,301.1004416147868,27.950441614786826
2015-11-12,22.999693294401865,72.60115569230976,301.3478755950928,28.197875595092796
2015-11-13,22.999693294401865,72.60115569230976,301.1370436350505,27.987043635050497
2015-11-14,22.999693294401865,72.60115569230976,300.13208134969074,26.98208134969076
2015-11-15,22.999693294401865,72.60115569230976,299.52059237162274,26.370592371622763
2015-11-16,22.999693294401865,72.60115569230976,299.47222900390625,26.322229003906273
2015-11-17,22.999693294401865,72.60115569230976,299.0375169118245,25.887516911824548
2015-11-18,22.999693294401865,72.60115569230976,299.12217648824054,25.972176488240564
2015-11-19,22.999693294401865,72.60115569230976,299.0663305918376,25.916330591837607
2015-11-20,22.999693294401865,72.60115569230976,298.76425043741864,25.61425043741866
2015-11-21,22.999693294401865,72.60115569230976,299.2780418395996,26.128041839599632
2015-11-22,22.999693294401865,72.60115569230976,300.2063986460368,27.056398646036826
2015-11-23,22.999693294401865,72.60115569230976,301.06035232543945,27.910352325439476
2015-11-24,22.999693294401865,72.60115569230976,301.7495746612549,28.599574661254906
2015-11-25,22.999693294401865,72.60115569230976,301.91368929545087,28.763689295450888
2015-11-26,22.999693294401865,72.60115569230976,300.4670658111572,27.31706581115725
2015-11-27,22.999693294401865,72.60115569230976,295.7245788574219,22.574578857421898
2015-11-28,22.999693294401865,72.60115569230976,295.20796966552734,22.057969665527366
2015-11-29,22.999693294401865,72.60115569230976,296.6895834604899,23.53958346048995
2015-11-30,22.999693294401865,72.60115569230976,298.5302448272705,25.38024482727053
2015-12-01,22.999693294401865,72.60115569230976,297.93661244710285,24.78661244710287
2015-12-02,22.999693294401865,72.60115569230976,296.5091470082601,23.359147008260095
2015-12-03,22.999693294401865,72.60115569230976,295.8583164215088,22.708316421508812
2015-12-04,22.999693294401865,72.60115569230976,295.64494768778485,22.494947687784872
2015-12-05,22.999693294401865,72.60115569230976,296.3178342183431,23.167834218343103
2015-12-06,22.999693294401865,72.60115569230976,296.8267199198405,23.676719919840536
2015-12-07,22.999693294401865,72.60115569230976,296.69349988301593,23.543499883015954
2015-12-08,22.999693294401865,72.60115569230976,296.8678722381592,23.717872238159202
2015-12-09,22.999693294401865,72.60115569230976,297.7622985839844,24.612298583984398
2015-12-10,22.999693294401865,72.60115569230976,297.0316867828369,23.881686782836937
2015-12-11,22.999693294401865,72.60115569230976,293.8139928181966,20.66399281819662
2015-12-12,22.999693294401865,72.60115569230976,292.36096318562824,19.21096318562826
2015-12-13,22.999693294401865,72.60115569230976,292.43264706929523,19.28264706929525
2015-12-14,22.999693294401865,72.60115569230976,292.4748706817627,19.324870681762718
2015-12-15,22.999693294401865,72.60115569230976,291.8044033050537,18.654403305053734
2015-12-16,22.999693294401865,72.60115569230976,292.1846097310384,19.034609731038415
2015-12-17,22.999693294401865,72.60115569230976,292.5465399424235,19.396539942423544
2015-12-18,22.999693294401865,72.60115569230976,292.4266872406006,19.27668724060061
2015-12-19,22.999693294401865,72.60115569230976,292.8731695810954,19.72316958109542
2015-12-20,22.999693294401865,72.60115569230976,292.0604902903239,18.910490290323935
2015-12-21,22.999693294401865,72.60115569230976,292.41656557718915,19.26656557718917
2015-12-22,22.999693294401865,72.60115569230976,292.2561734517415,19.10617345174154
2015-12-23,22.999693294401865,72.60115569230976,291.94812965393066,18.798129653930687
2015-12-24,22.999693294401865,72.60115569230976,291.35818608601886,18.208186086018884
2015-12-25,22.999693294401865,72.60115569230976,291.64674377441406,18.496743774414085
2015-12-26,22.999693294401865,72.60115569230976,292.3485476175944,19.198547617594443
2015-12-27,22.999693294401865,72.60115569230976,294.0440839131673,20.89408391316732
2015-12-28,22.999693294401865,72.60115569230976,295.8014621734619,22.651462173461937
2015-12-29,22.999693294401865,72.60115569230976,296.94644991556805,23.796449915568076
2015-12-30,22.999693294401865,72.60115569230976,297.508820215861,24.358820215861044
2015-12-31,22.999693294401865,72.60115569230976,296.8383261362712,23.6883261362712
2016-01-01,22.999693294401865,72.60115569230976,295.7675323486328,22.617532348632835
2016-01-02,22.999693294401865,72.60115569230976,295.6360403696696,22.486040369669638
2016-01-03,22.999693294401865,72.60115569230976,295.899507522583,22.74950752258303
2016-01-04,22.999693294401865,72.60115569230976,295.99044672648114,22.84044672648116
2016-01-05,22.999693294401865,72.60115569230976,295.75558853149414,22.605588531494163
2016-01-06,22.999693294401865,72.60115569230976,296.3220793406169,23.172079340616904
2016-01-07,22.999693294401865,72.60115569230976,296.48005358378094,23.330053583780966
2016-01-08,22.999693294401865,72.60115569230976,295.3394711812337,22.189471181233728
2016-01-09,22.999693294401865,72.60115569230976,294.06612968444824,20.916129684448265
2016-01-10,22.999693294401865,72.60115569230976,294.27487246195477,21.124872461954794
2016-01-11,22.999693294401865,72.60115569230976,295.084171295166,21.93417129516604
2016-01-12,22.999693294401865,72.60115569230976,295.03410657246906,21.88410657246908
2016-01-13,22.999693294401865,72.60115569230976,294.73638916015625,21.586389160156273
2016-01-14,22.999693294401865,72.60115569230976,294.1012376149495,20.951237614949548
2016-01-15,22.999693294401865,72.60115569230976,293.2650915781657,20.115091578165732
2016-01-16,22.999693294401865,72.60115569230976,294.2417335510254,21.091733551025413
2016-01-17,22.999693294401865,72.60115569230976,294.2908941904704,21.14089419047042
2016-01-18,22.999693294401865,72.60115569230976,293.4761562347412,20.326156234741234
2016-01-19,22.999693294401865,72.60115569230976,292.6627826690674,19.512782669067406
2016-01-20,22.999693294401865,72.60115569230976,292.19956652323407,19.04956652323409
2016-01-21,22.999693294401865,72.60115569230976,291.40089352925617,18.25089352925619
2016-01-22,22.999693294401865,72.60115569230976,291.57634989420575,18.42634989420577
2016-01-23,22.999693294401865,72.60115569230976,292.09704971313477,18.94704971313479
2016-01-24,22.999693294401865,72.60115569230976,292.3254140218099,19.1754140218099
2016-01-25,22.999693294401865,72.60115569230976,292.329652150472,19.17965215047201
2016-01-26,22.999693294401865,72.60115569230976,293.09746170043945,19.947461700439476
2016-01-27,22.999693294401865,72.60115569230976,294.3135395050049,21.163539505004906
2016-01-28,22.999693294401865,72.60115569230976,295.47275098164874,22.322750981648767
2016-01-29,22.999693294401865,72.60115569230976,296.3492825826009,23.199282582600915
2016-01-30,22.999693294401865,72.60115569230976,295.5666154225667,22.416615422566736
2016-01-31,22.999693294401865,72.60115569230976,296.1485424041748,22.998542404174827
2016-02-01,22.999693294401865,72.60115569230976,296.05908012390137,22.90908012390139
2016-02-02,22.999693294401865,72.60115569230976,294.7575155893962,21.6075155893962
2016-02-03,22.999693294401865,72.60115569230976,294.4490089416504,21.299008941650413
2016-02-04,22.999693294401865,72.60115569230976,294.1177508036296,20.9677508036296
2016-02-05,22.999693294401865,72.60115569230976,294.55590629577637,21.40590629577639
2016-02-06,22.999693294401865,72.60115569230976,294.11377652486163,20.963776524861657
2016-02-07,22.999693294401865,72.60115569230976,294.0999387105306,20.949938710530603
2016-02-08,22.999693294401865,72.60115569230976,294.49158604939777,21.34158604939779
2016-02-09,22.999693294401865,72.60115569230976,295.08730634053546,21.937306340535486
2016-02-10,22.999693294401865,72.60115569230976,294.3192602793376,21.169260279337607
2016-02-11,22.999693294401865,72.60115569230976,294.97098541259766,21.82098541259768
2016-02-12,22.999693294401865,72.60115569230976,294.06553649902344,20.91553649902346
2016-02-13,22.999693294401865,72.60115569230976,293.7371285756429,20.587128575642907
2016-02-14,22.999693294401865,72.60115569230976,293.7264823913574,20.576482391357445
2016-02-15,22.999693294401865,72.60115569230976,294.7682577768962,21.6182577768962
2016-02-16,22.999693294401865,72.60115569230976,297.9610513051351,24.811051305135095
2016-02-17,22.999693294401865,72.60115569230976,299.27020899454754,26.120208994547568
2016-02-18,22.999693294401865,72.60115569230976,299.8701451619466,26.72014516194662
2016-02-19,22.999693294401865,72.60115569230976,299.5321222941081,26.382122294108115
2016-02-20,22.999693294401865,72.60115569230976,298.9237937927246,25.773793792724632
2016-02-21,22.999693294401865,72.60115569230976,296.89851506551105,23.74851506551107
2016-02-22,22.999693294401865,72.60115569230976,296.8909231821696,23.740923182169638
2016-02-23,22.999693294401865,72.60115569230976,296.8870372772217,23.737037277221702
2016-02-24,22.999693294401865,72.60115569230976,297.4298553466797,24.27985534667971
2016-02-25,22.999693294401865,72.60115569230976,297.69780413309735,24.547804133097372
2016-02-26,22.999693294401865,72.60115569230976,298.40880648295087,25.258806482950888
2016-02-27,22.999693294401865,72.60115569230976,298.56065305074054,25.410653050740564
2016-02-28,22.999693294401865,72.60115569230976,299.440523147583,26.29052314758303
2016-02-29,22.999693294401865,72.60115569230976,300.7471555074056,27.597155507405603
2016-03-01,22.999693294401865,72.60115569230976,302.1004721323649,28.95047213236495
2016-03-02,22.999693294401865,72.60115569230976,301.74061330159503,28.590613301595056
2016-03-03,22.999693294401865,72.60115569230976,301.6114323933919,28.46143239339193
2016-03-04,22.999693294401865,72.60115569230976,301.11448351542157,27.96448351542159
2016-03-05,22.999693294401865,72.60115569230976,300.01040204366046,26.860402043660486
2016-03-06,22.999693294401865,72.60115569230976,299.38697052001953,26.236970520019554
2016-03-07,22.999693294401865,72.60115569230976,299.41599146525067,26.265991465250693
2016-03-08,22.999693294401865,72.60115569230976,299.42639541625977,26.27639541625979
2016-03-09,22.999693294401865,72.60115569230976,299.9344908396403,26.78449083964034
2016-03-10,22.999693294401865,72.60115569230976,300.85143343607587,27.701433436075888
2016-03-11,22.999693294401865,72.60115569230976,301.09445571899414,27.944455718994163
2016-03-12,22.999693294401865,72.60115569230976,299.62671152750653,26.476711527506552
2016-03-13,22.999693294401865,72.60115569230976,298.6060841878255,25.456084187825525
2016-03-14,22.999693294401865,72.60115569230976,299.2438735961914,26.09387359619143
2016-03-15,22.999693294401865,72.60115569230976,299.9586359659831,26.808635965983115
2016-03-16,22.999693294401865,72.60115569230976,301.0828450520833,27.932845052083337
2016-03-17,22.999693294401865,72.60115569230976,301.9936688741048,28.84366887410482
2016-03-18,22.999693294401865,72.60115569230976,302.11113866170246,28.961138661702478
2016-03-19,22.999693294401865,72.60115569230976,303.0929667154948,29.942966715494833
2016-03-20,22.999693294401865,72.60115569230976,302.6399866739909,29.489986673990927
2016-03-21,22.999693294401865,72.60115569230976,302.2519931793213,29.101993179321312
2016-03-22,22.999693294401865,72.60115569230976,302.2597662607829,29.10976626078292
2016-03-23,22.999693294401865,72.60115569230976,301.93726348876953,28.787263488769554
2016-03-24,22.999693294401865,72.60115569230976,302.99720191955566,29.847201919555687
2016-03-25,22.999693294401865,72.60115569230976,304.0868091583252,30.936809158325218
2016-03-26,22.999693294401865,72.60115569230976,303.76338386535645,30.613383865356468
2016-03-27,22.999693294401865,72.60115569230976,303.2242209116618,30.074220911661826
2016-03-28,22.999693294401865,72.60115569230976,302.9717451731364,29.821745173136435
2016-03-29,22.999693294401865,72.60115569230976,301.7203305562337,28.570330556233728
2016-03-30,22.999693294401865,72.60115569230976,302.50343386332196,29.353433863321982
2016-03-31,22.999693294401865,72.60115569230976,302.0369078318278,28.88690783182784
2016-04-01,22.999693294401865,72.60115569230976,302.7334779103597,29.583477910359704
2016-04-02,22.999693294401865,72.60115569230976,303.91204325358075,30.76204325358077
2016-04-03,22.999693294401865,72.60115569230976,304.3092098236084,31.15920982360842
2016-04-04,22.999693294401865,72.60115569230976,303.149128595988,29.999128595987997
2016-04-05,22.999693294401865,72.60115569230976,303.31433423360187,30.164334233601892
2016-04-06,22.999693294401865,72.60115569230976,302.9129416147868,29.762941614786826
2016-04-07,22.999693294401865,72.60115569230976,302.58489481608075,29.43489481608077
2016-04-08,22.999693294401865,72.60115569230976,302.04668553670246,28.896685536702478
2016-04-09,22.999693294401865,72.60115569230976,303.0668315887451,29.91683158874514
2016-04-10,22.999693294401865,72.60115569230976,304.71923128763837,31.569231287638388
2016-04-11,22.999693294401865,72.60115569230976,304.3788979848226,31.228897984822595
2016-04-12,22.999693294401865,72.60115569230976,304.7479076385498,31.597907638549827
2016-04-13,22.999693294401865,72.60115569230976,304.5947793324788,31.444779332478845
2016-04-14,22.999693294401865,72.60115569230976,304.88812319437665,31.73812319437667
2016-04-15,22.999693294401865,72.60115569230976,304.4433123270671,31.2933123270671
2016-04-16,22.999693294401865,72.60115569230976,304.31739171346027,31.16739171346029
2016-04-17,22.999693294401865,72.60115569230976,304.59083875020343,31.440838750203454
2016-04-18,22.999693294401865,72.60115569230976,304.28336906433105,31.133369064331077
2016-04-19,22.999693294401865,72.60115569230976,304.9160327911377,31.766032791137718
2016-04-20,22.999693294401865,72.60115569230976,305.1243476867676,31.9743476867676
2016-04-21,22.999693294401865,72.60115569230976,304.087651570638,30.937651570638025
2016-04-22,22.999693294401865,72.60115569230976,303.440087000529,30.290087000529013
2016-04-23,22.999693294401865,72.60115569230976,303.91644350687665,30.76644350687667
2016-04-24,22.999693294401865,72.60115569230976,303.36390113830566,30.213901138305687
2016-04-25,22.999693294401865,72.60115569230976,304.51596959431964,31.365969594319665
2016-04-26,22.999693294401865,72.60115569230976,303.5103136698405,30.360313669840536
2016-04-27,22.999693294401865,72.60115569230976,305.91249084472656,32.762490844726585
2016-04-28,22.999693294401865,72.60115569230976,306.4329312642415,33.28293126424154
2016-04-29,22.999693294401865,72.60115569230976,307.0271364847819,33.87713648478194
2016-04-30,22.999693294401865,72.60115569230976,306.51011085510254,33.36011085510256
2016-05-01,22.999693294401865,72.60115569230976,306.5242106119792,33.37421061197921
2016-05-02,22.999693294401865,72.60115569230976,306.40077273050946,33.25077273050948
2016-05-03,22.999693294401865,72.60115569230976,306.11976559956867,32.96976559956869
2016-05-04,22.999693294401865,72.60115569230976,305.1670773824056,32.0170773824056
2016-05-05,22.999693294401865,72.60115569230976,305.11577288309735,31.965772883097372
2016-05-06,22.999693294401865,72.60115569230976,306.19716771443683,33.04716771443685
2016-05-07,22.999693294401865,72.60115569230976,306.3019555409749,33.15195554097494
2016-05-08,22.999693294401865,72.60115569230976,306.6559422810872,33.50594228108724
2016-05-09,22.999693294401865,72.60115569230976,306.8086166381836,33.65861663818362
2016-05-10,22.999693294401865,72.60115569230976,307.6187324523926,34.4687324523926
2016-05-11,22.999693294401865,72.60115569230976,307.67772483825684,34.52772483825686
2016-05-12,22.999693294401865,72.60115569230976,307.6610171000163,34.51101710001632
2016-05-13,22.999693294401865,72.60115569230976,308.0829048156738,34.93290481567385
2016-05-14,22.999693294401865,72.60115569230976,307.8480644226074,34.698064422607445
2016-05-15,22.999693294401865,72.60115569230976,307.98293622334796,34.832936223347986
2016-05-16,22.999693294401865,72.60115569230976,308.19017283121747,35.04017283121749
2016-05-17,22.999693294401865,72.60115569230976,309.16434478759766,36.01434478759768
2016-05-18,22.999693294401865,72.60115569230976,310.0604705810547,36.91047058105471
2016-05-19,22.999693294401865,72.60115569230976,309.58373133341473,36.433731333414755
2016-05-20,22.999693294401865,72.60115569230976,307.92036565144855,34.77036565144857
2016-05-21,22.999693294401865,72.60115569230976,307.55603726704913,34.40603726704916
2016-05-22,22.999693294401865,72.60115569230976,307.3717670440674,34.221767044067406
2016-05-23,22.999693294401865,72.60115569230976,307.3967914581299,34.246791458129906
2016-05-24,22.999693294401865,72.60115569230976,307.1445992787679,33.99459927876791
2016-05-25,22.999693294401865,72.60115569230976,307.18972142537433,34.03972142537435
2016-05-26,22.999693294401865,72.60115569230976,307.2138086954753,34.0638086954753
2016-05-27,22.999693294401865,72.60115569230976,307.44397226969403,34.29397226969405
2016-05-28,22.999693294401865,72.60115569230976,306.98533821105957,33.83533821105959
2016-05-29,22.999693294401865,72.60115569230976,306.8340314229329,33.68403142293295
2016-05-30,22.999693294401865,72.60115569230976,306.79481569925946,33.64481569925948
2016-05-31,22.999693294401865,72.60115569230976,307.10231081644696,33.95231081644698
2016-06-01,22.999693294401865,72.60115569230976,306.83585421244305,33.685854212443076
2016-06-02,22.999693294401865,72.60115569230976,306.9653600056966,33.81536000569662
2016-06-03,22.999693294401865,72.60115569230976,307.65853945414227,34.508539454142294
2016-06-04,22.999693294401865,72.60115569230976,309.0432720184326,35.89327201843264
2016-06-05,22.999693294401865,72.60115569230976,309.5895067850749,36.43950678507491
2016-06-06,22.999693294401865,72.60115569230976,308.89244588216144,35.74244588216146
2016-06-07,22.999693294401865,72.60115569230976,307.8388086954753,34.6888086954753
2016-06-08,22.999693294401865,72.60115569230976,306.8342641194661,33.68426411946615
2016-06-09,22.999693294401865,72.60115569230976,307.2482732137044,34.09827321370443
2016-06-10,22.999693294401865,72.60115569230976,307.27588907877606,34.12588907877608
2016-06-11,22.999693294401865,72.60115569230976,306.90821838378906,33.758218383789085
2016-06-12,22.999693294401865,72.60115569230976,306.88316853841144,33.73316853841146
2016-06-13,22.999693294401865,72.60115569230976,306.8577175140381,33.70771751403811
2016-06-14,22.999693294401865,72.60115569230976,306.3497905731201,33.19979057312014
2016-06-15,22.999693294401865,72.60115569230976,306.6343129475911,33.48431294759115
2016-06-16,22.999693294401865,72.60115569230976,306.13599650065106,32.98599650065108
2016-06-17,22.999693294401865,72.60115569230976,306.18375396728516,33.03375396728518
2016-06-18,22.999693294401865,72.60115569230976,306.5428066253662,33.392806625366234
2016-06-19,22.999693294401865,72.60115569230976,304.2323398590088,31.082339859008812
2016-06-20,22.999693294401865,72.60115569230976,306.955374399821,33.805374399821005
2016-06-21,22.999693294401865,72.60115569230976,305.5143165588379,32.36431655883791
2016-06-22,22.999693294401865,72.60115569230976,304.88890075683594,31.73890075683596
2016-06-23,22.999693294401865,72.60115569230976,304.4918899536133,31.341889953613304
2016-06-24,22.999693294401865,72.60115569230976,304.6670385996501,31.517038599650107
2016-06-25,22.999693294401865,72.60115569230976,304.83957926432294,31.68957926432296
2016-06-26,22.999693294401865,72.60115569230976,303.9502302805583,30.80023028055831
2016-06-27,22.999693294401865,72.60115569230976,304.5764973958333,31.426497395833337
2016-06-28,22.999693294401865,72.60115569230976,304.7273515065511,31.57735150655111
2016-06-29,22.999693294401865,72.60115569230976,301.901117960612,28.75111796061202
2016-06-30,22.999693294401865,72.60115569230976,303.4613399505615,30.311339950561546
2016-07-01,22.999693294401865,72.60115569230976,303.45971488952637,30.30971488952639
2016-07-02,22.999693294401865,72.60115569230976,302.7030766805013,29.553076680501306
2016-07-03,22.999693294401865,72.60115569230976,301.7606595357259,28.610659535725915
2016-07-04,22.999693294401865,72.60115569230976,303.01202456156415,29.86202456156417
2016-07-05,22.999693294401865,72.60115569230976,303.1283098856608,29.97830988566085
2016-07-06,22.999693294401865,72.60115569230976,302.9188009897868,29.768800989786826
2016-07-07,22.999693294401865,72.60115569230976,302.8037764231364,29.653776423136435
2016-07-08,22.999693294401865,72.60115569230976,303.04738171895343,29.897381718953454
2016-07-09,22.999693294401865,72.60115569230976,302.29574648539227,29.145746485392294
2016-07-10,22.999693294401865,72.60115569230976,302.38926760355633,29.239267603556357
2016-07-11,22.999693294401865,72.60115569230976,301.5328203837077,28.382820383707724
2016-07-12,22.999693294401865,72.60115569230976,299.4050401051839,26.255040105183923
2016-07-13,22.999693294401865,72.60115569230976,300.1840006510417,27.03400065104171
2016-07-14,22.999693294401865,72.60115569230976,301.82786051432294,28.67786051432296
2016-07-15,22.999693294401865,72.60115569230976,301.77352078755695,28.62352078755697
2016-07-16,22.999693294401865,72.60115569230976,300.3809051513672,27.23090515136721
2016-07-17,22.999693294401865,72.60115569230976,300.5724131266276,27.422413126627646
2016-07-18,22.999693294401865,72.60115569230976,300.73261006673175,27.582610066731775
2016-07-19,22.999693294401865,72.60115569230976,301.21988741556805,28.069887415568076
2016-07-20,22.999693294401865,72.60115569230976,301.5842399597168,28.43423995971682
2016-07-21,22.999693294401865,72.60115569230976,301.56261889139813,28.412618891398154
2016-07-22,22.999693294401865,72.60115569230976,301.89276059468585,28.742760594685876
2016-07-23,22.999693294401865,72.60115569230976,302.0646565755208,28.914656575520837
2016-07-24,22.999693294401865,72.60115569230976,301.42053095499676,28.270530954996786
2016-07-25,22.999693294401865,72.60115569230976,301.405486424764,28.255486424764
2016-07-26,22.999693294401865,72.60115569230976,301.0748112996419,27.92481129964193
2016-07-27,22.999693294401865,72.60115569230976,299.7193177541097,26.569317754109704
2016-07-28,22.999693294401865,72.60115569230976,300.0854148864746,26.935414886474632
2016-07-29,22.999693294401865,72.60115569230976,300.07287343343097,26.922873433430993
2016-07-30,22.999693294401865,72.60115569230976,300.2639338175456,27.113933817545615
2016-07-31,22.999693294401865,72.60115569230976,300.112159093221,26.962159093221032
2016-08-01,22.999693294401865,72.60115569230976,301.34418932596844,28.194189325968466
2016-08-02,22.999693294401865,72.60115569230976,300.2682762145996,27.118276214599632
2016-08-03,22.999693294401865,72.60115569230976,300.09474182128906,26.944741821289085
2016-08-04,22.999693294401865,72.60115569230976,299.8788299560547,26.72882995605471
2016-08-05,22.999693294401865,72.60115569230976,300.26038869222003,27.110388692220056
2016-08-06,22.999693294401865,72.60115569230976,298.86707878112793,25.717078781127952
2016-08-07,22.999693294401865,72.60115569230976,298.462734858195,25.31273485819503
2016-08-08,22.999693294401865,72.60115569230976,298.56580543518066,25.415805435180687
2016-08-09,22.999693294401865,72.60115569230976,298.77047793070477,25.620477930704794
2016-08-10,22.999693294401865,72.60115569230976,299.6723918914795,26.522391891479515
2016-08-11,22.999693294401865,72.60115569230976,300.2346884409587,27.0846884409587
2016-08-12,22.999693294401865,72.60115569230976,301.13577524820965,27.985775248209677
2016-08-13,22.999693294401865,72.60115569230976,301.0796381632487,27.92963816324874
2016-08-14,22.999693294401865,72.60115569230976,301.12622833251953,27.976228332519554
2016-08-15,22.999693294401865,72.60115569230976,300.7775885264079,27.62758852640792
2016-08-16,22.999693294401865,72.60115569230976,300.82515080769855,27.67515080769857
2016-08-17,22.999693294401865,72.60115569230976,300.9685573577881,27.81855735778811
2016-08-18,22.999693294401865,72.60115569230976,300.99753443400067,27.847534434000693
2016-08-19,22.999693294401865,72.60115569230976,300.0751075744629,26.925107574462913
2016-08-20,22.999693294401865,72.60115569230976,299.64370346069336,26.493703460693382
2016-08-21,22.999693294401865,72.60115569230976,300.27198855082196,27.121988550821982
2016-08-22,22.999693294401865,72.60115569230976,300.72171211242676,27.57171211242678
2016-08-23,22.999693294401865,72.60115569230976,298.9797668457031,25.829766845703148
2016-08-24,22.999693294401865,72.60115569230976,298.03096199035645,24.880961990356468
2016-08-25,22.999693294401865,72.60115569230976,298.9036229451497,25.753622945149743
2016-08-26,22.999693294401865,72.60115569230976,299.485497156779,26.335497156779013
2016-08-27,22.999693294401865,72.60115569230976,300.55905532836914,27.409055328369163
2016-08-28,22.999693294401865,72.60115569230976,300.5539722442627,27.403972244262718
2016-08-29,22.999693294401865,72.60115569230976,300.71523412068683,27.565234120686853
2016-08-30,22.999693294401865,72.60115569230976,300.097359975179,26.94735997517904
2016-08-31,22.999693294401865,72.60115569230976,300.275686899821,27.125686899821005
2016-09-01,22.999693294401865,72.60115569230976,300.2665665944417,27.116566594441736
2016-09-02,22.999693294401865,72.60115569230976,300.3069985707601,27.156998570760095
2016-09-03,22.999693294401865,72.60115569230976,299.8389523824056,26.688952382405603
2016-09-04,22.999693294401865,72.60115569230976,299.8963368733724,26.7463368733724
2016-09-05,22.999693294401865,72.60115569230976,299.74509302775067,26.595093027750693
2016-09-06,22.999693294401865,72.60115569230976,299.87560653686523,26.725606536865257
2016-09-07,22.999693294401865,72.60115569230976,299.99480056762695,26.844800567626976
2016-09-08,22.999693294401865,72.60115569230976,300.0650946299235,26.915094629923544
2016-09-09,22.999693294401865,72.60115569230976,300.6383406321208,27.48834063212081
2016-09-10,22.999693294401865,72.60115569230976,300.59474118550617,27.44474118550619
2016-09-11,22.999693294401865,72.60115569230976,300.65599568684894,27.505995686848962
2016-09-12,22.999693294401865,72.60115569230976,300.88501358032227,27.73501358032229
2016-09-13,22.999693294401865,72.60115569230976,300.88913345336914,27.739133453369163
2016-09-14,22.999693294401865,72.60115569230976,301.95739046732587,28.807390467325888
2016-09-15,22.999693294401865,72.60115569230976,302.6717987060547,29.52179870605471
2016-09-16,22.999693294401865,72.60115569230976,302.0907834370931,28.940783437093103
2016-09-17,22.999693294401865,72.60115569230976,303.1697889963786,30.019788996378622
2016-09-18,22.999693294401865,72.60115569230976,301.17333094278973,28.023330942789755
2016-09-19,22.999693294401865,72.60115569230976,300.99995040893555,27.84995040893557
2016-09-20,22.999693294401865,72.60115569230976,301.33005714416504,28.180057144165062
2016-09-21,22.999693294401865,72.60115569230976,301.7768618265788,28.626861826578818
2016-09-22,22.999693294401865,72.60115569230976,302.3770300547282,29.227030054728232
2016-09-23,22.999693294401865,72.60115569230976,302.7516682942708,29.601668294270837
2016-09-24,22.999693294401865,72.60115569230976,302.30288632710773,29.15288632710775
2016-09-25,22.999693294401865,72.60115569230976,302.1523660024007,29.00236600240072
2016-09-26,22.999693294401865,72.60115569230976,301.9883397420247,28.838339742024743
2016-09-27,22.999693294401865,72.60115569230976,301.8113842010498,28.661384201049827
2016-09-28,22.999693294401865,72.60115569230976,301.44251505533856,28.292515055338583
2016-09-29,22.999693294401865,72.60115569230976,300.8454341888428,27.695434188842796
2016-09-30,22.999693294401865,72.60115569230976,301.45693588256836,28.306935882568382
2016-10-01,22.999693294401865,72.60115569230976,299.4048506418864,26.254850641886435
2016-10-02,22.999693294401865,72.60115569230976,301.02432187398273,27.87432187398275
2016-10-03,22.999693294401865,72.60115569230976,300.94439697265625,27.794396972656273
2016-10-04,22.999693294401865,72.60115569230976,299.0196984608968,25.869698460896814
2016-10-05,22.999693294401865,72.60115569230976,298.3381239573161,25.188123957316122
2016-10-06,22.999693294401865,72.60115569230976,298.0754559834798,24.92545598347982
2016-10-07,22.999693294401865,72.60115569230976,300.21567217508954,27.06567217508956
2016-10-08,22.999693294401865,72.60115569230976,301.00439071655273,27.854390716552757
2016-10-09,22.999693294401865,72.60115569230976,301.1991367340088,28.049136734008812
2016-10-10,22.999693294401865,72.60115569230976,300.3925558725993,27.242555872599326
2016-10-11,22.999693294401865,72.60115569230976,299.2173258463542,26.06732584635421
2016-10-12,22.999693294401865,72.60115569230976,298.65066210428876,25.50066210428878
2016-10-13,22.999693294401865,72.60115569230976,299.20141220092773,26.051412200927757
2016-10-14,22.999693294401865,72.60115569230976,299.7465279897054,26.596527989705407
2016-10-15,22.999693294401865,72.60115569230976,300.09626960754395,26.946269607543968
2016-10-16,22.999693294401865,72.60115569230976,300.59941991170246,27.449419911702478
2016-10-17,22.999693294401865,72.60115569230976,300.07889556884766,26.92889556884768
2016-10-18,22.999693294401865,72.60115569230976,299.1612860361735,26.011286036173544
2016-10-19,22.999693294401865,72.60115569230976,298.3081855773926,25.1581855773926
2016-10-20,22.999693294401865,72.60115569230976,298.06197992960614,24.91197992960616
2016-10-21,22.999693294401865,72.60115569230976,298.29114214579266,25.141142145792685
2016-10-22,22.999693294401865,72.60115569230976,298.74011548360187,25.590115483601892
2016-10-23,22.999693294401865,72.60115569230976,298.759220123291,25.60922012329104
2016-10-24,22.999693294401865,72.60115569230976,298.15585962931317,25.005859629313193
2016-10-25,22.999693294401865,72.60115569230976,297.95681444803876,24.80681444803878
2016-10-26,22.999693294401865,72.60115569230976,299.31598472595215,26.16598472595217
2016-10-27,22.999693294401865,72.60115569230976,300.0940596262614,26.944059626261435
2016-10-28,22.999693294401865,72.60115569230976,298.59785652160645,25.447856521606468
2016-10-29,22.999693294401865,72.60115569230976,297.3283240000407,24.178324000040732
2016-10-30,22.999693294401865,72.60115569230976,297.8562367757161,24.70623677571615
2016-10-31,22.999693294401865,72.60115569230976,297.8959484100342,24.745948410034202
2016-11-01,22.999693294401865,72.60115569230976,298.1732527414958,25.02325274149581
2016-11-02,22.999693294401865,72.60115569230976,298.040735244751,24.890735244751
2016-11-03,22.999693294401865,72.60115569230976,297.90580558776855,24.755805587768577
2016-11-04,22.999693294401865,72.60115569230976,297.5396836598714,24.389683659871423
2016-11-05,22.999693294401865,72.60115569230976,297.5715389251709,24.42153892517092
2016-11-06,22.999693294401865,72.60115569230976,297.2663059234619,24.116305923461937
2016-11-07,22.999693294401865,72.60115569230976,297.33403460184735,24.184034601847372
2016-11-08,22.999693294401865,72.60115569230976,296.90503311157227,23.75503311157229
2016-11-09,22.999693294401865,72.60115569230976,297.09496752421063,23.944967524210654
2016-11-10,22.999693294401865,72.60115569230976,296.81288146972656,23.662881469726585
2016-11-11,22.999693294401865,72.60115569230976,296.0900179545085,22.940017954508505
2016-11-12,22.999693294401865,72.60115569230976,296.406094233195,23.25609423319503
2016-11-13,22.999693294401865,72.60115569230976,296.28364690144855,23.13364690144857
2016-11-14,22.999693294401865,72.60115569230976,296.1400451660156,22.990045166015648
2016-11-15,22.999693294401865,72.60115569230976,296.00970395406085,22.859703954060876
2016-11-16,22.999693294401865,72.60115569230976,296.7397829691569,23.589782969156943
2016-11-17,22.999693294401865,72.60115569230976,296.6963469187419,23.546346918741904
2016-11-18,22.999693294401865,72.60115569230976,296.3814404805501,23.231440480550134
2016-11-19,22.999693294401865,72.60115569230976,296.2263698577881,23.07636985778811
2016-11-20,22.999693294401865,72.60115569230976,296.1373716990153,22.98737169901534
2016-11-21,22.999693294401865,72.60115569230976,296.35948117574054,23.209481175740564
2016-11-22,22.999693294401865,72.60115569230976,296.47122446695965,23.321224466959677
2016-11-23,22.999693294401865,72.60115569230976,296.7484493255615,23.598449325561546
2016-11-24,22.999693294401865,72.60115569230976,296.9768657684326,23.82686576843264
2016-11-25,22.999693294401865,72.60115569230976,296.63707605997723,23.487076059977255
2016-11-26,22.999693294401865,72.60115569230976,296.61895243326825,23.46895243326827
2016-11-27,22.999693294401865,72.60115569230976,296.82301330566406,23.673013305664085
2016-11-28,22.999693294401865,72.60115569230976,296.4091389973958,23.259138997395837
2016-11-29,22.999693294401865,72.60115569230976,296.02338218688965,22.87338218688967
2016-11-30,22.999693294401865,72.60115569230976,295.68322626749676,22.533226267496786
2016-12-01,22.999693294401865,72.60115569230976,296.192232131958,23.04223213195803
2016-12-02,22.999693294401865,72.60115569230976,297.71514828999835,24.565148289998376
2016-12-03,22.999693294401865,72.60115569230976,297.29393068949383,24.143930689493857
2016-12-04,22.999693294401865,72.60115569230976,296.4945468902588,23.344546890258812
2016-12-05,22.999693294401865,72.60115569230976,295.5074291229248,22.357429122924827
2016-12-06,22.999693294401865,72.60115569230976,295.5958391825358,22.44583918253585
2016-12-07,22.999693294401865,72.60115569230976,295.77760632832843,22.627606328328454
2016-12-08,22.999693294401865,72.60115569230976,295.4757766723633,22.325776672363304
2016-12-09,22.999693294401865,72.60115569230976,295.1582202911377,22.008220291137718
2016-12-10,22.999693294401865,72.60115569230976,294.7042916615804,21.554291661580407
2016-12-11,22.999693294401865,72.60115569230976,295.5908457438151,22.440845743815146
2016-12-12,22.999693294401865,72.60115569230976,295.55224291483563,22.402242914835654
2016-12-13,22.999693294401865,72.60115569230976,295.3744462331136,22.22444623311361
2016-12-14,22.999693294401865,72.60115569230976,295.8631013234456,22.713101323445642
2016-12-15,22.999693294401865,72.60115569230976,295.14867719014484,21.99867719014486
2016-12-16,22.999693294401865,72.60115569230976,295.02727127075195,21.877271270751976
2016-12-17,22.999693294401865,72.60115569230976,295.43624687194824,22.286246871948265
2016-12-18,22.999693294401865,72.60115569230976,294.5535367329915,21.40353673299154
2016-12-19,22.999693294401865,72.60115569230976,294.277374903361,21.127374903361044
2016-12-20,22.999693294401865,72.60115569230976,294.4559631347656,21.305963134765648
2016-12-21,22.999693294401865,72.60115569230976,294.6562786102295,21.506278610229515
2016-12-22,22.999693294401865,72.60115569230976,294.3918692270915,21.241869227091513
2016-12-23,22.999693294401865,72.60115569230976,294.18689982096356,21.036899820963583
2016-12-24,22.999693294401865,72.60115569230976,293.95223744710285,20.80223744710287
2016-12-25,22.999693294401865,72.60115569230976,294.0748653411865,20.924865341186546
2016-12-26,22.999693294401865,72.60115569230976,292.81704648335773,19.66704648335775
2016-12-27,22.999693294401865,72.60115569230976,293.41175651550293,20.261756515502952
2016-12-28,22.999693294401865,72.60115569230976,294.1615734100342,21.011573410034202
2016-12-29,22.999693294401865,72.60115569230976,294.7346700032552,21.584670003255212
2016-12-30,22.999693294401865,72.60115569230976,295.07904561360675,21.929045613606775
2016-12-31,22.999693294401865,72.60115569230976,294.6602369944255,21.510236994425497
2017-01-01,22.999693294401865,72.60115569230976,293.9731159210205,20.82311592102053
2017-01-02,22.999693294401865,72.60115569230976,294.393803914388,21.243803914388025
2017-01-03,22.999693294401865,72.60115569230976,294.19766489664715,21.047664896647177
2017-01-04,22.999693294401865,72.60115569230976,294.3547706604004,21.204770660400413
2017-01-05,22.999693294401865,72.60115569230976,294.32106653849286,21.17106653849288
2017-01-06,22.999693294401865,72.60115569230976,293.6138032277425,20.463803227742517
2017-01-07,22.999693294401865,72.60115569230976,294.4771073659261,21.32710736592611
2017-01-08,22.999693294401865,72.60115569230976,293.28953552246094,20.13953552246096
2017-01-09,22.999693294401865,72.60115569230976,292.17875544230145,19.028755442301474
2017-01-10,22.999693294401865,72.60115569230976,291.59024747212726,18.440247472127282
2017-01-11,22.999693294401865,72.60115569230976,290.4590759277344,17.309075927734398
2017-01-12,22.999693294401865,72.60115569230976,290.3307685852051,17.1807685852051
2017-01-13,22.999693294401865,72.60115569230976,290.8088207244873,17.658820724487327
2017-01-14,22.999693294401865,72.60115569230976,292.6869074503581,19.536907450358115
2017-01-15,22.999693294401865,72.60115569230976,294.5065002441406,21.356500244140648
2017-01-16,22.999693294401865,72.60115569230976,292.80368487040204,19.65368487040206
2017-01-17,22.999693294401865,72.60115569230976,291.13118807474774,17.981188074747763
2017-01-18,22.999693294401865,72.60115569230976,292.67831484476727,19.528314844767294
2017-01-19,22.999693294401865,72.60115569230976,294.9682280222575,21.81822802225753
2017-01-20,22.999693294401865,72.60115569230976,295.10509490966797,21.95509490966799
2017-01-21,22.999693294401865,72.60115569230976,296.0462595621745,22.89625956217452
2017-01-22,22.999693294401865,72.60115569230976,296.6287072499593,23.478707249959314
2017-01-23,22.999693294401865,72.60115569230976,297.4201202392578,24.270120239257835
2017-01-24,22.999693294401865,72.60115569230976,298.0900427500407,24.940042750040732
2017-01-25,22.999693294401865,72.60115569230976,297.2704448699951,24.12044486999514
2017-01-26,22.999693294401865,72.60115569230976,294.7372194925944,21.587219492594443
2017-01-27,22.999693294401865,72.60115569230976,292.8428872426351,19.692887242635095
2017-01-28,22.999693294401865,72.60115569230976,293.2711658477783,20.121165847778343
2017-01-29,22.999693294401865,72.60115569230976,294.28233846028644,21.132338460286462
2017-01-30,22.999693294401865,72.60115569230976,294.5598964691162,21.409896469116234
2017-01-31,22.999693294401865,72.60115569230976,294.0412375132243,20.891237513224326
2017-02-01,22.999693294401865,72.60115569230976,294.690975189209,21.540975189209007
2017-02-02,22.999693294401865,72.60115569230976,296.04393005371094,22.89393005371096
2017-02-03,22.999693294401865,72.60115569230976,298.237995783488,25.087995783487997
2017-02-04,22.999693294401865,72.60115569230976,295.86828231811523,22.718282318115257
2017-02-05,22.999693294401865,72.60115569230976,292.2650661468506,19.11506614685061
2017-02-06,22.999693294401865,72.60115569230976,291.54301897684735,18.393018976847372
2017-02-07,22.999693294401865,72.60115569230976,293.0241591135661,19.874159113566122
2017-02-08,22.999693294401865,72.60115569230976,293.332327524821,20.182327524821005
2017-02-09,22.999693294401865,72.60115569230976,293.166348139445,20.01634813944503
2017-02-10,22.999693294401865,72.60115569230976,293.9663333892822,20.81633338928225
2017-02-11,22.999693294401865,72.60115569230976,295.03204282124835,21.882042821248376
2017-02-12,22.999693294401865,72.60115569230976,295.6979338328044,22.547933832804404
2017-02-13,22.999693294401865,72.60115569230976,297.3987464904785,24.24874649047854
2017-02-14,22.999693294401865,72.60115569230976,298.8783594767253,25.728359476725302
2017-02-15,22.999693294401865,72.60115569230976,299.626984278361,26.476984278361044
2017-02-16,22.999693294401865,72.60115569230976,299.4651565551758,26.315156555175804
2017-02-17,22.999693294401865,72.60115569230976,299.8666426340739,26.716642634073935
2017-02-18,22.999693294401865,72.60115569230976,300.0114148457845,26.86141484578451
2017-02-19,22.999693294401865,72.60115569230976,299.87058512369794,26.72058512369796
2017-02-20,22.999693294401865,72.60115569230976,298.7490628560384,25.599062856038415
2017-02-21,22.999693294401865,72.60115569230976,296.26793734232587,23.117937342325888
2017-02-22,22.999693294401865,72.60115569230976,295.43835830688477,22.28835830688479
2017-02-23,22.999693294401865,72.60115569230976,296.25428199768066,23.104281997680687
2017-02-24,22.999693294401865,72.60115569230976,297.0415789286296,23.8915789286296
2017-02-25,22.999693294401865,72.60115569230976,297.53143374125165,24.38143374125167
2017-02-26,22.999693294401865,72.60115569230976,298.4608383178711,25.310838317871116
2017-02-27,22.999693294401865,72.60115569230976,299.1520353953044,26.002035395304404
2017-02-28,22.999693294401865,72.60115569230976,299.90581130981445,26.755811309814476
2017-03-01,22.999693294401865,72.60115569230976,299.79675992329913,26.646759923299157
2017-03-02,22.999693294401865,72.60115569230976,298.3494135538737,25.19941355387374
2017-03-03,22.999693294401865,72.60115569230976,298.2543067932129,25.104306793212913
2017-03-04,22.999693294401865,72.60115569230976,298.3451754252116,25.19517542521163
2017-03-05,22.999693294401865,72.60115569230976,298.44322204589844,25.29322204589846
2017-03-06,22.999693294401865,72.60115569230976,298.6518306732178,25.501830673217796
2017-03-07,22.999693294401865,72.60115569230976,298.9961853027344,25.846185302734398
2017-03-08,22.999693294401865,72.60115569230976,299.3014856974284,26.151485697428427
2017-03-09,22.999693294401865,72.60115569230976,298.4963156382243,25.346315638224326
2017-03-10,22.999693294401865,72.60115569230976,297.9244861602783,24.774486160278343
2017-03-11,22.999693294401865,72.60115569230976,295.50408871968585,22.354088719685876
2017-03-12,22.999693294401865,72.60115569230976,295.00393358866376,21.85393358866378
2017-03-13,22.999693294401865,72.60115569230976,296.18148104349774,23.031481043497763
2017-03-14,22.999693294401865,72.60115569230976,298.1103394826253,24.96033948262533
2017-03-15,22.999693294401865,72.60115569230976,299.5182050069173,26.36820500691732
2017-03-16,22.999693294401865,72.60115569230976,299.78852526346844,26.638525263468466
2017-03-17,22.999693294401865,72.60115569230976,300.76927185058594,27.61927185058596
2017-03-18,22.999693294401865,72.60115569230976,301.80345090230304,28.653450902303064
2017-03-19,22.999693294401865,72.60115569230976,300.2833887736003,27.133388773600302
2017-03-20,22.999693294401865,72.60115569230976,300.8968276977539,27.74682769775393
2017-03-21,22.999693294401865,72.60115569230976,301.7057647705078,28.555764770507835
2017-03-22,22.999693294401865,72.60115569230976,302.1362311045329,28.98623110453292
2017-03-23,22.999693294401865,72.60115569230976,302.5364309946696,29.386430994669638
2017-03-24,22.999693294401865,72.60115569230976,302.5471127827962,29.397112782796228
2017-03-25,22.999693294401865,72.60115569230976,302.71661949157715,29.56661949157717
2017-03-26,22.999693294401865,72.60115569230976,303.810094833374,30.660094833374046
2017-03-27,22.999693294401865,72.60115569230976,305.52149327596027,32.37149327596029
2017-03-28,22.999693294401865,72.60115569230976,305.61339886983234,32.46339886983236
2017-03-29,22.999693294401865,72.60115569230976,304.7476228078206,31.597622807820642
2017-03-30,22.999693294401865,72.60115569230976,303.7433261871338,30.593326187133812
2017-03-31,22.999693294401865,72.60115569230976,303.58110364278156,30.43110364278158
2017-04-01,22.999693294401865,72.60115569230976,303.0691445668538,29.919144566853845
2017-04-02,22.999693294401865,72.60115569230976,302.6272722880046,29.4772722880046
2017-04-03,22.999693294401865,72.60115569230976,303.20433616638184,30.05433616638186
2017-04-04,22.999693294401865,72.60115569230976,303.2312240600586,30.081224060058616
2017-04-05,22.999693294401865,72.60115569230976,303.5977840423584,30.44778404235842
2017-04-06,22.999693294401865,72.60115569230976,302.9031632741292,29.753163274129236
2017-04-07,22.999693294401865,72.60115569230976,300.37978744506836,27.229787445068382
2017-04-08,22.999693294401865,72.60115569230976,301.53404172261554,28.384041722615564
2017-04-09,22.999693294401865,72.60115569230976,303.1151523590088,29.965152359008812
2017-04-10,22.999693294401865,72.60115569230976,304.02894401550293,30.878944015502952
2017-04-11,22.999693294401865,72.60115569230976,304.8341204325358,31.68412043253585
2017-04-12,22.999693294401865,72.60115569230976,305.45532035827637,32.30532035827639
2017-04-13,22.999693294401865,72.60115569230976,306.6239178975423,33.47391789754232
2017-04-14,22.999693294401865,72.60115569230976,306.4857927958171,33.3357927958171
2017-04-15,22.999693294401865,72.60115569230976,306.0457770029704,32.89577700297042
2017-04-16,22.999693294401865,72.60115569230976,305.69687271118164,32.54687271118166
2017-04-17,22.999693294401865,72.60115569230976,305.34058380126953,32.190583801269554
2017-04-18,22.999693294401865,72.60115569230976,305.15503629048663,32.00503629048666
2017-04-19,22.999693294401865,72.60115569230976,304.93813069661456,31.788130696614587
2017-04-20,22.999693294401865,72.60115569230976,304.9016742706299,31.751674270629906
2017-04-21,22.999693294401865,72.60115569230976,304.2483437856038,31.098343785603845
2017-04-22,22.999693294401865,72.60115569230976,303.6207739512126,30.470773951212607
2017-04-23,22.999693294401865,72.60115569230976,302.99061584472656,29.840615844726585
2017-04-24,22.999693294401865,72.60115569230976,302.3544692993164,29.20446929931643
2017-04-25,22.999693294401865,72.60115569230976,303.0669301350911,29.91693013509115
2017-04-26,22.999693294401865,72.60115569230976,303.2232354482015,30.0732354482015
2017-04-27,22.999693294401865,72.60115569230976,303.9834753672282,30.833475367228232
2017-04-28,22.999693294401865,72.60115569230976,304.23473167419434,31.08473167419436
2017-04-29,22.999693294401865,72.60115569230976,304.10325686136883,30.953256861368857
2017-04-30,22.999693294401865,72.60115569230976,304.9632975260417,31.81329752604171
2017-05-01,22.999693294401865,72.60115569230976,305.4755973815918,32.32559738159182
2017-05-02,22.999693294401865,72.60115569230976,306.7918529510498,33.64185295104983
2017-05-03,22.999693294401865,72.60115569230976,306.8668390909831,33.716839090983115
2017-05-04,22.999693294401865,72.60115569230976,307.65003903706867,34.50003903706869
2017-05-05,22.999693294401865,72.60115569230976,307.61109161376953,34.461091613769554
2017-05-06,22.999693294401865,72.60115569230976,306.9419345855713,33.79193458557131
2017-05-07,22.999693294401865,72.60115569230976,306.6392510732015,33.4892510732015
2017-05-08,22.999693294401865,72.60115569230976,306.66898981730145,33.518989817301474
2017-05-09,22.999693294401865,72.60115569230976,306.52547454833984,33.37547454833987
2017-05-10,22.999693294401865,72.60115569230976,306.8566099802653,33.70660998026534
2017-05-11,22.999693294401865,72.60115569230976,307.1924635569255,34.0424635569255
2017-05-12,22.999693294401865,72.60115569230976,308.5691509246826,35.41915092468264
2017-05-13,22.999693294401865,72.60115569230976,309.18815358479816,36.03815358479818
2017-05-14,22.999693294401865,72.60115569230976,308.3383108774821,35.18831087748214
2017-05-15,22.999693294401865,72.60115569230976,306.90735244750977,33.75735244750979
2017-05-16,22.999693294401865,72.60115569230976,306.720557530721,33.57055753072103
2017-05-17,22.999693294401865,72.60115569230976,306.3245906829834,33.17459068298342
2017-05-18,22.999693294401865,72.60115569230976,306.3952388763428,33.245238876342796
2017-05-19,22.999693294401865,72.60115569230976,306.66774050394696,33.51774050394698
2017-05-20,22.999693294401865,72.60115569230976,305.7972056070964,32.647205607096396
2017-05-21,22.999693294401865,72.60115569230976,305.77091153462726,32.62091153462728
2017-05-22,22.999693294401865,72.60115569230976,306.67309252421063,33.523092524210654
2017-05-23,22.999693294401865,72.60115569230976,307.26125717163086,34.11125717163088
2017-05-24,22.999693294401865,72.60115569230976,307.87193298339844,34.72193298339846
2017-05-25,22.999693294401865,72.60115569230976,308.08740933736163,34.93740933736166
2017-05-26,22.999693294401865,72.60115569230976,307.7001082102458,34.55010821024581
2017-05-27,22.999693294401865,72.60115569230976,306.7570273081462,33.6070273081462
2017-05-28,22.999693294401865,72.60115569230976,306.50475311279297,33.35475311279299
2017-05-29,22.999693294401865,72.60115569230976,306.67709414164227,33.527094141642294
2017-05-30,22.999693294401865,72.60115569230976,307.0463352203369,33.89633522033694
2017-05-31,22.999693294401865,72.60115569230976,306.53357060750324,33.38357060750326
2017-06-01,22.999693294401865,72.60115569230976,307.1237277984619,33.97372779846194
2017-06-02,22.999693294401865,72.60115569230976,308.5838171641032,35.43381716410323
2017-06-03,22.999693294401865,72.60115569230976,308.54152997334796,35.391529973347986
2017-06-04,22.999693294401865,72.60115569230976,306.9556090037028,33.80560900370284
2017-06-05,22.999693294401865,72.60115569230976,307.1773319244385,34.0273319244385
2017-06-06,22.999693294401865,72.60115569230976,306.75610033671063,33.606100336710654
2017-06-07,22.999693294401865,72.60115569230976,306.2307472229004,33.08074722290041
2017-06-08,22.999693294401865,72.60115569230976,305.7631956736247,32.613195673624716
2017-06-09,22.999693294401865,72.60115569230976,304.97561009724933,31.825610097249353
2017-06-10,22.999693294401865,72.60115569230976,304.73037974039715,31.580379740397177
2017-06-11,22.999693294401865,72.60115569230976,306.29888979593915,33.14888979593917
2017-06-12,22.999693294401865,72.60115569230976,307.2661832173665,34.11618321736654
2017-06-13,22.999693294401865,72.60115569230976,306.9013754526774,33.75137545267745
2017-06-14,22.999693294401865,72.60115569230976,306.69344902038574,33.543449020385765
2017-06-15,22.999693294401865,72.60115569230976,306.9917360941569,33.84173609415694
2017-06-16,22.999693294401865,72.60115569230976,306.5993188222249,33.44931882222494
2017-06-17,22.999693294401865,72.60115569230976,306.61791674296063,33.467916742960654
2017-06-18,22.999693294401865,72.60115569230976,306.51741154988605,33.36741154988607
2017-06-19,22.999693294401865,72.60115569230976,306.1847044626872,33.034704462687216
2017-06-20,22.999693294401865,72.60115569230976,305.5958957672119,32.44589576721194
2017-06-21,22.999693294401865,72.60115569230976,305.762633005778,32.61263300577804
2017-06-22,22.999693294401865,72.60115569230976,306.20948028564453,33.059480285644554
2017-06-23,22.999693294401865,72.60115569230976,304.7904694875081,31.640469487508142
2017-06-24,22.999693294401865,72.60115569230976,303.45433298746747,30.30433298746749
2017-06-25,22.999693294401865,72.60115569230976,303.86607297261554,30.716072972615564
2017-06-26,22.999693294401865,72.60115569230976,303.57569122314453,30.425691223144554
2017-06-27,22.999693294401865,72.60115569230976,301.5139382680257,28.36393826802572
2017-06-28,22.999693294401865,72.60115569230976,301.79072125752765,28.640721257527673
2017-06-29,22.999693294401865,72.60115569230976,301.00606473286945,27.85606473286947
2017-06-30,22.999693294401865,72.60115569230976,299.8522135416667,26.70221354166671
2017-07-01,22.999693294401865,72.60115569230976,300.7035840352376,27.553584035237634
2017-07-02,22.999693294401865,72.60115569230976,301.094690322876,27.944690322876
2017-07-03,22.999693294401865,72.60115569230976,300.7688274383545,27.618827438354515
2017-07-04,22.999693294401865,72.60115569230976,302.15979766845703,29.009797668457054
2017-07-05,22.999693294401865,72.60115569230976,302.74342155456543,29.593421554565452
2017-07-06,22.999693294401865,72.60115569230976,302.70911026000977,29.55911026000979
2017-07-07,22.999693294401865,72.60115569230976,302.26919174194336,29.119191741943382
2017-07-08,22.999693294401865,72.60115569230976,302.00539779663086,28.855397796630882
2017-07-09,22.999693294401865,72.60115569230976,302.3861827850342,29.236182785034202
2017-07-10,22.999693294401865,72.60115569230976,302.4942855834961,29.344285583496116
2017-07-11,22.999693294401865,72.60115569230976,302.16831652323407,29.01831652323409
2017-07-12,22.999693294401865,72.60115569230976,301.68081919352215,28.530819193522177
2017-07-13,22.999693294401865,72.60115569230976,300.5402139027913,27.390213902791345
2017-07-14,22.999693294401865,72.60115569230976,298.5394477844238,25.38944778442385
2017-07-15,22.999693294401865,72.60115569230976,298.77309735616046,25.623097356160486
2017-07-16,22.999693294401865,72.60115569230976,300.2061888376872,27.056188837687216
2017-07-17,22.999693294401865,72.60115569230976,300.5113385518392,27.361338551839196
2017-07-18,22.999693294401865,72.60115569230976,301.03062502543133,27.880625025431357
2017-07-19,22.999693294401865,72.60115569230976,301.58959261576337,28.439592615763388
2017-07-20,22.999693294401865,72.60115569230976,301.191738764445,28.04173876444503
2017-07-21,22.999693294401865,72.60115569230976,300.6366475423177,27.486647542317712
2017-07-22,22.999693294401865,72.60115569230976,298.9291197458903,25.77911974589034
2017-07-23,22.999693294401865,72.60115569230976,299.01187070210773,25.86187070210775
2017-07-24,22.999693294401865,72.60115569230976,298.5157826741536,25.36578267415365
2017-07-25,22.999693294401865,72.60115569230976,299.03598658243817,25.885986582438193
2017-07-26,22.999693294401865,72.60115569230976,298.5290520985921,25.379052098592126
2017-07-27,22.999693294401865,72.60115569230976,298.49561500549316,25.345615005493187
2017-07-28,22.999693294401865,72.60115569230976,299.4243055979411,26.274305597941122
2017-07-29,22.999693294401865,72.60115569230976,299.5757300059001,26.425730005900107
2017-07-30,22.999693294401865,72.60115569230976,300.3377863566081,27.187786356608115
2017-07-31,22.999693294401865,72.60115569230976,300.5182927449544,27.36829274495443
2017-08-01,22.999693294401865,72.60115569230976,301.1244646708171,27.9744646708171
2017-08-02,22.999693294401865,72.60115569230976,301.1165186564128,27.966518656412802
2017-08-03,22.999693294401865,72.60115569230976,301.3894278208415,28.239427820841513
2017-08-04,22.999693294401865,72.60115569230976,301.3362445831299,28.186244583129906
2017-08-05,22.999693294401865,72.60115569230976,301.32416407267254,28.174164072672568
2017-08-06,22.999693294401865,72.60115569230976,301.16554768880206,28.015547688802087
2017-08-07,22.999693294401865,72.60115569230976,301.34649658203125,28.196496582031273
2017-08-08,22.999693294401865,72.60115569230976,301.3009084065755,28.150908406575525
2017-08-09,22.999693294401865,72.60115569230976,301.22359402974445,28.07359402974447
2017-08-10,22.999693294401865,72.60115569230976,301.33509890238446,28.185098902384482
2017-08-11,22.999693294401865,72.60115569230976,301.4138870239258,28.263887023925804
2017-08-12,22.999693294401865,72.60115569230976,300.69538497924805,27.54538497924807
2017-08-13,22.999693294401865,72.60115569230976,300.9695930480957,27.819593048095726
2017-08-14,22.999693294401865,72.60115569230976,301.477206548055,28.327206548055017
2017-08-15,22.999693294401865,72.60115569230976,300.7870724995931,27.637072499593103
2017-08-16,22.999693294401865,72.60115569230976,300.85925165812176,27.709251658121786
2017-08-17,22.999693294401865,72.60115569230976,301.3333231608073,28.183323160807333
2017-08-18,22.999693294401865,72.60115569230976,301.4789524078369,28.328952407836937
2017-08-19,22.999693294401865,72.60115569230976,301.2623093922933,28.112309392293298
2017-08-20,22.999693294401865,72.60115569230976,299.3882179260254,26.238217926025413
2017-08-21,22.999693294401865,72.60115569230976,300.85226249694824,27.702262496948265
2017-08-22,22.999693294401865,72.60115569230976,299.85749944051105,26.70749944051107
2017-08-23,22.999693294401865,72.60115569230976,300.89997545878094,27.749975458780966
2017-08-24,22.999693294401865,72.60115569230976,301.39657974243164,28.246579742431663
2017-08-25,22.999693294401865,72.60115569230976,301.56172943115234,28.411729431152366
2017-08-26,22.999693294401865,72.60115569230976,301.4416211446126,28.291621144612634
2017-08-27,22.999693294401865,72.60115569230976,301.71644910176593,28.566449101765954
2017-08-28,22.999693294401865,72.60115569230976,301.18458048502606,28.034580485026083
2017-08-29,22.999693294401865,72.60115569230976,300.7919782002767,27.641978200276696
2017-08-30,22.999693294401865,72.60115569230976,299.1907711029053,26.040771102905296
2017-08-31,22.999693294401865,72.60115569230976,299.9925397237142,26.842539723714196
2017-09-01,22.999693294401865,72.60115569230976,300.33219210306805,27.182192103068076
2017-09-02,22.999693294401865,72.60115569230976,299.79420471191406,26.644204711914085
2017-09-03,22.999693294401865,72.60115569230976,300.9866301218669,27.836630121866904
2017-09-04,22.999693294401865,72.60115569230976,301.22501373291016,28.07501373291018
2017-09-05,22.999693294401865,72.60115569230976,300.86313819885254,27.713138198852562
2017-09-06,22.999693294401865,72.60115569230976,300.1204554239909,26.970455423990927
2017-09-07,22.999693294401865,72.60115569230976,300.3092924753825,27.15929247538253
2017-09-08,22.999693294401865,72.60115569230976,300.87277094523114,27.72277094523116
2017-09-09,22.999693294401865,72.60115569230976,301.9910348256429,28.841034825642907
2017-09-10,22.999693294401865,72.60115569230976,302.21897824605304,29.068978246053064
2017-09-11,22.999693294401865,72.60115569230976,302.7677631378174,29.617763137817406
2017-09-12,22.999693294401865,72.60115569230976,302.25235684712726,29.102356847127282
2017-09-13,22.999693294401865,72.60115569230976,301.5133234659831,28.363323465983115
2017-09-14,22.999693294401865,72.60115569230976,301.9004503885905,28.750450388590536
2017-09-15,22.999693294401865,72.60115569230976,301.6458396911621,28.495839691162132
2017-09-16,22.999693294401865,72.60115569230976,301.0870539347331,27.937053934733115
2017-09-17,22.999693294401865,72.60115569230976,299.7426020304362,26.59260203043624
2017-09-18,22.999693294401865,72.60115569230976,301.02815945943195,27.87815945943197
2017-09-19,22.999693294401865,72.60115569230976,302.5213368733724,29.3713368733724
2017-09-20,22.999693294401865,72.60115569230976,302.0955467224121,28.945546722412132
2017-09-21,22.999693294401865,72.60115569230976,301.2031898498535,28.05318984985354
2017-09-22,22.999693294401865,72.60115569230976,301.03270149230957,27.882701492309593
2017-09-23,22.999693294401865,72.60115569230976,300.6911799112956,27.541179911295615
2017-09-24,22.999693294401865,72.60115569230976,300.6309102376302,27.480910237630212
2017-09-25,22.999693294401865,72.60115569230976,300.187203725179,27.03720372517904
2017-09-26,22.999693294401865,72.60115569230976,300.0245005289714,26.874500528971396
2017-09-27,22.999693294401865,72.60115569230976,300.77740414937335,27.627404149373376
2017-09-28,22.999693294401865,72.60115569230976,301.7236728668213,28.573672866821312
2017-09-29,22.999693294401865,72.60115569230976,301.5733165740967,28.423316574096702
2017-09-30,22.999693294401865,72.60115569230976,302.0911286671956,28.941128667195642
2017-10-01,22.999693294401865,72.60115569230976,303.1153869628906,29.965386962890648
2017-10-02,22.999693294401865,72.60115569230976,302.486369450887,29.336369450887048
2017-10-03,22.999693294401865,72.60115569230976,302.7168661753337,29.5668661753337
2017-10-04,22.999693294401865,72.60115569230976,302.51419893900555,29.364198939005576
2017-10-05,22.999693294401865,72.60115569230976,302.5184377034505,29.368437703450525
2017-10-06,22.999693294401865,72.60115569230976,302.5644283294678,29.414428329467796
2017-10-07,22.999693294401865,72.60115569230976,302.347713470459,29.197713470459007
2017-10-08,22.999693294401865,72.60115569230976,302.0227979024251,28.872797902425134
2017-10-09,22.999693294401865,72.60115569230976,301.7459316253662,28.595931625366234
2017-10-10,22.999693294401865,72.60115569230976,302.60161717732746,29.451617177327478
2017-10-11,22.999693294401865,72.60115569230976,302.1739279429118,29.023927942911826
2017-10-12,22.999693294401865,72.60115569230976,302.06211280822754,28.912112808227562
2017-10-13,22.999693294401865,72.60115569230976,302.43061447143555,29.28061447143557
2017-10-14,22.999693294401865,72.60115569230976,302.77517064412433,29.625170644124353
2017-10-15,22.999693294401865,72.60115569230976,302.1151803334554,28.965180333455407
2017-10-16,22.999693294401865,72.60115569230976,301.8416163126628,28.691616312662802
2017-10-17,22.999693294401865,72.60115569230976,302.04475593566895,28.894755935668968
2017-10-18,22.999693294401865,72.60115569230976,302.6476745605469,29.497674560546898
2017-10-19,22.999693294401865,72.60115569230976,301.3396593729655,28.189659372965536
2017-10-20,22.999693294401865,72.60115569230976,301.5663070678711,28.416307067871116
2017-10-21,22.999693294401865,72.60115569230976,301.9574839274089,28.807483927408896
2017-10-22,22.999693294401865,72.60115569230976,301.7416623433431,28.591662343343103
2017-10-23,22.999693294401865,72.60115569230976,300.15455627441406,27.004556274414085
2017-10-24,22.999693294401865,72.60115569230976,301.0023701985677,27.852370198567712
2017-10-25,22.999693294401865,72.60115569230976,301.34222348531085,28.192223485310876
2017-10-26,22.999693294401865,72.60115569230976,300.40132904052734,27.251329040527366
2017-10-27,22.999693294401865,72.60115569230976,300.5385271708171,27.3885271708171
2017-10-28,22.999693294401865,72.60115569230976,299.9136168162028,26.76361681620284
2017-10-29,22.999693294401865,72.60115569230976,300.37153879801434,27.221538798014365
2017-10-30,22.999693294401865,72.60115569230976,300.02553113301593,26.875531133015954
2017-10-31,22.999693294401865,72.60115569230976,299.3769410451253,26.22694104512533
2017-11-01,22.999693294401865,72.60115569230976,299.1493447621663,25.999344762166345
2017-11-02,22.999693294401865,72.60115569230976,299.2181809743245,26.068180974324548
2017-11-03,22.999693294401865,72.60115569230976,299.3992042541504,26.249204254150413
2017-11-04,22.999693294401865,72.60115569230976,299.6948356628418,26.54483566284182
2017-11-05,22.999693294401865,72.60115569230976,299.0928319295247,25.942831929524743
2017-11-06,22.999693294401865,72.60115569230976,299.2011489868164,26.05114898681643
2017-11-07,22.999693294401865,72.60115569230976,298.93581835428876,25.78581835428878
2017-11-08,22.999693294401865,72.60115569230976,299.3762016296387,26.226201629638695
2017-11-09,22.999693294401865,72.60115569230976,299.11358070373535,25.963580703735374
2017-11-10,22.999693294401865,72.60115569230976,298.83012835184735,25.680128351847372
2017-11-11,22.999693294401865,72.60115569230976,298.2491766611735,25.099176661173544
2017-11-12,22.999693294401865,72.60115569230976,297.0773569742839,23.927356974283896
2017-11-13,22.999693294401865,72.60115569230976,296.7828172047933,23.632817204793298
2017-11-14,22.999693294401865,72.60115569230976,296.39206886291504,23.242068862915062
2017-11-15,22.999693294401865,72.60115569230976,296.78179359436035,23.631793594360374
2017-11-16,22.999693294401865,72.60115569230976,296.3122336069743,23.162233606974326
2017-11-17,22.999693294401865,72.60115569230976,296.78071212768555,23.63071212768557
2017-11-18,22.999693294401865,72.60115569230976,296.71908887227374,23.569088872273767
2017-11-19,22.999693294401865,72.60115569230976,296.75635210673016,23.606352106730185
2017-11-20,22.999693294401865,72.60115569230976,297.21709060668945,24.067090606689476
2017-11-21,22.999693294401865,72.60115569230976,296.8888905843099,23.7388905843099
2017-11-22,22.999693294401865,72.60115569230976,296.4846941630046,23.3346941630046
2017-11-23,22.999693294401865,72.60115569230976,296.060749689738,22.910749689737997
2017-11-24,22.999693294401865,72.60115569230976,295.9853750864665,22.835375086466513
2017-11-25,22.999693294401865,72.60115569230976,295.946725209554,22.79672520955404
2017-11-26,22.999693294401865,72.60115569230976,295.9422543843587,22.792254384358728
2017-11-27,22.999693294401865,72.60115569230976,295.68876393636066,22.53876393636068
2017-11-28,22.999693294401865,72.60115569230976,295.51423772176105,22.36423772176107
2017-11-29,22.999693294401865,72.60115569230976,295.73459752400714,22.584597524007165
2017-11-30,22.999693294401865,72.60115569230976,296.17285537719727,23.02285537719729
2017-12-01,22.999693294401865,72.60115569230976,296.3875726064046,23.237572606404626
2017-12-02,22.999693294401865,72.60115569230976,296.4175860087077,23.267586008707724
2017-12-03,22.999693294401865,72.60115569230976,296.18718973795575,23.03718973795577
2017-12-04,22.999693294401865,72.60115569230976,295.9477284749349,22.7977284749349
2017-12-05,22.999693294401865,72.60115569230976,291.40988794962567,18.259887949625693
2017-12-06,22.999693294401865,72.60115569230976,291.20884895324707,18.058848953247093
2017-12-07,22.999693294401865,72.60115569230976,294.5241870880127,21.374187088012718
2017-12-08,22.999693294401865,72.60115569230976,296.3755162556966,23.22551625569662
2017-12-09,22.999693294401865,72.60115569230976,297.532231648763,24.382231648763025
2017-12-10,22.999693294401865,72.60115569230976,297.3723500569661,24.22235005696615
2017-12-11,22.999693294401865,72.60115569230976,295.12788645426434,21.977886454264365
2017-12-12,22.999693294401865,72.60115569230976,292.53235181172687,19.382351811726892
2017-12-13,22.999693294401865,72.60115569230976,291.5057366689046,18.355736668904626
2017-12-14,22.999693294401865,72.60115569230976,292.47872098286945,19.32872098286947
2017-12-15,22.999693294401865,72.60115569230976,294.41110610961914,21.261106109619163
2017-12-16,22.999693294401865,72.60115569230976,295.2899856567383,22.139985656738304
2017-12-17,22.999693294401865,72.60115569230976,295.55189005533856,22.401890055338583
2017-12-18,22.999693294401865,72.60115569230976,294.9997361501058,21.849736150105798
2017-12-19,22.999693294401865,72.60115569230976,294.9522018432617,21.80220184326174
2017-12-20,22.999693294401865,72.60115569230976,294.91983731587726,21.769837315877282
2017-12-21,22.999693294401865,72.60115569230976,294.8466510772705,21.69665107727053
2017-12-22,22.999693294401865,72.60115569230976,295.50548362731934,22.35548362731936
2017-12-23,22.999693294401865,72.60115569230976,294.2083568572998,21.058356857299827
2017-12-24,22.999693294401865,72.60115569230976,293.61401621500653,20.464016215006552
2017-12-25,22.999693294401865,72.60115569230976,293.91882133483887,20.76882133483889
2017-12-26,22.999693294401865,72.60115569230976,293.54074986775714,20.390749867757165
2017-12-27,22.999693294401865,72.60115569230976,293.44016520182294,20.29016520182296
2017-12-28,22.999693294401865,72.60115569230976,293.5827458699544,20.43274586995443
2017-12-29,22.999693294401865,72.60115569230976,294.2229646046956,21.072964604695642
2017-12-30,22.999693294401865,72.60115569230976,294.12527656555176,20.97527656555178
2017-12-31,22.999693294401865,72.60115569230976,294.21861775716144,21.068617757161462
2018-01-01,22.999693294401865,72.60115569230976,293.5157330830892,20.365733083089196
2018-01-02,22.999693294401865,72.60115569230976,293.46270815531415,20.31270815531417
2018-01-03,22.999693294401865,72.60115569230976,293.12436803181964,19.974368031819665
2018-01-04,22.999693294401865,72.60115569230976,293.2494659423828,20.099465942382835
2018-01-05,22.999693294401865,72.60115569230976,292.20838928222656,19.058389282226585
2018-01-06,22.999693294401865,72.60115569230976,292.4682331085205,19.31823310852053
2018-01-07,22.999693294401865,72.60115569230976,292.26477495829266,19.114774958292685
2018-01-08,22.999693294401865,72.60115569230976,293.3783416748047,20.22834167480471
2018-01-09,22.999693294401865,72.60115569230976,294.8972422281901,21.747242228190146
2018-01-10,22.999693294401865,72.60115569230976,295.15443992614746,22.004439926147484
2018-01-11,22.999693294401865,72.60115569230976,295.84539731343585,22.695397313435876
2018-01-12,22.999693294401865,72.60115569230976,297.3335647583008,24.183564758300804
2018-01-13,22.999693294401865,72.60115569230976,297.64695994059247,24.49695994059249
2018-01-14,22.999693294401865,72.60115569230976,297.88928476969403,24.739284769694052
2018-01-15,22.999693294401865,72.60115569230976,297.0620937347412,23.912093734741234
2018-01-16,22.999693294401865,72.60115569230976,297.09315999348956,23.943159993489587
2018-01-17,22.999693294401865,72.60115569230976,295.5002320607503,22.35023206075033
2018-01-18,22.999693294401865,72.60115569230976,294.86713727315265,21.717137273152673
2018-01-19,22.999693294401865,72.60115569230976,294.0094731648763,20.859473164876306
2018-01-20,22.999693294401865,72.60115569230976,294.6181818644206,21.468181864420615
2018-01-21,22.999693294401865,72.60115569230976,295.4271825154622,22.277182515462243
2018-01-22,22.999693294401865,72.60115569230976,295.34190877278644,22.191908772786462
2018-01-23,22.999693294401865,72.60115569230976,293.3195807139079,20.16958071390792
2018-01-24,22.999693294401865,72.60115569230976,292.8602809906006,19.71028099060061
2018-01-25,22.999693294401865,72.60115569230976,291.628901163737,18.47890116373702
2018-01-26,22.999693294401865,72.60115569230976,292.52579561869305,19.375795618693076
2018-01-27,22.999693294401865,72.60115569230976,292.99097379048663,19.840973790486657
2018-01-28,22.999693294401865,72.60115569230976,293.0945587158203,19.944558715820335
2018-01-29,22.999693294401865,72.60115569230976,293.4478365580241,20.29783655802413
2018-01-30,22.999693294401865,72.60115569230976,294.92351722717285,21.773517227172874
2018-01-31,22.999693294401865,72.60115569230976,295.8747781117757,22.72477811177572
2018-02-01,22.999693294401865,72.60115569230976,296.3200969696045,23.170096969604515
2018-02-02,22.999693294401865,72.60115569230976,296.0509211222331,22.900921122233115
2018-02-03,22.999693294401865,72.60115569230976,295.35059611002606,22.200596110026083
2018-02-04,22.999693294401865,72.60115569230976,295.4970938364665,22.347093836466513
2018-02-05,22.999693294401865,72.60115569230976,296.2949053446452,23.144905344645224
2018-02-06,22.999693294401865,72.60115569230976,295.3688036600749,22.21880366007491
2018-02-07,22.999693294401865,72.60115569230976,296.26603571573895,23.116035715738974
2018-02-08,22.999693294401865,72.60115569230976,294.6906515757243,21.540651575724326
2018-02-09,22.999693294401865,72.60115569230976,293.75401369730633,20.604013697306357
2018-02-10,22.999693294401865,72.60115569230976,294.2319672902425,21.081967290242517
2018-02-11,22.999693294401865,72.60115569230976,294.6551869710286,21.50518697102865
2018-02-12,22.999693294401865,72.60115569230976,294.65393956502277,21.50393956502279
2018-02-13,22.999693294401865,72.60115569230976,295.62547810872394,22.475478108723962
2018-02-14,22.999693294401865,72.60115569230976,295.8209756215413,22.670975621541345
2018-02-15,22.999693294401865,72.60115569230976,295.7527770996094,22.602777099609398
2018-02-16,22.999693294401865,72.60115569230976,296.68300946553546,23.533009465535486
2018-02-17,22.999693294401865,72.60115569230976,297.08017603556317,23.930176035563193
2018-02-18,22.999693294401865,72.60115569230976,297.26866149902344,24.11866149902346
2018-02-19,22.999693294401865,72.60115569230976,297.953457514445,24.80345751444503
2018-02-20,22.999693294401865,72.60115569230976,298.58946482340497,25.43946482340499
2018-02-21,22.999693294401865,72.60115569230976,298.8710568745931,25.721056874593103
2018-02-22,22.999693294401865,72.60115569230976,298.53477541605633,25.384775416056357
2018-02-23,22.999693294401865,72.60115569230976,299.20126787821454,26.05126787821456
2018-02-24,22.999693294401865,72.60115569230976,298.61269124348956,25.462691243489587
2018-02-25,22.999693294401865,72.60115569230976,299.6906598409017,26.540659840901696
2018-02-26,22.999693294401865,72.60115569230976,300.21418444315594,27.064184443155966
2018-02-27,22.999693294401865,72.60115569230976,300.48547108968097,27.335471089680993
2018-02-28,22.999693294401865,72.60115569230976,301.30873616536456,28.158736165364587
2018-03-01,22.999693294401865,72.60115569230976,301.476266225179,28.32626622517904
2018-03-02,22.999693294401865,72.60115569230976,300.9306284586589,27.780628458658896
2018-03-03,22.999693294401865,72.60115569230976,299.7045663197835,26.554566319783532
2018-03-04,22.999693294401865,72.60115569230976,299.3695945739746,26.219594573974632
2018-03-05,22.999693294401865,72.60115569230976,299.6260452270508,26.476045227050804
2018-03-06,22.999693294401865,72.60115569230976,299.9244136810303,26.774413681030296
2018-03-07,22.999693294401865,72.60115569230976,300.5267384847005,27.376738484700525
2018-03-08,22.999693294401865,72.60115569230976,300.9302107493083,27.78021074930831
2018-03-09,22.999693294401865,72.60115569230976,300.07468032836914,26.924680328369163
2018-03-10,22.999693294401865,72.60115569230976,299.6349633534749,26.48496335347494
2018-03-11,22.999693294401865,72.60115569230976,299.80250295003253,26.652502950032556
2018-03-12,22.999693294401865,72.60115569230976,299.78144391377765,26.631443913777673
2018-03-13,22.999693294401865,72.60115569230976,300.12016105651855,26.970161056518577
2018-03-14,22.999693294401865,72.60115569230976,299.5343017578125,26.384301757812523
2018-03-15,22.999693294401865,72.60115569230976,300.19015947977704,27.04015947977706
2018-03-16,22.999693294401865,72.60115569230976,300.5603224436442,27.410322443644247
2018-03-17,22.999693294401865,72.60115569230976,300.78312428792316,27.63312428792318
2018-03-18,22.999693294401865,72.60115569230976,300.9968789418538,27.846878941853845
2018-03-19,22.999693294401865,72.60115569230976,301.0589402516683,27.908940251668298
2018-03-20,22.999693294401865,72.60115569230976,300.5873540242513,27.437354024251306
2018-03-21,22.999693294401865,72.60115569230976,299.6450824737549,26.495082473754906
2018-03-22,22.999693294401865,72.60115569230976,300.09174791971844,26.941747919718466
2018-03-23,22.999693294401865,72.60115569230976,300.3142337799072,27.16423377990725
2018-03-24,22.999693294401865,72.60115569230976,301.97382736206055,28.82382736206057
2018-03-25,22.999693294401865,72.60115569230976,302.6798458099365,29.529845809936546
2018-03-26,22.999693294401865,72.60115569230976,303.1951789855957,30.045178985595726
2018-03-27,22.999693294401865,72.60115569230976,302.72771581013996,29.577715810139978
2018-03-28,22.999693294401865,72.60115569230976,302.9512125651042,29.80121256510421
2018-03-29,22.999693294401865,72.60115569230976,303.852055867513,30.702055867513025
2018-03-30,22.999693294401865,72.60115569230976,304.08289337158203,30.932893371582054
2018-03-31,22.999693294401865,72.60115569230976,303.24008496602374,30.090084966023767
2018-04-01,22.999693294401865,72.60115569230976,303.0299377441406,29.879937744140648
2018-04-02,22.999693294401865,72.60115569230976,303.7711722056071,30.621172205607138
2018-04-03,22.999693294401865,72.60115569230976,304.1437816619873,30.993781661987327
2018-04-04,22.999693294401865,72.60115569230976,304.24011357625324,31.09011357625326
2018-04-05,22.999693294401865,72.60115569230976,304.178129196167,31.028129196167015
2018-04-06,22.999693294401865,72.60115569230976,303.7968120574951,30.64681205749514
2018-04-07,22.999693294401865,72.60115569230976,303.91414642333984,30.764146423339866
2018-04-08,22.999693294401865,72.60115569230976,303.500446955363,30.350446955362997
2018-04-09,22.999693294401865,72.60115569230976,303.54023996988934,30.390239969889365
2018-04-10,22.999693294401865,72.60115569230976,303.98238881429035,30.83238881429037
2018-04-11,22.999693294401865,72.60115569230976,304.54932403564453,31.399324035644554
2018-04-12,22.999693294401865,72.60115569230976,304.6942481994629,31.544248199462913
2018-04-13,22.999693294401865,72.60115569230976,305.22676912943524,32.07676912943526
2018-04-14,22.999693294401865,72.60115569230976,305.86747614542645,32.717476145426474
2018-04-15,22.999693294401865,72.60115569230976,305.3771635691325,32.22716356913253
2018-04-16,22.999693294401865,72.60115569230976,305.39957364400226,32.24957364400228
2018-04-17,22.999693294401865,72.60115569230976,305.1259682973226,31.975968297322595
2018-04-18,22.999693294401865,72.60115569230976,305.7009728749593,32.550972874959314
2018-04-19,22.999693294401865,72.60115569230976,306.27236620585126,33.12236620585128
2018-04-20,22.999693294401865,72.60115569230976,305.121124903361,31.971124903361044
2018-04-21,22.999693294401865,72.60115569230976,302.9917990366618,29.841799036661826
2018-04-22,22.999693294401865,72.60115569230976,303.5594952901204,30.409495290120446
2018-04-23,22.999693294401865,72.60115569230976,304.1132895151774,30.96328951517745
2018-04-24,22.999693294401865,72.60115569230976,304.5336494445801,31.3836494445801
2018-04-25,22.999693294401865,72.60115569230976,304.06860224405926,30.918602244059286
2018-04-26,22.999693294401865,72.60115569230976,304.2542095184326,31.10420951843264
2018-04-27,22.999693294401865,72.60115569230976,305.7443199157715,32.59431991577151
2018-04-28,22.999693294401865,72.60115569230976,306.3368384043376,33.18683840433761
2018-04-29,22.999693294401865,72.60115569230976,305.73351097106934,32.58351097106936
2018-04-30,22.999693294401865,72.60115569230976,306.47409439086914,33.32409439086916
2018-05-01,22.999693294401865,72.60115569230976,306.09650293986004,32.94650293986007
2018-05-02,22.999693294401865,72.60115569230976,305.4098898569743,32.259889856974326
2018-05-03,22.999693294401865,72.60115569230976,305.2403252919515,32.0903252919515
2018-05-04,22.999693294401865,72.60115569230976,305.7042986551921,32.5542986551921
2018-05-05,22.999693294401865,72.60115569230976,306.8276481628418,33.67764816284182
2018-05-06,22.999693294401865,72.60115569230976,306.400110244751,33.250110244751
2018-05-07,22.999693294401865,72.60115569230976,304.94621658325195,31.796216583251976
2018-05-08,22.999693294401865,72.60115569230976,305.57449022928876,32.42449022928878
2018-05-09,22.999693294401865,72.60115569230976,306.61151123046875,33.46151123046877
2018-05-10,22.999693294401865,72.60115569230976,307.66858228047687,34.51858228047689
2018-05-11,22.999693294401865,72.60115569230976,307.7589594523112,34.60895945231124
2018-05-12,22.999693294401865,72.60115569230976,307.06046867370605,33.91046867370608
2018-05-13,22.999693294401865,72.60115569230976,307.4476712544759,34.297671254475915
2018-05-14,22.999693294401865,72.60115569230976,307.05688858032227,33.90688858032229
2018-05-15,22.999693294401865,72.60115569230976,307.13718541463214,33.987185414632165
2018-05-16,22.999693294401865,72.60115569230976,307.688912709554,34.53891270955404
2018-05-17,22.999693294401865,72.60115569230976,308.40804862976074,35.258048629760765
2018-05-18,22.999693294401865,72.60115569230976,307.81220054626465,34.66220054626467
2018-05-19,22.999693294401865,72.60115569230976,306.51523145039874,33.36523145039877
2018-05-20,22.999693294401865,72.60115569230976,308.01844151814777,34.86844151814779
2018-05-21,22.999693294401865,72.60115569230976,307.01026407877606,33.86026407877608
2018-05-22,22.999693294401865,72.60115569230976,307.36022249857587,34.21022249857589
2018-05-23,22.999693294401865,72.60115569230976,308.2138868967692,35.06388689676925
2018-05-24,22.999693294401865,72.60115569230976,308.10911051432294,34.95911051432296
2018-05-25,22.999693294401865,72.60115569230976,306.6611022949219,33.5111022949219
2018-05-26,22.999693294401865,72.60115569230976,308.36276563008624,35.21276563008627
2018-05-27,22.999693294401865,72.60115569230976,309.40320142110187,36.25320142110189
2018-05-28,22.999693294401865,72.60115569230976,308.3015219370524,35.15152193705245
2018-05-29,22.999693294401865,72.60115569230976,306.64135615030926,33.49135615030929
2018-05-30,22.999693294401865,72.60115569230976,306.4873587290446,33.33735872904464
2018-05-31,22.999693294401865,72.60115569230976,306.9059594472249,33.75595944722494
2018-06-01,22.999693294401865,72.60115569230976,307.3081423441569,34.15814234415694
2018-06-02,22.999693294401865,72.60115569230976,308.59607251485187,35.44607251485189
2018-06-03,22.999693294401865,72.60115569230976,308.13568178812665,34.98568178812667
2018-06-04,22.999693294401865,72.60115569230976,307.47426478068036,34.32426478068038
2018-06-05,22.999693294401865,72.60115569230976,308.2361259460449,35.086125946044945
2018-06-06,22.999693294401865,72.60115569230976,308.0979468027751,34.94794680277511
2018-06-07,22.999693294401865,72.60115569230976,307.7679437001546,34.617943700154626
2018-06-08,22.999693294401865,72.60115569230976,307.4849859873454,34.33498598734542
2018-06-09,22.999693294401865,72.60115569230976,307.47422726949054,34.324227269490564
2018-06-10,22.999693294401865,72.60115569230976,307.1862112681071,34.03621126810714
2018-06-11,22.999693294401865,72.60115569230976,307.4643090565999,34.31430905659994
2018-06-12,22.999693294401865,72.60115569230976,307.1464207967122,33.99642079671224
2018-06-13,22.999693294401865,72.60115569230976,307.28162574768066,34.13162574768069
2018-06-14,22.999693294401865,72.60115569230976,306.88031578063965,33.73031578063967
2018-06-15,22.999693294401865,72.60115569230976,306.3911590576172,33.24115905761721
2018-06-16,22.999693294401865,72.60115569230976,305.4309647878011,32.28096478780111
2018-06-17,22.999693294401865,72.60115569230976,305.4005495707194,32.25054957071944
2018-06-18,22.999693294401865,72.60115569230976,305.44754282633465,32.29754282633468
2018-06-19,22.999693294401865,72.60115569230976,306.5762189229329,33.42621892293295
2018-06-20,22.999693294401865,72.60115569230976,307.3343054453532,34.18430544535323
2018-06-21,22.999693294401865,72.60115569230976,306.8427225748698,33.69272257486983
2018-06-22,22.999693294401865,72.60115569230976,306.17081006368,33.02081006368002
2018-06-23,22.999693294401865,72.60115569230976,306.65332794189453,33.503327941894554
2018-06-24,22.999693294401865,72.60115569230976,304.42289479573566,31.27289479573568
2018-06-25,22.999693294401865,72.60115569230976,305.2416623433431,32.0916623433431
2018-06-26,22.999693294401865,72.60115569230976,304.3105182647705,31.16051826477053
2018-06-27,22.999693294401865,72.60115569230976,305.2130546569824,32.063054656982445
2018-06-28,22.999693294401865,72.60115569230976,304.716983795166,31.56698379516604
2018-06-29,22.999693294401865,72.60115569230976,304.19620068868,31.046200688680017
2018-06-30,22.999693294401865,72.60115569230976,303.91308848063153,30.763088480631552
2018-07-01,22.999693294401865,72.60115569230976,304.2832787831624,31.13327878316244
2018-07-02,22.999693294401865,72.60115569230976,303.5908285776774,30.44082857767745
2018-07-03,22.999693294401865,72.60115569230976,302.0780537923177,28.928053792317712
2018-07-04,22.999693294401865,72.60115569230976,301.5529664357503,28.40296643575033
2018-07-05,22.999693294401865,72.60115569230976,304.39760971069336,31.247609710693382
2018-07-06,22.999693294401865,72.60115569230976,304.3896605173747,31.239660517374716
2018-07-07,22.999693294401865,72.60115569230976,304.3113390604655,31.161339060465536
2018-07-08,22.999693294401865,72.60115569230976,303.5770689646403,30.42706896464034
2018-07-09,22.999693294401865,72.60115569230976,303.9198678334554,30.769867833455407
2018-07-10,22.999693294401865,72.60115569230976,301.8788611094157,28.728861109415732
2018-07-11,22.999693294401865,72.60115569230976,301.5685577392578,28.418557739257835
2018-07-12,22.999693294401865,72.60115569230976,300.7671896616618,27.617189661661826
2018-07-13,22.999693294401865,72.60115569230976,301.3733107248942,28.223310724894247
2018-07-14,22.999693294401865,72.60115569230976,299.84535026550293,26.695350265502952
2018-07-15,22.999693294401865,72.60115569230976,300.47808265686035,27.328082656860374
2018-07-16,22.999693294401865,72.60115569230976,299.87638155619305,26.726381556193076
2018-07-17,22.999693294401865,72.60115569230976,300.49077288309735,27.340772883097372
2018-07-18,22.999693294401865,72.60115569230976,300.309144337972,27.15914433797201
2018-07-19,22.999693294401865,72.60115569230976,300.20655059814453,27.056550598144554
2018-07-20,22.999693294401865,72.60115569230976,299.1343797047933,25.984379704793298
2018-07-21,22.999693294401865,72.60115569230976,299.7052822113037,26.555282211303734
2018-07-22,22.999693294401865,72.60115569230976,301.19462394714355,28.044623947143577
2018-07-23,22.999693294401865,72.60115569230976,300.5386377970378,27.388637797037802
2018-07-24,22.999693294401865,72.60115569230976,299.7944761912028,26.64447619120284
2018-07-25,22.999693294401865,72.60115569230976,300.4240659077962,27.274065907796228
2018-07-26,22.999693294401865,72.60115569230976,300.9851837158203,27.835183715820335
2018-07-27,22.999693294401865,72.60115569230976,301.0816020965576,27.93160209655764
2018-07-28,22.999693294401865,72.60115569230976,301.78566042582196,28.635660425821982
2018-07-29,22.999693294401865,72.60115569230976,300.9493052164714,27.799305216471396
2018-07-30,22.999693294401865,72.60115569230976,301.4846789042155,28.334678904215536
2018-07-31,22.999693294401865,72.60115569230976,301.41707611083984,28.267076110839866
2018-08-01,22.999693294401865,72.60115569230976,301.56706619262695,28.417066192626976
2018-08-02,22.999693294401865,72.60115569230976,301.71520233154297,28.56520233154299
2018-08-03,22.999693294401865,72.60115569230976,301.70392926534015,28.553929265340173
2018-08-04,22.999693294401865,72.60115569230976,301.9424343109131,28.79243431091311
2018-08-05,22.999693294401865,72.60115569230976,301.7044162750244,28.554416275024437
2018-08-06,22.999693294401865,72.60115569230976,301.6272557576497,28.477255757649743
2018-08-07,22.999693294401865,72.60115569230976,301.51444244384766,28.36444244384768
2018-08-08,22.999693294401865,72.60115569230976,300.8430353800456,27.693035380045615
2018-08-09,22.999693294401865,72.60115569230976,300.8493887583415,27.699388758341513
2018-08-10,22.999693294401865,72.60115569230976,301.5555070241292,28.405507024129236
2018-08-11,22.999693294401865,72.60115569230976,301.710018157959,28.560018157959007
2018-08-12,22.999693294401865,72.60115569230976,301.38801129659015,28.238011296590173
2018-08-13,22.999693294401865,72.60115569230976,301.71164004007977,28.561640040079794
2018-08-14,22.999693294401865,72.60115569230976,301.7038319905599,28.5538319905599
2018-08-15,22.999693294401865,72.60115569230976,301.9438368479411,28.793836847941122
2018-08-16,22.999693294401865,72.60115569230976,301.85547002156574,28.70547002156576
2018-08-17,22.999693294401865,72.60115569230976,299.0681387583415,25.918138758341513
2018-08-18,22.999693294401865,72.60115569230976,300.17338307698566,27.02338307698568
2018-08-19,22.999693294401865,72.60115569230976,300.11921819051105,26.96921819051107
2018-08-20,22.999693294401865,72.60115569230976,300.2541160583496,27.104116058349632
2018-08-21,22.999693294401865,72.60115569230976,298.41586939493817,25.265869394938193
2018-08-22,22.999693294401865,72.60115569230976,298.4968795776367,25.34687957763674
2018-08-23,22.999693294401865,72.60115569230976,300.0582160949707,26.908216094970726
2018-08-24,22.999693294401865,72.60115569230976,300.17084376017254,27.020843760172568
2018-08-25,22.999693294401865,72.60115569230976,299.50961176554364,26.35961176554366
2018-08-26,22.999693294401865,72.60115569230976,299.1908594767253,26.040859476725302
2018-08-27,22.999693294401865,72.60115569230976,299.8939488728841,26.74394887288412
2018-08-28,22.999693294401865,72.60115569230976,300.4874445597331,27.337444559733115
2018-08-29,22.999693294401865,72.60115569230976,299.3835391998291,26.233539199829124
2018-08-30,22.999693294401865,72.60115569230976,299.60184987386066,26.45184987386068
2018-08-31,22.999693294401865,72.60115569230976,299.2107340494792,26.06073404947921
2018-09-01,22.999693294401865,72.60115569230976,299.01892852783203,25.868928527832054
2018-09-02,22.999693294401865,72.60115569230976,299.9173863728841,26.76738637288412
2018-09-03,22.999693294401865,72.60115569230976,299.80599276224774,26.655992762247763
2018-09-04,22.999693294401865,72.60115569230976,299.93982060750324,26.78982060750326
2018-09-05,22.999693294401865,72.60115569230976,299.55120277404785,26.401202774047874
2018-09-06,22.999693294401865,72.60115569230976,299.35872141520184,26.208721415201865
2018-09-07,22.999693294401865,72.60115569230976,299.18838183085126,26.03838183085128
2018-09-08,22.999693294401865,72.60115569230976,298.6427758534749,25.49277585347494
2018-09-09,22.999693294401865,72.60115569230976,298.2908852895101,25.140885289510095
2018-09-10,22.999693294401865,72.60115569230976,299.6843897501628,26.534389750162802
2018-09-11,22.999693294401865,72.60115569230976,300.3568522135417,27.20685221354171
2018-09-12,22.999693294401865,72.60115569230976,300.3658390045166,27.215839004516624
2018-09-13,22.999693294401865,72.60115569230976,300.0101540883382,26.86015408833822
2018-09-14,22.999693294401865,72.60115569230976,300.07311884562176,26.923118845621786
2018-09-15,22.999693294401865,72.60115569230976,300.1504249572754,27.000424957275413
2018-09-16,22.999693294401865,72.60115569230976,300.41553624471027,27.26553624471029
2018-09-17,22.999693294401865,72.60115569230976,300.6278355916341,27.47783559163412
2018-09-18,22.999693294401865,72.60115569230976,301.2646789550781,28.114678955078148
2018-09-19,22.999693294401865,72.60115569230976,301.63387934366864,28.48387934366866
2018-09-20,22.999693294401865,72.60115569230976,302.0779113769531,28.927911376953148
2018-09-21,22.999693294401865,72.60115569230976,302.99760309855145,29.847603098551474
2018-09-22,22.999693294401865,72.60115569230976,301.12291018168133,27.972910181681357
2018-09-23,22.999693294401865,72.60115569230976,301.232219060262,28.082219060262048
2018-09-24,22.999693294401865,72.60115569230976,301.75769297281903,28.607692972819052
2018-09-25,22.999693294401865,72.60115569230976,301.5734049479167,28.42340494791671
2018-09-26,22.999693294401865,72.60115569230976,300.71424929300946,27.564249293009482
2018-09-27,22.999693294401865,72.60115569230976,301.26462682088214,28.114626820882165
2018-09-28,22.999693294401865,72.60115569230976,302.2032750447591,29.05327504475912
2018-09-29,22.999693294401865,72.60115569230976,302.4409039815267,29.290903981526696
2018-09-30,22.999693294401865,72.60115569230976,302.4925765991211,29.342576599121116
2018-10-01,22.999693294401865,72.60115569230976,302.53055572509766,29.38055572509768
2018-10-02,22.999693294401865,72.60115569230976,303.37894439697266,30.22894439697268
2018-10-03,22.999693294401865,72.60115569230976,304.13358942667645,30.983589426676474
2018-10-04,22.999693294401865,72.60115569230976,304.20527331034344,31.055273310343466
2018-10-05,22.999693294401865,72.60115569230976,303.83997472127277,30.68997472127279
2018-10-06,22.999693294401865,72.60115569230976,303.7351309458415,30.585130945841513
2018-10-07,22.999693294401865,72.60115569230976,303.4554328918457,30.305432891845726
2018-10-08,22.999693294401865,72.60115569230976,303.1719779968262,30.021977996826195
2018-10-09,22.999693294401865,72.60115569230976,303.18320910135907,30.03320910135909
2018-10-10,22.999693294401865,72.60115569230976,304.09154383341473,30.941543833414755
2018-10-11,22.999693294401865,72.60115569230976,303.79850641886395,30.648506418863974
2018-10-12,22.999693294401865,72.60115569230976,303.28202565511066,30.13202565511068
2018-10-13,22.999693294401865,72.60115569230976,303.22644488016766,30.076444880167685
2018-10-14,22.999693294401865,72.60115569230976,303.1436017354329,29.993601735432946
2018-10-15,22.999693294401865,72.60115569230976,302.7237911224365,29.573791122436546
2018-10-16,22.999693294401865,72.60115569230976,303.31054878234863,30.160548782348656
2018-10-17,22.999693294401865,72.60115569230976,302.9870961507161,29.83709615071615
2018-10-18,22.999693294401865,72.60115569230976,303.10110600789386,29.951106007893884
2018-10-19,22.999693294401865,72.60115569230976,303.4290142059326,30.27901420593264
2018-10-20,22.999693294401865,72.60115569230976,303.74974060058594,30.59974060058596
2018-10-21,22.999693294401865,72.60115569230976,302.0143572489421,28.8643572489421
2018-10-22,22.999693294401865,72.60115569230976,300.8386637369792,27.68866373697921
2018-10-23,22.999693294401865,72.60115569230976,301.19051297505695,28.04051297505697
2018-10-24,22.999693294401865,72.60115569230976,301.65203857421875,28.502038574218773
2018-10-25,22.999693294401865,72.60115569230976,302.2121690114339,29.062169011433923
2018-10-26,22.999693294401865,72.60115569230976,301.5604470570882,28.41044705708822
2018-10-27,22.999693294401865,72.60115569230976,301.31860478719074,28.16860478719076
2018-10-28,22.999693294401865,72.60115569230976,301.2272555033366,28.07725550333663
2018-10-29,22.999693294401865,72.60115569230976,301.13740793863934,27.987407938639365
2018-10-30,22.999693294401865,72.60115569230976,300.5544039408366,27.40440394083663
2018-10-31,22.999693294401865,72.60115569230976,300.7196210225423,27.56962102254232
2018-11-01,22.999693294401865,72.60115569230976,301.44442558288574,28.294425582885765
2018-11-02,22.999693294401865,72.60115569230976,301.75012969970703,28.600129699707054
2018-11-03,22.999693294401865,72.60115569230976,301.9555441538493,28.805544153849326
2018-11-04,22.999693294401865,72.60115569230976,302.1104558308919,28.96045583089193
2018-11-05,22.999693294401865,72.60115569230976,301.0459779103597,27.895977910359704
2018-11-06,22.999693294401865,72.60115569230976,299.52074305216473,26.370743052164755
2018-11-07,22.999693294401865,72.60115569230976,298.3384812672933,25.188481267293298
2018-11-08,22.999693294401865,72.60115569230976,298.29295539855957,25.142955398559593
2018-11-09,22.999693294401865,72.60115569230976,298.46105639139813,25.311056391398154
2018-11-10,22.999693294401865,72.60115569230976,298.71684646606445,25.566846466064476
2018-11-11,22.999693294401865,72.60115569230976,299.4031276702881,26.25312767028811
2018-11-12,22.999693294401865,72.60115569230976,299.2789357503255,26.128935750325525
2018-11-13,22.999693294401865,72.60115569230976,300.04576174418133,26.895761744181357
2018-11-14,22.999693294401865,72.60115569230976,299.7369041442871,26.586904144287132
2018-11-15,22.999693294401865,72.60115569230976,299.90023104349774,26.750231043497763
2018-11-16,22.999693294401865,72.60115569230976,298.9418182373047,25.79181823730471
2018-11-17,22.999693294401865,72.60115569230976,298.37279828389484,25.22279828389486
2018-11-18,22.999693294401865,72.60115569230976,298.7691733042399,25.61917330423995
2018-11-19,22.999693294401865,72.60115569230976,299.0055955251058,25.855595525105798
2018-11-20,22.999693294401865,72.60115569230976,298.7975705464681,25.647570546468103
2018-11-21,22.999693294401865,72.60115569230976,299.74803924560547,26.59803924560549
2018-11-22,22.999693294401865,72.60115569230976,300.63303502400714,27.483035024007165
2018-11-23,22.999693294401865,72.60115569230976,300.049519220988,26.899519220987997
2018-11-24,22.999693294401865,72.60115569230976,298.99871762593585,25.848717625935876
2018-11-25,22.999693294401865,72.60115569230976,298.68337631225586,25.533376312255882
2018-11-26,22.999693294401865,72.60115569230976,298.35915184020996,25.209151840209984
2018-11-27,22.999693294401865,72.60115569230976,297.8763256072998,24.726325607299827
2018-11-28,22.999693294401865,72.60115569230976,297.6426944732666,24.492694473266624
2018-11-29,22.999693294401865,72.60115569230976,297.25056139628094,24.100561396280966
2018-11-30,22.999693294401865,72.60115569230976,296.82057507832843,23.670575078328454
2018-12-01,22.999693294401865,72.60115569230976,296.27077356974286,23.12077356974288
2018-12-02,22.999693294401865,72.60115569230976,296.2783196767171,23.128319676717126
2018-12-03,22.999693294401865,72.60115569230976,296.6097469329834,23.45974693298342
2018-12-04,22.999693294401865,72.60115569230976,296.94867006937665,23.79867006937667
2018-12-05,22.999693294401865,72.60115569230976,296.43500836690265,23.285008366902673
2018-12-06,22.999693294401865,72.60115569230976,295.6317895253499,22.48178952534994
2018-12-07,22.999693294401865,72.60115569230976,295.3398087819417,22.189808781941736
2018-12-08,22.999693294401865,72.60115569230976,295.5678653717041,22.417865371704124
2018-12-09,22.999693294401865,72.60115569230976,295.2576319376628,22.107631937662802
2018-12-10,22.999693294401865,72.60115569230976,295.1105709075928,21.960570907592796
2018-12-11,22.999693294401865,72.60115569230976,296.39108721415204,23.24108721415206
2018-12-12,22.999693294401865,72.60115569230976,295.70935757954913,22.559357579549157
2018-12-13,22.999693294401865,72.60115569230976,293.00936762491864,19.85936762491866
2018-12-14,22.999693294401865,72.60115569230976,292.6238606770833,19.473860677083337
2018-12-15,22.999693294401865,72.60115569230976,293.0676409403483,19.91764094034835
2018-12-16,22.999693294401865,72.60115569230976,293.1416835784912,19.991683578491234
2018-12-17,22.999693294401865,72.60115569230976,292.3646068572998,19.214606857299827
2018-12-18,22.999693294401865,72.60115569230976,291.86449495951337,18.714494959513388
2018-12-19,22.999693294401865,72.60115569230976,292.1124623616536,18.96246236165365
2018-12-20,22.999693294401865,72.60115569230976,292.37562052408856,19.225620524088583
2018-12-21,22.999693294401865,72.60115569230976,293.08497683207196,19.934976832071982
2018-12-22,22.999693294401865,72.60115569230976,293.2393042246501,20.089304224650107
2018-12-23,22.999693294401865,72.60115569230976,294.0701319376628,20.920131937662802
2018-12-24,22.999693294401865,72.60115569230976,293.9182955423991,20.76829554239913
2018-12-25,22.999693294401865,72.60115569230976,292.7216733296712,19.571673329671228
2018-12-26,22.999693294401865,72.60115569230976,291.94591967264813,18.795919672648154
2018-12-27,22.999693294401865,72.60115569230976,291.3726743062337,18.222674306233728
2018-12-28,22.999693294401865,72.60115569230976,290.90417098999023,17.754170989990257
2018-12-29,22.999693294401865,72.60115569230976,290.82289187113446,17.672891871134482
2018-12-30,22.999693294401865,72.60115569230976,291.8091017405192,18.659101740519247
2018-12-31,22.999693294401865,72.60115569230976,292.54709498087567,19.397094980875693
2019-01-01,22.999693294401865,72.60115569230976,292.9407653808594,19.790765380859398
2019-01-02,22.999693294401865,72.60115569230976,293.24368985493976,20.093689854939782
2019-01-03,22.999693294401865,72.60115569230976,293.398593266805,20.248593266805017
2019-01-04,22.999693294401865,72.60115569230976,293.7203172047933,20.570317204793298
2019-01-05,22.999693294401865,72.60115569230976,293.8696575164795,20.719657516479515
2019-01-06,22.999693294401865,72.60115569230976,292.90904235839844,19.75904235839846
2019-01-07,22.999693294401865,72.60115569230976,291.54756991068524,18.397569910685263
2019-01-08,22.999693294401865,72.60115569230976,291.7622750600179,18.612275060017907
2019-01-09,22.999693294401865,72.60115569230976,292.3217207590739,19.171720759073935
2019-01-10,22.999693294401865,72.60115569230976,292.6937948862712,19.5437948862712
2019-01-11,22.999693294401865,72.60115569230976,293.13670412699383,19.986704126993857
2019-01-12,22.999693294401865,72.60115569230976,293.39511489868164,20.245114898681663
2019-01-13,22.999693294401865,72.60115569230976,294.2757116953532,21.125711695353232
2019-01-14,22.999693294401865,72.60115569230976,293.72539647420246,20.575396474202478
2019-01-15,22.999693294401865,72.60115569230976,293.0039882659912,19.853988265991234
2019-01-16,22.999693294401865,72.60115569230976,293.50895436604816,20.35895436604818
2019-01-17,22.999693294401865,72.60115569230976,293.93592007954913,20.785920079549157
2019-01-18,22.999693294401865,72.60115569230976,295.1645908355713,22.014590835571312
2019-01-19,22.999693294401865,72.60115569230976,296.04323895772296,22.893238957722986
2019-01-20,22.999693294401865,72.60115569230976,296.7343692779541,23.584369277954124
2019-01-21,22.999693294401865,72.60115569230976,295.4989668528239,22.348966852823935
2019-01-22,22.999693294401865,72.60115569230976,293.5667018890381,20.41670188903811
2019-01-23,22.999693294401865,72.60115569230976,292.8994903564453,19.749490356445335
2019-01-24,22.999693294401865,72.60115569230976,292.5850747426351,19.435074742635095
2019-01-25,22.999693294401865,72.60115569230976,291.0818843841553,17.931884384155296
2019-01-26,22.999693294401865,72.60115569230976,290.29819361368817,17.148193613688193
2019-01-27,22.999693294401865,72.60115569230976,290.10458183288574,16.954581832885765
2019-01-28,22.999693294401865,72.60115569230976,289.95554606119794,16.80554606119796
2019-01-29,22.999693294401865,72.60115569230976,290.2683645884196,17.118364588419638
2019-01-30,22.999693294401865,72.60115569230976,291.68738110860187,18.537381108601892
2019-01-31,22.999693294401865,72.60115569230976,292.78707949320477,19.637079493204794
2019-02-01,22.999693294401865,72.60115569230976,293.05211639404297,19.90211639404299
2019-02-02,22.999693294401865,72.60115569230976,292.67677815755206,19.526778157552087
2019-02-03,22.999693294401865,72.60115569230976,295.2058041890462,22.055804189046228
2019-02-04,22.999693294401865,72.60115569230976,297.51268196105957,24.362681961059593
2019-02-05,22.999693294401865,72.60115569230976,297.2319755554199,24.081975555419945
2019-02-06,22.999693294401865,72.60115569230976,295.39523696899414,22.245236968994163
2019-02-07,22.999693294401865,72.60115569230976,291.2867431640625,18.136743164062523
2019-02-08,22.999693294401865,72.60115569230976,289.94811693827313,16.798116938273154
2019-02-09,22.999693294401865,72.60115569230976,290.5212262471517,17.371226247151696
2019-02-10,22.999693294401865,72.60115569230976,292.0802472432454,18.930247243245446
2019-02-11,22.999693294401865,72.60115569230976,294.18643315633136,21.036433156331384
2019-02-12,22.999693294401865,72.60115569230976,296.7094980875651,23.559498087565146
2019-02-13,22.999693294401865,72.60115569230976,297.9159406026204,24.765940602620446
2019-02-14,22.999693294401865,72.60115569230976,295.6834964752197,22.53349647521975
2019-02-15,22.999693294401865,72.60115569230976,295.4822171529134,22.332217152913415
2019-02-16,22.999693294401865,72.60115569230976,294.0854187011719,20.935418701171898
2019-02-17,22.999693294401865,72.60115569230976,295.23475011189777,22.08475011189779
2019-02-18,22.999693294401865,72.60115569230976,295.75397936503094,22.603979365030966
2019-02-19,22.999693294401865,72.60115569230976,296.2669022878011,23.11690228780111
2019-02-20,22.999693294401865,72.60115569230976,299.4066791534424,26.256679153442406
2019-02-21,22.999693294401865,72.60115569230976,297.946813583374,24.796813583374046
2019-02-22,22.999693294401865,72.60115569230976,297.69761085510254,24.547610855102562
2019-02-23,22.999693294401865,72.60115569230976,296.2384560902913,23.088456090291345
2019-02-24,22.999693294401865,72.60115569230976,296.3745574951172,23.22455749511721
2019-02-25,22.999693294401865,72.60115569230976,297.222801844279,24.072801844279013
2019-02-26,22.999693294401865,72.60115569230976,296.58228429158527,23.43228429158529
2019-02-27,22.999693294401865,72.60115569230976,295.497345606486,22.347345606486044
2019-02-28,22.999693294401865,72.60115569230976,294.33750343322754,21.187503433227562
2019-03-01,22.999693294401865,72.60115569230976,296.1884428660075,23.03844286600753
2019-03-02,22.999693294401865,72.60115569230976,299.3156973520915,26.165697352091513
2019-03-03,22.999693294401865,72.60115569230976,297.39950942993164,24.249509429931663
2019-03-04,22.999693294401865,72.60115569230976,296.2149766286214,23.064976628621423
2019-03-05,22.999693294401865,72.60115569230976,296.3037846883138,23.153784688313806
2019-03-06,22.999693294401865,72.60115569230976,297.00353749593097,23.853537495930993
2019-03-07,22.999693294401865,72.60115569230976,297.4690761566162,24.319076156616234
2019-03-08,22.999693294401865,72.60115569230976,298.00903574625653,24.859035746256552
2019-03-09,22.999693294401865,72.60115569230976,298.48638979593915,25.33638979593917
2019-03-10,22.999693294401865,72.60115569230976,299.2903601328532,26.140360132853232
2019-03-11,22.999693294401865,72.60115569230976,297.0281232198079,23.878123219807946
2019-03-12,22.999693294401865,72.60115569230976,297.33789761861163,24.187897618611657
2019-03-13,22.999693294401865,72.60115569230976,297.94584973653156,24.79584973653158
2019-03-14,22.999693294401865,72.60115569230976,297.43175252278644,24.281752522786462
2019-03-15,22.999693294401865,72.60115569230976,297.97473335266113,24.824733352661156
2019-03-16,22.999693294401865,72.60115569230976,298.84443791707355,25.69443791707357
2019-03-17,22.999693294401865,72.60115569230976,299.3859297434489,26.235929743448935
2019-03-18,22.999693294401865,72.60115569230976,299.8875439961751,26.737543996175134
2019-03-19,22.999693294401865,72.60115569230976,301.0744686126709,27.92446861267092
2019-03-20,22.999693294401865,72.60115569230976,300.0268046061198,26.876804606119833
2019-03-21,22.999693294401865,72.60115569230976,300.06609598795575,26.91609598795577
2019-03-22,22.999693294401865,72.60115569230976,301.1662082672119,28.016208267211937
2019-03-23,22.999693294401865,72.60115569230976,301.98925463358563,28.839254633585654
2019-03-24,22.999693294401865,72.60115569230976,303.3959878285726,30.245987828572595
2019-03-25,22.999693294401865,72.60115569230976,303.64416694641113,30.494166946411156
2019-03-26,22.999693294401865,72.60115569230976,302.8892237345378,29.739223734537802
2019-03-27,22.999693294401865,72.60115569230976,303.7885335286458,30.638533528645837
2019-03-28,22.999693294401865,72.60115569230976,305.14841588338214,31.998415883382165
2019-03-29,22.999693294401865,72.60115569230976,305.1588128407796,32.008812840779626
2019-03-30,22.999693294401865,72.60115569230976,305.0363661448161,31.886366144816122
2019-03-31,22.999693294401865,72.60115569230976,304.7697919209798,31.61979192097982
2019-04-01,22.999693294401865,72.60115569230976,304.2838617960612,31.13386179606124
2019-04-02,22.999693294401865,72.60115569230976,304.5577863057454,31.407786305745446
2019-04-03,22.999693294401865,72.60115569230976,305.165678024292,32.015678024292015
2019-04-04,22.999693294401865,72.60115569230976,306.1632671356201,33.01326713562014
2019-04-05,22.999693294401865,72.60115569230976,304.6864439646403,31.53644396464034
2019-04-06,22.999693294401865,72.60115569230976,304.1929219563802,31.042921956380212
2019-04-07,22.999693294401865,72.60115569230976,304.6582317352295,31.508231735229515
2019-04-08,22.999693294401865,72.60115569230976,304.7409553527832,31.590955352783226
2019-04-09,22.999693294401865,72.60115569230976,304.6511058807373,31.501105880737327
2019-04-10,22.999693294401865,72.60115569230976,305.2135702768962,32.0635702768962
2019-04-11,22.999693294401865,72.60115569230976,306.1661434173584,33.01614341735842
2019-04-12,22.999693294401865,72.60115569230976,306.71568298339844,33.56568298339846
2019-04-13,22.999693294401865,72.60115569230976,306.59313837687176,33.44313837687179
2019-04-14,22.999693294401865,72.60115569230976,307.2699508666992,34.11995086669924
2019-04-15,22.999693294401865,72.60115569230976,305.9260851542155,32.77608515421554
2019-04-16,22.999693294401865,72.60115569230976,301.6204541524251,28.470454152425134
2019-04-17,22.999693294401865,72.60115569230976,300.88939984639484,27.73939984639486
2019-04-18,22.999693294401865,72.60115569230976,302.6790517171224,29.5290517171224
2019-04-19,22.999693294401865,72.60115569230976,303.56846682230633,30.418466822306357
2019-04-20,22.999693294401865,72.60115569230976,304.2142957051595,31.06429570515951
2019-04-21,22.999693294401865,72.60115569230976,305.07586097717285,31.925860977172874
2019-04-22,22.999693294401865,72.60115569230976,306.03309694925946,32.88309694925948
2019-04-23,22.999693294401865,72.60115569230976,307.0720748901367,33.92207489013674
2019-04-24,22.999693294401865,72.60115569230976,306.93735694885254,33.78735694885256
2019-04-25,22.999693294401865,72.60115569230976,306.76916631062824,33.61916631062826
2019-04-26,22.999693294401865,72.60115569230976,307.99253845214844,34.84253845214846
2019-04-27,22.999693294401865,72.60115569230976,308.1714636484782,35.02146364847823
2019-04-28,22.999693294401865,72.60115569230976,307.7181803385417,34.56818033854171
2019-04-29,22.999693294401865,72.60115569230976,307.02393341064453,33.873933410644554
2019-04-30,22.999693294401865,72.60115569230976,305.8082338968913,32.65823389689132
2019-05-01,22.999693294401865,72.60115569230976,305.7165520985921,32.566552098592126
2019-05-02,22.999693294401865,72.60115569230976,305.5940653483073,32.44406534830733
2019-05-03,22.999693294401865,72.60115569230976,305.5619436899821,32.41194368998214
2019-05-04,22.999693294401865,72.60115569230976,304.802583694458,31.65258369445803
2019-05-05,22.999693294401865,72.60115569230976,305.1775360107422,32.02753601074221
2019-05-06,22.999693294401865,72.60115569230976,306.1713072458903,33.02130724589034
2019-05-07,22.999693294401865,72.60115569230976,306.52839215596515,33.37839215596517
2019-05-08,22.999693294401865,72.60115569230976,305.3169644673665,32.16696446736654
2019-05-09,22.999693294401865,72.60115569230976,304.5418395996094,31.391839599609398
2019-05-10,22.999693294401865,72.60115569230976,304.3150520324707,31.165052032470726
2019-05-11,22.999693294401865,72.60115569230976,305.14777755737305,31.99777755737307
2019-05-12,22.999693294401865,72.60115569230976,306.0576108296712,32.90761082967123
2019-05-13,22.999693294401865,72.60115569230976,305.653476079305,32.50347607930502
2019-05-14,22.999693294401865,72.60115569230976,305.4110813140869,32.26108131408694
2019-05-15,22.999693294401865,72.60115569230976,305.10619354248047,31.95619354248049
2019-05-16,22.999693294401865,72.60115569230976,305.3097972869873,32.15979728698733
2019-05-17,22.999693294401865,72.60115569230976,305.21084213256836,32.06084213256838
2019-05-18,22.999693294401865,72.60115569230976,306.0529492696126,32.902949269612634
2019-05-19,22.999693294401865,72.60115569230976,306.74366188049316,33.59366188049319
2019-05-20,22.999693294401865,72.60115569230976,307.68962987263996,34.53962987263998
2019-05-21,22.999693294401865,72.60115569230976,308.1233444213867,34.97334442138674
2019-05-22,22.999693294401865,72.60115569230976,307.99791208902997,34.84791208902999
2019-05-23,22.999693294401865,72.60115569230976,307.95362917582196,34.80362917582198
2019-05-24,22.999693294401865,72.60115569230976,307.08730697631836,33.93730697631838
2019-05-25,22.999693294401865,72.60115569230976,307.4420649210612,34.29206492106124
2019-05-26,22.999693294401865,72.60115569230976,307.849266688029,34.69926668802901
2019-05-27,22.999693294401865,72.60115569230976,307.6620724995931,34.5120724995931
2019-05-28,22.999693294401865,72.60115569230976,307.8495642344157,34.69956423441573
2019-05-29,22.999693294401865,72.60115569230976,307.74535242716473,34.595352427164755
2019-05-30,22.999693294401865,72.60115569230976,307.3360678354899,34.18606783548995
2019-05-31,22.999693294401865,72.60115569230976,306.87284596761066,33.72284596761068
2019-06-01,22.999693294401865,72.60115569230976,307.10833231608075,33.95833231608077
2019-06-02,22.999693294401865,72.60115569230976,307.98132578531903,34.83132578531905
2019-06-03,22.999693294401865,72.60115569230976,307.56005541483563,34.410055414835654
2019-06-04,22.999693294401865,72.60115569230976,307.67451159159344,34.524511591593466
2019-06-05,22.999693294401865,72.60115569230976,307.87549591064453,34.725495910644554
2019-06-06,22.999693294401865,72.60115569230976,307.30946286519367,34.15946286519369
2019-06-07,22.999693294401865,72.60115569230976,308.74338722229004,35.59338722229006
2019-06-08,22.999693294401865,72.60115569230976,308.4748713175456,35.324871317545615
2019-06-09,22.999693294401865,72.60115569230976,307.79441769917804,34.644417699178064
2019-06-10,22.999693294401865,72.60115569230976,307.07418123881024,33.92418123881026
2019-06-11,22.999693294401865,72.60115569230976,308.19521458943683,35.04521458943685
2019-06-12,22.999693294401865,72.60115569230976,305.9746259053548,32.82462590535482
2019-06-13,22.999693294401865,72.60115569230976,303.9768238067627,30.826823806762718
2019-06-14,22.999693294401865,72.60115569230976,303.7114766438802,30.561476643880212
2019-06-15,22.999693294401865,72.60115569230976,302.9966055552165,29.846605555216513
2019-06-16,22.999693294401865,72.60115569230976,303.7756824493408,30.625682449340843
2019-06-17,22.999693294401865,72.60115569230976,303.9989706675212,30.8489706675212
2019-06-18,22.999693294401865,72.60115569230976,302.1454219818115,28.995421981811546
2019-06-19,22.999693294401865,72.60115569230976,304.34665870666504,31.196658706665062
2019-06-20,22.999693294401865,72.60115569230976,303.6797154744466,30.52971547444662
2019-06-21,22.999693294401865,72.60115569230976,304.9717667897542,31.821766789754236
2019-06-22,22.999693294401865,72.60115569230976,305.4645799001058,32.3145799001058
2019-06-23,22.999693294401865,72.60115569230976,305.37806638081867,32.22806638081869
2019-06-24,22.999693294401865,72.60115569230976,304.65199915568036,31.50199915568038
2019-06-25,22.999693294401865,72.60115569230976,301.52550506591797,28.37550506591799
2019-06-26,22.999693294401865,72.60115569230976,302.82961146036786,29.67961146036788
2019-06-27,22.999693294401865,72.60115569230976,303.4437999725342,30.293799972534202
2019-06-28,22.999693294401865,72.60115569230976,303.0352611541748,29.885261154174827
2019-06-29,22.999693294401865,72.60115569230976,303.9631748199463,30.813174819946312
2019-06-30,22.999693294401865,72.60115569230976,303.71367327372235,30.563673273722372
2019-07-01,22.999693294401865,72.60115569230976,303.2850278218587,30.135027821858728
2019-07-02,22.999693294401865,72.60115569230976,303.610205968221,30.460205968221032
2019-07-03,22.999693294401865,72.60115569230976,301.84548060099286,28.69548060099288
2019-07-04,22.999693294401865,72.60115569230976,301.01405970255536,27.86405970255538
2019-07-05,22.999693294401865,72.60115569230976,300.8428153991699,27.692815399169945
2019-07-06,22.999693294401865,72.60115569230976,301.0013147989909,27.851314798990927
2019-07-07,22.999693294401865,72.60115569230976,302.8353665669759,29.685366566975915
2019-07-08,22.999693294401865,72.60115569230976,302.9430974324544,29.79309743245443
2019-07-09,22.999693294401865,72.60115569230976,303.14012209574383,29.990122095743857
2019-07-10,22.999693294401865,72.60115569230976,303.5685787200928,30.418578720092796
2019-07-11,22.999693294401865,72.60115569230976,303.9589703877767,30.808970387776696
2019-07-12,22.999693294401865,72.60115569230976,303.6646366119385,30.5146366119385
2019-07-13,22.999693294401865,72.60115569230976,304.31771087646484,31.167710876464866
2019-07-14,22.999693294401865,72.60115569230976,304.7999776204427,31.649977620442712
2019-07-15,22.999693294401865,72.60115569230976,305.0951042175293,31.94510421752932
2019-07-16,22.999693294401865,72.60115569230976,304.5667839050293,31.41678390502932
2019-07-17,22.999693294401865,72.60115569230976,304.4552179972331,31.305217997233115
2019-07-18,22.999693294401865,72.60115569230976,304.6461766560872,31.496176656087243
2019-07-19,22.999693294401865,72.60115569230976,305.24925231933594,32.09925231933596
2019-07-20,22.999693294401865,72.60115569230976,306.3781572977702,33.228157297770224
2019-07-21,22.999693294401865,72.60115569230976,304.39546902974445,31.24546902974447
2019-07-22,22.999693294401865,72.60115569230976,304.4117736816406,31.261773681640648
2019-07-23,22.999693294401865,72.60115569230976,305.0587412516276,31.908741251627646
2019-07-24,22.999693294401865,72.60115569230976,304.87826983133954,31.72826983133956
2019-07-25,22.999693294401865,72.60115569230976,303.47422981262207,30.324229812622093
2019-07-26,22.999693294401865,72.60115569230976,303.26187896728516,30.11187896728518
2019-07-27,22.999693294401865,72.60115569230976,302.9665883382161,29.81658833821615
2019-07-28,22.999693294401865,72.60115569230976,301.7885564168294,28.63855641682943
2019-07-29,22.999693294401865,72.60115569230976,301.1846981048584,28.03469810485842
2019-07-30,22.999693294401865,72.60115569230976,300.54532114664715,27.395321146647177
2019-07-31,22.999693294401865,72.60115569230976,300.1061948140462,26.956194814046228
2019-08-01,22.999693294401865,72.60115569230976,299.05260276794434,25.90260276794436
2019-08-02,22.999693294401865,72.60115569230976,299.98792203267413,26.837922032674157
2019-08-03,22.999693294401865,72.60115569230976,300.3418738047282,27.191873804728232
2019-08-04,22.999693294401865,72.60115569230976,300.3072160085042,27.157216008504236
2019-08-05,22.999693294401865,72.60115569230976,301.2517560323079,28.101756032307946
2019-08-06,22.999693294401865,72.60115569230976,301.849022547404,28.699022547404013
2019-08-07,22.999693294401865,72.60115569230976,301.7952016194661,28.64520161946615
2019-08-08,22.999693294401865,72.60115569230976,299.87269655863446,26.722696558634482
2019-08-09,22.999693294401865,72.60115569230976,298.87491671244305,25.724916712443076
2019-08-10,22.999693294401865,72.60115569230976,298.6311270395915,25.481127039591513
2019-08-11,22.999693294401865,72.60115569230976,299.7881285349528,26.63812853495284
2019-08-12,22.999693294401865,72.60115569230976,300.9834753672282,27.833475367228232
2019-08-13,22.999693294401865,72.60115569230976,301.55110931396484,28.401109313964866
2019-08-14,22.999693294401865,72.60115569230976,300.55346425374347,27.403464253743493
2019-08-15,22.999693294401865,72.60115569230976,299.17019208272296,26.020192082722986
2019-08-16,22.999693294401865,72.60115569230976,299.16056124369305,26.010561243693076
2019-08-17,22.999693294401865,72.60115569230976,300.8643029530843,27.714302953084314
2019-08-18,22.999693294401865,72.60115569230976,301.0382614135742,27.88826141357424
2019-08-19,22.999693294401865,72.60115569230976,300.8212140401204,27.671214040120446
2019-08-20,22.999693294401865,72.60115569230976,301.3031469980876,28.153146998087607
2019-08-21,22.999693294401865,72.60115569230976,300.972500483195,27.82250048319503
2019-08-22,22.999693294401865,72.60115569230976,300.87344296773273,27.72344296773275
2019-08-23,22.999693294401865,72.60115569230976,301.02053451538086,27.870534515380882
2019-08-24,22.999693294401865,72.60115569230976,301.3377227783203,28.187722778320335
2019-08-25,22.999693294401865,72.60115569230976,301.07691383361816,27.926913833618187
2019-08-26,22.999693294401865,72.60115569230976,299.1823609670003,26.03236096700033
2019-08-27,22.999693294401865,72.60115569230976,299.8314011891683,26.681401189168298
2019-08-28,22.999693294401865,72.60115569230976,300.0313256581624,26.88132565816244
2019-08-29,22.999693294401865,72.60115569230976,300.60168202718097,27.451682027180993
2019-08-30,22.999693294401865,72.60115569230976,300.9634927113851,27.813492711385095
2019-08-31,22.999693294401865,72.60115569230976,301.23152987162274,28.081529871622763
2019-09-01,22.999693294401865,72.60115569230976,300.1897741953532,27.039774195353232
2019-09-02,22.999693294401865,72.60115569230976,300.8202718098958,27.670271809895837
2019-09-03,22.999693294401865,72.60115569230976,300.7583948771159,27.608394877115927
2019-09-04,22.999693294401865,72.60115569230976,300.6194788614909,27.469478861490927
2019-09-05,22.999693294401865,72.60115569230976,300.6883462270101,27.538346227010095
2019-09-06,22.999693294401865,72.60115569230976,300.99313735961914,27.843137359619163
2019-09-07,22.999693294401865,72.60115569230976,301.22966384887695,28.079663848876976
2019-09-08,22.999693294401865,72.60115569230976,301.31549135843915,28.16549135843917
2019-09-09,22.999693294401865,72.60115569230976,300.2828203837077,27.132820383707724
2019-09-10,22.999693294401865,72.60115569230976,298.32773462931317,25.177734629313193
2019-09-11,22.999693294401865,72.60115569230976,299.1143678029378,25.96436780293783
2019-09-12,22.999693294401865,72.60115569230976,300.48204676310223,27.332046763102255
2019-09-13,22.999693294401865,72.60115569230976,299.3583787282308,26.208378728230798
2019-09-14,22.999693294401865,72.60115569230976,300.4289207458496,27.278920745849632
2019-09-15,22.999693294401865,72.60115569230976,300.3967990875244,27.246799087524437
2019-09-16,22.999693294401865,72.60115569230976,301.2012634277344,28.051263427734398
2019-09-17,22.999693294401865,72.60115569230976,301.62857246398926,28.47857246398928
2019-09-18,22.999693294401865,72.60115569230976,301.8587176005046,28.7087176005046
2019-09-19,22.999693294401865,72.60115569230976,302.24251619974774,29.092516199747763
2019-09-20,22.999693294401865,72.60115569230976,301.048490524292,27.898490524292015
2019-09-21,22.999693294401865,72.60115569230976,300.286034266154,27.136034266154013
2019-09-22,22.999693294401865,72.60115569230976,300.74647585550946,27.596475855509482
2019-09-23,22.999693294401865,72.60115569230976,300.87502606709796,27.725026067097986
2019-09-24,22.999693294401865,72.60115569230976,301.27796427408856,28.127964274088583
2019-09-25,22.999693294401865,72.60115569230976,301.4417413075765,28.2917413075765
2019-09-26,22.999693294401865,72.60115569230976,300.6676438649495,27.517643864949548
2019-09-27,22.999693294401865,72.60115569230976,298.4332739512126,25.283273951212607
2019-09-28,22.999693294401865,72.60115569230976,298.85643513997394,25.706435139973962
2019-09-29,22.999693294401865,72.60115569230976,299.0964234670003,25.94642346700033
2019-09-30,22.999693294401865,72.60115569230976,298.14811515808105,24.998115158081077
2019-10-01,22.999693294401865,72.60115569230976,299.86144828796387,26.71144828796389
2019-10-02,22.999693294401865,72.60115569230976,299.9100755055745,26.760075505574548
2019-10-03,22.999693294401865,72.60115569230976,300.62345759073895,27.473457590738974
2019-10-04,22.999693294401865,72.60115569230976,300.4872455596924,27.337245559692406
2019-10-05,22.999693294401865,72.60115569230976,300.15106264750165,27.00106264750167
2019-10-06,22.999693294401865,72.60115569230976,300.2635447184245,27.11354471842452
2019-10-07,22.999693294401865,72.60115569230976,300.4874547322591,27.33745473225912
2019-10-08,22.999693294401865,72.60115569230976,301.2115599314372,28.061559931437216
2019-10-09,22.999693294401865,72.60115569230976,301.1242097218831,27.974209721883142
2019-10-10,22.999693294401865,72.60115569230976,300.92950948079425,27.779509480794275
2019-10-11,22.999693294401865,72.60115569230976,299.81583340962726,26.665833409627282
2019-10-12,22.999693294401865,72.60115569230976,299.308988571167,26.158988571167015
2019-10-13,22.999693294401865,72.60115569230976,299.55949783325195,26.409497833251976
2019-10-14,22.999693294401865,72.60115569230976,300.2933470408122,27.143347040812216
2019-10-15,22.999693294401865,72.60115569230976,300.91721026102704,27.76721026102706
2019-10-16,22.999693294401865,72.60115569230976,300.78486887613934,27.634868876139365
2019-10-17,22.999693294401865,72.60115569230976,300.6074682871501,27.457468287150107
2019-10-18,22.999693294401865,72.60115569230976,300.8304036458333,27.680403645833337
2019-10-19,22.999693294401865,72.60115569230976,300.65538024902344,27.50538024902346
2019-10-20,22.999693294401865,72.60115569230976,300.19475809733075,27.04475809733077
2019-10-21,22.999693294401865,72.60115569230976,299.91295115152997,26.76295115152999
2019-10-22,22.999693294401865,72.60115569230976,300.12250900268555,26.97250900268557
2019-10-23,22.999693294401865,72.60115569230976,299.4466203053792,26.296620305379236
2019-10-24,22.999693294401865,72.60115569230976,298.783727645874,25.633727645874046
2019-10-25,22.999693294401865,72.60115569230976,299.2219721476237,26.07197214762374
2019-10-26,22.999693294401865,72.60115569230976,299.78157297770184,26.631572977701865
2019-10-27,22.999693294401865,72.60115569230976,299.9025065104167,26.75250651041671
2019-10-28,22.999693294401865,72.60115569230976,300.440242767334,27.290242767334007
2019-10-29,22.999693294401865,72.60115569230976,299.89987500508624,26.749875005086267
2019-10-30,22.999693294401865,72.60115569230976,300.44033432006836,27.290334320068382
2019-10-31,22.999693294401865,72.60115569230976,300.89240582784015,27.742405827840173
2019-11-01,22.999693294401865,72.60115569230976,301.1805534362793,28.03055343627932
2019-11-02,22.999693294401865,72.60115569230976,298.59496625264484,25.44496625264486
2019-11-03,22.999693294401865,72.60115569230976,299.3279043833415,26.177904383341513
2019-11-04,22.999693294401865,72.60115569230976,299.7185751597087,26.5685751597087
2019-11-05,22.999693294401865,72.60115569230976,300.03743807474774,26.887438074747763
2019-11-06,22.999693294401865,72.60115569230976,299.84611829121906,26.69611829121908
2019-11-07,22.999693294401865,72.60115569230976,298.0072326660156,24.857232666015648
2019-11-08,22.999693294401865,72.60115569230976,298.79226938883465,25.642269388834677
2019-11-09,22.999693294401865,72.60115569230976,299.394687016805,26.244687016805017
2019-11-10,22.999693294401865,72.60115569230976,299.3077564239502,26.157756423950218
2019-11-11,22.999693294401865,72.60115569230976,298.96947924296063,25.819479242960654
2019-11-12,22.999693294401865,72.60115569230976,298.75193150838214,25.601931508382165
2019-11-13,22.999693294401865,72.60115569230976,299.1954771677653,26.04547716776534
2019-11-14,22.999693294401865,72.60115569230976,298.9456437428792,25.795643742879236
2019-11-15,22.999693294401865,72.60115569230976,298.1072642008464,24.957264200846396
2019-11-16,22.999693294401865,72.60115569230976,298.47485478719074,25.32485478719076
2019-11-17,22.999693294401865,72.60115569230976,298.69420941670734,25.54420941670736
2019-11-18,22.999693294401865,72.60115569230976,297.79279136657715,24.64279136657717
2019-11-19,22.999693294401865,72.60115569230976,296.934627532959,23.784627532959007
2019-11-20,22.999693294401865,72.60115569230976,297.2750434875488,24.12504348754885
2019-11-21,22.999693294401865,72.60115569230976,298.1434733072917,24.99347330729171
2019-11-22,22.999693294401865,72.60115569230976,297.9062728881836,24.756272888183616
2019-11-23,22.999693294401865,72.60115569230976,298.32097307840985,25.170973078409872
2019-11-24,22.999693294401865,72.60115569230976,298.545077641805,25.395077641805017
2019-11-25,22.999693294401865,72.60115569230976,298.2945448557536,25.144544855753622
2019-11-26,22.999693294401865,72.60115569230976,298.4784043629964,25.328404362996423
2019-11-27,22.999693294401865,72.60115569230976,298.17773691813153,25.027736918131552
2019-11-28,22.999693294401865,72.60115569230976,297.7298533121745,24.57985331217452
2019-11-29,22.999693294401865,72.60115569230976,297.1849791208903,24.03497912089034
2019-11-30,22.999693294401865,72.60115569230976,297.5949516296387,24.444951629638695
2019-12-01,22.999693294401865,72.60115569230976,297.08658599853516,23.93658599853518
2019-12-02,22.999693294401865,72.60115569230976,297.50141588846844,24.351415888468466
2019-12-03,22.999693294401865,72.60115569230976,297.7755470275879,24.625547027587913
2019-12-04,22.999693294401865,72.60115569230976,297.99880345662433,24.848803456624353
2019-12-05,22.999693294401865,72.60115569230976,298.78613154093426,25.636131540934286
2019-12-06,22.999693294401865,72.60115569230976,296.49597295125324,23.34597295125326
2019-12-07,22.999693294401865,72.60115569230976,295.2463970184326,22.09639701843264
2019-12-08,22.999693294401865,72.60115569230976,294.9230028788249,21.77300287882491
2019-12-09,22.999693294401865,72.60115569230976,295.103370030721,21.953370030721032
2019-12-10,22.999693294401865,72.60115569230976,295.0635681152344,21.913568115234398
2019-12-11,22.999693294401865,72.60115569230976,294.1697082519531,21.019708251953148
2019-12-12,22.999693294401865,72.60115569230976,294.3608220418294,21.21082204182943
2019-12-13,22.999693294401865,72.60115569230976,293.85672251383465,20.706722513834677
2019-12-14,22.999693294401865,72.60115569230976,293.0105660756429,19.860566075642907
2019-12-15,22.999693294401865,72.60115569230976,292.8887990315755,19.738799031575525
2019-12-16,22.999693294401865,72.60115569230976,292.2694447835286,19.11944478352865
2019-12-17,22.999693294401865,72.60115569230976,292.3549098968506,19.20490989685061
2019-12-18,22.999693294401865,72.60115569230976,293.29309972127277,20.14309972127279
2019-12-19,22.999693294401865,72.60115569230976,293.9194215138753,20.76942151387533
2019-12-20,22.999693294401865,72.60115569230976,294.4205958048503,21.270595804850302
2019-12-21,22.999693294401865,72.60115569230976,295.09862327575684,21.94862327575686
2019-12-22,22.999693294401865,72.60115569230976,296.28981526692706,23.139815266927087
2019-12-23,22.999693294401865,72.60115569230976,296.3038158416748,23.153815841674827
2019-12-24,22.999693294401865,72.60115569230976,295.7315451304118,22.581545130411826
2019-12-25,22.999693294401865,72.60115569230976,294.03550720214844,20.88550720214846
2019-12-26,22.999693294401865,72.60115569230976,292.4131209055583,19.26312090555831
2019-12-27,22.999693294401865,72.60115569230976,290.99279530843097,17.842795308430993
2019-12-28,22.999693294401865,72.60115569230976,290.45367940266925,17.303679402669275
2019-12-29,22.999693294401865,72.60115569230976,290.98175684611004,17.831756846110068
2019-12-30,22.999693294401865,72.60115569230976,291.75512949625653,18.605129496256552
2019-12-31,22.999693294401865,72.60115569230976,292.523001352946,19.373001352946005
2020-01-01,22.999693294401865,72.60115569230976,293.61072476704913,20.460724767049157
2020-01-02,22.999693294401865,72.60115569230976,292.8676013946533,19.717601394653343
2020-01-03,22.999693294401865,72.60115569230976,291.7722873687744,18.622287368774437
2020-01-04,22.999693294401865,72.60115569230976,291.73885790507,18.58885790507003
2020-01-05,22.999693294401865,72.60115569230976,291.9022439320882,18.75224393208822
2020-01-06,22.999693294401865,72.60115569230976,293.6347573598226,20.484757359822595
2020-01-07,22.999693294401865,72.60115569230976,294.71195284525555,21.561952845255576
2020-01-08,22.999693294401865,72.60115569230976,291.9862651824951,18.83626518249514
2020-01-09,22.999693294401865,72.60115569230976,289.79139200846356,16.641392008463583
2020-01-10,22.999693294401865,72.60115569230976,290.3012186686198,17.151218668619833
2020-01-11,22.999693294401865,72.60115569230976,293.1127134958903,19.96271349589034
2020-01-12,22.999693294401865,72.60115569230976,296.2296028137207,23.079602813720726
2020-01-13,22.999693294401865,72.60115569230976,292.7663453420003,19.61634534200033
2020-01-14,22.999693294401865,72.60115569230976,290.9643147786458,17.814314778645837
2020-01-15,22.999693294401865,72.60115569230976,289.810541788737,16.66054178873702
2020-01-16,22.999693294401865,72.60115569230976,289.35092544555664,16.200925445556663
2020-01-17,22.999693294401865,72.60115569230976,289.9403699239095,16.79036992390951
2020-01-18,22.999693294401865,72.60115569230976,290.9695192972819,17.819519297281943
2020-01-19,22.999693294401865,72.60115569230976,291.5988883972168,18.44888839721682
2020-01-20,22.999693294401865,72.60115569230976,291.6502405802409,18.500240580240927
2020-01-21,22.999693294401865,72.60115569230976,292.2390562693278,19.08905626932784
2020-01-22,22.999693294401865,72.60115569230976,293.435853322347,20.28585332234701
2020-01-23,22.999693294401865,72.60115569230976,293.5770689646403,20.42706896464034
2020-01-24,22.999693294401865,72.60115569230976,293.1093807220459,19.95938072204592
2020-01-25,22.999693294401865,72.60115569230976,293.47247250874835,20.322472508748376
2020-01-26,22.999693294401865,72.60115569230976,294.12427711486816,20.974277114868187
2020-01-27,22.999693294401865,72.60115569230976,294.47009595235187,21.320095952351892
2020-01-28,22.999693294401865,72.60115569230976,292.1488176981608,18.99881769816085
2020-01-29,22.999693294401865,72.60115569230976,290.7141965230306,17.564196523030603
2020-01-30,22.999693294401865,72.60115569230976,291.3536542256673,18.20365422566732
2020-01-31,22.999693294401865,72.60115569230976,291.8685022989909,18.718502298990927
2020-02-01,22.999693294401865,72.60115569230976,292.506550470988,19.356550470987997
2020-02-02,22.999693294401865,72.60115569230976,293.60486284891766,20.454862848917685
2020-02-03,22.999693294401865,72.60115569230976,293.82510566711426,20.67510566711428
2020-02-04,22.999693294401865,72.60115569230976,292.7542603810628,19.60426038106283
2020-02-05,22.999693294401865,72.60115569230976,293.292765935262,20.142765935262048
2020-02-06,22.999693294401865,72.60115569230976,293.21874872843426,20.068748728434286
2020-02-07,22.999693294401865,72.60115569230976,293.2520999908447,20.10209999084475
2020-02-08,22.999693294401865,72.60115569230976,293.1228421529134,19.972842152913415
2020-02-09,22.999693294401865,72.60115569230976,293.01245435078937,19.862454350789392
2020-02-10,22.999693294401865,72.60115569230976,293.6771119435628,20.52711194356283
2020-02-11,22.999693294401865,72.60115569230976,295.79923184712726,22.649231847127282
2020-02-12,22.999693294401865,72.60115569230976,297.28535588582355,24.13535588582357
2020-02-13,22.999693294401865,72.60115569230976,296.8231493631999,23.67314936319991
2020-02-14,22.999693294401865,72.60115569230976,296.19225629170734,23.04225629170736
2020-02-15,22.999693294401865,72.60115569230976,296.03896776835126,22.88896776835128
2020-02-16,22.999693294401865,72.60115569230976,298.11762046813965,24.96762046813967
2020-02-17,22.999693294401865,72.60115569230976,297.8009853363037,24.650985336303734
2020-02-18,22.999693294401865,72.60115569230976,297.2687479654948,24.118747965494833
2020-02-19,22.999693294401865,72.60115569230976,298.15450922648114,25.00450922648116
2020-02-20,22.999693294401865,72.60115569230976,296.94673983256024,23.796739832560263
2020-02-21,22.999693294401865,72.60115569230976,296.8554286956787,23.705428695678734
2020-02-22,22.999693294401865,72.60115569230976,296.7012488047282,23.551248804728232
2020-02-23,22.999693294401865,72.60115569230976,296.87356185913086,23.723561859130882
2020-02-24,22.999693294401865,72.60115569230976,296.7410316467285,23.59103164672854
2020-02-25,22.999693294401865,72.60115569230976,296.99950218200684,23.84950218200686
2020-02-26,22.999693294401865,72.60115569230976,297.86825243632,24.71825243632003
2020-02-27,22.999693294401865,72.60115569230976,298.2378355662028,25.08783556620284
2020-02-28,22.999693294401865,72.60115569230976,299.51009432474774,26.360094324747763
2020-02-29,22.999693294401865,72.60115569230976,299.1028760274251,25.952876027425134
2020-03-01,22.999693294401865,72.60115569230976,298.56923484802246,25.419234848022484
2020-03-02,22.999693294401865,72.60115569230976,298.43055788675946,25.280557886759482
2020-03-03,22.999693294401865,72.60115569230976,298.2972405751546,25.147240575154626
2020-03-04,22.999693294401865,72.60115569230976,297.31558354695636,24.165583546956384
2020-03-05,22.999693294401865,72.60115569230976,296.3281828562419,23.178182856241904
2020-03-06,22.999693294401865,72.60115569230976,295.58260281880695,22.43260281880697
2020-03-07,22.999693294401865,72.60115569230976,294.70527331034344,21.555273310343466
2020-03-08,22.999693294401865,72.60115569230976,296.4928684234619,23.342868423461937
2020-03-09,22.999693294401865,72.60115569230976,298.2441056569417,25.094105656941736
2020-03-10,22.999693294401865,72.60115569230976,297.3119583129883,24.161958312988304
2020-03-11,22.999693294401865,72.60115569230976,296.34876441955566,23.198764419555687
2020-03-12,22.999693294401865,72.60115569230976,294.64835866292316,21.49835866292318
2020-03-13,22.999693294401865,72.60115569230976,294.75011507670087,21.600115076700888
2020-03-14,22.999693294401865,72.60115569230976,296.1589660644531,23.008966064453148
2020-03-15,22.999693294401865,72.60115569230976,297.09406725565594,23.944067255655966
2020-03-16,22.999693294401865,72.60115569230976,298.11338996887207,24.963389968872093
2020-03-17,22.999693294401865,72.60115569230976,299.8128554026286,26.662855402628622
2020-03-18,22.999693294401865,72.60115569230976,301.02456029256183,27.874560292561853
2020-03-19,22.999693294401865,72.60115569230976,301.13433901468915,27.98433901468917
2020-03-20,22.999693294401865,72.60115569230976,299.2445996602376,26.094599660237634
2020-03-21,22.999693294401865,72.60115569230976,299.7480112711589,26.598011271158896
2020-03-22,22.999693294401865,72.60115569230976,301.56318855285645,28.413188552856468
2020-03-23,22.999693294401865,72.60115569230976,302.58432388305664,29.434323883056663
2020-03-24,22.999693294401865,72.60115569230976,302.72759946187335,29.577599461873376
2020-03-25,22.999693294401865,72.60115569230976,303.0547351837158,29.904735183715843
2020-03-26,22.999693294401865,72.60115569230976,300.2319157918294,27.08191579182943
2020-03-27,22.999693294401865,72.60115569230976,298.2467104593913,25.096710459391318
2020-03-28,22.999693294401865,72.60115569230976,298.9219849904378,25.77198499043783
2020-03-29,22.999693294401865,72.60115569230976,300.18341700236004,27.033417002360068
2020-03-30,22.999693294401865,72.60115569230976,301.4868799845378,28.336879984537802
2020-03-31,22.999693294401865,72.60115569230976,301.817866007487,28.66786600748702
2020-04-01,22.999693294401865,72.60115569230976,301.6584364573161,28.508436457316122
2020-04-02,22.999693294401865,72.60115569230976,301.42210896809894,28.272108968098962
2020-04-03,22.999693294401865,72.60115569230976,302.570982615153,29.420982615153036
2020-04-04,22.999693294401865,72.60115569230976,303.1938699086507,30.04386990865072
2020-04-05,22.999693294401865,72.60115569230976,303.15771102905273,30.007711029052757
2020-04-06,22.999693294401865,72.60115569230976,303.97517077128094,30.825170771280966
2020-04-07,22.999693294401865,72.60115569230976,303.15057309468585,30.000573094685876
2020-04-08,22.999693294401865,72.60115569230976,303.0289891560872,29.878989156087243
2020-04-09,22.999693294401865,72.60115569230976,303.2191791534424,30.069179153442406
2020-04-10,22.999693294401865,72.60115569230976,303.8693599700928,30.719359970092796
2020-04-11,22.999693294401865,72.60115569230976,304.99286524454754,31.842865244547568
2020-04-12,22.999693294401865,72.60115569230976,305.42977650960285,32.27977650960287
2020-04-13,22.999693294401865,72.60115569230976,306.0525194803874,32.90251948038741
2020-04-14,22.999693294401865,72.60115569230976,306.40889104207355,33.25889104207357
2020-04-15,22.999693294401865,72.60115569230976,305.77845827738446,32.62845827738448
2020-04-16,22.999693294401865,72.60115569230976,305.9167188008626,32.766718800862634
2020-04-17,22.999693294401865,72.60115569230976,305.6215991973877,32.47159919738772
2020-04-18,22.999693294401865,72.60115569230976,305.7610060373942,32.61100603739425
2020-04-19,22.999693294401865,72.60115569230976,305.52962430318195,32.37962430318197
2020-04-20,22.999693294401865,72.60115569230976,304.9233455657959,31.77334556579592
2020-04-21,22.999693294401865,72.60115569230976,305.44014231363934,32.290142313639365
2020-04-22,22.999693294401865,72.60115569230976,306.15247344970703,33.002473449707054
2020-04-23,22.999693294401865,72.60115569230976,306.7462844848633,33.596284484863304
2020-04-24,22.999693294401865,72.60115569230976,305.73468526204425,32.584685262044275
2020-04-25,22.999693294401865,72.60115569230976,304.43085924784344,31.280859247843466
2020-04-26,22.999693294401865,72.60115569230976,304.73952802022296,31.589528020222986
2020-04-27,22.999693294401865,72.60115569230976,304.8378429412842,31.687842941284202
2020-04-28,22.999693294401865,72.60115569230976,306.11139424641925,32.961394246419275
2020-04-29,22.999693294401865,72.60115569230976,307.4257125854492,34.27571258544924
2020-04-30,22.999693294401865,72.60115569230976,308.15818850199383,35.00818850199386
2020-05-01,22.999693294401865,72.60115569230976,307.83235359191895,34.68235359191897
2020-05-02,22.999693294401865,72.60115569230976,306.6026471455892,33.4526471455892
2020-05-03,22.999693294401865,72.60115569230976,306.85240999857587,33.70240999857589
2020-05-04,22.999693294401865,72.60115569230976,307.1420040130615,33.992004013061546
2020-05-05,22.999693294401865,72.60115569230976,307.49108505249023,34.34108505249026
2020-05-06,22.999693294401865,72.60115569230976,307.1796646118164,34.02966461181643
2020-05-07,22.999693294401865,72.60115569230976,306.4278335571289,33.27783355712893
2020-05-08,22.999693294401865,72.60115569230976,306.97960535685223,33.829605356852255
2020-05-09,22.999693294401865,72.60115569230976,306.96264966328937,33.81264966328939
2020-05-10,22.999693294401865,72.60115569230976,306.7795327504476,33.629532750447595
2020-05-11,22.999693294401865,72.60115569230976,305.9939390818278,32.84393908182784
2020-05-12,22.999693294401865,72.60115569230976,306.8570836385091,33.70708363850912
2020-05-13,22.999693294401865,72.60115569230976,307.6607023874919,34.510702387491904
2020-05-14,22.999693294401865,72.60115569230976,307.5973771413167,34.447377141316736
2020-05-15,22.999693294401865,72.60115569230976,307.9420051574707,34.792005157470726
2020-05-16,22.999693294401865,72.60115569230976,308.21805063883465,35.06805063883468
2020-05-17,22.999693294401865,72.60115569230976,307.90814844767254,34.75814844767257
2020-05-18,22.999693294401865,72.60115569230976,307.1468111673991,33.99681116739913
2020-05-19,22.999693294401865,72.60115569230976,307.2962354024251,34.146235402425134
2020-05-20,22.999693294401865,72.60115569230976,308.70591799418133,35.55591799418136
2020-05-21,22.999693294401865,72.60115569230976,308.5271135965983,35.37711359659835
2020-05-22,22.999693294401865,72.60115569230976,307.87153180440265,34.72153180440267
2020-05-23,22.999693294401865,72.60115569230976,307.9048188527425,34.75481885274252
2020-05-24,22.999693294401865,72.60115569230976,308.3416868845622,35.191686884562216
2020-05-25,22.999693294401865,72.60115569230976,308.0141995747884,34.864199574788415
2020-05-26,22.999693294401865,72.60115569230976,307.6885242462158,34.53852424621584
2020-05-27,22.999693294401865,72.60115569230976,307.7516123453776,34.601612345377646
2020-05-28,22.999693294401865,72.60115569230976,307.8171329498291,34.667132949829124
2020-05-29,22.999693294401865,72.60115569230976,307.0271167755127,33.87711677551272
2020-05-30,22.999693294401865,72.60115569230976,307.072052637736,33.922052637736044
2020-05-31,22.999693294401865,72.60115569230976,307.7304401397705,34.58044013977053
2020-06-01,22.999693294401865,72.60115569230976,307.2239793141683,34.0739793141683
2020-06-02,22.999693294401865,72.60115569230976,306.2979984283447,33.14799842834475
2020-06-03,22.999693294401865,72.60115569230976,306.2848078409831,33.134807840983115
2020-06-04,22.999693294401865,72.60115569230976,305.44498507181805,32.294985071818076
2020-06-05,22.999693294401865,72.60115569230976,304.9443194071452,31.794319407145224
2020-06-06,22.999693294401865,72.60115569230976,304.3070634206136,31.15706342061361
2020-06-07,22.999693294401865,72.60115569230976,302.94078826904297,29.79078826904299
2020-06-08,22.999693294401865,72.60115569230976,302.51599884033203,29.365998840332054
2020-06-09,22.999693294401865,72.60115569230976,303.7038319905599,30.5538319905599
2020-06-10,22.999693294401865,72.60115569230976,304.38572629292804,31.235726292928064
2020-06-11,22.999693294401865,72.60115569230976,304.5387700398763,31.388770039876306
2020-06-12,22.999693294401865,72.60115569230976,305.3502426147461,32.20024261474612
2020-06-13,22.999693294401865,72.60115569230976,304.6337439219157,31.483743921915732
2020-06-14,22.999693294401865,72.60115569230976,303.5725968678792,30.422596867879236
2020-06-15,22.999693294401865,72.60115569230976,303.9186592102051,30.7686592102051
2020-06-16,22.999693294401865,72.60115569230976,305.2894859313965,32.13948593139651
2020-06-17,22.999693294401865,72.60115569230976,304.60809961954754,31.458099619547568
2020-06-18,22.999693294401865,72.60115569230976,304.2575003306071,31.107500330607138
2020-06-19,22.999693294401865,72.60115569230976,305.0708414713542,31.92084147135421
2020-06-20,22.999693294401865,72.60115569230976,305.0939661661784,31.943966166178427
2020-06-21,22.999693294401865,72.60115569230976,304.00433985392254,30.854339853922568
2020-06-22,22.999693294401865,72.60115569230976,303.6083869934082,30.458386993408226
2020-06-23,22.999693294401865,72.60115569230976,303.49069658915204,30.34069658915206
2020-06-24,22.999693294401865,72.60115569230976,303.5298334757487,30.37983347574874
2020-06-25,22.999693294401865,72.60115569230976,305.17773691813153,32.02773691813155
2020-06-26,22.999693294401865,72.60115569230976,306.08341852823895,32.933418528238974
2020-06-27,22.999693294401865,72.60115569230976,305.93347295125324,32.78347295125326
2020-06-28,22.999693294401865,72.60115569230976,306.53562609354657,33.38562609354659
2020-06-29,22.999693294401865,72.60115569230976,306.07176462809247,32.92176462809249
2020-06-30,22.999693294401865,72.60115569230976,305.19201532999676,32.04201532999679
2020-07-01,22.999693294401865,72.60115569230976,305.1417751312256,31.99177513122561
2020-07-02,22.999693294401865,72.60115569230976,305.70431391398114,32.55431391398116
2020-07-03,22.999693294401865,72.60115569230976,305.87699699401855,32.72699699401858
2020-07-04,22.999693294401865,72.60115569230976,304.2367820739746,31.086782073974632
2020-07-05,22.999693294401865,72.60115569230976,301.24922370910645,28.099223709106468
2020-07-06,22.999693294401865,72.60115569230976,300.81379254659015,27.663792546590173
2020-07-07,22.999693294401865,72.60115569230976,302.5183296203613,29.36832962036135
2020-07-08,22.999693294401865,72.60115569230976,302.50741259257,29.35741259257003
2020-07-09,22.999693294401865,72.60115569230976,303.07674980163574,29.926749801635765
2020-07-10,22.999693294401865,72.60115569230976,302.9975980122884,29.847598012288415
2020-07-11,22.999693294401865,72.60115569230976,302.24122365315753,29.091223653157556
2020-07-12,22.999693294401865,72.60115569230976,302.032470703125,28.882470703125023
2020-07-13,22.999693294401865,72.60115569230976,302.2371056874593,29.087105687459314
2020-07-14,22.999693294401865,72.60115569230976,302.9846274058024,29.83462740580245
2020-07-15,22.999693294401865,72.60115569230976,302.9504686991374,29.80046869913741
2020-07-16,22.999693294401865,72.60115569230976,301.1361605326335,27.986160532633505
2020-07-17,22.999693294401865,72.60115569230976,302.4875259399414,29.33752593994143
2020-07-18,22.999693294401865,72.60115569230976,302.3249797821045,29.174979782104515
2020-07-19,22.999693294401865,72.60115569230976,303.2496509552002,30.099650955200218
2020-07-20,22.999693294401865,72.60115569230976,303.3350073496501,30.185007349650107
2020-07-21,22.999693294401865,72.60115569230976,303.042174021403,29.892174021403036
2020-07-22,22.999693294401865,72.60115569230976,303.8176034291585,30.667603429158532
2020-07-23,22.999693294401865,72.60115569230976,303.85324414571124,30.703244145711267
2020-07-24,22.999693294401865,72.60115569230976,303.06961313883465,29.919613138834677
2020-07-25,22.999693294401865,72.60115569230976,302.0840148925781,28.934014892578148
2020-07-26,22.999693294401865,72.60115569230976,302.47264734903973,29.322647349039755
2020-07-27,22.999693294401865,72.60115569230976,303.38951746622723,30.239517466227255
2020-07-28,22.999693294401865,72.60115569230976,303.5276527404785,30.37765274047854
2020-07-29,22.999693294401865,72.60115569230976,303.1417687733968,29.991768773396814
2020-07-30,22.999693294401865,72.60115569230976,301.715300877889,28.565300877889
2020-07-31,22.999693294401865,72.60115569230976,303.0244731903076,29.87447319030764
2020-08-01,22.999693294401865,72.60115569230976,303.35942395528156,30.20942395528158
2020-08-02,22.999693294401865,72.60115569230976,303.8934014638265,30.7434014638265
2020-08-03,22.999693294401865,72.60115569230976,303.3811454772949,30.231145477294945
2020-08-04,22.999693294401865,72.60115569230976,304.1799602508545,31.029960250854515
2020-08-05,22.999693294401865,72.60115569230976,303.23621495564777,30.08621495564779
2020-08-06,22.999693294401865,72.60115569230976,301.5484441121419,28.39844411214193
2020-08-07,22.999693294401865,72.60115569230976,301.36501057942706,28.215010579427087
2020-08-08,22.999693294401865,72.60115569230976,301.0748176574707,27.924817657470726
2020-08-09,22.999693294401865,72.60115569230976,300.1104984283447,26.96049842834475
2020-08-10,22.999693294401865,72.60115569230976,300.2730007171631,27.12300071716311
2020-08-11,22.999693294401865,72.60115569230976,300.93999671936035,27.789996719360374
2020-08-12,22.999693294401865,72.60115569230976,299.7411238352458,26.59112383524581
2020-08-13,22.999693294401865,72.60115569230976,298.84775098164874,25.697750981648767
2020-08-14,22.999693294401865,72.60115569230976,299.1032880147298,25.95328801472982
2020-08-15,22.999693294401865,72.60115569230976,300.3212725321452,27.171272532145224
2020-08-16,22.999693294401865,72.60115569230976,299.99659792582196,26.846597925821982
2020-08-17,22.999693294401865,72.60115569230976,300.2442258199056,27.094225819905603
2020-08-18,22.999693294401865,72.60115569230976,299.5994116465251,26.449411646525107
2020-08-19,22.999693294401865,72.60115569230976,299.8486550649007,26.69865506490072
2020-08-20,22.999693294401865,72.60115569230976,299.76937739054364,26.61937739054366
2020-08-21,22.999693294401865,72.60115569230976,300.3120765686035,27.16207656860354
2020-08-22,22.999693294401865,72.60115569230976,299.663823445638,26.513823445638025
2020-08-23,22.999693294401865,72.60115569230976,298.55624453226727,25.406244532267294
2020-08-24,22.999693294401865,72.60115569230976,298.8263250986735,25.676325098673544
2020-08-25,22.999693294401865,72.60115569230976,300.57707087198895,27.427070871988974
2020-08-26,22.999693294401865,72.60115569230976,300.5704650878906,27.420465087890648
2020-08-27,22.999693294401865,72.60115569230976,300.24352327982587,27.093523279825888
2020-08-28,22.999693294401865,72.60115569230976,299.8240197499593,26.674019749959314
2020-08-29,22.999693294401865,72.60115569230976,299.1294860839844,25.979486083984398
2020-08-30,22.999693294401865,72.60115569230976,297.8862762451172,24.73627624511721
2020-08-31,22.999693294401865,72.60115569230976,299.8635711669922,26.71357116699221
2020-09-01,22.999693294401865,72.60115569230976,300.6784477233887,27.528447723388695
2020-09-02,22.999693294401865,72.60115569230976,301.02622985839844,27.87622985839846
2020-09-03,22.999693294401865,72.60115569230976,301.51334381103516,28.36334381103518
2020-09-04,22.999693294401865,72.60115569230976,302.1827170054118,29.032717005411826
2020-09-05,22.999693294401865,72.60115569230976,301.9871406555176,28.8371406555176
2020-09-06,22.999693294401865,72.60115569230976,301.86547597249347,28.715475972493493
2020-09-07,22.999693294401865,72.60115569230976,301.7557767232259,28.605776723225915
2020-09-08,22.999693294401865,72.60115569230976,301.4367898305257,28.28678983052572
2020-09-09,22.999693294401865,72.60115569230976,301.7106793721517,28.560679372151696
2020-09-10,22.999693294401865,72.60115569230976,302.45380783081055,29.30380783081057
2020-09-11,22.999693294401865,72.60115569230976,302.30360984802246,29.153609848022484
2020-09-12,22.999693294401865,72.60115569230976,301.14839998881024,27.998399988810263
2020-09-13,22.999693294401865,72.60115569230976,301.3563175201416,28.206317520141624
2020-09-14,22.999693294401865,72.60115569230976,301.10948435465497,27.95948435465499
2020-09-15,22.999693294401865,72.60115569230976,301.4115905761719,28.261590576171898
2020-09-16,22.999693294401865,72.60115569230976,301.8432871500651,28.693287150065146
2020-09-17,22.999693294401865,72.60115569230976,301.8243948618571,28.674394861857138
2020-09-18,22.999693294401865,72.60115569230976,301.64770698547363,28.497706985473656
2020-09-19,22.999693294401865,72.60115569230976,302.13371086120605,28.983710861206077
2020-09-20,22.999693294401865,72.60115569230976,302.28047370910645,29.130473709106468
2020-09-21,22.999693294401865,72.60115569230976,302.3756383260091,29.22563832600912
2020-09-22,22.999693294401865,72.60115569230976,303.2828025817871,30.132802581787132
2020-09-23,22.999693294401865,72.60115569230976,302.4085884094238,29.25858840942385
2020-09-24,22.999693294401865,72.60115569230976,302.35758845011395,29.207588450113974
2020-09-25,22.999693294401865,72.60115569230976,301.61298116048175,28.462981160481775
2020-09-26,22.999693294401865,72.60115569230976,300.67652130126953,27.526521301269554
2020-09-27,22.999693294401865,72.60115569230976,300.22037442525226,27.070374425252282
2020-09-28,22.999693294401865,72.60115569230976,300.30096944173175,27.150969441731775
2020-09-29,22.999693294401865,72.60115569230976,300.36768531799316,27.217685317993187
2020-09-30,22.999693294401865,72.60115569230976,300.63833872477215,27.488338724772177
2020-10-01,22.999693294401865,72.60115569230976,300.98637835184735,27.836378351847372
2020-10-02,22.999693294401865,72.60115569230976,301.0511926015218,27.901192601521814
2020-10-03,22.999693294401865,72.60115569230976,301.08397738138837,27.933977381388388
2020-10-04,22.999693294401865,72.60115569230976,300.7022953033447,27.55229530334475
2020-10-05,22.999693294401865,72.60115569230976,300.8738149007161,27.72381490071615
2020-10-06,22.999693294401865,72.60115569230976,301.0680522918701,27.91805229187014
2020-10-07,22.999693294401865,72.60115569230976,301.3109410603841,28.16094106038412
2020-10-08,22.999693294401865,72.60115569230976,301.7108332316081,28.560833231608115
2020-10-09,22.999693294401865,72.60115569230976,301.72295061747235,28.572950617472372
2020-10-10,22.999693294401865,72.60115569230976,301.7683226267497,28.618322626749716
2020-10-11,22.999693294401865,72.60115569230976,302.16897837320965,29.018978373209677
2020-10-12,22.999693294401865,72.60115569230976,302.1111596425374,28.96115964253744
2020-10-13,22.999693294401865,72.60115569230976,302.5038706461589,29.353870646158896
2020-10-14,22.999693294401865,72.60115569230976,303.21574783325195,30.065747833251976
2020-10-15,22.999693294401865,72.60115569230976,304.4391581217448,31.289158121744833
2020-10-16,22.999693294401865,72.60115569230976,303.4113661448161,30.261366144816122
2020-10-17,22.999693294401865,72.60115569230976,302.3942813873291,29.244281387329124
2020-10-18,22.999693294401865,72.60115569230976,301.5378926595052,28.387892659505212
2020-10-19,22.999693294401865,72.60115569230976,302.05774688720703,28.907746887207054
2020-10-20,22.999693294401865,72.60115569230976,302.3737735748291,29.223773574829124
2020-10-21,22.999693294401865,72.60115569230976,302.2207285563151,29.070728556315146
2020-10-22,22.999693294401865,72.60115569230976,301.0409762064616,27.89097620646163
2020-10-23,22.999693294401865,72.60115569230976,300.08175977071124,26.931759770711267
2020-10-24,22.999693294401865,72.60115569230976,299.68115615844727,26.53115615844729
2020-10-25,22.999693294401865,72.60115569230976,299.4888559977214,26.338855997721396
2020-10-26,22.999693294401865,72.60115569230976,299.27645746866864,26.12645746866866
2020-10-27,22.999693294401865,72.60115569230976,298.9839261372884,25.833926137288415
2020-10-28,22.999693294401865,72.60115569230976,298.7076466878255,25.557646687825525
2020-10-29,22.999693294401865,72.60115569230976,299.02610842386883,25.876108423868857
2020-10-30,22.999693294401865,72.60115569230976,299.1077887217204,25.95778872172042
2020-10-31,22.999693294401865,72.60115569230976,299.61066309611004,26.460663096110068
2020-11-01,22.999693294401865,72.60115569230976,298.9778022766113,25.82780227661135
2020-11-02,22.999693294401865,72.60115569230976,299.10621070861816,25.956210708618187
2020-11-03,22.999693294401865,72.60115569230976,298.6581611633301,25.5081611633301
2020-11-04,22.999693294401865,72.60115569230976,297.6841735839844,24.534173583984398
2020-11-05,22.999693294401865,72.60115569230976,298.18596267700195,25.035962677001976
2020-11-06,22.999693294401865,72.60115569230976,298.1319071451823,24.981907145182333
2020-11-07,22.999693294401865,72.60115569230976,298.0541712443034,24.904171244303427
2020-11-08,22.999693294401865,72.60115569230976,297.9796549479167,24.82965494791671
2020-11-09,22.999693294401865,72.60115569230976,297.69119517008465,24.541195170084677
2020-11-10,22.999693294401865,72.60115569230976,297.4272232055664,24.27722320556643
2020-11-11,22.999693294401865,72.60115569230976,297.0423520406087,23.892352040608728
2020-11-12,22.999693294401865,72.60115569230976,296.95501073201496,23.805010732014978
2020-11-13,22.999693294401865,72.60115569230976,297.83027903238934,24.680279032389365
2020-11-14,22.999693294401865,72.60115569230976,299.21699206034344,26.066992060343466
2020-11-15,22.999693294401865,72.60115569230976,299.78497950236004,26.634979502360068
2020-11-16,22.999693294401865,72.60115569230976,299.0017096201579,25.85170962015792
2020-11-17,22.999693294401865,72.60115569230976,297.81894365946454,24.66894365946456
2020-11-18,22.999693294401865,72.60115569230976,296.32568486531574,23.17568486531576
2020-11-19,22.999693294401865,72.60115569230976,295.8427225748698,22.692722574869833
2020-11-20,22.999693294401865,72.60115569230976,296.0939400990804,22.943940099080407
2020-11-21,22.999693294401865,72.60115569230976,295.377888361613,22.227888361612997
2020-11-22,22.999693294401865,72.60115569230976,295.17580286661786,22.02580286661788
2020-11-23,22.999693294401865,72.60115569230976,295.672846476237,22.52284647623702
2020-11-24,22.999693294401865,72.60115569230976,295.4971758524577,22.347175852457724
2020-11-25,22.999693294401865,72.60115569230976,297.23200607299805,24.08200607299807
2020-11-26,22.999693294401865,72.60115569230976,297.3418966929118,24.191896692911826
2020-11-27,22.999693294401865,72.60115569230976,296.22524642944336,23.075246429443382
2020-11-28,22.999693294401865,72.60115569230976,295.5015239715576,22.35152397155764
2020-11-29,22.999693294401865,72.60115569230976,297.3851833343506,24.23518333435061
2020-11-30,22.999693294401865,72.60115569230976,298.3292808532715,25.179280853271507
2020-12-01,22.999693294401865,72.60115569230976,297.96173604329425,24.811736043294275
2020-12-02,22.999693294401865,72.60115569230976,296.96299171447754,23.812991714477562
2020-12-03,22.999693294401865,72.60115569230976,296.49613189697266,23.34613189697268
2020-12-04,22.999693294401865,72.60115569230976,296.51008796691895,23.360087966918968
2020-12-05,22.999693294401865,72.60115569230976,296.8383051554362,23.68830515543624
2020-12-06,22.999693294401865,72.60115569230976,296.9647986094157,23.814798609415732
2020-12-07,22.999693294401865,72.60115569230976,296.935884475708,23.78588447570803
2020-12-08,22.999693294401865,72.60115569230976,296.88513501485187,23.735135014851892
2020-12-09,22.999693294401865,72.60115569230976,297.0158748626709,23.86587486267092
2020-12-10,22.999693294401865,72.60115569230976,298.10933113098145,24.959331130981468
2020-12-11,22.999693294401865,72.60115569230976,293.70246569315594,20.552465693155966
2020-12-12,22.999693294401865,72.60115569230976,294.7932834625244,21.643283462524437
2020-12-13,22.999693294401865,72.60115569230976,294.85719045003253,21.707190450032556
2020-12-14,22.999693294401865,72.60115569230976,295.0008379618327,21.850837961832724
2020-12-15,22.999693294401865,72.60115569230976,294.25500933329266,21.105009333292685
2020-12-16,22.999693294401865,72.60115569230976,293.4683977762858,20.31839777628585
2020-12-17,22.999693294401865,72.60115569230976,292.38903427124023,19.239034271240257
2020-12-18,22.999693294401865,72.60115569230976,292.27387110392254,19.123871103922568
2020-12-19,22.999693294401865,72.60115569230976,292.597469329834,19.447469329834007
2020-12-20,22.999693294401865,72.60115569230976,292.59129842122394,19.441298421223962
2020-12-21,22.999693294401865,72.60115569230976,292.75635464986163,19.606354649861657
2020-12-22,22.999693294401865,72.60115569230976,292.54328600565594,19.393286005655966
2020-12-23,22.999693294401865,72.60115569230976,292.84957186381024,19.699571863810263
2020-12-24,22.999693294401865,72.60115569230976,293.55360158284503,20.403601582845056
2020-12-25,22.999693294401865,72.60115569230976,294.8543332417806,21.704333241780603
2020-12-26,22.999693294401865,72.60115569230976,295.11914443969727,21.96914443969729
2020-12-27,22.999693294401865,72.60115569230976,293.06958198547363,19.919581985473656
2020-12-28,22.999693294401865,72.60115569230976,289.5346539815267,16.384653981526696
2020-12-29,22.999693294401865,72.60115569230976,289.95183181762695,16.801831817626976
2020-12-30,22.999693294401865,72.60115569230976,291.1921914418538,18.042191441853845
2020-12-31,22.999693294401865,72.60115569230976,292.7980079650879,19.648007965087913
2021-01-01,22.999693294401865,72.60115569230976,294.9968541463216,21.84685414632162
2021-01-02,22.999693294401865,72.60115569230976,293.22247823079425,20.072478230794275
2021-01-03,22.999693294401865,72.60115569230976,291.9598566691081,18.809856669108115
2021-01-04,22.999693294401865,72.60115569230976,293.03964678446454,19.88964678446456
2021-01-05,22.999693294401865,72.60115569230976,291.88332112630206,18.733321126302087
2021-01-06,22.999693294401865,72.60115569230976,291.52285703023273,18.37285703023275
2021-01-07,22.999693294401865,72.60115569230976,294.5525983174642,21.402598317464196
2021-01-08,22.999693294401865,72.60115569230976,295.19982719421387,22.04982719421389
2021-01-09,22.999693294401865,72.60115569230976,295.5380344390869,22.388034439086937
2021-01-10,22.999693294401865,72.60115569230976,296.23879051208496,23.088790512084984
2021-01-11,22.999693294401865,72.60115569230976,296.00809542338055,22.858095423380576
2021-01-12,22.999693294401865,72.60115569230976,294.5610930124919,21.411093012491904
2021-01-13,22.999693294401865,72.60115569230976,292.967139561971,19.817139561971032
2021-01-14,22.999693294401865,72.60115569230976,293.33469645182294,20.18469645182296
2021-01-15,22.999693294401865,72.60115569230976,294.59705607096356,21.447056070963583
2021-01-16,22.999693294401865,72.60115569230976,295.52098655700684,22.37098655700686
2021-01-17,22.999693294401865,72.60115569230976,295.8005790710449,22.650579071044945
2021-01-18,22.999693294401865,72.60115569230976,295.1921920776367,22.04219207763674
2021-01-19,22.999693294401865,72.60115569230976,294.1158587137858,20.96585871378585
2021-01-20,22.999693294401865,72.60115569230976,294.4339955647786,21.28399556477865
2021-01-21,22.999693294401865,72.60115569230976,294.68415514628094,21.534155146280966
2021-01-22,22.999693294401865,72.60115569230976,294.53341547648114,21.38341547648116
2021-01-23,22.999693294401865,72.60115569230976,293.4260425567627,20.276042556762718
2021-01-24,22.999693294401865,72.60115569230976,292.34950192769367,19.19950192769369
2021-01-25,22.999693294401865,72.60115569230976,291.56641070048016,18.416410700480185
2021-01-26,22.999693294401865,72.60115569230976,291.0678316752116,17.91783167521163
2021-01-27,22.999693294401865,72.60115569230976,290.8354892730713,17.685489273071312
2021-01-28,22.999693294401865,72.60115569230976,291.2345714569092,18.084571456909202
2021-01-29,22.999693294401865,72.60115569230976,290.99758847554523,17.84758847554525
2021-01-30,22.999693294401865,72.60115569230976,291.15624745686847,18.006247456868493
2021-01-31,22.999693294401865,72.60115569230976,292.49573008219403,19.345730082194052
2021-02-01,22.999693294401865,72.60115569230976,293.7469228108724,20.5969228108724
2021-02-02,22.999693294401865,72.60115569230976,294.38818677266437,21.238186772664392
2021-02-03,22.999693294401865,72.60115569230976,295.4872678120931,22.337267812093103
2021-02-04,22.999693294401865,72.60115569230976,294.93685976664227,21.786859766642294
2021-02-05,22.999693294401865,72.60115569230976,293.8550720214844,20.705072021484398
2021-02-06,22.999693294401865,72.60115569230976,293.2858689626058,20.135868962605798
2021-02-07,22.999693294401865,72.60115569230976,293.4032974243164,20.25329742431643
2021-02-08,22.999693294401865,72.60115569230976,293.83566093444824,20.685660934448265
2021-02-09,22.999693294401865,72.60115569230976,294.75050163269043,21.600501632690452
2021-02-10,22.999693294401865,72.60115569230976,295.07131067911786,21.92131067911788
2021-02-11,22.999693294401865,72.60115569230976,295.5141798655192,22.364179865519247
2021-02-12,22.999693294401865,72.60115569230976,296.6066029866536,23.45660298665365
2021-02-13,22.999693294401865,72.60115569230976,297.08337529500324,23.93337529500326
2021-02-14,22.999693294401865,72.60115569230976,296.77537600199383,23.625376001993857
2021-02-15,22.999693294401865,72.60115569230976,295.97522290547687,22.825222905476892
2021-02-16,22.999693294401865,72.60115569230976,295.66859372456867,22.51859372456869
2021-02-17,22.999693294401865,72.60115569230976,295.77766100565594,22.627661005655966
2021-02-18,22.999693294401865,72.60115569230976,296.9148941040039,23.76489410400393
2021-02-19,22.999693294401865,72.60115569230976,297.0485273996989,23.898527399698935
2021-02-20,22.999693294401865,72.60115569230976,296.7448247273763,23.594824727376306
2021-02-21,22.999693294401865,72.60115569230976,296.68304379781085,23.533043797810876
2021-02-22,22.999693294401865,72.60115569230976,297.5567747751872,24.406774775187216
2021-02-23,22.999693294401865,72.60115569230976,297.77194595336914,24.621945953369163
2021-02-24,22.999693294401865,72.60115569230976,297.92138353983563,24.771383539835654
2021-02-25,22.999693294401865,72.60115569230976,297.6794624328613,24.52946243286135
2021-02-26,22.999693294401865,72.60115569230976,298.88468233744305,25.734682337443076
2021-02-27,22.999693294401865,72.60115569230976,299.4490610758464,26.299061075846396
2021-02-28,22.999693294401865,72.60115569230976,299.76462809244794,26.61462809244796
2021-03-01,22.999693294401865,72.60115569230976,298.45430246988934,25.304302469889365
2021-03-02,22.999693294401865,72.60115569230976,298.13303820292157,24.98303820292159
2021-03-03,22.999693294401865,72.60115569230976,298.1830883026123,25.033088302612327
2021-03-04,22.999693294401865,72.60115569230976,299.17908096313477,26.02908096313479
2021-03-05,22.999693294401865,72.60115569230976,300.33950360616046,27.189503606160486
2021-03-06,22.999693294401865,72.60115569230976,301.24939346313477,28.09939346313479
2021-03-07,22.999693294401865,72.60115569230976,299.9885845184326,26.83858451843264
2021-03-08,22.999693294401865,72.60115569230976,300.2629280090332,27.112928009033226
2021-03-09,22.999693294401865,72.60115569230976,301.00320116678876,27.85320116678878
2021-03-10,22.999693294401865,72.60115569230976,300.31808916727704,27.16808916727706
2021-03-11,22.999693294401865,72.60115569230976,300.3882401784261,27.23824017842611
2021-03-12,22.999693294401865,72.60115569230976,300.14403025309247,26.99403025309249
2021-03-13,22.999693294401865,72.60115569230976,300.1014804840088,26.951480484008812
2021-03-14,22.999693294401865,72.60115569230976,300.73437054951984,27.58437054951986
2021-03-15,22.999693294401865,72.60115569230976,300.468163172404,27.318163172404013
2021-03-16,22.999693294401865,72.60115569230976,301.27823003133136,28.128230031331384
2021-03-17,22.999693294401865,72.60115569230976,301.481632232666,28.33163223266604
2021-03-18,22.999693294401865,72.60115569230976,301.2929293314616,28.14292933146163
2021-03-19,22.999693294401865,72.60115569230976,300.6279176076253,27.47791760762533
2021-03-20,22.999693294401865,72.60115569230976,301.285452524821,28.135452524821005
2021-03-21,22.999693294401865,72.60115569230976,301.5250727335612,28.37507273356124
2021-03-22,22.999693294401865,72.60115569230976,301.75300788879395,28.603007888793968
2021-03-23,22.999693294401865,72.60115569230976,301.62457847595215,28.47457847595217
2021-03-24,22.999693294401865,72.60115569230976,301.8072516123454,28.65725161234542
2021-03-25,22.999693294401865,72.60115569230976,301.551472345988,28.401472345987997
2021-03-26,22.999693294401865,72.60115569230976,301.7785218556722,28.628521855672204
2021-03-27,22.999693294401865,72.60115569230976,302.7094319661458,29.559431966145837
2021-03-28,22.999693294401865,72.60115569230976,303.56222852071124,30.412228520711267
2021-03-29,22.999693294401865,72.60115569230976,303.24730491638184,30.09730491638186
2021-03-30,22.999693294401865,72.60115569230976,302.94001388549805,29.79001388549807
2021-03-31,22.999693294401865,72.60115569230976,303.67835807800293,30.528358078002952
2021-04-01,22.999693294401865,72.60115569230976,302.1376698811849,28.9876698811849
2021-04-02,22.999693294401865,72.60115569230976,302.2475865681966,29.09758656819662
2021-04-03,22.999693294401865,72.60115569230976,302.93386522928876,29.78386522928878
2021-04-04,22.999693294401865,72.60115569230976,303.2222607930501,30.072260793050134
2021-04-05,22.999693294401865,72.60115569230976,304.19025293986004,31.040252939860068
2021-04-06,22.999693294401865,72.60115569230976,304.2264976501465,31.076497650146507
2021-04-07,22.999693294401865,72.60115569230976,303.92109298706055,30.77109298706057
2021-04-08,22.999693294401865,72.60115569230976,303.6648426055908,30.514842605590843
2021-04-09,22.999693294401865,72.60115569230976,303.82169850667316,30.67169850667318
2021-04-10,22.999693294401865,72.60115569230976,303.831750869751,30.681750869751
2021-04-11,22.999693294401865,72.60115569230976,303.76463508605957,30.614635086059593
2021-04-12,22.999693294401865,72.60115569230976,304.2741413116455,31.12414131164553
2021-04-13,22.999693294401865,72.60115569230976,304.42052904764813,31.270529047648154
2021-04-14,22.999693294401865,72.60115569230976,303.500337600708,30.35033760070803
2021-04-15,22.999693294401865,72.60115569230976,303.6003996531169,30.450399653116904
2021-04-16,22.999693294401865,72.60115569230976,304.125483194987,30.97548319498702
2021-04-17,22.999693294401865,72.60115569230976,304.1520595550537,31.002059555053734
2021-04-18,22.999693294401865,72.60115569230976,305.1713326772054,32.02133267720541
2021-04-19,22.999693294401865,72.60115569230976,305.378568649292,32.228568649292015
2021-04-20,22.999693294401865,72.60115569230976,304.3804639180501,31.230463918050134
2021-04-21,22.999693294401865,72.60115569230976,303.9041239420573,30.754123942057333
2021-04-22,22.999693294401865,72.60115569230976,304.52029037475586,31.370290374755882
2021-04-23,22.999693294401865,72.60115569230976,304.6495304107666,31.499530410766624
2021-04-24,22.999693294401865,72.60115569230976,304.77815437316895,31.628154373168968
2021-04-25,22.999693294401865,72.60115569230976,305.5051205952962,32.35512059529623
2021-04-26,22.999693294401865,72.60115569230976,305.8805357615153,32.73053576151534
2021-04-27,22.999693294401865,72.60115569230976,306.46590932210285,33.31590932210287
2021-04-28,22.999693294401865,72.60115569230976,306.0883846282959,32.93838462829592
2021-04-29,22.999693294401865,72.60115569230976,305.912810643514,32.762810643514
2021-04-30,22.999693294401865,72.60115569230976,305.91978963216144,32.76978963216146
2021-05-01,22.999693294401865,72.60115569230976,305.73215738932294,32.58215738932296
2021-05-02,22.999693294401865,72.60115569230976,305.17131487528485,32.02131487528487
2021-05-03,22.999693294401865,72.60115569230976,305.42284138997394,32.27284138997396
2021-05-04,22.999693294401865,72.60115569230976,305.5507176717122,32.40071767171224
2021-05-05,22.999693294401865,72.60115569230976,305.78718185424805,32.63718185424807
2021-05-06,22.999693294401865,72.60115569230976,306.36709785461426,33.21709785461428
2021-05-07,22.999693294401865,72.60115569230976,306.7036876678467,33.5536876678467
2021-05-08,22.999693294401865,72.60115569230976,307.4881477355957,34.338147735595726
2021-05-09,22.999693294401865,72.60115569230976,307.4499651590983,34.29996515909835
2021-05-10,22.999693294401865,72.60115569230976,306.1803684234619,33.03036842346194
2021-05-11,22.999693294401865,72.60115569230976,305.20598729451496,32.05598729451498
2021-05-12,22.999693294401865,72.60115569230976,305.00686200459796,31.856862004597986
2021-05-13,22.999693294401865,72.60115569230976,304.67694664001465,31.52694664001467
2021-05-14,22.999693294401865,72.60115569230976,306.08663813273114,32.93663813273116
2021-05-15,22.999693294401865,72.60115569230976,307.9688472747803,34.818847274780296
2021-05-16,22.999693294401865,72.60115569230976,308.510498046875,35.36049804687502
2021-05-17,22.999693294401865,72.60115569230976,304.03444798787433,30.884447987874353
2021-05-18,22.999693294401865,72.60115569230976,298.46817715962726,25.318177159627282
2021-05-19,22.999693294401865,72.60115569230976,299.75412050882977,26.604120508829794
2021-05-20,22.999693294401865,72.60115569230976,301.87123998006183,28.721239980061853
2021-05-21,22.999693294401865,72.60115569230976,301.9229850769043,28.77298507690432
2021-05-22,22.999693294401865,72.60115569230976,301.96723047892254,28.817230478922568
2021-05-23,22.999693294401865,72.60115569230976,302.8250611623128,29.67506116231283
2021-05-24,22.999693294401865,72.60115569230976,303.68003273010254,30.530032730102562
2021-05-25,22.999693294401865,72.60115569230976,303.82593154907227,30.67593154907229
2021-05-26,22.999693294401865,72.60115569230976,303.45825322469074,30.30825322469076
2021-05-27,22.999693294401865,72.60115569230976,304.0649121602376,30.914912160237634
2021-05-28,22.999693294401865,72.60115569230976,304.2505594889323,31.100559488932333
2021-05-29,22.999693294401865,72.60115569230976,304.72583389282227,31.57583389282229
2021-05-30,22.999693294401865,72.60115569230976,304.6101729075114,31.460172907511435
2021-05-31,22.999693294401865,72.60115569230976,304.3824939727783,31.232493972778343
2021-06-01,22.999693294401865,72.60115569230976,304.2516733805339,31.101673380533896
2021-06-02,22.999693294401865,72.60115569230976,304.6387538909912,31.488753890991234
2021-06-03,22.999693294401865,72.60115569230976,305.24922879536945,32.09922879536947
2021-06-04,22.999693294401865,72.60115569230976,305.434819539388,32.284819539388025
2021-06-05,22.999693294401865,72.60115569230976,305.2925230662028,32.14252306620284
2021-06-06,22.999693294401865,72.60115569230976,305.38613573710126,32.23613573710128
2021-06-07,22.999693294401865,72.60115569230976,305.6827475229899,32.53274752298995
2021-06-08,22.999693294401865,72.60115569230976,306.250670115153,33.10067011515304
2021-06-09,22.999693294401865,72.60115569230976,305.9863535563151,32.836353556315146
2021-06-10,22.999693294401865,72.60115569230976,305.6299222310384,32.479922231038415
2021-06-11,22.999693294401865,72.60115569230976,305.69577471415204,32.54577471415206
2021-06-12,22.999693294401865,72.60115569230976,306.4894256591797,33.33942565917971
2021-06-13,22.999693294401865,72.60115569230976,306.1405881245931,32.9905881245931
2021-06-14,22.999693294401865,72.60115569230976,305.97545051574707,32.82545051574709
2021-06-15,22.999693294401865,72.60115569230976,305.96935590108234,32.81935590108236
2021-06-16,22.999693294401865,72.60115569230976,305.32099469502765,32.17099469502767
2021-06-17,22.999693294401865,72.60115569230976,303.2649389902751,30.114938990275107
2021-06-18,22.999693294401865,72.60115569230976,300.29955673217773,27.149556732177757
2021-06-19,22.999693294401865,72.60115569230976,299.7591139475505,26.609113947550497
2021-06-20,22.999693294401865,72.60115569230976,299.766050974528,26.616050974528036
2021-06-21,22.999693294401865,72.60115569230976,301.91471608479816,28.76471608479818
2021-06-22,22.999693294401865,72.60115569230976,302.3855438232422,29.23554382324221
2021-06-23,22.999693294401865,72.60115569230976,302.094767888387,28.944767888387048
2021-06-24,22.999693294401865,72.60115569230976,301.6202697753906,28.470269775390648
2021-06-25,22.999693294401865,72.60115569230976,302.6644147237142,29.514414723714196
2021-06-26,22.999693294401865,72.60115569230976,302.7647902170817,29.614790217081747
2021-06-27,22.999693294401865,72.60115569230976,303.4987684885661,30.348768488566122
2021-06-28,22.999693294401865,72.60115569230976,302.0943743387858,28.94437433878585
2021-06-29,22.999693294401865,72.60115569230976,303.53190358479816,30.38190358479818
2021-06-30,22.999693294401865,72.60115569230976,303.7735131581624,30.62351315816244
2021-07-01,22.999693294401865,72.60115569230976,303.52952639261883,30.379526392618857
2021-07-02,22.999693294401865,72.60115569230976,303.5472011566162,30.397201156616234
2021-07-03,22.999693294401865,72.60115569230976,303.3073196411133,30.157319641113304
2021-07-04,22.999693294401865,72.60115569230976,303.54586092631024,30.395860926310263
2021-07-05,22.999693294401865,72.60115569230976,303.8001143137614,30.650114313761435
2021-07-06,22.999693294401865,72.60115569230976,304.1006914774577,30.950691477457724
2021-07-07,22.999693294401865,72.60115569230976,304.46375401814777,31.31375401814779
2021-07-08,22.999693294401865,72.60115569230976,304.3886324564616,31.23863245646163
2021-07-09,22.999693294401865,72.60115569230976,304.15093994140625,31.000939941406273
2021-07-10,22.999693294401865,72.60115569230976,305.084774017334,31.934774017334007
2021-07-11,22.999693294401865,72.60115569230976,303.05353291829425,29.903532918294275
2021-07-12,22.999693294401865,72.60115569230976,302.8602237701416,29.710223770141624
2021-07-13,22.999693294401865,72.60115569230976,302.9631748199463,29.813174819946312
2021-07-14,22.999693294401865,72.60115569230976,302.8726526896159,29.722652689615927
2021-07-15,22.999693294401865,72.60115569230976,302.9844436645508,29.834443664550804
2021-07-16,22.999693294401865,72.60115569230976,302.80770047505695,29.65770047505697
2021-07-17,22.999693294401865,72.60115569230976,303.3226795196533,30.172679519653343
2021-07-18,22.999693294401865,72.60115569230976,302.2806860605876,29.130686060587607
2021-07-19,22.999693294401865,72.60115569230976,302.5551293690999,29.40512936909994
2021-07-20,22.999693294401865,72.60115569230976,301.7789770762126,28.628977076212607
2021-07-21,22.999693294401865,72.60115569230976,302.6406885782878,29.490688578287802
2021-07-22,22.999693294401865,72.60115569230976,303.3947448730469,30.244744873046898
2021-07-23,22.999693294401865,72.60115569230976,302.11696370442706,28.966963704427087
2021-07-24,22.999693294401865,72.60115569230976,301.49585978190106,28.345859781901083
2021-07-25,22.999693294401865,72.60115569230976,299.4087034861247,26.258703486124716
2021-07-26,22.999693294401865,72.60115569230976,299.8135464986165,26.66354649861654
2021-07-27,22.999693294401865,72.60115569230976,300.04256947835285,26.89256947835287
2021-07-28,22.999693294401865,72.60115569230976,301.34403228759766,28.19403228759768
2021-07-29,22.999693294401865,72.60115569230976,300.4263210296631,27.27632102966311
2021-07-30,22.999693294401865,72.60115569230976,301.7060553232829,28.55605532328292
2021-07-31,22.999693294401865,72.60115569230976,301.09267807006836,27.942678070068382
2021-08-01,22.999693294401865,72.60115569230976,300.7303098042806,27.580309804280603
2021-08-02,22.999693294401865,72.60115569230976,300.40137608846027,27.25137608846029
2021-08-03,22.999693294401865,72.60115569230976,300.4164168039958,27.26641680399581
2021-08-04,22.999693294401865,72.60115569230976,301.00997988382977,27.859979883829794
2021-08-05,22.999693294401865,72.60115569230976,301.5301742553711,28.380174255371116
2021-08-06,22.999693294401865,72.60115569230976,300.3335768381755,27.183576838175497
2021-08-07,22.999693294401865,72.60115569230976,301.1991837819417,28.049183781941736
2021-08-08,22.999693294401865,72.60115569230976,301.9066867828369,28.756686782836937
2021-08-09,22.999693294401865,72.60115569230976,301.8871599833171,28.7371599833171
2021-08-10,22.999693294401865,72.60115569230976,301.49865341186523,28.348653411865257
2021-08-11,22.999693294401865,72.60115569230976,301.8949426015218,28.744942601521814
2021-08-12,22.999693294401865,72.60115569230976,301.8077557881673,28.65775578816732
2021-08-13,22.999693294401865,72.60115569230976,301.4613450368245,28.311345036824548
2021-08-14,22.999693294401865,72.60115569230976,301.5681864420573,28.418186442057333
2021-08-15,22.999693294401865,72.60115569230976,301.8214467366536,28.67144673665365
2021-08-16,22.999693294401865,72.60115569230976,301.76638730367023,28.61638730367025
2021-08-17,22.999693294401865,72.60115569230976,302.4679807027181,29.317980702718103
2021-08-18,22.999693294401865,72.60115569230976,301.2238140106201,28.07381401062014
2021-08-19,22.999693294401865,72.60115569230976,301.42405064900714,28.274050649007165
2021-08-20,22.999693294401865,72.60115569230976,300.59940274556476,27.449402745564782
2021-08-21,22.999693294401865,72.60115569230976,299.5292040506999,26.37920405069991
2021-08-22,22.999693294401865,72.60115569230976,300.44791475931805,27.297914759318076
2021-08-23,22.999693294401865,72.60115569230976,301.188538869222,28.03853886922201
2021-08-24,22.999693294401865,72.60115569230976,302.01451174418133,28.864511744181357
2021-08-25,22.999693294401865,72.60115569230976,301.95129521687824,28.80129521687826
2021-08-26,22.999693294401865,72.60115569230976,301.826229095459,28.676229095459007
2021-08-27,22.999693294401865,72.60115569230976,301.7087459564209,28.55874595642092
2021-08-28,22.999693294401865,72.60115569230976,302.2054608662923,29.05546086629232
2021-08-29,22.999693294401865,72.60115569230976,302.5401833852132,29.39018338521322
2021-08-30,22.999693294401865,72.60115569230976,301.77770614624023,28.627706146240257
2021-08-31,22.999693294401865,72.60115569230976,300.44565836588544,27.29565836588546
2021-09-01,22.999693294401865,72.60115569230976,300.34353192647296,27.193531926472986
2021-09-02,22.999693294401865,72.60115569230976,300.2797025044759,27.129702504475915
2021-09-03,22.999693294401865,72.60115569230976,300.6327381134033,27.482738113403343
2021-09-04,22.999693294401865,72.60115569230976,301.1977132161458,28.047713216145837
2021-09-05,22.999693294401865,72.60115569230976,300.99082438151044,27.84082438151046
2021-09-06,22.999693294401865,72.60115569230976,301.5905755360921,28.440575536092126
2021-09-07,22.999693294401865,72.60115569230976,302.6477692921956,29.497769292195642
2021-09-08,22.999693294401865,72.60115569230976,301.166296005249,28.016296005249046
2021-09-09,22.999693294401865,72.60115569230976,299.3526032765706,26.202603276570642
2021-09-10,22.999693294401865,72.60115569230976,300.292729695638,27.142729695638025
2021-09-11,22.999693294401865,72.60115569230976,298.6774495442708,25.527449544270837
2021-09-12,22.999693294401865,72.60115569230976,299.23008918762207,26.080089187622093
2021-09-13,22.999693294401865,72.60115569230976,300.660301844279,27.510301844279013
2021-09-14,22.999693294401865,72.60115569230976,300.95384152730304,27.803841527303064
2021-09-15,22.999693294401865,72.60115569230976,300.87131945292157,27.72131945292159
2021-09-16,22.999693294401865,72.60115569230976,300.66181500752765,27.511815007527673
2021-09-17,22.999693294401865,72.60115569230976,300.5816186269124,27.43161862691244
2021-09-18,22.999693294401865,72.60115569230976,300.63796361287433,27.487963612874353
2021-09-19,22.999693294401865,72.60115569230976,299.8649361928304,26.714936192830407
2021-09-20,22.999693294401865,72.60115569230976,300.4766305287679,27.326630528767907
2021-09-21,22.999693294401865,72.60115569230976,299.257355372111,26.107355372111044
2021-09-22,22.999693294401865,72.60115569230976,300.2100690205892,27.060069020589196
2021-09-23,22.999693294401865,72.60115569230976,299.5038948059082,26.353894805908226
2021-09-24,22.999693294401865,72.60115569230976,299.93185806274414,26.781858062744163
2021-09-25,22.999693294401865,72.60115569230976,300.57359886169434,27.42359886169436
2021-09-26,22.999693294401865,72.60115569230976,300.30423672993976,27.154236729939782
2021-09-27,22.999693294401865,72.60115569230976,298.8535346984863,25.70353469848635
2021-09-28,22.999693294401865,72.60115569230976,301.110746383667,27.960746383667015
2021-09-29,22.999693294401865,72.60115569230976,299.1519966125488,26.00199661254885
2021-09-30,22.999693294401865,72.60115569230976,299.8637180328369,26.713718032836937
2021-10-01,22.999693294401865,72.60115569230976,300.77028783162433,27.620287831624353
2021-10-02,22.999693294401865,72.60115569230976,301.2900740305583,28.14007403055831
2021-10-03,22.999693294401865,72.60115569230976,301.6180928548177,28.468092854817712
2021-10-04,22.999693294401865,72.60115569230976,300.98960304260254,27.839603042602562
2021-10-05,22.999693294401865,72.60115569230976,301.2873821258545,28.137382125854515
2021-10-06,22.999693294401865,72.60115569230976,302.3039258321126,29.153925832112634
2021-10-07,22.999693294401865,72.60115569230976,302.61345926920575,29.46345926920577
2021-10-08,22.999693294401865,72.60115569230976,302.2672545115153,29.11725451151534
2021-10-09,22.999693294401865,72.60115569230976,301.76222546895343,28.612225468953454
2021-10-10,22.999693294401865,72.60115569230976,301.53830591837567,28.388305918375693
2021-10-11,22.999693294401865,72.60115569230976,301.53923479715985,28.389234797159872
2021-10-12,22.999693294401865,72.60115569230976,301.5895627339681,28.439562733968103
2021-10-13,22.999693294401865,72.60115569230976,301.4137268066406,28.263726806640648
2021-10-14,22.999693294401865,72.60115569230976,300.80009778340656,27.65009778340658
2021-10-15,22.999693294401865,72.60115569230976,299.46099917093915,26.31099917093917
2021-10-16,22.999693294401865,72.60115569230976,298.7967522939046,25.646752293904626
2021-10-17,22.999693294401865,72.60115569230976,299.7902577718099,26.6402577718099
2021-10-18,22.999693294401865,72.60115569230976,298.3804874420166,25.230487442016624
2021-10-19,22.999693294401865,72.60115569230976,298.4337463378906,25.283746337890648
2021-10-20,22.999693294401865,72.60115569230976,298.4862060546875,25.336206054687523
2021-10-21,22.999693294401865,72.60115569230976,298.5752779642741,25.42527796427413
2021-10-22,22.999693294401865,72.60115569230976,298.484073638916,25.33407363891604
2021-10-23,22.999693294401865,72.60115569230976,298.6523043314616,25.50230433146163
2021-10-24,22.999693294401865,72.60115569230976,298.7323621114095,25.58236211140951
2021-10-25,22.999693294401865,72.60115569230976,298.63356335957843,25.483563359578454
2021-10-26,22.999693294401865,72.60115569230976,298.92517280578613,25.775172805786156
2021-10-27,22.999693294401865,72.60115569230976,299.06458536783856,25.914585367838583
2021-10-28,22.999693294401865,72.60115569230976,298.06973393758136,24.919733937581384
2021-10-29,22.999693294401865,72.60115569230976,297.2483615875244,24.098361587524437
2021-10-30,22.999693294401865,72.60115569230976,296.5930169423421,23.443016942342126
2021-10-31,22.999693294401865,72.60115569230976,296.41591517130536,23.26591517130538
2021-11-01,22.999693294401865,72.60115569230976,296.71278381347656,23.562783813476585
2021-11-02,22.999693294401865,72.60115569230976,297.42234293619794,24.27234293619796
2021-11-03,22.999693294401865,72.60115569230976,297.563445409139,24.413445409139
2021-11-04,22.999693294401865,72.60115569230976,297.75840250651044,24.60840250651046
2021-11-05,22.999693294401865,72.60115569230976,297.8450107574463,24.695010757446312
2021-11-06,22.999693294401865,72.60115569230976,297.4040107727051,24.2540107727051
2021-11-07,22.999693294401865,72.60115569230976,297.4773406982422,24.32734069824221
2021-11-08,22.999693294401865,72.60115569230976,298.35122934977215,25.201229349772177
2021-11-09,22.999693294401865,72.60115569230976,297.9459145863851,24.795914586385095
2021-11-10,22.999693294401865,72.60115569230976,297.31100273132324,24.161002731323265
2021-11-11,22.999693294401865,72.60115569230976,297.0294869740804,23.879486974080407
2021-11-12,22.999693294401865,72.60115569230976,296.91893831888837,23.768938318888388
2021-11-13,22.999693294401865,72.60115569230976,296.9613965352376,23.811396535237634
2021-11-14,22.999693294401865,72.60115569230976,297.1092955271403,23.95929552714034
2021-11-15,22.999693294401865,72.60115569230976,297.118860244751,23.968860244751
2021-11-16,22.999693294401865,72.60115569230976,297.15259679158527,24.00259679158529
2021-11-17,22.999693294401865,72.60115569230976,298.429833094279,25.279833094279013
2021-11-18,22.999693294401865,72.60115569230976,296.655117670695,23.50511767069503
2021-11-19,22.999693294401865,72.60115569230976,297.0458285013835,23.895828501383505
2021-11-20,22.999693294401865,72.60115569230976,298.90602429707843,25.756024297078454
2021-11-21,22.999693294401865,72.60115569230976,299.8839302062988,26.73393020629885
2021-11-22,22.999693294401865,72.60115569230976,300.1122595469157,26.962259546915732
2021-11-23,22.999693294401865,72.60115569230976,298.2854226430257,25.13542264302572
2021-11-24,22.999693294401865,72.60115569230976,296.24294026692706,23.092940266927087
2021-11-25,22.999693294401865,72.60115569230976,295.66706530253094,22.517065302530966
2021-11-26,22.999693294401865,72.60115569230976,296.4829686482747,23.332968648274743
2021-11-27,22.999693294401865,72.60115569230976,297.27861976623535,24.128619766235374
2021-11-28,22.999693294401865,72.60115569230976,297.60885429382324,24.458854293823265
2021-11-29,22.999693294401865,72.60115569230976,297.40650113423663,24.256501134236657
2021-11-30,22.999693294401865,72.60115569230976,297.6798089345296,24.529808934529626
2021-12-01,22.999693294401865,72.60115569230976,292.92980639139813,19.779806391398154
2021-12-02,22.999693294401865,72.60115569230976,291.1009101867676,17.9509101867676
2021-12-03,22.999693294401865,72.60115569230976,293.8582070668538,20.708207066853845
2021-12-04,22.999693294401865,72.60115569230976,295.7352002461751,22.585200246175134
2021-12-05,22.999693294401865,72.60115569230976,296.43834495544434,23.28834495544436
2021-12-06,22.999693294401865,72.60115569230976,296.5631669362386,23.41316693623861
2021-12-07,22.999693294401865,72.60115569230976,296.06674830118817,22.916748301188193
2021-12-08,22.999693294401865,72.60115569230976,295.80645243326825,22.65645243326827
2021-12-09,22.999693294401865,72.60115569230976,295.56938489278156,22.41938489278158
2021-12-10,22.999693294401865,72.60115569230976,295.5381959279378,22.38819592793783
2021-12-11,22.999693294401865,72.60115569230976,295.15896797180176,22.00896797180178
2021-12-12,22.999693294401865,72.60115569230976,295.3598740895589,22.209874089558923
2021-12-13,22.999693294401865,72.60115569230976,295.7791627248128,22.62916272481283
2021-12-14,22.999693294401865,72.60115569230976,294.2581787109375,21.108178710937523
2021-12-15,22.999693294401865,72.60115569230976,294.2401345570882,21.09013455708822
2021-12-16,22.999693294401865,72.60115569230976,292.9467194875081,19.796719487508142
2021-12-17,22.999693294401865,72.60115569230976,292.6441116333008,19.494111633300804
2021-12-18,22.999693294401865,72.60115569230976,292.1906038920085,19.040603892008505
2021-12-19,22.999693294401865,72.60115569230976,291.42809041341144,18.278090413411462
2021-12-20,22.999693294401865,72.60115569230976,291.3744481404622,18.224448140462243
2021-12-21,22.999693294401865,72.60115569230976,291.7339553833008,18.583955383300804
2021-12-22,22.999693294401865,72.60115569230976,292.19311078389484,19.04311078389486
2021-12-23,22.999693294401865,72.60115569230976,293.18166224161786,20.03166224161788
2021-12-24,22.999693294401865,72.60115569230976,294.45574315388996,21.305743153889978
2021-12-25,22.999693294401865,72.60115569230976,294.1835594177246,21.033559417724632
2021-12-26,22.999693294401865,72.60115569230976,294.3750527699788,21.225052769978845
2021-12-27,22.999693294401865,72.60115569230976,294.90066719055176,21.75066719055178
2021-12-28,22.999693294401865,72.60115569230976,292.4382406870524,19.28824068705245
2021-12-29,22.999693294401865,72.60115569230976,291.7334683736165,18.58346837361654
2021-12-30,22.999693294401865,72.60115569230976,291.7254117329915,18.57541173299154
2021-12-31,22.999693294401865,72.60115569230976,293.0528736114502,19.902873611450218
2022-01-01,22.999693294401865,72.60115569230976,294.1307366689046,20.980736668904626
2022-01-02,22.999693294401865,72.60115569230976,294.78540738423663,21.635407384236657
2022-01-03,22.999693294401865,72.60115569230976,295.5449746449788,22.394974644978845
2022-01-04,22.999693294401865,72.60115569230976,296.1392129262288,22.989212926228845
2022-01-05,22.999693294401865,72.60115569230976,296.485050201416,23.33505020141604
2022-01-06,22.999693294401865,72.60115569230976,292.07247670491535,18.92247670491537
2022-01-07,22.999693294401865,72.60115569230976,293.6170463562012,20.467046356201195
2022-01-08,22.999693294401865,72.60115569230976,290.3357162475586,17.185716247558616
2022-01-09,22.999693294401865,72.60115569230976,288.9671179453532,15.817117945353232
2022-01-10,22.999693294401865,72.60115569230976,289.25990358988446,16.109903589884482
2022-01-11,22.999693294401865,72.60115569230976,289.09965260823566,15.94965260823568
2022-01-12,22.999693294401865,72.60115569230976,288.80829366048175,15.658293660481775
2022-01-13,22.999693294401865,72.60115569230976,289.3595364888509,16.209536488850915
2022-01-14,22.999693294401865,72.60115569230976,289.99913024902344,16.84913024902346
2022-01-15,22.999693294401865,72.60115569230976,291.0583667755127,17.908366775512718
2022-01-16,22.999693294401865,72.60115569230976,292.10122871398926,18.95122871398928
2022-01-17,22.999693294401865,72.60115569230976,292.9450149536133,19.795014953613304
2022-01-18,22.999693294401865,72.60115569230976,292.96823755900067,19.818237559000693
2022-01-19,22.999693294401865,72.60115569230976,294.0592447916667,20.90924479166671
2022-01-20,22.999693294401865,72.60115569230976,293.9811871846517,20.831187184651696
2022-01-21,22.999693294401865,72.60115569230976,295.2480926513672,22.09809265136721
2022-01-22,22.999693294401865,72.60115569230976,293.8458557128906,20.695855712890648
2022-01-23,22.999693294401865,72.60115569230976,289.47790908813477,16.32790908813479
2022-01-24,22.999693294401865,72.60115569230976,289.1670633951823,16.017063395182333
2022-01-25,22.999693294401865,72.60115569230976,289.81286811828613,16.662868118286156
2022-01-26,22.999693294401865,72.60115569230976,289.9675006866455,16.81750068664553
2022-01-27,22.999693294401865,72.60115569230976,290.32862854003906,17.178628540039085
2022-01-28,22.999693294401865,72.60115569230976,290.6463108062744,17.496310806274437
2022-01-29,22.999693294401865,72.60115569230976,291.57287279764813,18.422872797648154
2022-01-30,22.999693294401865,72.60115569230976,292.10987790425617,18.95987790425619
2022-01-31,22.999693294401865,72.60115569230976,293.0781192779541,19.928119277954124
2022-02-01,22.999693294401865,72.60115569230976,294.7725346883138,21.622534688313806
2022-02-02,22.999693294401865,72.60115569230976,295.2513783772786,22.10137837727865
2022-02-03,22.999693294401865,72.60115569230976,293.26172637939453,20.111726379394554
2022-02-04,22.999693294401865,72.60115569230976,292.0874900817871,18.937490081787132
2022-02-05,22.999693294401865,72.60115569230976,292.45101229349774,19.301012293497763
2022-02-06,22.999693294401865,72.60115569230976,293.40561294555664,20.255612945556663
2022-02-07,22.999693294401865,72.60115569230976,293.5989735921224,20.4489735921224
2022-02-08,22.999693294401865,72.60115569230976,294.06385612487793,20.913856124877952
2022-02-09,22.999693294401865,72.60115569230976,294.66941769917804,21.519417699178064
2022-02-10,22.999693294401865,72.60115569230976,294.23541895548504,21.085418955485068
2022-02-11,22.999693294401865,72.60115569230976,293.35638999938965,20.20638999938967
2022-02-12,22.999693294401865,72.60115569230976,293.54690488179523,20.39690488179525
2022-02-13,22.999693294401865,72.60115569230976,294.0109182993571,20.860918299357138
2022-02-14,22.999693294401865,72.60115569230976,294.8883228302002,21.738322830200218
2022-02-15,22.999693294401865,72.60115569230976,294.95802942911786,21.80802942911788
2022-02-16,22.999693294401865,72.60115569230976,295.54618072509766,22.39618072509768
2022-02-17,22.999693294401865,72.60115569230976,296.0897687276204,22.939768727620446
2022-02-18,22.999693294401865,72.60115569230976,297.0174020131429,23.867402013142907
2022-02-19,22.999693294401865,72.60115569230976,297.6560064951579,24.50600649515792
2022-02-20,22.999693294401865,72.60115569230976,296.08944574991864,22.93944574991866
2022-02-21,22.999693294401865,72.60115569230976,296.66394424438477,23.51394424438479
2022-02-22,22.999693294401865,72.60115569230976,296.55348269144696,23.403482691446982
2022-02-23,22.999693294401865,72.60115569230976,296.21387481689453,23.063874816894554
2022-02-24,22.999693294401865,72.60115569230976,296.7819239298503,23.631923929850302
2022-02-25,22.999693294401865,72.60115569230976,298.1622397104899,25.01223971048995
2022-02-26,22.999693294401865,72.60115569230976,296.530569712321,23.380569712321005
2022-02-27,22.999693294401865,72.60115569230976,297.51493072509766,24.36493072509768
2022-02-28,22.999693294401865,72.60115569230976,297.96087710062665,24.81087710062667
2022-03-01,22.999693294401865,72.60115569230976,298.0766379038493,24.926637903849326
2022-03-02,22.999693294401865,72.60115569230976,298.74057896931964,25.590578969319665
2022-03-03,22.999693294401865,72.60115569230976,298.38405736287433,25.234057362874353
2022-03-04,22.999693294401865,72.60115569230976,297.4863630930583,24.33636309305831
2022-03-05,22.999693294401865,72.60115569230976,297.4621245066325,24.31212450663253
2022-03-06,22.999693294401865,72.60115569230976,298.73308118184406,25.58308118184408
2022-03-07,22.999693294401865,72.60115569230976,300.0501658121745,26.90016581217452
2022-03-08,22.999693294401865,72.60115569230976,300.43934567769367,27.28934567769369
2022-03-09,22.999693294401865,72.60115569230976,300.2791404724121,27.129140472412132
2022-03-10,22.999693294401865,72.60115569230976,300.3072255452474,27.1572255452474
2022-03-11,22.999693294401865,72.60115569230976,300.5837237040202,27.433723704020224
2022-03-12,22.999693294401865,72.60115569230976,300.567284266154,27.417284266154013
2022-03-13,22.999693294401865,72.60115569230976,301.4362265268962,28.2862265268962
2022-03-14,22.999693294401865,72.60115569230976,302.6095377604167,29.45953776041671
2022-03-15,22.999693294401865,72.60115569230976,303.272211710612,30.12221171061202
2022-03-16,22.999693294401865,72.60115569230976,303.04233169555664,29.892331695556663
2022-03-17,22.999693294401865,72.60115569230976,302.9210484822591,29.77104848225912
2022-03-18,22.999693294401865,72.60115569230976,303.3088849385579,30.158884938557946
2022-03-19,22.999693294401865,72.60115569230976,302.68689918518066,29.536899185180687
2022-03-20,22.999693294401865,72.60115569230976,302.0109945933024,28.86099459330245
2022-03-21,22.999693294401865,72.60115569230976,302.46922938028973,29.319229380289755
2022-03-22,22.999693294401865,72.60115569230976,302.72989018758136,29.579890187581384
2022-03-23,22.999693294401865,72.60115569230976,302.4484519958496,29.298451995849632
2022-03-24,22.999693294401865,72.60115569230976,302.23119672139484,29.08119672139486
2022-03-25,22.999693294401865,72.60115569230976,302.084654490153,28.934654490153036
2022-03-26,22.999693294401865,72.60115569230976,303.99182510375977,30.84182510375979
2022-03-27,22.999693294401865,72.60115569230976,303.9046103159587,30.7546103159587
2022-03-28,22.999693294401865,72.60115569230976,303.7759812672933,30.625981267293298
2022-03-29,22.999693294401865,72.60115569230976,303.51998964945477,30.369989649454794
2022-03-30,22.999693294401865,72.60115569230976,302.47943178812665,29.32943178812667
2022-03-31,22.999693294401865,72.60115569230976,303.40613746643066,30.256137466430687
2022-04-01,22.999693294401865,72.60115569230976,303.91759999593097,30.767599995930993
2022-04-02,22.999693294401865,72.60115569230976,304.0583381652832,30.908338165283226
2022-04-03,22.999693294401865,72.60115569230976,304.43585268656415,31.28585268656417
2022-04-04,22.999693294401865,72.60115569230976,304.6036427815755,31.453642781575525
2022-04-05,22.999693294401865,72.60115569230976,305.4065113067627,32.25651130676272
2022-04-06,22.999693294401865,72.60115569230976,304.3883997599284,31.238399759928427
2022-04-07,22.999693294401865,72.60115569230976,305.0289777119954,31.878977711995446
2022-04-08,22.999693294401865,72.60115569230976,305.8423957824707,32.692395782470726
2022-04-09,22.999693294401865,72.60115569230976,304.52045313517254,31.370453135172568
2022-04-10,22.999693294401865,72.60115569230976,303.77800941467285,30.628009414672874
2022-04-11,22.999693294401865,72.60115569230976,303.7372932434082,30.587293243408226
2022-04-12,22.999693294401865,72.60115569230976,303.6022466023763,30.452246602376306
2022-04-13,22.999693294401865,72.60115569230976,303.9381268819173,30.78812688191732
2022-04-14,22.999693294401865,72.60115569230976,304.2893746693929,31.139374669392907
2022-04-15,22.999693294401865,72.60115569230976,303.79370371500653,30.643703715006552
2022-04-16,22.999693294401865,72.60115569230976,304.13929812113446,30.989298121134482
2022-04-17,22.999693294401865,72.60115569230976,304.0686601003011,30.91866010030111
2022-04-18,22.999693294401865,72.60115569230976,304.36803817749023,31.218038177490257
2022-04-19,22.999693294401865,72.60115569230976,305.00091044108075,31.85091044108077
2022-04-20,22.999693294401865,72.60115569230976,305.942284266154,32.79228426615401
2022-04-21,22.999693294401865,72.60115569230976,306.0081049601237,32.85810496012374
2022-04-22,22.999693294401865,72.60115569230976,305.58535385131836,32.43535385131838
2022-04-23,22.999693294401865,72.60115569230976,306.03292147318524,32.88292147318526
2022-04-24,22.999693294401865,72.60115569230976,305.83504931132,32.68504931132003
2022-04-25,22.999693294401865,72.60115569230976,305.3935076395671,32.2435076395671
2022-04-26,22.999693294401865,72.60115569230976,305.47381591796875,32.32381591796877
2022-04-27,22.999693294401865,72.60115569230976,306.30198923746747,33.15198923746749
2022-04-28,22.999693294401865,72.60115569230976,307.04476102193195,33.89476102193197
2022-04-29,22.999693294401865,72.60115569230976,306.8887634277344,33.7387634277344
2022-04-30,22.999693294401865,72.60115569230976,306.7421105702718,33.592110570271814
2022-05-01,22.999693294401865,72.60115569230976,306.3192392985026,33.169239298502646
2022-05-02,22.999693294401865,72.60115569230976,306.2881094614665,33.13810946146651
2022-05-03,22.999693294401865,72.60115569230976,305.26557540893555,32.11557540893557
2022-05-04,22.999693294401865,72.60115569230976,305.7405020395915,32.59050203959151
2022-05-05,22.999693294401865,72.60115569230976,305.34494463602704,32.19494463602706
2022-05-06,22.999693294401865,72.60115569230976,306.61603418986004,33.46603418986007
2022-05-07,22.999693294401865,72.60115569230976,306.94385019938153,33.79385019938155
2022-05-08,22.999693294401865,72.60115569230976,307.3309440612793,34.18094406127932
2022-05-09,22.999693294401865,72.60115569230976,307.565180460612,34.41518046061202
2022-05-10,22.999693294401865,72.60115569230976,307.90779813130695,34.75779813130697
2022-05-11,22.999693294401865,72.60115569230976,308.7814598083496,35.63145980834963
2022-05-12,22.999693294401865,72.60115569230976,308.0919310251872,34.941931025187216
2022-05-13,22.999693294401865,72.60115569230976,306.09751574198407,32.94751574198409
2022-05-14,22.999693294401865,72.60115569230976,306.35525067647296,33.205250676472986
2022-05-15,22.999693294401865,72.60115569230976,306.7127602895101,33.562760289510095
2022-05-16,22.999693294401865,72.60115569230976,305.75707562764484,32.60707562764486
2022-05-17,22.999693294401865,72.60115569230976,304.9690577189128,31.819057718912802
2022-05-18,22.999693294401865,72.60115569230976,305.86768913269043,32.71768913269045
2022-05-19,22.999693294401865,72.60115569230976,307.05649757385254,33.90649757385256
2022-05-20,22.999693294401865,72.60115569230976,306.0158913930257,32.86589139302572
2022-05-21,22.999693294401865,72.60115569230976,305.95194307963055,32.801943079630576
2022-05-22,22.999693294401865,72.60115569230976,305.92074330647785,32.77074330647787
2022-05-23,22.999693294401865,72.60115569230976,306.0956503550212,32.9456503550212
2022-05-24,22.999693294401865,72.60115569230976,305.6211846669515,32.4711846669515
2022-05-25,22.999693294401865,72.60115569230976,305.7889684041341,32.63896840413412
2022-05-26,22.999693294401865,72.60115569230976,305.2218100229899,32.07181002298995
2022-05-27,22.999693294401865,72.60115569230976,305.69647216796875,32.54647216796877
2022-05-28,22.999693294401865,72.60115569230976,305.8986282348633,32.748628234863304
2022-05-29,22.999693294401865,72.60115569230976,305.8224506378174,32.672450637817406
2022-05-30,22.999693294401865,72.60115569230976,305.39479955037433,32.24479955037435
2022-05-31,22.999693294401865,72.60115569230976,305.8164660135905,32.66646601359054
2022-06-01,22.999693294401865,72.60115569230976,306.0026486714681,32.8526486714681
2022-06-02,22.999693294401865,72.60115569230976,306.21499188741046,33.064991887410486
2022-06-03,22.999693294401865,72.60115569230976,306.4077955881755,33.2577955881755
2022-06-04,22.999693294401865,72.60115569230976,306.3865280151367,33.23652801513674
2022-06-05,22.999693294401865,72.60115569230976,306.3713556925456,33.221355692545615
2022-06-06,22.999693294401865,72.60115569230976,306.3377272288005,33.1877272288005
2022-06-07,22.999693294401865,72.60115569230976,306.754114151001,33.604114151001
2022-06-08,22.999693294401865,72.60115569230976,306.81733385721844,33.667333857218466
2022-06-09,22.999693294401865,72.60115569230976,306.53554979960126,33.38554979960128
2022-06-10,22.999693294401865,72.60115569230976,306.801082611084,33.65108261108401
2022-06-11,22.999693294401865,72.60115569230976,306.4491437276204,33.29914372762045
2022-06-12,22.999693294401865,72.60115569230976,304.81210136413574,31.662101364135765
2022-06-13,22.999693294401865,72.60115569230976,304.4654935201009,31.315493520100915
2022-06-14,22.999693294401865,72.60115569230976,304.82360585530597,31.673605855305993
2022-06-15,22.999693294401865,72.60115569230976,304.7324956258138,31.582495625813806
2022-06-16,22.999693294401865,72.60115569230976,305.11789258321124,31.967892583211267
2022-06-17,22.999693294401865,72.60115569230976,305.4421494801839,32.29214948018392
2022-06-18,22.999693294401865,72.60115569230976,304.692289352417,31.542289352417015
2022-06-19,22.999693294401865,72.60115569230976,304.28025182088214,31.130251820882165
2022-06-20,22.999693294401865,72.60115569230976,304.78705914815265,31.637059148152673
2022-06-21,22.999693294401865,72.60115569230976,304.525733311971,31.375733311971032
2022-06-22,22.999693294401865,72.60115569230976,305.5008970896403,32.35089708964034
2022-06-23,22.999693294401865,72.60115569230976,306.334747950236,33.184747950236044
2022-06-24,22.999693294401865,72.60115569230976,306.28817621866864,33.13817621866866
2022-06-25,22.999693294401865,72.60115569230976,306.82994715372723,33.679947153727255
2022-06-26,22.999693294401865,72.60115569230976,306.6709804534912,33.520980453491234
2022-06-27,22.999693294401865,72.60115569230976,303.971430460612,30.82143046061202
2022-06-28,22.999693294401865,72.60115569230976,304.6805610656738,31.53056106567385
2022-06-29,22.999693294401865,72.60115569230976,305.32257588704425,32.172575887044275
2022-06-30,22.999693294401865,72.60115569230976,304.28892771402997,31.13892771402999
2022-07-01,22.999693294401865,72.60115569230976,303.2231922149658,30.073192214965843
2022-07-02,22.999693294401865,72.60115569230976,302.08983103434247,28.93983103434249
2022-07-03,22.999693294401865,72.60115569230976,302.1617965698242,29.01179656982424
2022-07-04,22.999693294401865,72.60115569230976,301.24135716756183,28.091357167561853
2022-07-05,22.999693294401865,72.60115569230976,301.4323533376058,28.282353337605798
2022-07-06,22.999693294401865,72.60115569230976,300.9944273630778,27.84442736307784
2022-07-07,22.999693294401865,72.60115569230976,301.46733411153156,28.31733411153158
2022-07-08,22.999693294401865,72.60115569230976,301.06811396280926,27.918113962809286
2022-07-09,22.999693294401865,72.60115569230976,300.9904244740804,27.840424474080407
2022-07-10,22.999693294401865,72.60115569230976,300.3723513285319,27.222351328531943
2022-07-11,22.999693294401865,72.60115569230976,299.5484326680501,26.398432668050134
2022-07-12,22.999693294401865,72.60115569230976,299.77001698811847,26.620016988118493
2022-07-13,22.999693294401865,72.60115569230976,299.76458676656085,26.614586766560876
2022-07-14,22.999693294401865,72.60115569230976,299.4132544199626,26.263254419962607
2022-07-15,22.999693294401865,72.60115569230976,300.12827491760254,26.978274917602562
2022-07-16,22.999693294401865,72.60115569230976,301.03272374471027,27.88272374471029
2022-07-17,22.999693294401865,72.60115569230976,301.61605008443195,28.46605008443197
2022-07-18,22.999693294401865,72.60115569230976,300.5516751607259,27.401675160725915
2022-07-19,22.999693294401865,72.60115569230976,299.2302773793538,26.080277379353845
2022-07-20,22.999693294401865,72.60115569230976,301.18024253845215,28.03024253845217
2022-07-21,22.999693294401865,72.60115569230976,301.3480281829834,28.19802818298342
2022-07-22,22.999693294401865,72.60115569230976,300.99867057800293,27.848670578002952
2022-07-23,22.999693294401865,72.60115569230976,300.11216163635254,26.962161636352562
2022-07-24,22.999693294401865,72.60115569230976,299.1361535390218,25.986153539021814
2022-07-25,22.999693294401865,72.60115569230976,300.559087117513,27.409087117513025
2022-07-26,22.999693294401865,72.60115569230976,299.5828431447347,26.432843144734704
2022-07-27,22.999693294401865,72.60115569230976,300.7937876383464,27.643787638346396
2022-07-28,22.999693294401865,72.60115569230976,301.77199935913086,28.621999359130882
2022-07-29,22.999693294401865,72.60115569230976,301.4788754781087,28.328875478108728
2022-07-30,22.999693294401865,72.60115569230976,301.5120379130046,28.3620379130046
2022-07-31,22.999693294401865,72.60115569230976,301.5884660085042,28.438466008504236
2022-08-01,22.999693294401865,72.60115569230976,301.49364471435547,28.34364471435549
2022-08-02,22.999693294401865,72.60115569230976,301.1429907480876,27.992990748087607
2022-08-03,22.999693294401865,72.60115569230976,301.5384629567464,28.388462956746423
2022-08-04,22.999693294401865,72.60115569230976,301.1839173634847,28.033917363484704
2022-08-05,22.999693294401865,72.60115569230976,299.81897354125977,26.66897354125979
2022-08-06,22.999693294401865,72.60115569230976,300.7933057149251,27.643305714925134
2022-08-07,22.999693294401865,72.60115569230976,302.05749829610187,28.907498296101892
2022-08-08,22.999693294401865,72.60115569230976,301.59412066141766,28.444120661417685
2022-08-09,22.999693294401865,72.60115569230976,301.487091700236,28.337091700236044
2022-08-10,22.999693294401865,72.60115569230976,300.8335666656494,27.683566665649437
2022-08-11,22.999693294401865,72.60115569230976,300.1202754974365,26.970275497436546
2022-08-12,22.999693294401865,72.60115569230976,300.62267684936523,27.472676849365257
2022-08-13,22.999693294401865,72.60115569230976,300.8088843027751,27.658884302775107
2022-08-14,22.999693294401865,72.60115569230976,300.4276549021403,27.27765490214034
2022-08-15,22.999693294401865,72.60115569230976,299.56078147888184,26.41078147888186
2022-08-16,22.999693294401865,72.60115569230976,298.6979331970215,25.547933197021507
2022-08-17,22.999693294401865,72.60115569230976,298.9465389251709,25.79653892517092
2022-08-18,22.999693294401865,72.60115569230976,300.24098777770996,27.090987777709984
2022-08-19,22.999693294401865,72.60115569230976,300.15515327453613,27.005153274536156
2022-08-20,22.999693294401865,72.60115569230976,300.9240557352702,27.774055735270224
2022-08-21,22.999693294401865,72.60115569230976,300.81751950581867,27.66751950581869
2022-08-22,22.999693294401865,72.60115569230976,299.909278233846,26.759278233846032
2022-08-23,22.999693294401865,72.60115569230976,298.8429609934489,25.692960993448935
2022-08-24,22.999693294401865,72.60115569230976,300.0813344319661,26.93133443196615
2022-08-25,22.999693294401865,72.60115569230976,300.3203754425049,27.170375442504906
2022-08-26,22.999693294401865,72.60115569230976,300.2360019683838,27.086001968383812
2022-08-27,22.999693294401865,72.60115569230976,299.8971716562907,26.747171656290732
2022-08-28,22.999693294401865,72.60115569230976,300.38282775878906,27.232827758789085
2022-08-29,22.999693294401865,72.60115569230976,300.7133782704671,27.563378270467126
2022-08-30,22.999693294401865,72.60115569230976,301.47134526570636,28.321345265706384
2022-08-31,22.999693294401865,72.60115569230976,302.5549742380778,29.40497423807784
2022-09-01,22.999693294401865,72.60115569230976,301.5494925181071,28.399492518107138
2022-09-02,22.999693294401865,72.60115569230976,301.870844523112,28.72084452311202
2022-09-03,22.999693294401865,72.60115569230976,302.59797286987305,29.44797286987307
2022-09-04,22.999693294401865,72.60115569230976,301.609660466512,28.459660466512048
2022-09-05,22.999693294401865,72.60115569230976,301.34079360961914,28.190793609619163
2022-09-06,22.999693294401865,72.60115569230976,300.85842450459796,27.708424504597986
2022-09-07,22.999693294401865,72.60115569230976,302.16097768147785,29.01097768147787
2022-09-08,22.999693294401865,72.60115569230976,303.4976971944173,30.34769719441732
2022-09-09,22.999693294401865,72.60115569230976,303.524866104126,30.374866104126
2022-09-10,22.999693294401865,72.60115569230976,302.7633361816406,29.613336181640648
2022-09-11,22.999693294401865,72.60115569230976,301.60632578531903,28.456325785319052
2022-09-12,22.999693294401865,72.60115569230976,301.05693435668945,27.906934356689476
2022-09-13,22.999693294401865,72.60115569230976,300.81888008117676,27.66888008117678
2022-09-14,22.999693294401865,72.60115569230976,300.0888322194417,26.938832219441736
2022-09-15,22.999693294401865,72.60115569230976,299.7817974090576,26.63179740905764
2022-09-16,22.999693294401865,72.60115569230976,300.7750434875488,27.62504348754885
2022-09-17,22.999693294401865,72.60115569230976,300.4200731913249,27.27007319132491
2022-09-18,22.999693294401865,72.60115569230976,300.38613001505536,27.23613001505538
2022-09-19,22.999693294401865,72.60115569230976,300.39841334025067,27.248413340250693
2022-09-20,22.999693294401865,72.60115569230976,300.0583241780599,26.9083241780599
2022-09-21,22.999693294401865,72.60115569230976,299.943016688029,26.793016688029013
2022-09-22,22.999693294401865,72.60115569230976,299.9648920694987,26.81489206949874
2022-09-23,22.999693294401865,72.60115569230976,299.67887051900226,26.528870519002282
2022-09-24,22.999693294401865,72.60115569230976,299.82658831278485,26.676588312784872
2022-09-25,22.999693294401865,72.60115569230976,299.89020983378094,26.740209833780966
2022-09-26,22.999693294401865,72.60115569230976,300.17200660705566,27.022006607055687
2022-09-27,22.999693294401865,72.60115569230976,300.4796492258708,27.32964922587081
2022-09-28,22.999693294401865,72.60115569230976,300.75169372558594,27.60169372558596
2022-09-29,22.999693294401865,72.60115569230976,300.92993354797363,27.779933547973656
2022-09-30,22.999693294401865,72.60115569230976,301.37224769592285,28.222247695922874
2022-10-01,22.999693294401865,72.60115569230976,300.9340655008952,27.784065500895224
2022-10-02,22.999693294401865,72.60115569230976,300.59558296203613,27.445582962036156
2022-10-03,22.999693294401865,72.60115569230976,300.5642674763997,27.414267476399743
2022-10-04,22.999693294401865,72.60115569230976,301.46179072062176,28.311790720621786
2022-10-05,22.999693294401865,72.60115569230976,302.78536860148114,29.63536860148116
2022-10-06,22.999693294401865,72.60115569230976,301.68347930908203,28.533479309082054
2022-10-07,22.999693294401865,72.60115569230976,298.6369934082031,25.486993408203148
2022-10-08,22.999693294401865,72.60115569230976,298.43975766499835,25.289757664998376
2022-10-09,22.999693294401865,72.60115569230976,299.8350664774577,26.685066477457724
2022-10-10,22.999693294401865,72.60115569230976,300.69805844624835,27.548058446248376
2022-10-11,22.999693294401865,72.60115569230976,300.9633668263753,27.81336682637533
2022-10-12,22.999693294401865,72.60115569230976,300.9260737101237,27.77607371012374
2022-10-13,22.999693294401865,72.60115569230976,299.87479972839355,26.724799728393577
2022-10-14,22.999693294401865,72.60115569230976,299.51252365112305,26.36252365112307
2022-10-15,22.999693294401865,72.60115569230976,299.6721541086833,26.52215410868331
2022-10-16,22.999693294401865,72.60115569230976,298.7598508199056,25.609850819905603
2022-10-17,22.999693294401865,72.60115569230976,298.76495997111004,25.614959971110068
2022-10-18,22.999693294401865,72.60115569230976,299.18774096171063,26.037740961710654
2022-10-19,22.999693294401865,72.60115569230976,299.34235254923504,26.192352549235068
2022-10-20,22.999693294401865,72.60115569230976,300.1213315327962,26.971331532796228
2022-10-21,22.999693294401865,72.60115569230976,300.0935643513997,26.943564351399743
2022-10-22,22.999693294401865,72.60115569230976,298.87255986531574,25.72255986531576
2022-10-23,22.999693294401865,72.60115569230976,298.8584626515706,25.708462651570642
2022-10-24,22.999693294401865,72.60115569230976,299.3019854227702,26.151985422770224
2022-10-25,22.999693294401865,72.60115569230976,299.1792360941569,26.029236094156943
2022-10-26,22.999693294401865,72.60115569230976,299.17166328430176,26.02166328430178
2022-10-27,22.999693294401865,72.60115569230976,299.51175626118976,26.361756261189782
2022-10-28,22.999693294401865,72.60115569230976,299.8700720469157,26.720072046915732
2022-10-29,22.999693294401865,72.60115569230976,299.883342107137,26.733342107137048
2022-10-30,22.999693294401865,72.60115569230976,299.7216154734294,26.571615473429404
2022-10-31,22.999693294401865,72.60115569230976,299.0444501241048,25.89445012410482
2022-11-01,22.999693294401865,72.60115569230976,298.82517115275067,25.675171152750693
2022-11-02,22.999693294401865,72.60115569230976,299.75607172648114,26.60607172648116
2022-11-03,22.999693294401865,72.60115569230976,299.55527178446454,26.40527178446456
2022-11-04,22.999693294401865,72.60115569230976,299.54909960428876,26.39909960428878
2022-11-05,22.999693294401865,72.60115569230976,299.71686871846515,26.566868718465173
2022-11-06,22.999693294401865,72.60115569230976,300.05543581644696,26.905435816446982
2022-11-07,22.999693294401865,72.60115569230976,300.1925106048584,27.04251060485842
2022-11-08,22.999693294401865,72.60115569230976,299.19396718343097,26.043967183430993
2022-11-09,22.999693294401865,72.60115569230976,298.7927583058675,25.642758305867517
2022-11-10,22.999693294401865,72.60115569230976,298.99420166015625,25.844201660156273
2022-11-11,22.999693294401865,72.60115569230976,299.18431854248047,26.03431854248049
2022-11-12,22.999693294401865,72.60115569230976,298.4157238006592,25.265723800659202
2022-11-13,22.999693294401865,72.60115569230976,297.4108823140462,24.260882314046228
2022-11-14,22.999693294401865,72.60115569230976,297.5498332977295,24.399833297729515
2022-11-15,22.999693294401865,72.60115569230976,297.7990016937256,24.64900169372561
2022-11-16,22.999693294401865,72.60115569230976,297.82367579142254,24.673675791422568
2022-11-17,22.999693294401865,72.60115569230976,296.75117174784344,23.601171747843466
2022-11-18,22.999693294401865,72.60115569230976,295.73119354248047,22.58119354248049
2022-11-19,22.999693294401865,72.60115569230976,295.58435376485187,22.434353764851892
2022-11-20,22.999693294401865,72.60115569230976,296.24640528361004,23.096405283610068
2022-11-21,22.999693294401865,72.60115569230976,295.9188181559245,22.76881815592452
2022-11-22,22.999693294401865,72.60115569230976,295.8221861521403,22.67218615214034
2022-11-23,22.999693294401865,72.60115569230976,296.007532119751,22.857532119751
2022-11-24,22.999693294401865,72.60115569230976,295.9998264312744,22.849826431274437
2022-11-25,22.999693294401865,72.60115569230976,295.8128007253011,22.66280072530111
2022-11-26,22.999693294401865,72.60115569230976,295.3871962229411,22.237196222941122
2022-11-27,22.999693294401865,72.60115569230976,295.10642115275067,21.956421152750693
2022-11-28,22.999693294401865,72.60115569230976,295.5156943003337,22.3656943003337
2022-11-29,22.999693294401865,72.60115569230976,296.1394793192546,22.9894793192546
2022-11-30,22.999693294401865,72.60115569230976,296.28166516621906,23.13166516621908
2022-12-01,22.999693294401865,72.60115569230976,295.72107950846356,22.571079508463583
2022-12-02,22.999693294401865,72.60115569230976,295.20936012268066,22.059360122680687
2022-12-03,22.999693294401865,72.60115569230976,295.0992266337077,21.949226633707724
2022-12-04,22.999693294401865,72.60115569230976,295.21661885579425,22.066618855794275
2022-12-05,22.999693294401865,72.60115569230976,295.89884694417316,22.74884694417318
2022-12-06,22.999693294401865,72.60115569230976,296.6614799499512,23.511479949951195
2022-12-07,22.999693294401865,72.60115569230976,296.01086044311523,22.860860443115257
2022-12-08,22.999693294401865,72.60115569230976,294.6026732126872,21.452673212687216
2022-12-09,22.999693294401865,72.60115569230976,294.19726943969727,21.04726943969729
2022-12-10,22.999693294401865,72.60115569230976,294.6008809407552,21.450880940755212
2022-12-11,22.999693294401865,72.60115569230976,295.90598169962567,22.755981699625693
2022-12-12,22.999693294401865,72.60115569230976,298.22647031148273,25.07647031148275
2022-12-13,22.999693294401865,72.60115569230976,299.1715513865153,26.02155138651534
2022-12-14,22.999693294401865,72.60115569230976,299.0215384165446,25.871538416544638
2022-12-15,22.999693294401865,72.60115569230976,298.63354110717773,25.483541107177757
2022-12-16,22.999693294401865,72.60115569230976,298.5604000091553,25.410400009155296
2022-12-17,22.999693294401865,72.60115569230976,298.87099329630536,25.72099329630538
2022-12-18,22.999693294401865,72.60115569230976,298.46121978759766,25.31121978759768
2022-12-19,22.999693294401865,72.60115569230976,297.6345755259196,24.484575525919638
2022-12-20,22.999693294401865,72.60115569230976,296.6348482767741,23.48484827677413
2022-12-21,22.999693294401865,72.60115569230976,295.79462305704754,22.644623057047568
2022-12-22,22.999693294401865,72.60115569230976,294.67989349365234,21.529893493652366
2022-12-23,22.999693294401865,72.60115569230976,293.01383845011395,19.863838450113974
2022-12-24,22.999693294401865,72.60115569230976,292.21547571818036,19.06547571818038
2022-12-25,22.999693294401865,72.60115569230976,292.6596139272054,19.509613927205407
2022-12-26,22.999693294401865,72.60115569230976,292.92932573954266,19.779325739542685
2022-12-27,22.999693294401865,72.60115569230976,293.176513671875,20.026513671875023
2022-12-28,22.999693294401865,72.60115569230976,293.54812240600586,20.398122406005882
2022-12-29,22.999693294401865,72.60115569230976,294.60945320129395,21.459453201293968
2022-12-30,22.999693294401865,72.60115569230976,294.4905586242676,21.3405586242676
2022-12-31,22.999693294401865,72.60115569230976,292.87492243448895,19.724922434488974
2023-01-01,22.999693294401865,72.60115569230976,292.37787501017254,19.227875010172568
2023-01-02,22.999693294401865,72.60115569230976,292.3293266296387,19.179326629638695
2023-01-03,22.999693294401865,72.60115569230976,292.5308609008789,19.38086090087893
2023-01-04,22.999693294401865,72.60115569230976,291.1439565022786,17.99395650227865
2023-01-05,22.999693294401865,72.60115569230976,291.94866434733075,18.79866434733077
2023-01-06,22.999693294401865,72.60115569230976,294.5556182861328,21.405618286132835
2023-01-07,22.999693294401865,72.60115569230976,295.53929074605304,22.389290746053064
2023-01-08,22.999693294401865,72.60115569230976,294.9625492095947,21.81254920959475
2023-01-09,22.999693294401865,72.60115569230976,294.42368443806964,21.273684438069665
2023-01-10,22.999693294401865,72.60115569230976,294.34200286865234,21.192002868652366
2023-01-11,22.999693294401865,72.60115569230976,294.7062288920085,21.556228892008505
2023-01-12,22.999693294401865,72.60115569230976,294.7219352722168,21.57193527221682
2023-01-13,22.999693294401865,72.60115569230976,291.77830568949383,18.628305689493857
2023-01-14,22.999693294401865,72.60115569230976,290.8307393391927,17.680739339192712
2023-01-15,22.999693294401865,72.60115569230976,290.2849585215251,17.134958521525107
2023-01-16,22.999693294401865,72.60115569230976,290.3580404917399,17.20804049173995
2023-01-17,22.999693294401865,72.60115569230976,290.99781862894696,17.847818628946982
2023-01-18,22.999693294401865,72.60115569230976,292.07443110148114,18.92443110148116
2023-01-19,22.999693294401865,72.60115569230976,293.09758313496906,19.94758313496908
2023-01-20,22.999693294401865,72.60115569230976,292.88741238911945,19.73741238911947
2023-01-21,22.999693294401865,72.60115569230976,292.1428674062093,18.992867406209314
2023-01-22,22.999693294401865,72.60115569230976,290.93238004048663,17.782380040486657
2023-01-23,22.999693294401865,72.60115569230976,291.0056234995524,17.85562349955245
2023-01-24,22.999693294401865,72.60115569230976,291.0332571665446,17.883257166544638
2023-01-25,22.999693294401865,72.60115569230976,290.8214422861735,17.671442286173544
2023-01-26,22.999693294401865,72.60115569230976,292.17318598429364,19.02318598429366
2023-01-27,22.999693294401865,72.60115569230976,293.79521560668945,20.645215606689476
2023-01-28,22.999693294401865,72.60115569230976,295.8300094604492,22.68000946044924
2023-01-29,22.999693294401865,72.60115569230976,294.18596903483075,21.03596903483077
2023-01-30,22.999693294401865,72.60115569230976,292.97713406880695,19.82713406880697
2023-01-31,22.999693294401865,72.60115569230976,293.5429464975993,20.392946497599326
2023-02-01,22.999693294401865,72.60115569230976,292.7369836171468,19.586983617146814
2023-02-02,22.999693294401865,72.60115569230976,293.0800272623698,19.930027262369833
2023-02-03,22.999693294401865,72.60115569230976,293.92978541056317,20.779785410563193
2023-02-04,22.999693294401865,72.60115569230976,294.387170791626,21.237170791626
2023-02-05,22.999693294401865,72.60115569230976,295.17189598083496,22.021895980834984
2023-02-06,22.999693294401865,72.60115569230976,295.433801651001,22.283801651001
2023-02-07,22.999693294401865,72.60115569230976,295.6230271657308,22.473027165730798
2023-02-08,22.999693294401865,72.60115569230976,295.30271275838214,22.152712758382165
2023-02-09,22.999693294401865,72.60115569230976,296.1087226867676,22.9587226867676
2023-02-10,22.999693294401865,72.60115569230976,296.3022041320801,23.1522041320801
2023-02-11,22.999693294401865,72.60115569230976,295.49917157491046,22.349171574910486
2023-02-12,22.999693294401865,72.60115569230976,296.5722935994466,23.42229359944662
2023-02-13,22.999693294401865,72.60115569230976,294.59276008605957,21.442760086059593
2023-02-14,22.999693294401865,72.60115569230976,295.73454093933105,22.584540939331077
2023-02-15,22.999693294401865,72.60115569230976,297.2497736612956,24.099773661295615
2023-02-16,22.999693294401865,72.60115569230976,298.2979424794515,25.1479424794515
2023-02-17,22.999693294401865,72.60115569230976,298.97461382548016,25.824613825480185
2023-02-18,22.999693294401865,72.60115569230976,298.68625831604004,25.536258316040062
2023-02-19,22.999693294401865,72.60115569230976,299.1185054779053,25.968505477905296
2023-02-20,22.999693294401865,72.60115569230976,299.10951868693036,25.95951868693038
2023-02-21,22.999693294401865,72.60115569230976,297.40760866800946,24.257608668009482
2023-02-22,22.999693294401865,72.60115569230976,297.8809954325358,24.73099543253585
2023-02-23,22.999693294401865,72.60115569230976,297.28726323445636,24.137263234456384
2023-02-24,22.999693294401865,72.60115569230976,297.48382059733075,24.33382059733077
2023-02-25,22.999693294401865,72.60115569230976,297.7515277862549,24.601527786254906
2023-02-26,22.999693294401865,72.60115569230976,298.0605176289876,24.910517628987634
2023-02-27,22.999693294401865,72.60115569230976,298.96552022298175,25.815520222981775
2023-02-28,22.999693294401865,72.60115569230976,299.824005762736,26.674005762736044
2023-03-01,22.999693294401865,72.60115569230976,299.5780340830485,26.428034083048544
2023-03-02,22.999693294401865,72.60115569230976,300.10413487752277,26.95413487752279
2023-03-03,22.999693294401865,72.60115569230976,300.87144152323407,27.72144152323409
2023-03-04,22.999693294401865,72.60115569230976,301.34462547302246,28.194625473022484
2023-03-05,22.999693294401865,72.60115569230976,300.85534922281903,27.705349222819052
2023-03-06,22.999693294401865,72.60115569230976,300.2102629343669,27.060262934366904
2023-03-07,22.999693294401865,72.60115569230976,299.5053462982178,26.355346298217796
2023-03-08,22.999693294401865,72.60115569230976,299.37410672505695,26.22410672505697
2023-03-09,22.999693294401865,72.60115569230976,299.0588099161784,25.908809916178427
2023-03-10,22.999693294401865,72.60115569230976,299.0553601582845,25.90536015828451
2023-03-11,22.999693294401865,72.60115569230976,299.82238896687824,26.67238896687826
2023-03-12,22.999693294401865,72.60115569230976,300.67766125996906,27.52766125996908
2023-03-13,22.999693294401865,72.60115569230976,301.6361198425293,28.48611984252932
2023-03-14,22.999693294401865,72.60115569230976,301.70227495829266,28.552274958292685
2023-03-15,22.999693294401865,72.60115569230976,299.78729820251465,26.63729820251467
2023-03-16,22.999693294401865,72.60115569230976,299.9304116566976,26.780411656697595
2023-03-17,22.999693294401865,72.60115569230976,299.7693119049072,26.61931190490725
2023-03-18,22.999693294401865,72.60115569230976,298.6889533996582,25.538953399658226
2023-03-19,22.999693294401865,72.60115569230976,298.33252080281574,25.18252080281576
2023-03-20,22.999693294401865,72.60115569230976,298.5122585296631,25.36225852966311
2023-03-21,22.999693294401865,72.60115569230976,298.98686091105145,25.836860911051474
2023-03-22,22.999693294401865,72.60115569230976,299.51916058858234,26.36916058858236
2023-03-23,22.999693294401865,72.60115569230976,300.1484667460124,26.99846674601241
2023-03-24,22.999693294401865,72.60115569230976,299.685453414917,26.535453414917015
2023-03-25,22.999693294401865,72.60115569230976,298.56694412231445,25.416944122314476
2023-03-26,22.999693294401865,72.60115569230976,299.56454213460285,26.41454213460287
2023-03-27,22.999693294401865,72.60115569230976,300.45123227437335,27.301232274373376
2023-03-28,22.999693294401865,72.60115569230976,300.4009831746419,27.25098317464193
2023-03-29,22.999693294401865,72.60115569230976,302.0280621846517,28.878062184651696
2023-03-30,22.999693294401865,72.60115569230976,299.8495979309082,26.699597930908226
2023-03-31,22.999693294401865,72.60115569230976,299.9143263498942,26.764326349894247
2023-04-01,22.999693294401865,72.60115569230976,301.1793804168701,28.02938041687014
2023-04-02,22.999693294401865,72.60115569230976,301.7771860758464,28.627186075846396
2023-04-03,22.999693294401865,72.60115569230976,301.7064094543457,28.556409454345726
2023-04-04,22.999693294401865,72.60115569230976,302.1741580963135,29.0241580963135
2023-04-05,22.999693294401865,72.60115569230976,302.7017307281494,29.551730728149437
2023-04-06,22.999693294401865,72.60115569230976,303.02131334940594,29.871313349405966
2023-04-07,22.999693294401865,72.60115569230976,302.9634037017822,29.81340370178225
2023-04-08,22.999693294401865,72.60115569230976,303.5267041524251,30.376704152425134
2023-04-09,22.999693294401865,72.60115569230976,304.13270314534503,30.982703145345056
2023-04-10,22.999693294401865,72.60115569230976,304.781431833903,31.631431833903036
2023-04-11,22.999693294401865,72.60115569230976,304.8407046000163,31.690704600016318
2023-04-12,22.999693294401865,72.60115569230976,304.40522321065265,31.255223210652673
2023-04-13,22.999693294401865,72.60115569230976,304.7270685831706,31.577068583170615
2023-04-14,22.999693294401865,72.60115569230976,304.6961860656738,31.54618606567385
2023-04-15,22.999693294401865,72.60115569230976,303.881560643514,30.731560643514
2023-04-16,22.999693294401865,72.60115569230976,304.2428728739421,31.0928728739421
2023-04-17,22.999693294401865,72.60115569230976,305.28276379903156,32.13276379903158
2023-04-18,22.999693294401865,72.60115569230976,305.5883280436198,32.43832804361983
2023-04-19,22.999693294401865,72.60115569230976,305.8251527150472,32.675152715047204
2023-04-20,22.999693294401865,72.60115569230976,304.62179311116535,31.47179311116537
2023-04-21,22.999693294401865,72.60115569230976,304.23827807108563,31.088278071085654
2023-04-22,22.999693294401865,72.60115569230976,304.1500466664632,31.00004666646322
2023-04-23,22.999693294401865,72.60115569230976,303.9953308105469,30.845330810546898
2023-04-24,22.999693294401865,72.60115569230976,304.0338935852051,30.8838935852051
2023-04-25,22.999693294401865,72.60115569230976,304.5375162760417,31.38751627604171
2023-04-26,22.999693294401865,72.60115569230976,303.71687507629395,30.566875076293968
2023-04-27,22.999693294401865,72.60115569230976,303.5820077260335,30.432007726033532
2023-04-28,22.999693294401865,72.60115569230976,303.73520533243817,30.585205332438193
2023-04-29,22.999693294401865,72.60115569230976,301.2747497558594,28.124749755859398
2023-04-30,22.999693294401865,72.60115569230976,299.41222953796387,26.26222953796389
2023-05-01,22.999693294401865,72.60115569230976,301.36254437764484,28.21254437764486
2023-05-02,22.999693294401865,72.60115569230976,302.43347549438477,29.28347549438479
2023-05-03,22.999693294401865,72.60115569230976,303.2168432871501,30.066843287150107
2023-05-04,22.999693294401865,72.60115569230976,303.3931140899658,30.243114089965843
2023-05-05,22.999693294401865,72.60115569230976,305.15650431315106,32.00650431315108
2023-05-06,22.999693294401865,72.60115569230976,305.81372197469074,32.66372197469076
2023-05-07,22.999693294401865,72.60115569230976,306.5053532918294,33.35535329182943
2023-05-08,22.999693294401865,72.60115569230976,306.0556634267171,32.905663426717126
2023-05-09,22.999693294401865,72.60115569230976,306.71249071757,33.56249071757003
2023-05-10,22.999693294401865,72.60115569230976,307.2606652577718,34.110665257771814
2023-05-11,22.999693294401865,72.60115569230976,307.0832118988037,33.933211898803734
2023-05-12,22.999693294401865,72.60115569230976,307.73111089070636,34.581110890706384
2023-05-13,22.999693294401865,72.60115569230976,307.8583590189616,34.70835901896163
2023-05-14,22.999693294401865,72.60115569230976,306.9223276774089,33.772327677408896
2023-05-15,22.999693294401865,72.60115569230976,306.22144317626953,33.071443176269554
2023-05-16,22.999693294401865,72.60115569230976,306.12786356608075,32.97786356608077
2023-05-17,22.999693294401865,72.60115569230976,305.98255666097003,32.832556660970056
2023-05-18,22.999693294401865,72.60115569230976,305.98083114624023,32.83083114624026
2023-05-19,22.999693294401865,72.60115569230976,306.9889882405599,33.8389882405599
2023-05-20,22.999693294401865,72.60115569230976,307.1720078786214,34.02200787862142
2023-05-21,22.999693294401865,72.60115569230976,306.51852289835614,33.36852289835616
2023-05-22,22.999693294401865,72.60115569230976,306.1061948140462,32.95619481404623
2023-05-23,22.999693294401865,72.60115569230976,306.180856068929,33.03085606892904
2023-05-24,22.999693294401865,72.60115569230976,306.6553274790446,33.50532747904464
2023-05-25,22.999693294401865,72.60115569230976,306.57511774698895,33.425117746988974
2023-05-26,22.999693294401865,72.60115569230976,306.1241861979167,32.97418619791671
2023-05-27,22.999693294401865,72.60115569230976,306.635591506958,33.48559150695803
2023-05-28,22.999693294401865,72.60115569230976,305.479549407959,32.32954940795901
2023-05-29,22.999693294401865,72.60115569230976,305.6186644236247,32.468664423624716
2023-05-30,22.999693294401865,72.60115569230976,305.4623082478841,32.31230824788412
2023-05-31,22.999693294401865,72.60115569230976,306.33214950561523,33.18214950561526
2023-06-01,22.999693294401865,72.60115569230976,306.3707103729248,33.22071037292483
2023-06-02,22.999693294401865,72.60115569230976,306.80920219421387,33.65920219421389
2023-06-03,22.999693294401865,72.60115569230976,307.0900993347168,33.94009933471682
2023-06-04,22.999693294401865,72.60115569230976,306.5565579732259,33.406557973225915
2023-06-05,22.999693294401865,72.60115569230976,306.93418820699054,33.784188206990564
2023-06-06,22.999693294401865,72.60115569230976,306.23295466105145,33.082954661051474
2023-06-07,22.999693294401865,72.60115569230976,306.43525377909344,33.285253779093466
2023-06-08,22.999693294401865,72.60115569230976,306.65138053894043,33.50138053894045
2023-06-09,22.999693294401865,72.60115569230976,306.7849591573079,33.63495915730795
2023-06-10,22.999693294401865,72.60115569230976,306.34448687235516,33.194486872355185
2023-06-11,22.999693294401865,72.60115569230976,305.6054922739665,32.45549227396651
2023-06-12,22.999693294401865,72.60115569230976,305.11938794453937,31.969387944539392
2023-06-13,22.999693294401865,72.60115569230976,304.4104995727539,31.26049957275393
2023-06-14,22.999693294401865,72.60115569230976,303.9139283498128,30.76392834981283
2023-06-15,22.999693294401865,72.60115569230976,302.2264874776204,29.076487477620446
2023-06-16,22.999693294401865,72.60115569230976,303.390323638916,30.24032363891604
2023-06-17,22.999693294401865,72.60115569230976,304.44665654500324,31.29665654500326
2023-06-18,22.999693294401865,72.60115569230976,303.91173362731934,30.76173362731936
2023-06-19,22.999693294401865,72.60115569230976,304.47976366678876,31.32976366678878
2023-06-20,22.999693294401865,72.60115569230976,304.9916019439697,31.84160194396975
2023-06-21,22.999693294401865,72.60115569230976,304.96538798014325,31.81538798014327
2023-06-22,22.999693294401865,72.60115569230976,305.49763743082684,32.347637430826865
2023-06-23,22.999693294401865,72.60115569230976,305.87859026590985,32.72859026590987
2023-06-24,22.999693294401865,72.60115569230976,302.85498237609863,29.704982376098656
2023-06-25,22.999693294401865,72.60115569230976,301.7490011850993,28.599001185099326
2023-06-26,22.999693294401865,72.60115569230976,301.10560607910156,27.955606079101585
2023-06-27,22.999693294401865,72.60115569230976,301.23901240030926,28.089012400309286
2023-06-28,22.999693294401865,72.60115569230976,301.60045687357587,28.450456873575888
2023-06-29,22.999693294401865,72.60115569230976,300.34345054626465,27.19345054626467
2023-06-30,22.999693294401865,72.60115569230976,300.7175299326579,27.56752993265792
2023-07-01,22.999693294401865,72.60115569230976,300.02136993408203,26.871369934082054
2023-07-02,22.999693294401865,72.60115569230976,301.67677370707196,28.526773707071982
2023-07-03,22.999693294401865,72.60115569230976,302.9522069295247,29.802206929524743
2023-07-04,22.999693294401865,72.60115569230976,303.4120343526204,30.262034352620446
2023-07-05,22.999693294401865,72.60115569230976,302.7701663970947,29.62016639709475
2023-07-06,22.999693294401865,72.60115569230976,301.5325183868408,28.382518386840843
2023-07-07,22.999693294401865,72.60115569230976,301.30803235371906,28.15803235371908
2023-07-08,22.999693294401865,72.60115569230976,301.1214129130046,27.9714129130046
2023-07-09,22.999693294401865,72.60115569230976,299.9898039499919,26.839803949991904
2023-07-10,22.999693294401865,72.60115569230976,300.1881408691406,27.038140869140648
2023-07-11,22.999693294401865,72.60115569230976,301.8163496653239,28.666349665323935
2023-07-12,22.999693294401865,72.60115569230976,301.2026672363281,28.052667236328148
2023-07-13,22.999693294401865,72.60115569230976,302.0951010386149,28.94510103861495
2023-07-14,22.999693294401865,72.60115569230976,301.82091013590497,28.67091013590499
2023-07-15,22.999693294401865,72.60115569230976,301.9273675282796,28.777367528279626
2023-07-16,22.999693294401865,72.60115569230976,301.8134021759033,28.663402175903343
2023-07-17,22.999693294401865,72.60115569230976,301.8831024169922,28.73310241699221
2023-07-18,22.999693294401865,72.60115569230976,302.42414983113605,29.27414983113607
2023-07-19,22.999693294401865,72.60115569230976,301.3461736043294,28.19617360432943
2023-07-20,22.999693294401865,72.60115569230976,301.1520544687907,28.002054468790732
2023-07-21,22.999693294401865,72.60115569230976,301.3490130106608,28.19901301066085
2023-07-22,22.999693294401865,72.60115569230976,300.8600438435872,27.710043843587243
2023-07-23,22.999693294401865,72.60115569230976,300.7546138763428,27.604613876342796
2023-07-24,22.999693294401865,72.60115569230976,300.50435574849445,27.35435574849447
2023-07-25,22.999693294401865,72.60115569230976,300.94111188252765,27.791111882527673
2023-07-26,22.999693294401865,72.60115569230976,302.03512382507324,28.885123825073265
2023-07-27,22.999693294401865,72.60115569230976,301.47563552856445,28.325635528564476
2023-07-28,22.999693294401865,72.60115569230976,301.4932448069255,28.343244806925497
2023-07-29,22.999693294401865,72.60115569230976,301.1234423319499,27.97344233194991
2023-07-30,22.999693294401865,72.60115569230976,301.0419178009033,27.891917800903343
2023-07-31,22.999693294401865,72.60115569230976,301.01519711812335,27.865197118123376
2023-08-01,22.999693294401865,72.60115569230976,301.0508492787679,27.900849278767907
2023-08-02,22.999693294401865,72.60115569230976,301.67115275065106,28.521152750651083
2023-08-03,22.999693294401865,72.60115569230976,301.222261428833,28.07226142883303
2023-08-04,22.999693294401865,72.60115569230976,301.1803448994954,28.030344899495446
2023-08-05,22.999693294401865,72.60115569230976,301.6183230082194,28.468323008219443
2023-08-06,22.999693294401865,72.60115569230976,301.59776814778644,28.447768147786462
2023-08-07,22.999693294401865,72.60115569230976,301.53572909037274,28.385729090372763
2023-08-08,22.999693294401865,72.60115569230976,301.5546010335286,28.40460103352865
2023-08-09,22.999693294401865,72.60115569230976,301.4371083577474,28.2871083577474
2023-08-10,22.999693294401865,72.60115569230976,301.49149831136066,28.34149831136068
2023-08-11,22.999693294401865,72.60115569230976,301.23083114624023,28.080831146240257
2023-08-12,22.999693294401865,72.60115569230976,301.2548408508301,28.1048408508301
2023-08-13,22.999693294401865,72.60115569230976,301.4285373687744,28.278537368774437
2023-08-14,22.999693294401865,72.60115569230976,301.3077278137207,28.157727813720726
2023-08-15,22.999693294401865,72.60115569230976,301.3950875600179,28.245087560017907
2023-08-16,22.999693294401865,72.60115569230976,301.41921106974286,28.26921106974288
2023-08-17,22.999693294401865,72.60115569230976,301.02563095092773,27.875630950927757
2023-08-18,22.999693294401865,72.60115569230976,301.41387939453125,28.263879394531273
2023-08-19,22.999693294401865,72.60115569230976,300.92605145772296,27.776051457722986
2023-08-20,22.999693294401865,72.60115569230976,298.90731875101727,25.757318751017294
2023-08-21,22.999693294401865,72.60115569230976,300.2785898844401,27.128589884440146
2023-08-22,22.999693294401865,72.60115569230976,301.4409370422363,28.29093704223635
2023-08-23,22.999693294401865,72.60115569230976,301.45688819885254,28.306888198852562
2023-08-24,22.999693294401865,72.60115569230976,301.4294738769531,28.279473876953148
2023-08-25,22.999693294401865,72.60115569230976,301.85266558329266,28.702665583292685
2023-08-26,22.999693294401865,72.60115569230976,301.5196361541748,28.369636154174827
2023-08-27,22.999693294401865,72.60115569230976,301.17784754435223,28.027847544352255
2023-08-28,22.999693294401865,72.60115569230976,301.5993372599284,28.449337259928427
2023-08-29,22.999693294401865,72.60115569230976,301.40010833740234,28.250108337402366
2023-08-30,22.999693294401865,72.60115569230976,301.21946144104004,28.069461441040062
2023-08-31,22.999693294401865,72.60115569230976,301.6262677510579,28.476267751057946
2023-09-01,22.999693294401865,72.60115569230976,302.02695083618164,28.876950836181663
2023-09-02,22.999693294401865,72.60115569230976,302.5540542602539,29.40405426025393
2023-09-03,22.999693294401865,72.60115569230976,302.33782323201496,29.187823232014978
2023-09-04,22.999693294401865,72.60115569230976,301.755074818929,28.60507481892904
2023-09-05,22.999693294401865,72.60115569230976,302.48898188273114,29.33898188273116
2023-09-06,22.999693294401865,72.60115569230976,303.6913522084554,30.541352208455407
2023-09-07,22.999693294401865,72.60115569230976,303.28688367207843,30.136883672078454
2023-09-08,22.999693294401865,72.60115569230976,302.29794756571454,29.14794756571456
2023-09-09,22.999693294401865,72.60115569230976,303.0215606689453,29.871560668945335
2023-09-10,22.999693294401865,72.60115569230976,302.7324415842692,29.582441584269247
2023-09-11,22.999693294401865,72.60115569230976,302.6939888000488,29.54398880004885
2023-09-12,22.999693294401865,72.60115569230976,302.44091415405273,29.290914154052757
2023-09-13,22.999693294401865,72.60115569230976,301.62214279174805,28.47214279174807
2023-09-14,22.999693294401865,72.60115569230976,302.4725220998128,29.32252209981283
2023-09-15,22.999693294401865,72.60115569230976,302.53437995910645,29.384379959106468
2023-09-16,22.999693294401865,72.60115569230976,302.0432771046956,28.893277104695642
2023-09-17,22.999693294401865,72.60115569230976,299.0915044148763,25.941504414876306
2023-09-18,22.999693294401865,72.60115569230976,298.4266465504964,25.276646550496423
2023-09-19,22.999693294401865,72.60115569230976,299.8589668273926,26.7089668273926
2023-09-20,22.999693294401865,72.60115569230976,300.608938852946,27.458938852946005
2023-09-21,22.999693294401865,72.60115569230976,301.5942738850911,28.44427388509115
2023-09-22,22.999693294401865,72.60115569230976,301.4017861684163,28.251786168416345
2023-09-23,22.999693294401865,72.60115569230976,301.8381716410319,28.688171641031943
2023-09-24,22.999693294401865,72.60115569230976,301.0379530588786,27.887953058878622
2023-09-25,22.999693294401865,72.60115569230976,300.81442896525067,27.664428965250693
2023-09-26,22.999693294401865,72.60115569230976,302.0486094156901,28.898609415690146
2023-09-27,22.999693294401865,72.60115569230976,302.07466252644855,28.92466252644857
2023-09-28,22.999693294401865,72.60115569230976,302.0857531229655,28.935753122965536
2023-09-29,22.999693294401865,72.60115569230976,302.3104445139567,29.160444513956747
2023-09-30,22.999693294401865,72.60115569230976,302.24553235371906,29.09553235371908
2023-10-01,22.999693294401865,72.60115569230976,301.72740364074707,28.577403640747093
2023-10-02,22.999693294401865,72.60115569230976,300.98970222473145,27.839702224731468
2023-10-03,22.999693294401865,72.60115569230976,300.24217224121094,27.09217224121096
2023-10-04,22.999693294401865,72.60115569230976,299.8283494313558,26.678349431355798
2023-10-05,22.999693294401865,72.60115569230976,299.197301864624,26.047301864624046
2023-10-06,22.999693294401865,72.60115569230976,299.18006261189777,26.03006261189779
2023-10-07,22.999693294401865,72.60115569230976,299.6230818430583,26.47308184305831
2023-10-08,22.999693294401865,72.60115569230976,300.2010974884033,27.051097488403343
2023-10-09,22.999693294401865,72.60115569230976,300.17053095499676,27.020530954996786
2023-10-10,22.999693294401865,72.60115569230976,299.57871691385907,26.42871691385909
2023-10-11,22.999693294401865,72.60115569230976,300.81962966918945,27.669629669189476
2023-10-12,22.999693294401865,72.60115569230976,301.57233174641925,28.422331746419275
2023-10-13,22.999693294401865,72.60115569230976,301.722453435262,28.572453435262048
2023-10-14,22.999693294401865,72.60115569230976,301.4616343180339,28.311634318033896
2023-10-15,22.999693294401865,72.60115569230976,301.28282356262207,28.132823562622093
2023-10-16,22.999693294401865,72.60115569230976,300.7770258585612,27.62702585856124
2023-10-17,22.999693294401865,72.60115569230976,300.29228019714355,27.142280197143577
2023-10-18,22.999693294401865,72.60115569230976,300.1370709737142,26.987070973714196
2023-10-19,22.999693294401865,72.60115569230976,300.15695571899414,27.006955718994163
2023-10-20,22.999693294401865,72.60115569230976,300.86978340148926,27.71978340148928
2023-10-21,22.999693294401865,72.60115569230976,300.8691062927246,27.719106292724632
2023-10-22,22.999693294401865,72.60115569230976,300.700875600179,27.55087560017904
2023-10-23,22.999693294401865,72.60115569230976,300.52805773417157,27.37805773417159
2023-10-24,22.999693294401865,72.60115569230976,300.04894256591797,26.89894256591799
2023-10-25,22.999693294401865,72.60115569230976,299.2254238128662,26.075423812866234
2023-10-26,22.999693294401865,72.60115569230976,300.3982963562012,27.248296356201195
2023-10-27,22.999693294401865,72.60115569230976,298.65501340230304,25.505013402303064
2023-10-28,22.999693294401865,72.60115569230976,299.1910928090413,26.041092809041345
2023-10-29,22.999693294401865,72.60115569230976,299.74986330668133,26.599863306681357
2023-10-30,22.999693294401865,72.60115569230976,300.0214309692383,26.871430969238304
2023-10-31,22.999693294401865,72.60115569230976,299.87889734903973,26.728897349039755
2023-11-01,22.999693294401865,72.60115569230976,299.87503242492676,26.72503242492678
2023-11-02,22.999693294401865,72.60115569230976,299.8207753499349,26.6707753499349
2023-11-03,22.999693294401865,72.60115569230976,299.93940862019855,26.78940862019857
2023-11-04,22.999693294401865,72.60115569230976,299.9906088511149,26.84060885111495
2023-11-05,22.999693294401865,72.60115569230976,299.85928599039715,26.709285990397177
2023-11-06,22.999693294401865,72.60115569230976,299.9012571970622,26.751257197062216
2023-11-07,22.999693294401865,72.60115569230976,299.39891688028973,26.248916880289755
2023-11-08,22.999693294401865,72.60115569230976,299.60667101542157,26.45667101542159
2023-11-09,22.999693294401865,72.60115569230976,299.3948834737142,26.244883473714196
2023-11-10,22.999693294401865,72.60115569230976,299.8805294036865,26.730529403686546
2023-11-11,22.999693294401865,72.60115569230976,298.6116650899251,25.461665089925134
2023-11-12,22.999693294401865,72.60115569230976,297.27271270751953,24.122712707519554
2023-11-13,22.999693294401865,72.60115569230976,297.20519002278644,24.055190022786462
2023-11-14,22.999693294401865,72.60115569230976,297.4447771708171,24.2947771708171
2023-11-15,22.999693294401865,72.60115569230976,297.34921137491864,24.19921137491866
2023-11-16,22.999693294401865,72.60115569230976,297.60587819417316,24.45587819417318
2023-11-17,22.999693294401865,72.60115569230976,297.58776601155597,24.437766011555993
2023-11-18,22.999693294401865,72.60115569230976,297.3324629465739,24.182462946573935
2023-11-19,22.999693294401865,72.60115569230976,298.15308570861816,25.003085708618187
2023-11-20,22.999693294401865,72.60115569230976,299.1005407969157,25.950540796915732
2023-11-21,22.999693294401865,72.60115569230976,298.6202926635742,25.47029266357424
2023-11-22,22.999693294401865,72.60115569230976,297.0310408274333,23.88104082743331
2023-11-23,22.999693294401865,72.60115569230976,296.22041575113934,23.070415751139365
2023-11-24,22.999693294401865,72.60115569230976,297.9299545288086,24.779954528808616
2023-11-25,22.999693294401865,72.60115569230976,299.04876200358075,25.89876200358077
2023-11-26,22.999693294401865,72.60115569230976,295.33964983622235,22.189649836222372
2023-11-27,22.999693294401865,72.60115569230976,294.2587261199951,21.10872611999514
2023-11-28,22.999693294401865,72.60115569230976,294.08359718322754,20.933597183227562
2023-11-29,22.999693294401865,72.60115569230976,294.4360917409261,21.28609174092611
2023-11-30,22.999693294401865,72.60115569230976,295.1183891296387,21.968389129638695
2023-12-01,22.999693294401865,72.60115569230976,296.17481740315753,23.024817403157556
2023-12-02,22.999693294401865,72.60115569230976,297.0636571248372,23.913657124837243
2023-12-03,22.999693294401865,72.60115569230976,296.83198165893555,23.68198165893557
2023-12-04,22.999693294401865,72.60115569230976,295.63970311482746,22.489703114827478
2023-12-05,22.999693294401865,72.60115569230976,294.7756004333496,21.625600433349632
2023-12-06,22.999693294401865,72.60115569230976,295.49817848205566,22.348178482055687
2023-12-07,22.999693294401865,72.60115569230976,294.90164311726886,21.751643117268884
2023-12-08,22.999693294401865,72.60115569230976,295.1581236521403,22.00812365214034
2023-12-09,22.999693294401865,72.60115569230976,294.5059274037679,21.355927403767907
2023-12-10,22.999693294401865,72.60115569230976,294.47492090861004,21.324920908610068
2023-12-11,22.999693294401865,72.60115569230976,294.01273282368976,20.862732823689782
2023-12-12,22.999693294401865,72.60115569230976,293.5726267496745,20.42262674967452
2023-12-13,22.999693294401865,72.60115569230976,294.69950739542645,21.549507395426474
2023-12-14,22.999693294401865,72.60115569230976,295.0033639272054,21.853363927205407
2023-12-15,22.999693294401865,72.60115569230976,295.31540807088214,22.165408070882165
2023-12-16,22.999693294401865,72.60115569230976,294.5028330485026,21.352833048502646
2023-12-17,22.999693294401865,72.60115569230976,293.9343318939209,20.78433189392092
2023-12-18,22.999693294401865,72.60115569230976,294.3736852010091,21.22368520100912
2023-12-19,22.999693294401865,72.60115569230976,293.82004801432294,20.67004801432296
2023-12-20,22.999693294401865,72.60115569230976,293.25274721781415,20.10274721781417
2023-12-21,22.999693294401865,72.60115569230976,293.5802294413249,20.43022944132491
2023-12-22,22.999693294401865,72.60115569230976,294.411418279012,21.261418279012048
2023-12-23,22.999693294401865,72.60115569230976,294.8965555826823,21.746555582682333
2023-12-24,22.999693294401865,72.60115569230976,294.8039773305257,21.65397733052572
2023-12-25,22.999693294401865,72.60115569230976,294.65671157836914,21.506711578369163
2023-12-26,22.999693294401865,72.60115569230976,294.4534339904785,21.30343399047854
2023-12-27,22.999693294401865,72.60115569230976,294.8818645477295,21.731864547729515
2023-12-28,22.999693294401865,72.60115569230976,295.7659333546956,22.615933354695642
2023-12-29,22.999693294401865,72.60115569230976,295.5440279642741,22.39402796427413
2023-12-30,22.999693294401865,72.60115569230976,295.121784845988,21.971784845987997
2023-12-31,22.999693294401865,72.60115569230976,294.3306369781494,21.180636978149437
2024-01-01,22.999693294401865,72.60115569230976,293.89208666483563,20.742086664835654
2024-01-02,22.999693294401865,72.60115569230976,293.90701484680176,20.75701484680178
2024-01-03,22.999693294401865,72.60115569230976,293.01894251505536,19.86894251505538
2024-01-04,22.999693294401865,72.60115569230976,292.44868151346844,19.298681513468466
2024-01-05,22.999693294401865,72.60115569230976,292.49471855163574,19.344718551635765
2024-01-06,22.999693294401865,72.60115569230976,292.6382478078206,19.488247807820642
2024-01-07,22.999693294401865,72.60115569230976,293.81744321187335,20.667443211873376
2024-01-08,22.999693294401865,72.60115569230976,295.21623547871906,22.06623547871908
2024-01-09,22.999693294401865,72.60115569230976,295.8098996480306,22.659899648030603
2024-01-10,22.999693294401865,72.60115569230976,295.062957127889,21.912957127889
2024-01-11,22.999693294401865,72.60115569230976,294.8124084472656,21.662408447265648
2024-01-12,22.999693294401865,72.60115569230976,294.8696117401123,21.719611740112327
2024-01-13,22.999693294401865,72.60115569230976,294.1840629577637,21.034062957763695
2024-01-14,22.999693294401865,72.60115569230976,292.83363087972003,19.683630879720056
2024-01-15,22.999693294401865,72.60115569230976,292.2809651692708,19.130965169270837
2024-01-16,22.999693294401865,72.60115569230976,291.95155143737793,18.801551437377952
2024-01-17,22.999693294401865,72.60115569230976,292.48297182718915,19.33297182718917
2024-01-18,22.999693294401865,72.60115569230976,293.297077814738,20.147077814737997
2024-01-19,22.999693294401865,72.60115569230976,293.3879903157552,20.237990315755212
2024-01-20,22.999693294401865,72.60115569230976,293.0042832692464,19.854283269246423
2024-01-21,22.999693294401865,72.60115569230976,292.3902810414632,19.24028104146322
2024-01-22,22.999693294401865,72.60115569230976,292.1614195505778,19.01141955057784
2024-01-23,22.999693294401865,72.60115569230976,292.35278002421063,19.202780024210654
2024-01-24,22.999693294401865,72.60115569230976,292.5493590037028,19.39935900370284
2024-01-25,22.999693294401865,72.60115569230976,292.7193959554036,19.56939595540365
2024-01-26,22.999693294401865,72.60115569230976,293.1608091990153,20.01080919901534
2024-01-27,22.999693294401865,72.60115569230976,293.8747723897298,20.72477238972982
2024-01-28,22.999693294401865,72.60115569230976,294.04526138305664,20.895261383056663
2024-01-29,22.999693294401865,72.60115569230976,293.8782221476237,20.72822214762374
2024-01-30,22.999693294401865,72.60115569230976,294.9435469309489,21.793546930948935
2024-01-31,22.999693294401865,72.60115569230976,295.3323345184326,22.18233451843264
2024-02-01,22.999693294401865,72.60115569230976,295.3388951619466,22.18889516194662
2024-02-02,22.999693294401865,72.60115569230976,295.651907602946,22.501907602946005
2024-02-03,22.999693294401865,72.60115569230976,296.6765842437744,23.526584243774437
2024-02-04,22.999693294401865,72.60115569230976,298.01734352111816,24.867343521118187
2024-02-05,22.999693294401865,72.60115569230976,296.59585507710773,23.44585507710775
2024-02-06,22.999693294401865,72.60115569230976,296.687983194987,23.53798319498702
2024-02-07,22.999693294401865,72.60115569230976,296.60485521952313,23.454855219523154
2024-02-08,22.999693294401865,72.60115569230976,294.506404876709,21.356404876709007
2024-02-09,22.999693294401865,72.60115569230976,294.06413141886395,20.914131418863974
2024-02-10,22.999693294401865,72.60115569230976,294.4141909281413,21.264190928141318
2024-02-11,22.999693294401865,72.60115569230976,294.70031865437824,21.55031865437826
2024-02-12,22.999693294401865,72.60115569230976,295.2615324656169,22.111532465616904
2024-02-13,22.999693294401865,72.60115569230976,295.65379969278973,22.503799692789755
2024-02-14,22.999693294401865,72.60115569230976,295.6205056508382,22.47050565083822
2024-02-15,22.999693294401865,72.60115569230976,297.32773462931317,24.177734629313193
2024-02-16,22.999693294401865,72.60115569230976,298.11554018656415,24.96554018656417
2024-02-17,22.999693294401865,72.60115569230976,298.8940289815267,25.744028981526696
2024-02-18,22.999693294401865,72.60115569230976,298.2688325246175,25.118832524617517
2024-02-19,22.999693294401865,72.60115569230976,298.60626729329425,25.456267293294275
2024-02-20,22.999693294401865,72.60115569230976,297.53447977701825,24.38447977701827
2024-02-21,22.999693294401865,72.60115569230976,296.83463350931805,23.684633509318076
2024-02-22,22.999693294401865,72.60115569230976,296.3248170216878,23.17481702168783
2024-02-23,22.999693294401865,72.60115569230976,295.06970469156903,21.919704691569052
2024-02-24,22.999693294401865,72.60115569230976,295.06566047668457,21.915660476684593
2024-02-25,22.999693294401865,72.60115569230976,295.75047810872394,22.600478108723962
2024-02-26,22.999693294401865,72.60115569230976,297.52329381306964,24.373293813069665
2024-02-27,22.999693294401865,72.60115569230976,298.57905260721844,25.429052607218466
2024-02-28,22.999693294401865,72.60115569230976,298.78138160705566,25.631381607055687
2024-02-29,22.999693294401865,72.60115569230976,300.14661343892413,26.996613438924157
2024-03-01,22.999693294401865,72.60115569230976,300.5350220998128,27.38502209981283
2024-03-02,22.999693294401865,72.60115569230976,295.97222264607746,22.822222646077478
2024-03-03,22.999693294401865,72.60115569230976,292.18949190775555,19.039491907755576
2024-03-04,22.999693294401865,72.60115569230976,293.0441500345866,19.89415003458663
2024-03-05,22.999693294401865,72.60115569230976,294.6922855377197,21.54228553771975
2024-03-06,22.999693294401865,72.60115569230976,296.0161641438802,22.866164143880212
2024-03-07,22.999693294401865,72.60115569230976,296.8736317952474,23.7236317952474
2024-03-08,22.999693294401865,72.60115569230976,297.4840265909831,24.334026590983115
2024-03-09,22.999693294401865,72.60115569230976,297.73636690775555,24.586366907755576
2024-03-10,22.999693294401865,72.60115569230976,299.0064303080241,25.85643030802413
2024-03-11,22.999693294401865,72.60115569230976,300.0355580647786,26.88555806477865
2024-03-12,22.999693294401865,72.60115569230976,299.8786513010661,26.728651301066122
2024-03-13,22.999693294401865,72.60115569230976,299.0924072265625,25.942407226562523
2024-03-14,22.999693294401865,72.60115569230976,299.1582221984863,26.00822219848635
2024-03-15,22.999693294401865,72.60115569230976,299.6076774597168,26.45767745971682
2024-03-16,22.999693294401865,72.60115569230976,299.5790379842122,26.429037984212243
2024-03-17,22.999693294401865,72.60115569230976,301.11785825093585,27.967858250935876
2024-03-18,22.999693294401865,72.60115569230976,300.8217887878418,27.67178878784182
2024-03-19,22.999693294401865,72.60115569230976,300.95651626586914,27.806516265869163
2024-03-20,22.999693294401865,72.60115569230976,301.64987055460614,28.49987055460616
2024-03-21,22.999693294401865,72.60115569230976,301.35892995198566,28.20892995198568
2024-03-22,22.999693294401865,72.60115569230976,301.50974973042804,28.359749730428064
2024-03-23,22.999693294401865,72.60115569230976,302.30944569905597,29.159445699055993
2024-03-24,22.999693294401865,72.60115569230976,302.28422864278156,29.13422864278158
2024-03-25,22.999693294401865,72.60115569230976,303.2875512440999,30.13755124409994
2024-03-26,22.999693294401865,72.60115569230976,304.0661443074544,30.91614430745443
2024-03-27,22.999693294401865,72.60115569230976,305.22613525390625,32.07613525390627
2024-03-28,22.999693294401865,72.60115569230976,305.0400098164876,31.890009816487634
2024-03-29,22.999693294401865,72.60115569230976,304.2643349965413,31.114334996541345
2024-03-30,22.999693294401865,72.60115569230976,302.78413645426434,29.634136454264365
2024-03-31,22.999693294401865,72.60115569230976,301.63969802856445,28.489698028564476
2024-04-01,22.999693294401865,72.60115569230976,302.40860239664715,29.258602396647177
2024-04-02,22.999693294401865,72.60115569230976,302.82796541849774,29.677965418497763
2024-04-03,22.999693294401865,72.60115569230976,302.6539840698242,29.50398406982424
2024-04-04,22.999693294401865,72.60115569230976,303.1514123280843,30.001412328084314
2024-04-05,22.999693294401865,72.60115569230976,304.07713572184247,30.92713572184249
2024-04-06,22.999693294401865,72.60115569230976,303.58411979675293,30.434119796752952
2024-04-07,22.999693294401865,72.60115569230976,302.9901599884033,29.840159988403343
2024-04-08,22.999693294401865,72.60115569230976,303.8145980834961,30.664598083496116
2024-04-09,22.999693294401865,72.60115569230976,305.0381215413411,31.88812154134115
2024-04-10,22.999693294401865,72.60115569230976,304.6679992675781,31.517999267578148
2024-04-11,22.999693294401865,72.60115569230976,304.49134572347003,31.341345723470056
2024-04-12,22.999693294401865,72.60115569230976,303.94862937927246,30.798629379272484
2024-04-13,22.999693294401865,72.60115569230976,304.0036424001058,30.853642400105798
2024-04-14,22.999693294401865,72.60115569230976,305.052147547404,31.902147547404013
2024-04-15,22.999693294401865,72.60115569230976,305.8894386291504,32.73943862915041
2024-04-16,22.999693294401865,72.60115569230976,306.5672238667806,33.4172238667806
2024-04-17,22.999693294401865,72.60115569230976,307.8314126332601,34.681412633260095
2024-04-18,22.999693294401865,72.60115569230976,306.96308453877765,33.81308453877767
2024-04-19,22.999693294401865,72.60115569230976,305.56872685750324,32.41872685750326
2024-04-20,22.999693294401865,72.60115569230976,303.9409821828206,30.790982182820642
2024-04-21,22.999693294401865,72.60115569230976,303.83989334106445,30.689893341064476
2024-04-22,22.999693294401865,72.60115569230976,304.3807951609294,31.230795160929404
2024-04-23,22.999693294401865,72.60115569230976,304.5804786682129,31.430478668212913
2024-04-24,22.999693294401865,72.60115569230976,305.52602831522626,32.37602831522628
2024-04-25,22.999693294401865,72.60115569230976,306.1967366536458,33.04673665364584
2024-04-26,22.999693294401865,72.60115569230976,305.1403223673503,31.990322367350302
2024-04-27,22.999693294401865,72.60115569230976,305.6732947031657,32.52329470316573
2024-04-28,22.999693294401865,72.60115569230976,306.6574567159017,33.5074567159017
2024-04-29,22.999693294401865,72.60115569230976,305.98719787597656,32.837197875976585
2024-04-30,22.999693294401865,72.60115569230976,305.5394770304362,32.38947703043624
2024-05-01,22.999693294401865,72.60115569230976,304.34349886576337,31.193498865763388
2024-05-02,22.999693294401865,72.60115569230976,304.59046999613446,31.440469996134482
2024-05-03,22.999693294401865,72.60115569230976,305.63852310180664,32.48852310180666
2024-05-04,22.999693294401865,72.60115569230976,307.5525582631429,34.40255826314291
2024-05-05,22.999693294401865,72.60115569230976,306.32961082458496,33.179610824584984
2024-05-06,22.999693294401865,72.60115569230976,306.486785252889,33.336785252889
2024-05-07,22.999693294401865,72.60115569230976,307.2902075449626,34.14020754496261
2024-05-08,22.999693294401865,72.60115569230976,307.64540608723956,34.49540608723959
2024-05-09,22.999693294401865,72.60115569230976,307.4521732330322,34.30217323303225
2024-05-10,22.999693294401865,72.60115569230976,306.90197308858234,33.75197308858236
2024-05-11,22.999693294401865,72.60115569230976,307.30569712320965,34.15569712320968
2024-05-12,22.999693294401865,72.60115569230976,307.49802080790204,34.34802080790206
2024-05-13,22.999693294401865,72.60115569230976,306.8627586364746,33.71275863647463
2024-05-14,22.999693294401865,72.60115569230976,305.93345832824707,32.78345832824709
2024-05-15,22.999693294401865,72.60115569230976,306.40826988220215,33.25826988220217
2024-05-16,22.999693294401865,72.60115569230976,307.4830735524495,34.33307355244955
2024-05-17,22.999693294401865,72.60115569230976,308.9517065684001,35.80170656840011
2024-05-18,22.999693294401865,72.60115569230976,309.5108248392741,36.36082483927413
2024-05-19,22.999693294401865,72.60115569230976,310.0807476043701,36.93074760437014
2024-05-20,22.999693294401865,72.60115569230976,309.3769588470459,36.22695884704592
2024-05-21,22.999693294401865,72.60115569230976,309.33194160461426,36.18194160461428
2024-05-22,22.999693294401865,72.60115569230976,309.86548741658527,36.71548741658529
2024-05-23,22.999693294401865,72.60115569230976,310.38461176554364,37.23461176554366
2024-05-24,22.999693294401865,72.60115569230976,309.4658629099528,36.31586290995284
2024-05-25,22.999693294401865,72.60115569230976,309.1180191040039,35.96801910400393
2024-05-26,22.999693294401865,72.60115569230976,308.5696500142415,35.41965001424154
2024-05-27,22.999693294401865,72.60115569230976,308.0524648030599,34.9024648030599
2024-05-28,22.999693294401865,72.60115569230976,307.93585205078125,34.78585205078127
2024-05-29,22.999693294401865,72.60115569230976,307.2380205790202,34.088020579020224
2024-05-30,22.999693294401865,72.60115569230976,306.8537133534749,33.70371335347494
2024-05-31,22.999693294401865,72.60115569230976,306.93073717753094,33.780737177530966
2024-06-01,22.999693294401865,72.60115569230976,306.84752527872723,33.697525278727255
2024-06-02,22.999693294401865,72.60115569230976,306.96718470255536,33.81718470255538
2024-06-03,22.999693294401865,72.60115569230976,307.6669514973958,34.51695149739584
2024-06-04,22.999693294401865,72.60115569230976,307.2537892659505,34.103789265950525
2024-06-05,22.999693294401865,72.60115569230976,306.96106211344403,33.81106211344405
2024-06-06,22.999693294401865,72.60115569230976,307.1503740946452,34.000374094645224
2024-06-07,22.999693294401865,72.60115569230976,308.3204657236735,35.170465723673544
2024-06-08,22.999693294401865,72.60115569230976,307.86266136169434,34.71266136169436
2024-06-09,22.999693294401865,72.60115569230976,308.5031331380208,35.35313313802084
2024-06-10,22.999693294401865,72.60115569230976,307.6725145975749,34.52251459757491
2024-06-11,22.999693294401865,72.60115569230976,307.0846773783366,33.93467737833663
2024-06-12,22.999693294401865,72.60115569230976,306.7303880055745,33.58038800557455
2024-06-13,22.999693294401865,72.60115569230976,306.5680325826009,33.418032582600915
2024-06-14,22.999693294401865,72.60115569230976,306.22755368550617,33.07755368550619
2024-06-15,22.999693294401865,72.60115569230976,306.5178674062093,33.367867406209314
2024-06-16,22.999693294401865,72.60115569230976,307.4809964497884,34.330996449788415
2024-06-17,22.999693294401865,72.60115569230976,307.4755280812581,34.32552808125814
2024-06-18,22.999693294401865,72.60115569230976,307.2835051218669,34.133505121866904
2024-06-19,22.999693294401865,72.60115569230976,306.06408945719403,32.91408945719405
2024-06-20,22.999693294401865,72.60115569230976,306.98003641764325,33.83003641764327
2024-06-21,22.999693294401865,72.60115569230976,307.293067296346,34.14306729634603
2024-06-22,22.999693294401865,72.60115569230976,307.3786156972249,34.22861569722494
2024-06-23,22.999693294401865,72.60115569230976,307.1708335876465,34.02083358764651
2024-06-24,22.999693294401865,72.60115569230976,305.4640827178955,32.31408271789553
2024-06-25,22.999693294401865,72.60115569230976,304.2435938517253,31.093593851725302
2024-06-26,22.999693294401865,72.60115569230976,304.75366973876953,31.603669738769554
2024-06-27,22.999693294401865,72.60115569230976,304.28126017252606,31.131260172526083
2024-06-28,22.999693294401865,72.60115569230976,302.2849407196045,29.134940719604515
2024-06-29,22.999693294401865,72.60115569230976,302.3179403940837,29.1679403940837
2024-06-30,22.999693294401865,72.60115569230976,301.61582438151044,28.46582438151046
2024-07-01,22.999693294401865,72.60115569230976,300.9756914774577,27.825691477457724
2024-07-02,22.999693294401865,72.60115569230976,300.7898419698079,27.639841969807946
2024-07-03,22.999693294401865,72.60115569230976,302.9577445983887,29.807744598388695
2024-07-04,22.999693294401865,72.60115569230976,302.7377923329671,29.587792332967126
2024-07-05,22.999693294401865,72.60115569230976,301.37474568684894,28.224745686848962
2024-07-06,22.999693294401865,72.60115569230976,303.1519190470378,30.001919047037802
2024-07-07,22.999693294401865,72.60115569230976,303.592814763387,30.442814763387048
2024-07-08,22.999693294401865,72.60115569230976,303.2092876434326,30.05928764343264
2024-07-09,22.999693294401865,72.60115569230976,301.8524735768636,28.70247357686361
2024-07-10,22.999693294401865,72.60115569230976,302.8545176188151,29.704517618815146
2024-07-11,22.999693294401865,72.60115569230976,302.3963451385498,29.246345138549827
2024-07-12,22.999693294401865,72.60115569230976,302.2008934020996,29.050893402099632
2024-07-13,22.999693294401865,72.60115569230976,302.8577715555827,29.707771555582724
2024-07-14,22.999693294401865,72.60115569230976,302.78578503926593,29.635785039265954
2024-07-15,22.999693294401865,72.60115569230976,302.0477759043376,28.897775904337607
2024-07-16,22.999693294401865,72.60115569230976,301.80560302734375,28.655603027343773
2024-07-17,22.999693294401865,72.60115569230976,302.2055384318034,29.055538431803427
2024-07-18,22.999693294401865,72.60115569230976,302.4223435719808,29.272343571980798
2024-07-19,22.999693294401865,72.60115569230976,302.10462951660156,28.954629516601585
2024-07-20,22.999693294401865,72.60115569230976,301.99191093444824,28.841910934448265
2024-07-21,22.999693294401865,72.60115569230976,302.9123077392578,29.762307739257835
2024-07-22,22.999693294401865,72.60115569230976,301.78976186116535,28.63976186116537
2024-07-23,22.999693294401865,72.60115569230976,301.4742018381755,28.324201838175497
2024-07-24,22.999693294401865,72.60115569230976,299.63758087158203,26.487580871582054
2024-07-25,22.999693294401865,72.60115569230976,300.35853385925293,27.208533859252952
2024-07-26,22.999693294401865,72.60115569230976,301.29796663920087,28.147966639200888
2024-07-27,22.999693294401865,72.60115569230976,300.26513862609863,27.115138626098656
2024-07-28,22.999693294401865,72.60115569230976,301.2518723805745,28.101872380574548
2024-07-29,22.999693294401865,72.60115569230976,299.7230332692464,26.573033269246423
2024-07-30,22.999693294401865,72.60115569230976,301.443806330363,28.293806330362997
2024-07-31,22.999693294401865,72.60115569230976,301.43567593892413,28.285675938924157
2024-08-01,22.999693294401865,72.60115569230976,300.9237422943115,27.773742294311546
2024-08-02,22.999693294401865,72.60115569230976,300.05645815531415,26.90645815531417
2024-08-03,22.999693294401865,72.60115569230976,300.02702204386395,26.877022043863974
2024-08-04,22.999693294401865,72.60115569230976,300.7362066904704,27.58620669047042
2024-08-05,22.999693294401865,72.60115569230976,300.5979118347168,27.44791183471682
2024-08-06,22.999693294401865,72.60115569230976,300.58122698465985,27.431226984659872
2024-08-07,22.999693294401865,72.60115569230976,301.15833854675293,28.008338546752952
2024-08-08,22.999693294401865,72.60115569230976,301.2035388946533,28.053538894653343
2024-08-09,22.999693294401865,72.60115569230976,300.43894068400067,27.288940684000693
2024-08-10,22.999693294401865,72.60115569230976,300.1124547322591,26.96245473225912
2024-08-11,22.999693294401865,72.60115569230976,300.0322551727295,26.882255172729515
2024-08-12,22.999693294401865,72.60115569230976,300.50587463378906,27.355874633789085
2024-08-13,22.999693294401865,72.60115569230976,301.2669620513916,28.116962051391624
2024-08-14,22.999693294401865,72.60115569230976,301.5581912994385,28.4081912994385
2024-08-15,22.999693294401865,72.60115569230976,301.607416788737,28.45741678873702
2024-08-16,22.999693294401865,72.60115569230976,301.40148544311523,28.251485443115257
2024-08-17,22.999693294401865,72.60115569230976,301.54585456848145,28.395854568481468
2024-08-18,22.999693294401865,72.60115569230976,302.36550013224286,29.21550013224288
2024-08-19,22.999693294401865,72.60115569230976,302.79383341471356,29.643833414713583
2024-08-20,22.999693294401865,72.60115569230976,302.54690106709796,29.396901067097986
2024-08-21,22.999693294401865,72.60115569230976,302.40171241760254,29.251712417602562
2024-08-22,22.999693294401865,72.60115569230976,302.44136810302734,29.291368103027366
2024-08-23,22.999693294401865,72.60115569230976,301.0505180358887,27.900518035888695
2024-08-24,22.999693294401865,72.60115569230976,299.60339101155597,26.453391011555993
2024-08-25,22.999693294401865,72.60115569230976,298.9392395019531,25.789239501953148
2024-08-26,22.999693294401865,72.60115569230976,299.12263043721515,25.972630437215173
2024-08-27,22.999693294401865,72.60115569230976,298.6759668986003,25.525966898600302
2024-08-28,22.999693294401865,72.60115569230976,299.67501068115234,26.525010681152366
2024-08-29,22.999693294401865,72.60115569230976,300.29471079508465,27.144710795084677
2024-08-30,22.999693294401865,72.60115569230976,300.4649200439453,27.314920043945335
2024-08-31,22.999693294401865,72.60115569230976,300.9805285135905,27.830528513590536
2024-09-01,22.999693294401865,72.60115569230976,301.5202229817708,28.370222981770837
2024-09-02,22.999693294401865,72.60115569230976,300.31262334187824,27.16262334187826
2024-09-03,22.999693294401865,72.60115569230976,298.75740305582684,25.607403055826865
2024-09-04,22.999693294401865,72.60115569230976,299.94242668151855,26.792426681518577
2024-09-05,22.999693294401865,72.60115569230976,299.8277880350749,26.67778803507491
2024-09-06,22.999693294401865,72.60115569230976,299.9290002187093,26.779000218709314
2024-09-07,22.999693294401865,72.60115569230976,300.98957951863605,27.83957951863607
2024-09-08,22.999693294401865,72.60115569230976,301.14355087280273,27.993550872802757
2024-09-09,22.999693294401865,72.60115569230976,301.441354115804,28.29135411580404
2024-09-10,22.999693294401865,72.60115569230976,301.1679979960124,28.01799799601241
2024-09-11,22.999693294401865,72.60115569230976,300.9709224700928,27.820922470092796
2024-09-12,22.999693294401865,72.60115569230976,301.00961748758954,27.85961748758956
2024-09-13,22.999693294401865,72.60115569230976,299.981346766154,26.831346766154013
2024-09-14,22.999693294401865,72.60115569230976,299.4234498341878,26.27344983418783
2024-09-15,22.999693294401865,72.60115569230976,299.6664282480876,26.516428248087607
2024-09-16,22.999693294401865,72.60115569230976,299.8146635691325,26.66466356913253
2024-09-17,22.999693294401865,72.60115569230976,300.0964870452881,26.94648704528811
2024-09-18,22.999693294401865,72.60115569230976,300.6536356608073,27.503635660807333
2024-09-19,22.999693294401865,72.60115569230976,301.4403273264567,28.290327326456747
2024-09-20,22.999693294401865,72.60115569230976,301.4507700602214,28.300770060221396
2024-09-21,22.999693294401865,72.60115569230976,301.6393852233887,28.489385223388695
2024-09-22,22.999693294401865,72.60115569230976,301.93411445617676,28.78411445617678
2024-09-23,22.999693294401865,72.60115569230976,302.67980766296387,29.52980766296389
2024-09-24,22.999693294401865,72.60115569230976,302.820743560791,29.67074356079104
2024-09-25,22.999693294401865,72.60115569230976,302.5881703694661,29.43817036946615
2024-09-26,22.999693294401865,72.60115569230976,301.99316088358563,28.843160883585654
2024-09-27,22.999693294401865,72.60115569230976,300.38781293233234,27.23781293233236
2024-09-28,22.999693294401865,72.60115569230976,299.6471862792969,26.497186279296898
2024-09-29,22.999693294401865,72.60115569230976,300.13635571797687,26.986355717976892
2024-09-30,22.999693294401865,72.60115569230976,301.43010838826496,28.280108388264978
2024-10-01,22.999693294401865,72.60115569230976,302.38292757670087,29.232927576700888
2024-10-02,22.999693294401865,72.60115569230976,302.3074951171875,29.157495117187523
2024-10-03,22.999693294401865,72.60115569230976,301.15578778584796,28.005787785847986
2024-10-04,22.999693294401865,72.60115569230976,300.415225982666,27.26522598266604
2024-10-05,22.999693294401865,72.60115569230976,300.1455020904541,26.995502090454124
2024-10-06,22.999693294401865,72.60115569230976,300.4421265920003,27.29212659200033
2024-10-07,22.999693294401865,72.60115569230976,301.3023039499919,28.152303949991904
2024-10-08,22.999693294401865,72.60115569230976,301.5868492126465,28.436849212646507
2024-10-09,22.999693294401865,72.60115569230976,301.96531168619794,28.81531168619796
2024-10-10,22.999693294401865,72.60115569230976,299.1296501159668,25.97965011596682
2024-10-11,22.999693294401865,72.60115569230976,299.7750771840413,26.625077184041345
2024-10-12,22.999693294401865,72.60115569230976,299.3420645395915,26.192064539591513
2024-10-13,22.999693294401865,72.60115569230976,300.6083056131999,27.45830561319991
2024-10-14,22.999693294401865,72.60115569230976,300.8238067626953,27.673806762695335
2024-10-15,22.999693294401865,72.60115569230976,301.95421028137207,28.804210281372093
2024-10-16,22.999693294401865,72.60115569230976,301.6759440104167,28.52594401041671
2024-10-17,22.999693294401865,72.60115569230976,301.13257217407227,27.98257217407229
2024-10-18,22.999693294401865,72.60115569230976,301.8125406901042,28.66254069010421
2024-10-19,22.999693294401865,72.60115569230976,301.1224486033122,27.972448603312216
2024-10-20,22.999693294401865,72.60115569230976,300.7965615590413,27.646561559041345
2024-10-21,22.999693294401865,72.60115569230976,300.5592854817708,27.409285481770837
2024-10-22,22.999693294401865,72.60115569230976,300.4831720987956,27.333172098795615
2024-10-23,22.999693294401865,72.60115569230976,300.7944755554199,27.644475555419945
2024-10-24,22.999693294401865,72.60115569230976,300.1457811991374,26.99578119913741
2024-10-25,22.999693294401865,72.60115569230976,300.43722407023114,27.28722407023116
2024-10-26,22.999693294401865,72.60115569230976,300.3917541503906,27.241754150390648
2024-10-27,22.999693294401865,72.60115569230976,300.53520584106445,27.385205841064476
2024-10-28,22.999693294401865,72.60115569230976,300.718952814738,27.568952814737997
2024-10-29,22.999693294401865,72.60115569230976,301.6708704630534,28.520870463053427
2024-10-30,22.999693294401865,72.60115569230976,300.8859157562256,27.73591575622561
2024-10-31,22.999693294401865,72.60115569230976,300.493750890096,27.343750890096032
2024-11-01,22.999693294401865,72.60115569230976,300.6798261006673,27.52982610066732
2024-11-02,22.999693294401865,72.60115569230976,300.35626284281415,27.20626284281417
2024-11-03,22.999693294401865,72.60115569230976,299.7604974110921,26.610497411092126
2024-11-04,22.999693294401865,72.60115569230976,300.06204922993976,26.912049229939782
2024-11-05,22.999693294401865,72.60115569230976,300.06729253133136,26.917292531331384
2024-11-06,22.999693294401865,72.60115569230976,300.3600546518962,27.2100546518962
2024-11-07,22.999693294401865,72.60115569230976,300.49868901570636,27.348689015706384
2024-11-08,22.999693294401865,72.60115569230976,300.2473436991374,27.09734369913741
2024-11-09,22.999693294401865,72.60115569230976,300.7193374633789,27.56933746337893
2024-11-10,22.999693294401865,72.60115569230976,300.20205243428546,27.052052434285486
2024-11-11,22.999693294401865,72.60115569230976,299.6256300608317,26.475630060831747
2024-11-12,22.999693294401865,72.60115569230976,299.553669611613,26.403669611612997
2024-11-13,22.999693294401865,72.60115569230976,298.6028989156087,25.452898915608728
2024-11-14,22.999693294401865,72.60115569230976,298.5376116434733,25.38761164347335
2024-11-15,22.999693294401865,72.60115569230976,297.488670984904,24.338670984904013
2024-11-16,22.999693294401865,72.60115569230976,297.11170323689777,23.96170323689779
2024-11-17,22.999693294401865,72.60115569230976,297.3012886047363,24.15128860473635
2024-11-18,22.999693294401865,72.60115569230976,297.0692361195882,23.91923611958822
2024-11-19,22.999693294401865,72.60115569230976,297.1817111968994,24.031711196899437
2024-11-20,22.999693294401865,72.60115569230976,296.4935983022054,23.343598302205407
2024-11-21,22.999693294401865,72.60115569230976,295.3257999420166,22.175799942016624
2024-11-22,22.999693294401865,72.60115569230976,295.0783036549886,21.92830365498861
2024-11-23,22.999693294401865,72.60115569230976,295.1682586669922,22.01825866699221
2024-11-24,22.999693294401865,72.60115569230976,295.6443748474121,22.494374847412132
2024-11-25,22.999693294401865,72.60115569230976,295.93252499898273,22.78252499898275
2024-11-26,22.999693294401865,72.60115569230976,295.7138964335124,22.56389643351241
2024-11-27,22.999693294401865,72.60115569230976,295.80896377563477,22.65896377563479
2024-11-28,22.999693294401865,72.60115569230976,296.11794026692706,22.967940266927087
2024-11-29,22.999693294401865,72.60115569230976,295.3269271850586,22.176927185058616
2024-11-30,22.999693294401865,72.60115569230976,294.7250467936198,21.575046793619833
2024-12-01,22.999693294401865,72.60115569230976,294.8723227183024,21.72232271830245
2024-12-02,22.999693294401865,72.60115569230976,295.885539372762,22.735539372762048
2024-12-03,22.999693294401865,72.60115569230976,297.3250389099121,24.175038909912132
2024-12-04,22.999693294401865,72.60115569230976,297.87568283081055,24.72568283081057
2024-12-05,22.999693294401865,72.60115569230976,297.6157995859782,24.465799585978232
2024-12-06,22.999693294401865,72.60115569230976,295.70553970336914,22.555539703369163
2024-12-07,22.999693294401865,72.60115569230976,294.3550497690837,21.2050497690837
2024-12-08,22.999693294401865,72.60115569230976,293.47480901082355,20.32480901082357
2024-12-09,22.999693294401865,72.60115569230976,292.17701085408527,19.02701085408529
2024-12-10,22.999693294401865,72.60115569230976,291.77595138549805,18.62595138549807
2024-12-11,22.999693294401865,72.60115569230976,292.0590426127116,18.90904261271163
2024-12-12,22.999693294401865,72.60115569230976,292.07580121358234,18.92580121358236
2024-12-13,22.999693294401865,72.60115569230976,292.07811482747394,18.928114827473962
2024-12-14,22.999693294401865,72.60115569230976,292.04231452941895,18.892314529418968
2024-12-15,22.999693294401865,72.60115569230976,292.5416253407796,19.391625340779626
2024-12-16,22.999693294401865,72.60115569230976,292.58009084065753,19.430090840657556
2024-12-17,22.999693294401865,72.60115569230976,292.3977279663086,19.247727966308616
2024-12-18,22.999693294401865,72.60115569230976,293.2984422047933,20.148442204793298
2024-12-19,22.999693294401865,72.60115569230976,293.71077219645184,20.560772196451865
2024-12-20,22.999693294401865,72.60115569230976,292.9058609008789,19.75586090087893
2024-12-21,22.999693294401865,72.60115569230976,294.7583586374919,21.608358637491904
2024-12-22,22.999693294401865,72.60115569230976,295.43454043070477,22.284540430704794
2024-12-23,22.999693294401865,72.60115569230976,293.2215525309245,20.07155253092452
2024-12-24,22.999693294401865,72.60115569230976,292.29115231831867,19.14115231831869
2024-12-25,22.999693294401865,72.60115569230976,294.50245475769043,21.352454757690452
2024-12-26,22.999693294401865,72.60115569230976,296.4824326833089,23.332432683308923
2024-12-27,22.999693294401865,72.60115569230976,295.1768455505371,22.026845550537132
2024-12-28,22.999693294401865,72.60115569230976,293.4440333048503,20.294033304850302
2024-12-29,22.999693294401865,72.60115569230976,293.4465026855469,20.296502685546898
2024-12-30,22.999693294401865,72.60115569230976,293.2603931427002,20.110393142700218
2024-12-31,22.999693294401865,72.60115569230976,293.49022420247394,20.340224202473962
