date,latitude,longitude,precipitation_m,precipitation_mm
2005-01-01,22.999693294401865,72.60115569230976,8.404254003835376e-07,0.0008404254003835376
2005-01-02,22.999693294401865,72.60115569230976,8.660680350658367e-07,0.0008660680350658367
2005-01-03,22.999693294401865,72.60115569230976,8.583068797918258e-07,0.0008583068797918258
2005-01-04,22.999693294401865,72.60115569230976,8.553265615773853e-07,0.0008553265615773853
2005-01-05,22.999693294401865,72.60115569230976,8.611053772256128e-07,0.0008611053772256128
2005-01-06,22.999693294401865,72.60115569230976,1.2915139109281881e-06,0.0012915139109281881
2005-01-07,22.999693294401865,72.60115569230976,-1.0014105100708548e-08,-1.0014105100708548e-05
2005-01-08,22.999693294401865,72.60115569230976,4.351138045421976e-07,0.0004351138045421976
2005-01-09,22.999693294401865,72.60115569230976,8.543860872123332e-07,0.0008543860872123332
2005-01-10,22.999693294401865,72.60115569230976,4.351138613856165e-07,0.0004351138613856165
2005-01-11,22.999693294401865,72.60115569230976,2.1457671550706436e-06,0.0021457671550706436
2005-01-12,22.999693294401865,72.60115569230976,1.2831475260099978e-06,0.0012831475260099978
2005-01-13,22.999693294401865,72.60115569230976,1.720138811833749e-06,0.001720138811833749
2005-01-14,22.999693294401865,72.60115569230976,8.463859444418631e-07,0.0008463859444418631
2005-01-15,22.999693294401865,72.60115569230976,1.718175724363391e-06,0.001718175724363391
2005-01-16,22.999693294401865,72.60115569230976,8.52346317969932e-07,0.000852346317969932
2005-01-17,22.999693294401865,72.60115569230976,1.7106531231547706e-06,0.0017106531231547706
2005-01-18,22.999693294401865,72.60115569230976,8.530680588592077e-07,0.0008530680588592077
2005-01-19,22.999693294401865,72.60115569230976,0.0,0.0
2005-01-20,22.999693294401865,72.60115569230976,8.553265615773853e-07,0.0008553265615773853
2005-01-21,22.999693294401865,72.60115569230976,1.1736725948452431e-05,0.011736725948452431
2005-01-22,22.999693294401865,72.60115569230976,0.0,0.0
2005-01-23,22.999693294401865,72.60115569230976,1.714103802896716e-06,0.001714103802896716
2005-01-24,22.999693294401865,72.60115569230976,0.0,0.0
2005-01-25,22.999693294401865,72.60115569230976,0.0,0.0
2005-01-26,22.999693294401865,72.60115569230976,1.4007091522216797e-06,0.0014007091522216797
2005-01-27,22.999693294401865,72.60115569230976,1.3023612837059773e-06,0.0013023612837059773
2005-01-28,22.999693294401865,72.60115569230976,0.0,0.0
2005-01-29,22.999693294401865,72.60115569230976,0.0,0.0
2005-01-30,22.999693294401865,72.60115569230976,1.2196267618946877e-05,0.012196267618946877
2005-01-31,22.999693294401865,72.60115569230976,0.00011952817436622354,0.11952817436622354
2005-02-01,22.999693294401865,72.60115569230976,8.553265615773853e-07,0.0008553265615773853
2005-02-02,22.999693294401865,72.60115569230976,8.523464316567697e-07,0.0008523464316567697
2005-02-03,22.999693294401865,72.60115569230976,1.2946860010742967e-06,0.0012946860010742967
2005-02-04,22.999693294401865,72.60115569230976,0.0,0.0
2005-02-05,22.999693294401865,72.60115569230976,0.0,0.0
2005-02-06,22.999693294401865,72.60115569230976,1.716613667213096e-06,0.001716613667213096
2005-02-07,22.999693294401865,72.60115569230976,6.10947603263412e-06,0.00610947603263412
2005-02-08,22.999693294401865,72.60115569230976,0.0,0.0
2005-02-09,22.999693294401865,72.60115569230976,0.0,0.0
2005-02-10,22.999693294401865,72.60115569230976,8.553265615773853e-07,0.0008553265615773853
2005-02-11,22.999693294401865,72.60115569230976,0.0,0.0
2005-02-12,22.999693294401865,72.60115569230976,8.612871056357108e-07,0.0008612871056357108
2005-02-13,22.999693294401865,72.60115569230976,4.351138045421976e-07,0.0004351138045421976
2005-02-14,22.999693294401865,72.60115569230976,0.0,0.0
2005-02-15,22.999693294401865,72.60115569230976,1.293420723413874e-06,0.001293420723413874
2005-02-16,22.999693294401865,72.60115569230976,1.275539318612573e-06,0.001275539318612573
2005-02-17,22.999693294401865,72.60115569230976,1.2874602361989673e-06,0.0012874602361989673
2005-02-18,22.999693294401865,72.60115569230976,3.4330369089730084e-06,0.0034330369089730084
2005-02-19,22.999693294401865,72.60115569230976,2.5786054038690054e-06,0.0025786054038690054
2005-02-20,22.999693294401865,72.60115569230976,8.52346317969932e-07,0.000852346317969932
2005-02-21,22.999693294401865,72.60115569230976,0.0,0.0
2005-02-22,22.999693294401865,72.60115569230976,4.351138045421976e-07,0.0004351138045421976
2005-02-23,22.999693294401865,72.60115569230976,8.52346317969932e-07,0.000852346317969932
2005-02-24,22.999693294401865,72.60115569230976,8.545133596271626e-07,0.0008545133596271626
2005-02-25,22.999693294401865,72.60115569230976,0.0,0.0
2005-02-26,22.999693294401865,72.60115569230976,4.410743663640915e-07,0.0004410743663640915
2005-02-27,22.999693294401865,72.60115569230976,3.4337217584834434e-06,0.0034337217584834434
2005-02-28,22.999693294401865,72.60115569230976,8.453185387224948e-07,0.0008453185387224948
2005-03-01,22.999693294401865,72.60115569230976,8.480665201204829e-07,0.0008480665201204829
2005-03-02,22.999693294401865,72.60115569230976,0.0,0.0
2005-03-03,22.999693294401865,72.60115569230976,2.5749206429281912e-06,0.0025749206429281912
2005-03-04,22.999693294401865,72.60115569230976,8.52346317969932e-07,0.000852346317969932
2005-03-05,22.999693294401865,72.60115569230976,3.0070542607063544e-06,0.0030070542607063544
2005-03-06,22.999693294401865,72.60115569230976,0.0,0.0
2005-03-07,22.999693294401865,72.60115569230976,8.821487426757812e-06,0.008821487426757812
2005-03-08,22.999693294401865,72.60115569230976,1.5813112213436398e-05,0.015813112213436398
2005-03-09,22.999693294401865,72.60115569230976,0.0,0.0
2005-03-10,22.999693294401865,72.60115569230976,1.2874602930423862e-06,0.0012874602930423862
2005-03-11,22.999693294401865,72.60115569230976,1.7225741544280027e-06,0.0017225741544280027
2005-03-12,22.999693294401865,72.60115569230976,0.0,0.0
2005-03-13,22.999693294401865,72.60115569230976,4.410743663640915e-07,0.0004410743663640915
2005-03-14,22.999693294401865,72.60115569230976,1.7140871477749897e-06,0.0017140871477749897
2005-03-15,22.999693294401865,72.60115569230976,1.4772467693546787e-09,1.4772467693546787e-06
2005-03-16,22.999693294401865,72.60115569230976,2.1457671550706436e-06,0.0021457671550706436
2005-03-17,22.999693294401865,72.60115569230976,-4.5997694542165846e-09,-4.5997694542165846e-06
2005-03-18,22.999693294401865,72.60115569230976,4.351138045421976e-07,0.0004351138045421976
2005-03-19,22.999693294401865,72.60115569230976,8.52346317969932e-07,0.000852346317969932
2005-03-20,22.999693294401865,72.60115569230976,1.2814997489840607e-06,0.0012814997489840607
2005-03-21,22.999693294401865,72.60115569230976,8.52346317969932e-07,0.000852346317969932
2005-03-22,22.999693294401865,72.60115569230976,8.52346317969932e-07,0.000852346317969932
2005-03-23,22.999693294401865,72.60115569230976,0.0,0.0
2005-03-24,22.999693294401865,72.60115569230976,0.0,0.0
2005-03-25,22.999693294401865,72.60115569230976,2.5744981826392177e-06,0.0025744981826392177
2005-03-26,22.999693294401865,72.60115569230976,3.441986336838454e-06,0.003441986336838454
2005-03-27,22.999693294401865,72.60115569230976,8.463861362884018e-07,0.0008463861362884018
2005-03-28,22.999693294401865,72.60115569230976,8.52346317969932e-07,0.000852346317969932
2005-03-29,22.999693294401865,72.60115569230976,0.0,0.0
2005-03-30,22.999693294401865,72.60115569230976,1.2925915484629513e-06,0.0012925915484629513
2005-03-31,22.999693294401865,72.60115569230976,8.52346317969932e-07,0.000852346317969932
2005-04-01,22.999693294401865,72.60115569230976,8.583068797918258e-07,0.0008583068797918258
2005-04-02,22.999693294401865,72.60115569230976,1.7046926750197144e-06,0.0017046926750197144
2005-04-03,22.999693294401865,72.60115569230976,8.523463748133508e-07,0.0008523463748133508
2005-04-04,22.999693294401865,72.60115569230976,1.7225742112714215e-06,0.0017225742112714215
2005-04-05,22.999693294401865,72.60115569230976,0.0,0.0
2005-04-06,22.999693294401865,72.60115569230976,0.0,0.0
2005-04-07,22.999693294401865,72.60115569230976,4.351138045421976e-07,0.0004351138045421976
2005-04-08,22.999693294401865,72.60115569230976,8.535096185369184e-07,0.0008535096185369184
2005-04-09,22.999693294401865,72.60115569230976,4.351138045421976e-07,0.0004351138045421976
2005-04-10,22.999693294401865,72.60115569230976,0.0,0.0
2005-04-11,22.999693294401865,72.60115569230976,0.0,0.0
2005-04-12,22.999693294401865,72.60115569230976,1.2814998058274796e-06,0.0012814998058274796
2005-04-13,22.999693294401865,72.60115569230976,8.52346317969932e-07,0.000852346317969932
2005-04-14,22.999693294401865,72.60115569230976,0.0,0.0
2005-04-15,22.999693294401865,72.60115569230976,0.0,0.0
2005-04-16,22.999693294401865,72.60115569230976,1.7225742112714215e-06,0.0017225742112714215
2005-04-17,22.999693294401865,72.60115569230976,0.0,0.0
2005-04-18,22.999693294401865,72.60115569230976,0.0,0.0
2005-04-19,22.999693294401865,72.60115569230976,8.583068833445395e-07,0.0008583068833445395
2005-04-20,22.999693294401865,72.60115569230976,8.52346317969932e-07,0.000852346317969932
2005-04-21,22.999693294401865,72.60115569230976,2.1401768321993586e-06,0.0021401768321993586
2005-04-22,22.999693294401865,72.60115569230976,4.714024726126809e-10,4.7140247261268087e-07
2005-04-23,22.999693294401865,72.60115569230976,2.833008755942501e-05,0.02833008755942501
2005-04-24,22.999693294401865,72.60115569230976,5.6892633324423514e-05,0.056892633324423514
2005-04-25,22.999693294401865,72.60115569230976,4.383921577755245e-06,0.004383921577755245
2005-04-26,22.999693294401865,72.60115569230976,0.0,0.0
2005-04-27,22.999693294401865,72.60115569230976,0.0,0.0
2005-04-28,22.999693294401865,72.60115569230976,5.811452865600586e-07,0.0005811452865600586
2005-04-29,22.999693294401865,72.60115569230976,5.263984202841243e-05,0.05263984202841243
2005-04-30,22.999693294401865,72.60115569230976,0.0,0.0
2005-05-01,22.999693294401865,72.60115569230976,5.811452865600586e-06,0.005811452865600586
2005-05-02,22.999693294401865,72.60115569230976,0.0,0.0
2005-05-03,22.999693294401865,72.60115569230976,2.086162567138672e-07,0.0002086162567138672
2005-05-04,22.999693294401865,72.60115569230976,2.5036930992428097e-05,0.025036930992428097
2005-05-05,22.999693294401865,72.60115569230976,8.569599003749317e-07,0.0008569599003749317
2005-05-06,22.999693294401865,72.60115569230976,8.6082309280755e-07,0.00086082309280755
2005-05-07,22.999693294401865,72.60115569230976,8.52346317969932e-07,0.000852346317969932
2005-05-08,22.999693294401865,72.60115569230976,0.0,0.0
2005-05-09,22.999693294401865,72.60115569230976,0.0,0.0
2005-05-10,22.999693294401865,72.60115569230976,8.523463748133508e-07,0.0008523463748133508
2005-05-11,22.999693294401865,72.60115569230976,8.521546419615333e-07,0.0008521546419615333
2005-05-12,22.999693294401865,72.60115569230976,0.0,0.0
2005-05-13,22.999693294401865,72.60115569230976,0.0,0.0
2005-05-14,22.999693294401865,72.60115569230976,1.7106532936850272e-06,0.0017106532936850272
2005-05-15,22.999693294401865,72.60115569230976,2.0020252122776583e-10,2.0020252122776583e-07
2005-05-16,22.999693294401865,72.60115569230976,8.52346317969932e-07,0.000852346317969932
2005-05-17,22.999693294401865,72.60115569230976,1.716613667213096e-06,0.001716613667213096
2005-05-18,22.999693294401865,72.60115569230976,3.4394324757158756e-06,0.0034394324757158756
2005-05-19,22.999693294401865,72.60115569230976,1.7011572026603972e-06,0.0017011572026603972
2005-05-20,22.999693294401865,72.60115569230976,1.2934207802572928e-06,0.0012934207802572928
2005-05-21,22.999693294401865,72.60115569230976,-5.960544058325468e-09,-5.960544058325468e-06
2005-05-22,22.999693294401865,72.60115569230976,0.0,0.0
2005-05-23,22.999693294401865,72.60115569230976,1.7404555592293036e-06,0.0017404555592293036
2005-05-24,22.999693294401865,72.60115569230976,1.72257422903499e-06,0.00172257422903499
2005-05-25,22.999693294401865,72.60115569230976,8.52346317969932e-07,0.000852346317969932
2005-05-26,22.999693294401865,72.60115569230976,1.7187598473356047e-06,0.0017187598473356047
2005-05-27,22.999693294401865,72.60115569230976,6.430745137464555e-05,0.06430745137464555
2005-05-28,22.999693294401865,72.60115569230976,6.968080992919568e-05,0.06968080992919568
2005-05-29,22.999693294401865,72.60115569230976,0.0011351853609085083,1.1351853609085083
2005-05-30,22.999693294401865,72.60115569230976,6.2465667696187666e-06,0.0062465667696187666
2005-05-31,22.999693294401865,72.60115569230976,4.299155307307956e-07,0.0004299155307307956
2005-06-01,22.999693294401865,72.60115569230976,0.0,0.0
2005-06-02,22.999693294401865,72.60115569230976,0.0,0.0
2005-06-03,22.999693294401865,72.60115569230976,8.52346317969932e-07,0.000852346317969932
2005-06-04,22.999693294401865,72.60115569230976,8.52346317969932e-07,0.000852346317969932
2005-06-05,22.999693294401865,72.60115569230976,1.2814997489840607e-06,0.0012814997489840607
2005-06-06,22.999693294401865,72.60115569230976,0.0,0.0
2005-06-07,22.999693294401865,72.60115569230976,4.351138045421976e-07,0.0004351138045421976
2005-06-08,22.999693294401865,72.60115569230976,2.5033950805664062e-06,0.0025033950805664062
2005-06-09,22.999693294401865,72.60115569230976,8.596132055060934e-07,0.0008596132055060934
2005-06-10,22.999693294401865,72.60115569230976,0.0,0.0
2005-06-11,22.999693294401865,72.60115569230976,0.0,0.0
2005-06-12,22.999693294401865,72.60115569230976,1.007318495283016e-06,0.001007318495283016
2005-06-13,22.999693294401865,72.60115569230976,0.0007411960909813331,0.7411960909813331
2005-06-14,22.999693294401865,72.60115569230976,2.0265579223632812e-06,0.0020265579223632812
2005-06-15,22.999693294401865,72.60115569230976,4.410743663640915e-07,0.0004410743663640915
2005-06-16,22.999693294401865,72.60115569230976,5.052290038065621e-05,0.05052290038065621
2005-06-17,22.999693294401865,72.60115569230976,1.3846158879005088e-05,0.013846158879005088
2005-06-18,22.999693294401865,72.60115569230976,0.0002224206924097416,0.2224206924097416
2005-06-19,22.999693294401865,72.60115569230976,0.0042870998381658865,4.2870998381658865
2005-06-20,22.999693294401865,72.60115569230976,0.00239171981797881,2.39171981797881
2005-06-21,22.999693294401865,72.60115569230976,1.5759468077192196e-05,0.015759468077192196
2005-06-22,22.999693294401865,72.60115569230976,0.0008287002314091296,0.8287002314091296
2005-06-23,22.999693294401865,72.60115569230976,0.009295630454914772,9.295630454914772
2005-06-24,22.999693294401865,72.60115569230976,0.02308546304692527,23.08546304692527
2005-06-25,22.999693294401865,72.60115569230976,0.002359503507609162,2.359503507609162
2005-06-26,22.999693294401865,72.60115569230976,0.005203366279602051,5.203366279602051
2005-06-27,22.999693294401865,72.60115569230976,0.01146641043527552,11.46641043527552
2005-06-28,22.999693294401865,72.60115569230976,0.0235060453414917,23.5060453414917
2005-06-29,22.999693294401865,72.60115569230976,0.03648599982261658,36.48599982261658
2005-06-30,22.999693294401865,72.60115569230976,0.026854309416876276,26.854309416876276
2005-07-01,22.999693294401865,72.60115569230976,0.06768400478915737,67.68400478915737
2005-07-02,22.999693294401865,72.60115569230976,0.029692280292408668,29.692280292408668
2005-07-03,22.999693294401865,72.60115569230976,0.009164690971374512,9.164690971374512
2005-07-04,22.999693294401865,72.60115569230976,0.002414870262043678,2.414870262043678
2005-07-05,22.999693294401865,72.60115569230976,0.0005018413066864014,0.5018413066864014
2005-07-06,22.999693294401865,72.60115569230976,0.0006251066922118298,0.6251066922118298
2005-07-07,22.999693294401865,72.60115569230976,0.001736126408616201,1.736126408616201
2005-07-08,22.999693294401865,72.60115569230976,0.00027121901513282864,0.27121901513282864
2005-07-09,22.999693294401865,72.60115569230976,0.00013321638107299805,0.13321638107299805
2005-07-10,22.999693294401865,72.60115569230976,0.000603091916559606,0.603091916559606
2005-07-11,22.999693294401865,72.60115569230976,0.0007071435451280195,0.7071435451280195
2005-07-12,22.999693294401865,72.60115569230976,0.0017322242259965037,1.7322242259965037
2005-07-13,22.999693294401865,72.60115569230976,0.0011351305436733128,1.1351305436733128
2005-07-14,22.999693294401865,72.60115569230976,0.0015677681981287606,1.5677681981287606
2005-07-15,22.999693294401865,72.60115569230976,0.0030034959315798915,3.0034959315798915
2005-07-16,22.999693294401865,72.60115569230976,0.0016826629638622137,1.6826629638622137
2005-07-17,22.999693294401865,72.60115569230976,0.0008450597524642944,0.8450597524642944
2005-07-18,22.999693294401865,72.60115569230976,0.0003588885068097625,0.3588885068097625
2005-07-19,22.999693294401865,72.60115569230976,0.0003128647804828688,0.3128647804828688
2005-07-20,22.999693294401865,72.60115569230976,0.00039270520210266113,0.39270520210266113
2005-07-21,22.999693294401865,72.60115569230976,0.0005555093288371893,0.5555093288371893
2005-07-22,22.999693294401865,72.60115569230976,0.0006967776824353678,0.6967776824353678
2005-07-23,22.999693294401865,72.60115569230976,0.0006491257102538839,0.6491257102538839
2005-07-24,22.999693294401865,72.60115569230976,0.0005724281072616577,0.5724281072616577
2005-07-25,22.999693294401865,72.60115569230976,0.0003781437873726645,0.3781437873726645
2005-07-26,22.999693294401865,72.60115569230976,0.0010216832160949707,1.0216832160949707
2005-07-27,22.999693294401865,72.60115569230976,0.019461327791209015,19.461327791209015
2005-07-28,22.999693294401865,72.60115569230976,0.12146715819835663,121.46715819835663
2005-07-29,22.999693294401865,72.60115569230976,0.03131979427917031,31.31979427917031
2005-07-30,22.999693294401865,72.60115569230976,0.0012223660945842596,1.2223660945842596
2005-07-31,22.999693294401865,72.60115569230976,0.013185448892159002,13.185448892159002
2005-08-01,22.999693294401865,72.60115569230976,0.05212380019906959,52.12380019906959
2005-08-02,22.999693294401865,72.60115569230976,0.15589115023612976,155.89115023612976
2005-08-03,22.999693294401865,72.60115569230976,0.04817659258839058,48.17659258839058
2005-08-04,22.999693294401865,72.60115569230976,0.002544105052947998,2.544105052947998
2005-08-05,22.999693294401865,72.60115569230976,0.002005338668823242,2.005338668823242
2005-08-06,22.999693294401865,72.60115569230976,0.001431812757289208,1.431812757289208
2005-08-07,22.999693294401865,72.60115569230976,0.0011068135499954224,1.1068135499954224
2005-08-08,22.999693294401865,72.60115569230976,0.0015417128801296087,1.5417128801296087
2005-08-09,22.999693294401865,72.60115569230976,0.0017436444759368896,1.7436444759368896
2005-08-10,22.999693294401865,72.60115569230976,0.00217476487159729,2.17476487159729
2005-08-11,22.999693294401865,72.60115569230976,0.003256484866142273,3.256484866142273
2005-08-12,22.999693294401865,72.60115569230976,0.0022650934807728618,2.2650934807728618
2005-08-13,22.999693294401865,72.60115569230976,0.00170058012008667,1.70058012008667
2005-08-14,22.999693294401865,72.60115569230976,0.0011678040027618408,1.1678040027618408
2005-08-15,22.999693294401865,72.60115569230976,0.0013532191514968872,1.3532191514968872
2005-08-16,22.999693294401865,72.60115569230976,0.002851179242099988,2.851179242099988
2005-08-17,22.999693294401865,72.60115569230976,0.002800765633537594,2.800765633537594
2005-08-18,22.999693294401865,72.60115569230976,0.0021513142896765203,2.1513142896765203
2005-08-19,22.999693294401865,72.60115569230976,0.002256527543067932,2.256527543067932
2005-08-20,22.999693294401865,72.60115569230976,0.0016055077314263144,1.6055077314263144
2005-08-21,22.999693294401865,72.60115569230976,0.0010061226400353007,1.0061226400353007
2005-08-22,22.999693294401865,72.60115569230976,0.0005573034286499023,0.5573034286499023
2005-08-23,22.999693294401865,72.60115569230976,0.00054722428321341,0.54722428321341
2005-08-24,22.999693294401865,72.60115569230976,0.0005626618861924726,0.5626618861924726
2005-08-25,22.999693294401865,72.60115569230976,0.0006646066904067993,0.6646066904067993
2005-08-26,22.999693294401865,72.60115569230976,0.0008992880575533491,0.8992880575533491
2005-08-27,22.999693294401865,72.60115569230976,0.0009382309405623346,0.9382309405623346
2005-08-28,22.999693294401865,72.60115569230976,0.0010103344916387869,1.0103344916387869
2005-08-29,22.999693294401865,72.60115569230976,0.00043179094791412354,0.43179094791412354
2005-08-30,22.999693294401865,72.60115569230976,0.0002021878957698675,0.2021878957698675
2005-08-31,22.999693294401865,72.60115569230976,5.930662155151367e-05,0.05930662155151367
2005-09-01,22.999693294401865,72.60115569230976,2.8014183044433594e-05,0.028014183044433594
2005-09-02,22.999693294401865,72.60115569230976,8.560237461097131e-07,0.0008560237461097131
2005-09-03,22.999693294401865,72.60115569230976,0.0,0.0
2005-09-04,22.999693294401865,72.60115569230976,8.52346317969932e-07,0.000852346317969932
2005-09-05,22.999693294401865,72.60115569230976,1.043081283569336e-06,0.001043081283569336
2005-09-06,22.999693294401865,72.60115569230976,0.00022619962692260742,0.22619962692260742
2005-09-07,22.999693294401865,72.60115569230976,0.012365102767944336,12.365102767944336
2005-09-08,22.999693294401865,72.60115569230976,0.012158514249279051,12.158514249279051
2005-09-09,22.999693294401865,72.60115569230976,0.011686135836953326,11.686135836953326
2005-09-10,22.999693294401865,72.60115569230976,0.005300430617239726,5.300430617239726
2005-09-11,22.999693294401865,72.60115569230976,0.009076881408645932,9.076881408645932
2005-09-12,22.999693294401865,72.60115569230976,0.005777725577331694,5.777725577331694
2005-09-13,22.999693294401865,72.60115569230976,0.011342146992678437,11.342146992678437
2005-09-14,22.999693294401865,72.60115569230976,0.005498021841049194,5.498021841049194
2005-09-15,22.999693294401865,72.60115569230976,0.010856792330741882,10.856792330741882
2005-09-16,22.999693294401865,72.60115569230976,0.010636019706623756,10.636019706623756
2005-09-17,22.999693294401865,72.60115569230976,0.09342232158860497,93.42232158860497
2005-09-18,22.999693294401865,72.60115569230976,0.01130278341935309,11.30278341935309
2005-09-19,22.999693294401865,72.60115569230976,0.013155937194824219,13.155937194824219
2005-09-20,22.999693294401865,72.60115569230976,0.007653653621673584,7.653653621673584
2005-09-21,22.999693294401865,72.60115569230976,0.0025827002325513604,2.5827002325513604
2005-09-22,22.999693294401865,72.60115569230976,0.016753941774368286,16.753941774368286
2005-09-23,22.999693294401865,72.60115569230976,0.07135643064975739,71.35643064975739
2005-09-24,22.999693294401865,72.60115569230976,0.0006561525543702373,0.6561525543702373
2005-09-25,22.999693294401865,72.60115569230976,0.0013051867484996649,1.3051867484996649
2005-09-26,22.999693294401865,72.60115569230976,0.0004099249839732977,0.4099249839732977
2005-09-27,22.999693294401865,72.60115569230976,0.0003083944320678711,0.3083944320678711
2005-09-28,22.999693294401865,72.60115569230976,0.0007140666245391003,0.7140666245391003
2005-09-29,22.999693294401865,72.60115569230976,0.0002709357380012989,0.2709357380012989
2005-09-30,22.999693294401865,72.60115569230976,0.00022272424939728808,0.22272424939728808
2005-10-01,22.999693294401865,72.60115569230976,0.00019946694374084473,0.19946694374084473
2005-10-02,22.999693294401865,72.60115569230976,4.076055120094679e-06,0.004076055120094679
2005-10-03,22.999693294401865,72.60115569230976,8.702914442437759e-07,0.0008702914442437759
2005-10-04,22.999693294401865,72.60115569230976,9.208916935676825e-07,0.0009208916935676825
2005-10-05,22.999693294401865,72.60115569230976,0.0,0.0
2005-10-06,22.999693294401865,72.60115569230976,0.0,0.0
2005-10-07,22.999693294401865,72.60115569230976,4.351138045421976e-07,0.0004351138045421976
2005-10-08,22.999693294401865,72.60115569230976,3.008315161423525e-06,0.003008315161423525
2005-10-09,22.999693294401865,72.60115569230976,1.716613724056515e-06,0.001716613724056515
2005-10-10,22.999693294401865,72.60115569230976,1.7230703974746575e-06,0.0017230703974746575
2005-10-11,22.999693294401865,72.60115569230976,1.716613724056515e-06,0.001716613724056515
2005-10-12,22.999693294401865,72.60115569230976,2.571940399320738e-06,0.002571940399320738
2005-10-13,22.999693294401865,72.60115569230976,0.0,0.0
2005-10-14,22.999693294401865,72.60115569230976,2.5779008296922257e-06,0.0025779008296922257
2005-10-15,22.999693294401865,72.60115569230976,1.7257269178116985e-06,0.0017257269178116985
2005-10-16,22.999693294401865,72.60115569230976,8.553266184208042e-07,0.0008553266184208042
2005-10-17,22.999693294401865,72.60115569230976,0.0,0.0
2005-10-18,22.999693294401865,72.60115569230976,0.0,0.0
2005-10-19,22.999693294401865,72.60115569230976,2.5638465217525663e-06,0.0025638465217525663
2005-10-20,22.999693294401865,72.60115569230976,4.4405461352425846e-07,0.00044405461352425846
2005-10-21,22.999693294401865,72.60115569230976,1.2814997489840607e-06,0.0012814997489840607
2005-10-22,22.999693294401865,72.60115569230976,4.351138045421976e-07,0.0004351138045421976
2005-10-23,22.999693294401865,72.60115569230976,1.2814997489840607e-06,0.0012814997489840607
2005-10-24,22.999693294401865,72.60115569230976,4.351138045421976e-07,0.0004351138045421976
2005-10-25,22.999693294401865,72.60115569230976,8.523463748133508e-07,0.0008523463748133508
2005-10-26,22.999693294401865,72.60115569230976,0.0,0.0
2005-10-27,22.999693294401865,72.60115569230976,8.52346317969932e-07,0.000852346317969932
2005-10-28,22.999693294401865,72.60115569230976,8.531596336069924e-07,0.0008531596336069924
2005-10-29,22.999693294401865,72.60115569230976,8.561625577385712e-07,0.0008561625577385712
2005-10-30,22.999693294401865,72.60115569230976,0.0,0.0
2005-10-31,22.999693294401865,72.60115569230976,0.0,0.0
2005-11-01,22.999693294401865,72.60115569230976,0.0,0.0
2005-11-02,22.999693294401865,72.60115569230976,8.52346317969932e-07,0.000852346317969932
2005-11-03,22.999693294401865,72.60115569230976,1.2814998058274796e-06,0.0012814998058274796
2005-11-04,22.999693294401865,72.60115569230976,3.427266165090259e-06,0.003427266165090259
2005-11-05,22.999693294401865,72.60115569230976,4.261732051702438e-07,0.0004261732051702438
2005-11-06,22.999693294401865,72.60115569230976,1.7269969703193055e-06,0.0017269969703193055
2005-11-07,22.999693294401865,72.60115569230976,2.5808321879594587e-06,0.0025808321879594587
2005-11-08,22.999693294401865,72.60115569230976,0.0,0.0
2005-11-09,22.999693294401865,72.60115569230976,8.52346317969932e-07,0.000852346317969932
2005-11-10,22.999693294401865,72.60115569230976,1.29479411725697e-06,0.00129479411725697
2005-11-11,22.999693294401865,72.60115569230976,-1.3294368272909196e-08,-1.3294368272909196e-05
2005-11-12,22.999693294401865,72.60115569230976,8.612870487922919e-07,0.0008612870487922919
2005-11-13,22.999693294401865,72.60115569230976,4.29153317327291e-07,0.000429153317327291
2005-11-14,22.999693294401865,72.60115569230976,4.351138045421976e-07,0.0004351138045421976
2005-11-15,22.999693294401865,72.60115569230976,0.0,0.0
2005-11-16,22.999693294401865,72.60115569230976,0.0,0.0
2005-11-17,22.999693294401865,72.60115569230976,2.992152985825669e-06,0.002992152985825669
2005-11-18,22.999693294401865,72.60115569230976,8.52346317969932e-07,0.000852346317969932
2005-11-19,22.999693294401865,72.60115569230976,1.716057454359543e-06,0.001716057454359543
2005-11-20,22.999693294401865,72.60115569230976,1.715657674594695e-06,0.001715657674594695
2005-11-21,22.999693294401865,72.60115569230976,1.297251742471417e-06,0.001297251742471417
2005-11-22,22.999693294401865,72.60115569230976,0.0,0.0
2005-11-23,22.999693294401865,72.60115569230976,4.351138613856165e-07,0.0004351138613856165
2005-11-24,22.999693294401865,72.60115569230976,0.0,0.0
2005-11-25,22.999693294401865,72.60115569230976,0.0,0.0
2005-11-26,22.999693294401865,72.60115569230976,1.7195939676639682e-06,0.0017195939676639682
2005-11-27,22.999693294401865,72.60115569230976,0.0,0.0
2005-11-28,22.999693294401865,72.60115569230976,1.7034719235198281e-06,0.0017034719235198281
2005-11-29,22.999693294401865,72.60115569230976,2.112576964918844e-06,0.002112576964918844
2005-11-30,22.999693294401865,72.60115569230976,8.523463748133508e-07,0.0008523463748133508
2005-12-01,22.999693294401865,72.60115569230976,8.637954920232005e-07,0.0008637954920232005
2005-12-02,22.999693294401865,72.60115569230976,1.2874602930423862e-06,0.0012874602930423862
2005-12-03,22.999693294401865,72.60115569230976,2.1436325710055826e-06,0.0021436325710055826
2005-12-04,22.999693294401865,72.60115569230976,8.52346317969932e-07,0.000852346317969932
2005-12-05,22.999693294401865,72.60115569230976,4.351138045421976e-07,0.0004351138045421976
2005-12-06,22.999693294401865,72.60115569230976,1.2951880989930942e-06,0.0012951880989930942
2005-12-07,22.999693294401865,72.60115569230976,2.1475307221408e-06,0.0021475307221408
2005-12-08,22.999693294401865,72.60115569230976,3.4404029065626673e-06,0.0034404029065626673
2005-12-09,22.999693294401865,72.60115569230976,2.5834241910160927e-06,0.0025834241910160927
2005-12-10,22.999693294401865,72.60115569230976,4.217631612846162e-07,0.0004217631612846162
2005-12-11,22.999693294401865,72.60115569230976,8.52346317969932e-07,0.000852346317969932
2005-12-12,22.999693294401865,72.60115569230976,8.523463748133508e-07,0.0008523463748133508
2005-12-13,22.999693294401865,72.60115569230976,8.583068797918258e-07,0.0008583068797918258
2005-12-14,22.999693294401865,72.60115569230976,8.70227722771233e-07,0.000870227722771233
2005-12-15,22.999693294401865,72.60115569230976,4.351138045421976e-07,0.0004351138045421976
2005-12-16,22.999693294401865,72.60115569230976,8.523463748133508e-07,0.0008523463748133508
2005-12-17,22.999693294401865,72.60115569230976,8.642672355563263e-07,0.0008642672355563263
2005-12-18,22.999693294401865,72.60115569230976,8.52346317969932e-07,0.000852346317969932
2005-12-19,22.999693294401865,72.60115569230976,4.351138045421976e-07,0.0004351138045421976
2005-12-20,22.999693294401865,72.60115569230976,4.261732051702438e-07,0.0004261732051702438
2005-12-21,22.999693294401865,72.60115569230976,8.642672355563263e-07,0.0008642672355563263
2005-12-22,22.999693294401865,72.60115569230976,2.1517276422855502e-06,0.0021517276422855502
2005-12-23,22.999693294401865,72.60115569230976,8.496887744513515e-07,0.0008496887744513515
2005-12-24,22.999693294401865,72.60115569230976,1.7106531977617578e-06,0.0017106531977617578
2005-12-25,22.999693294401865,72.60115569230976,2.133670761850226e-06,0.002133670761850226
2005-12-26,22.999693294401865,72.60115569230976,8.795622079560417e-07,0.0008795622079560417
2005-12-27,22.999693294401865,72.60115569230976,1.2891519531876838e-06,0.0012891519531876838
2005-12-28,22.999693294401865,72.60115569230976,1.4901161193847656e-08,1.4901161193847656e-05
2005-12-29,22.999693294401865,72.60115569230976,1.7233084008694277e-06,0.0017233084008694277
2005-12-30,22.999693294401865,72.60115569230976,1.2856394846494368e-06,0.0012856394846494368
2005-12-31,22.999693294401865,72.60115569230976,0.0,0.0
2006-01-01,22.999693294401865,72.60115569230976,8.523463748133508e-07,0.0008523463748133508
2006-01-02,22.999693294401865,72.60115569230976,8.642672355563263e-07,0.0008642672355563263
2006-01-03,22.999693294401865,72.60115569230976,1.7225741544280027e-06,0.0017225741544280027
2006-01-04,22.999693294401865,72.60115569230976,0.0,0.0
2006-01-05,22.999693294401865,72.60115569230976,4.351138045421976e-07,0.0004351138045421976
2006-01-06,22.999693294401865,72.60115569230976,8.52346317969932e-07,0.000852346317969932
2006-01-07,22.999693294401865,72.60115569230976,8.52346317969932e-07,0.000852346317969932
2006-01-08,22.999693294401865,72.60115569230976,4.261732051702438e-07,0.0004261732051702438
2006-01-09,22.999693294401865,72.60115569230976,1.2904487221021554e-06,0.0012904487221021554
2006-01-10,22.999693294401865,72.60115569230976,1.2889136087324005e-06,0.0012889136087324005
2006-01-11,22.999693294401865,72.60115569230976,8.52346317969932e-07,0.000852346317969932
2006-01-12,22.999693294401865,72.60115569230976,1.2874602361989673e-06,0.0012874602361989673
2006-01-13,22.999693294401865,72.60115569230976,4.351138045421976e-07,0.0004351138045421976
2006-01-14,22.999693294401865,72.60115569230976,0.0,0.0
2006-01-15,22.999693294401865,72.60115569230976,8.52346317969932e-07,0.000852346317969932
2006-01-16,22.999693294401865,72.60115569230976,1.7143987633971847e-06,0.0017143987633971847
2006-01-17,22.999693294401865,72.60115569230976,8.551228347641882e-07,0.0008551228347641882
2006-01-18,22.999693294401865,72.60115569230976,8.523464316567697e-07,0.0008523464316567697
2006-01-19,22.999693294401865,72.60115569230976,0.0,0.0
2006-01-20,22.999693294401865,72.60115569230976,8.52346317969932e-07,0.000852346317969932
2006-01-21,22.999693294401865,72.60115569230976,0.0,0.0
2006-01-22,22.999693294401865,72.60115569230976,0.0,0.0
2006-01-23,22.999693294401865,72.60115569230976,0.0,0.0
2006-01-24,22.999693294401865,72.60115569230976,0.0,0.0
2006-01-25,22.999693294401865,72.60115569230976,4.351138045421976e-07,0.0004351138045421976
2006-01-26,22.999693294401865,72.60115569230976,0.0,0.0
2006-01-27,22.999693294401865,72.60115569230976,8.583068051848386e-07,0.0008583068051848386
2006-01-28,22.999693294401865,72.60115569230976,1.7102569813687296e-06,0.0017102569813687296
2006-01-29,22.999693294401865,72.60115569230976,1.2874602930423862e-06,0.0012874602930423862
2006-01-30,22.999693294401865,72.60115569230976,1.2814998058274796e-06,0.0012814998058274796
2006-01-31,22.999693294401865,72.60115569230976,8.52346317969932e-07,0.000852346317969932
2006-02-01,22.999693294401865,72.60115569230976,1.7042258946275979e-06,0.0017042258946275979
2006-02-02,22.999693294401865,72.60115569230976,8.647340905554302e-07,0.0008647340905554302
2006-02-03,22.999693294401865,72.60115569230976,2.152040224245866e-06,0.002152040224245866
2006-02-04,22.999693294401865,72.60115569230976,8.463858875984442e-07,0.0008463858875984442
2006-02-05,22.999693294401865,72.60115569230976,1.2904405366498395e-06,0.0012904405366498395
2006-02-06,22.999693294401865,72.60115569230976,8.52346317969932e-07,0.000852346317969932
2006-02-07,22.999693294401865,72.60115569230976,4.351138045421976e-07,0.0004351138045421976
2006-02-08,22.999693294401865,72.60115569230976,4.351138045421976e-07,0.0004351138045421976
2006-02-09,22.999693294401865,72.60115569230976,2.1352530552576354e-06,0.0021352530552576354
2006-02-10,22.999693294401865,72.60115569230976,3.4318190387239156e-06,0.0034318190387239156
2006-02-11,22.999693294401865,72.60115569230976,8.583081125834724e-07,0.0008583081125834724
2006-02-12,22.999693294401865,72.60115569230976,4.351138045421976e-07,0.0004351138045421976
2006-02-13,22.999693294401865,72.60115569230976,1.2904405366498395e-06,0.0012904405366498395
2006-02-14,22.999693294401865,72.60115569230976,0.0,0.0
2006-02-15,22.999693294401865,72.60115569230976,2.1518562789424323e-06,0.0021518562789424323
2006-02-16,22.999693294401865,72.60115569230976,1.2990805089430069e-06,0.0012990805089430069
2006-02-17,22.999693294401865,72.60115569230976,3.0240409500947862e-06,0.0030240409500947862
2006-02-18,22.999693294401865,72.60115569230976,-1.1920917586394353e-08,-1.1920917586394353e-05
2006-02-19,22.999693294401865,72.60115569230976,1.7136326277977787e-06,0.0017136326277977787
2006-02-20,22.999693294401865,72.60115569230976,4.351138045421976e-07,0.0004351138045421976
2006-02-21,22.999693294401865,72.60115569230976,4.351138045421976e-07,0.0004351138045421976
2006-02-22,22.999693294401865,72.60115569230976,3.4382228477625176e-06,0.0034382228477625176
2006-02-23,22.999693294401865,72.60115569230976,0.0,0.0
2006-02-24,22.999693294401865,72.60115569230976,0.0,0.0
2006-02-25,22.999693294401865,72.60115569230976,2.1629184630000964e-06,0.0021629184630000964
2006-02-26,22.999693294401865,72.60115569230976,4.182763291282754e-07,0.0004182763291282754
2006-02-27,22.999693294401865,72.60115569230976,3.862380253849551e-06,0.003862380253849551
2006-02-28,22.999693294401865,72.60115569230976,1.276495765978325e-06,0.001276495765978325
2006-03-01,22.999693294401865,72.60115569230976,0.0,0.0
2006-03-02,22.999693294401865,72.60115569230976,8.583068797918258e-07,0.0008583068797918258
2006-03-03,22.999693294401865,72.60115569230976,1.7089176367335313e-06,0.0017089176367335313
2006-03-04,22.999693294401865,72.60115569230976,0.0,0.0
2006-03-05,22.999693294401865,72.60115569230976,1.3072613000986166e-06,0.0013072613000986166
2006-03-06,22.999693294401865,72.60115569230976,2.994896931340918e-06,0.002994896931340918
2006-03-07,22.999693294401865,72.60115569230976,0.0,0.0
2006-03-08,22.999693294401865,72.60115569230976,1.698732319255214e-06,0.001698732319255214
2006-03-09,22.999693294401865,72.60115569230976,0.006877735257148743,6.877735257148743
2006-03-10,22.999693294401865,72.60115569230976,0.0023458749055862427,2.3458749055862427
2006-03-11,22.999693294401865,72.60115569230976,6.717443397974421e-06,0.006717443397974421
2006-03-12,22.999693294401865,72.60115569230976,8.583068833445395e-07,0.0008583068833445395
2006-03-13,22.999693294401865,72.60115569230976,1.2948842140758643e-06,0.0012948842140758643
2006-03-14,22.999693294401865,72.60115569230976,5.099177315059933e-06,0.005099177315059933
2006-03-15,22.999693294401865,72.60115569230976,1.2841090892834472e-06,0.0012841090892834472
2006-03-16,22.999693294401865,72.60115569230976,0.0,0.0
2006-03-17,22.999693294401865,72.60115569230976,8.52346317969932e-07,0.000852346317969932
2006-03-18,22.999693294401865,72.60115569230976,8.570219733883278e-07,0.0008570219733883278
2006-03-19,22.999693294401865,72.60115569230976,1.7238366467609012e-06,0.0017238366467609012
2006-03-20,22.999693294401865,72.60115569230976,0.0,0.0
2006-03-21,22.999693294401865,72.60115569230976,4.351138613856165e-07,0.0004351138613856165
2006-03-22,22.999693294401865,72.60115569230976,3.4401709285702964e-06,0.0034401709285702964
2006-03-23,22.999693294401865,72.60115569230976,1.6984123476504465e-06,0.0016984123476504465
2006-03-24,22.999693294401865,72.60115569230976,8.420356607530266e-07,0.0008420356607530266
2006-03-25,22.999693294401865,72.60115569230976,1.718073690426536e-06,0.001718073690426536
2006-03-26,22.999693294401865,72.60115569230976,1.2881951079179998e-06,0.0012881951079179998
2006-03-27,22.999693294401865,72.60115569230976,8.583068797918258e-07,0.0008583068797918258
2006-03-28,22.999693294401865,72.60115569230976,8.52346317969932e-07,0.000852346317969932
2006-03-29,22.999693294401865,72.60115569230976,8.583068797918258e-07,0.0008583068797918258
2006-03-30,22.999693294401865,72.60115569230976,1.716613724056515e-06,0.001716613724056515
2006-03-31,22.999693294401865,72.60115569230976,8.583068797918258e-07,0.0008583068797918258
2006-04-01,22.999693294401865,72.60115569230976,2.572624794083822e-06,0.002572624794083822
2006-04-02,22.999693294401865,72.60115569230976,4.261732051702438e-07,0.0004261732051702438
2006-04-03,22.999693294401865,72.60115569230976,8.672474791637796e-07,0.0008672474791637796
2006-04-04,22.999693294401865,72.60115569230976,1.281559264043608e-06,0.001281559264043608
2006-04-05,22.999693294401865,72.60115569230976,0.0,0.0
2006-04-06,22.999693294401865,72.60115569230976,8.52346317969932e-07,0.000852346317969932
2006-04-07,22.999693294401865,72.60115569230976,4.410743663640915e-07,0.0004410743663640915
2006-04-08,22.999693294401865,72.60115569230976,1.7172432649203984e-06,0.0017172432649203984
2006-04-09,22.999693294401865,72.60115569230976,8.523463748133508e-07,0.0008523463748133508
2006-04-10,22.999693294401865,72.60115569230976,8.523463748133508e-07,0.0008523463748133508
2006-04-11,22.999693294401865,72.60115569230976,2.576800909537269e-06,0.002576800909537269
2006-04-12,22.999693294401865,72.60115569230976,8.600486083309988e-07,0.0008600486083309988
2006-04-13,22.999693294401865,72.60115569230976,0.0,0.0
2006-04-14,22.999693294401865,72.60115569230976,8.52346317969932e-07,0.000852346317969932
2006-04-15,22.999693294401865,72.60115569230976,1.7166137808999338e-06,0.0017166137808999338
2006-04-16,22.999693294401865,72.60115569230976,2.1471965965247364e-06,0.0021471965965247364
2006-04-17,22.999693294401865,72.60115569230976,8.584194297611702e-07,0.0008584194297611702
2006-04-18,22.999693294401865,72.60115569230976,1.293972843541269e-06,0.001293972843541269
2006-04-19,22.999693294401865,72.60115569230976,0.0,0.0
2006-04-20,22.999693294401865,72.60115569230976,0.0,0.0
2006-04-21,22.999693294401865,72.60115569230976,8.523463748133508e-07,0.0008523463748133508
2006-04-22,22.999693294401865,72.60115569230976,1.7195939676639682e-06,0.0017195939676639682
2006-04-23,22.999693294401865,72.60115569230976,8.583068797918258e-07,0.0008583068797918258
2006-04-24,22.999693294401865,72.60115569230976,8.52346317969932e-07,0.000852346317969932
2006-04-25,22.999693294401865,72.60115569230976,4.4107436991680515e-07,0.00044107436991680515
2006-04-26,22.999693294401865,72.60115569230976,2.152976549041341e-06,0.002152976549041341
2006-04-27,22.999693294401865,72.60115569230976,8.391764936277468e-07,0.0008391764936277468
2006-04-28,22.999693294401865,72.60115569230976,2.1415544324554503e-06,0.0021415544324554503
2006-04-29,22.999693294401865,72.60115569230976,0.0,0.0
2006-04-30,22.999693294401865,72.60115569230976,1.7285346416429093e-06,0.0017285346416429093
2006-05-01,22.999693294401865,72.60115569230976,4.2021277479875607e-07,0.00042021277479875607
2006-05-02,22.999693294401865,72.60115569230976,0.0,0.0
2006-05-03,22.999693294401865,72.60115569230976,0.0,0.0
2006-05-04,22.999693294401865,72.60115569230976,3.0032398399271187e-06,0.0030032398399271187
2006-05-05,22.999693294401865,72.60115569230976,1.7106532936850272e-06,0.0017106532936850272
2006-05-06,22.999693294401865,72.60115569230976,1.7136334804490616e-06,0.0017136334804490616
2006-05-07,22.999693294401865,72.60115569230976,8.52346317969932e-07,0.000852346317969932
2006-05-08,22.999693294401865,72.60115569230976,0.0,0.0
2006-05-09,22.999693294401865,72.60115569230976,2.577701422978862e-06,0.002577701422978862
2006-05-10,22.999693294401865,72.60115569230976,8.702562759310695e-07,0.0008702562759310695
2006-05-11,22.999693294401865,72.60115569230976,0.0,0.0
2006-05-12,22.999693294401865,72.60115569230976,8.52346317969932e-07,0.000852346317969932
2006-05-13,22.999693294401865,72.60115569230976,1.7106533114485956e-06,0.0017106533114485956
2006-05-14,22.999693294401865,72.60115569230976,0.0,0.0
2006-05-15,22.999693294401865,72.60115569230976,0.0,0.0
2006-05-16,22.999693294401865,72.60115569230976,1.9972592326666927e-06,0.0019972592326666927
2006-05-17,22.999693294401865,72.60115569230976,0.0,0.0
2006-05-18,22.999693294401865,72.60115569230976,0.0,0.0
2006-05-19,22.999693294401865,72.60115569230976,8.583068833445395e-07,0.0008583068833445395
2006-05-20,22.999693294401865,72.60115569230976,0.00023318827152252197,0.23318827152252197
2006-05-21,22.999693294401865,72.60115569230976,0.00016316175458541693,0.16316175458541693
2006-05-22,22.999693294401865,72.60115569230976,4.947511303043939e-05,0.04947511303043939
2006-05-23,22.999693294401865,72.60115569230976,4.941225029142515e-06,0.004941225029142515
2006-05-24,22.999693294401865,72.60115569230976,3.434876362007344e-06,0.003434876362007344
2006-05-25,22.999693294401865,72.60115569230976,0.0,0.0
2006-05-26,22.999693294401865,72.60115569230976,3.602584399686748e-06,0.003602584399686748
2006-05-27,22.999693294401865,72.60115569230976,1.2606382320257126e-06,0.0012606382320257126
2006-05-28,22.999693294401865,72.60115569230976,2.0116567611694336e-06,0.0020116567611694336
2006-05-29,22.999693294401865,72.60115569230976,8.583068797918258e-07,0.0008583068797918258
2006-05-30,22.999693294401865,72.60115569230976,1.7300154695476522e-06,0.0017300154695476522
2006-05-31,22.999693294401865,72.60115569230976,0.00010259747500640515,0.10259747500640515
2006-06-01,22.999693294401865,72.60115569230976,0.05179123878468772,51.79123878468772
2006-06-02,22.999693294401865,72.60115569230976,0.04313713312149048,43.13713312149048
2006-06-03,22.999693294401865,72.60115569230976,3.6022066979057854e-05,0.036022066979057854
2006-06-04,22.999693294401865,72.60115569230976,5.888938903808594e-05,0.05888938903808594
2006-06-05,22.999693294401865,72.60115569230976,5.1426887466732296e-05,0.051426887466732296
2006-06-06,22.999693294401865,72.60115569230976,0.00011216402043601192,0.11216402043601192
2006-06-07,22.999693294401865,72.60115569230976,0.0001690864562533534,0.1690864562533534
2006-06-08,22.999693294401865,72.60115569230976,4.028081889373425e-05,0.04028081889373425
2006-06-09,22.999693294401865,72.60115569230976,1.043081283569336e-06,0.001043081283569336
2006-06-10,22.999693294401865,72.60115569230976,2.5779008865356445e-06,0.0025779008865356445
2006-06-11,22.999693294401865,72.60115569230976,4.2318282794440165e-05,0.042318282794440165
2006-06-12,22.999693294401865,72.60115569230976,3.5509467124938965e-05,0.035509467124938965
2006-06-13,22.999693294401865,72.60115569230976,1.7702579498291016e-05,0.017702579498291016
2006-06-14,22.999693294401865,72.60115569230976,2.0051865021741833e-06,0.0020051865021741833
2006-06-15,22.999693294401865,72.60115569230976,2.980232238769531e-07,0.0002980232238769531
2006-06-16,22.999693294401865,72.60115569230976,0.0,0.0
2006-06-17,22.999693294401865,72.60115569230976,4.351138613856165e-07,0.0004351138613856165
2006-06-18,22.999693294401865,72.60115569230976,1.9550323031580774e-06,0.0019550323031580774
2006-06-19,22.999693294401865,72.60115569230976,2.1695722125514294e-06,0.0021695722125514294
2006-06-20,22.999693294401865,72.60115569230976,0.0,0.0
2006-06-21,22.999693294401865,72.60115569230976,0.0001608043907026513,0.1608043907026513
2006-06-22,22.999693294401865,72.60115569230976,2.083778326777974e-05,0.02083778326777974
2006-06-23,22.999693294401865,72.60115569230976,8.635301078641078e-07,0.0008635301078641078
2006-06-24,22.999693294401865,72.60115569230976,0.0003837227820326916,0.3837227820326916
2006-06-25,22.999693294401865,72.60115569230976,0.003271035042530457,3.271035042530457
2006-06-26,22.999693294401865,72.60115569230976,0.004894292358244456,4.894292358244456
2006-06-27,22.999693294401865,72.60115569230976,0.0007842183113098145,0.7842183113098145
2006-06-28,22.999693294401865,72.60115569230976,0.011876687407493591,11.876687407493591
2006-06-29,22.999693294401865,72.60115569230976,0.007235395908310238,7.235395908310238
2006-06-30,22.999693294401865,72.60115569230976,0.0014497637748718262,1.4497637748718262
2006-07-01,22.999693294401865,72.60115569230976,0.0009164869784967777,0.9164869784967777
2006-07-02,22.999693294401865,72.60115569230976,0.0006262063980102539,0.6262063980102539
2006-07-03,22.999693294401865,72.60115569230976,0.023558297921535853,23.558297921535853
2006-07-04,22.999693294401865,72.60115569230976,0.031115606251091776,31.115606251091776
2006-07-05,22.999693294401865,72.60115569230976,0.08607229590415955,86.07229590415955
2006-07-06,22.999693294401865,72.60115569230976,0.08692768216133118,86.92768216133118
2006-07-07,22.999693294401865,72.60115569230976,0.0007003992795944214,0.7003992795944214
2006-07-08,22.999693294401865,72.60115569230976,0.0009803761473108352,0.9803761473108352
2006-07-09,22.999693294401865,72.60115569230976,0.0017662165325305068,1.7662165325305068
2006-07-10,22.999693294401865,72.60115569230976,0.0016669631003196628,1.6669631003196628
2006-07-11,22.999693294401865,72.60115569230976,0.0018486265871615615,1.8486265871615615
2006-07-12,22.999693294401865,72.60115569230976,0.0013228356838226318,1.3228356838226318
2006-07-13,22.999693294401865,72.60115569230976,0.0008943718949012691,0.8943718949012691
2006-07-14,22.999693294401865,72.60115569230976,0.0009321957826600169,0.9321957826600169
2006-07-15,22.999693294401865,72.60115569230976,0.0008350253105149363,0.8350253105149363
2006-07-16,22.999693294401865,72.60115569230976,0.0004248321056365967,0.4248321056365967
2006-07-17,22.999693294401865,72.60115569230976,1.9854307140576566e-05,0.019854307140576566
2006-07-18,22.999693294401865,72.60115569230976,0.002897307872217425,2.897307872217425
2006-07-19,22.999693294401865,72.60115569230976,0.012148663401603699,12.148663401603699
2006-07-20,22.999693294401865,72.60115569230976,0.003145802020924293,3.145802020924293
2006-07-21,22.999693294401865,72.60115569230976,0.03703060150146342,37.03060150146342
2006-07-22,22.999693294401865,72.60115569230976,0.051551330089466774,51.551330089466774
2006-07-23,22.999693294401865,72.60115569230976,0.036360468594182294,36.360468594182294
2006-07-24,22.999693294401865,72.60115569230976,0.0038282275199321703,3.8282275199321703
2006-07-25,22.999693294401865,72.60115569230976,0.0029079258441697675,2.9079258441697675
2006-07-26,22.999693294401865,72.60115569230976,0.0028386414050487474,2.8386414050487474
2006-07-27,22.999693294401865,72.60115569230976,0.010209298133815992,10.209298133815992
2006-07-28,22.999693294401865,72.60115569230976,0.06586240231990814,65.86240231990814
2006-07-29,22.999693294401865,72.60115569230976,0.30314716696739197,303.14716696739197
2006-07-30,22.999693294401865,72.60115569230976,0.11966114548800988,119.66114548800988
2006-07-31,22.999693294401865,72.60115569230976,0.010647580200213724,10.647580200213724
2006-08-01,22.999693294401865,72.60115569230976,0.0701929718255947,70.1929718255947
2006-08-02,22.999693294401865,72.60115569230976,0.009830723188201773,9.830723188201773
2006-08-03,22.999693294401865,72.60115569230976,0.00499464690676632,4.99464690676632
2006-08-04,22.999693294401865,72.60115569230976,0.005932097714833162,5.932097714833162
2006-08-05,22.999693294401865,72.60115569230976,0.010560834407801423,10.560834407801423
2006-08-06,22.999693294401865,72.60115569230976,0.0156087726354599,15.6087726354599
2006-08-07,22.999693294401865,72.60115569230976,0.014492876527242515,14.492876527242515
2006-08-08,22.999693294401865,72.60115569230976,0.0231516516818715,23.1516516818715
2006-08-09,22.999693294401865,72.60115569230976,0.011606308989939862,11.606308989939862
2006-08-10,22.999693294401865,72.60115569230976,0.017941357892500065,17.941357892500065
2006-08-11,22.999693294401865,72.60115569230976,0.043571418523754346,43.571418523754346
2006-08-12,22.999693294401865,72.60115569230976,0.01847951114177704,18.47951114177704
2006-08-13,22.999693294401865,72.60115569230976,0.0012490481138129894,1.2490481138129894
2006-08-14,22.999693294401865,72.60115569230976,0.001994079351391065,1.9940793513910648
2006-08-15,22.999693294401865,72.60115569230976,0.05364767611026622,53.64767611026622
2006-08-16,22.999693294401865,72.60115569230976,0.1350868308204518,135.0868308204518
2006-08-17,22.999693294401865,72.60115569230976,0.00037786364555358887,0.37786364555358887
2006-08-18,22.999693294401865,72.60115569230976,0.0356593608855178,35.6593608855178
2006-08-19,22.999693294401865,72.60115569230976,0.008333182334808953,8.333182334808953
2006-08-20,22.999693294401865,72.60115569230976,0.009988629817961225,9.988629817961225
2006-08-21,22.999693294401865,72.60115569230976,0.004159212112426758,4.159212112426758
2006-08-22,22.999693294401865,72.60115569230976,0.0012403279542922974,1.2403279542922974
2006-08-23,22.999693294401865,72.60115569230976,0.0025207102298736572,2.5207102298736572
2006-08-24,22.999693294401865,72.60115569230976,0.002259701490288535,2.259701490288535
2006-08-25,22.999693294401865,72.60115569230976,0.0008807182312011719,0.8807182312011719
2006-08-26,22.999693294401865,72.60115569230976,0.001423385739258265,1.423385739258265
2006-08-27,22.999693294401865,72.60115569230976,0.0017438858746459118,1.7438858746459118
2006-08-28,22.999693294401865,72.60115569230976,0.0012831717729113734,1.2831717729113734
2006-08-29,22.999693294401865,72.60115569230976,0.0019835829734802246,1.9835829734802246
2006-08-30,22.999693294401865,72.60115569230976,0.0003801912068297497,0.3801912068297497
2006-08-31,22.999693294401865,72.60115569230976,0.0016123026608738655,1.6123026608738655
2006-09-01,22.999693294401865,72.60115569230976,0.0008685335617997225,0.8685335617997225
2006-09-02,22.999693294401865,72.60115569230976,0.0008242099452786533,0.8242099452786533
2006-09-03,22.999693294401865,72.60115569230976,0.0004800695425046797,0.4800695425046797
2006-09-04,22.999693294401865,72.60115569230976,0.0001856774091670843,0.1856774091670843
2006-09-05,22.999693294401865,72.60115569230976,0.00012739752952484196,0.12739752952484196
2006-09-06,22.999693294401865,72.60115569230976,0.054119619727032386,54.119619727032386
2006-09-07,22.999693294401865,72.60115569230976,0.04739383757106452,47.39383757106452
2006-09-08,22.999693294401865,72.60115569230976,0.00028336942193618597,0.283369421936186
2006-09-09,22.999693294401865,72.60115569230976,0.0004848718642733729,0.4848718642733729
2006-09-10,22.999693294401865,72.60115569230976,0.00027732849116546276,0.27732849116546276
2006-09-11,22.999693294401865,72.60115569230976,0.0002406716345717541,0.2406716345717541
2006-09-12,22.999693294401865,72.60115569230976,0.0002650499342848889,0.2650499342848889
2006-09-13,22.999693294401865,72.60115569230976,0.00015811920172836835,0.15811920172836835
2006-09-14,22.999693294401865,72.60115569230976,5.1732349163557956e-05,0.051732349163557956
2006-09-15,22.999693294401865,72.60115569230976,0.0005619701235737296,0.5619701235737296
2006-09-16,22.999693294401865,72.60115569230976,0.0015929639339447021,1.5929639339447021
2006-09-17,22.999693294401865,72.60115569230976,0.0006231218576431274,0.6231218576431274
2006-09-18,22.999693294401865,72.60115569230976,0.0009828686713149182,0.9828686713149182
2006-09-19,22.999693294401865,72.60115569230976,0.0003781616687774658,0.3781616687774658
2006-09-20,22.999693294401865,72.60115569230976,0.001585310697521436,1.585310697521436
2006-09-21,22.999693294401865,72.60115569230976,0.00023442022990138867,0.23442022990138867
2006-09-22,22.999693294401865,72.60115569230976,0.00019652247419799096,0.19652247419799096
2006-09-23,22.999693294401865,72.60115569230976,0.004338407516474518,4.338407516474518
2006-09-24,22.999693294401865,72.60115569230976,0.005704435706093136,5.704435706093136
2006-09-25,22.999693294401865,72.60115569230976,0.0019170820712020031,1.9170820712020031
2006-09-26,22.999693294401865,72.60115569230976,0.0005046308039595715,0.5046308039595715
2006-09-27,22.999693294401865,72.60115569230976,0.000687092542591472,0.687092542591472
2006-09-28,22.999693294401865,72.60115569230976,0.0002570986747691961,0.2570986747691961
2006-09-29,22.999693294401865,72.60115569230976,0.00022085309018393673,0.22085309018393673
2006-09-30,22.999693294401865,72.60115569230976,0.00028808414936065674,0.28808414936065674
2006-10-01,22.999693294401865,72.60115569230976,1.2886207514384296e-06,0.0012886207514384296
2006-10-02,22.999693294401865,72.60115569230976,4.410743663640915e-07,0.0004410743663640915
2006-10-03,22.999693294401865,72.60115569230976,3.649294376373291e-05,0.03649294376373291
2006-10-04,22.999693294401865,72.60115569230976,1.7285337889916264e-06,0.0017285337889916264
2006-10-05,22.999693294401865,72.60115569230976,1.2825298085772374e-06,0.0012825298085772374
2006-10-06,22.999693294401865,72.60115569230976,3.555276634870097e-06,0.003555276634870097
2006-10-07,22.999693294401865,72.60115569230976,2.902746018662583e-06,0.002902746018662583
2006-10-08,22.999693294401865,72.60115569230976,7.429718969831356e-06,0.007429718969831356
2006-10-09,22.999693294401865,72.60115569230976,2.148747341834678e-06,0.002148747341834678
2006-10-10,22.999693294401865,72.60115569230976,4.351138613856165e-07,0.0004351138613856165
2006-10-11,22.999693294401865,72.60115569230976,1.282208376807148e-06,0.001282208376807148
2006-10-12,22.999693294401865,72.60115569230976,0.0,0.0
2006-10-13,22.999693294401865,72.60115569230976,6.139277388683695e-07,0.0006139277388683695
2006-10-14,22.999693294401865,72.60115569230976,8.563742426304088e-07,0.0008563742426304088
2006-10-15,22.999693294401865,72.60115569230976,4.3009920958070325e-07,0.00043009920958070325
2006-10-16,22.999693294401865,72.60115569230976,8.583068833445395e-07,0.0008583068833445395
2006-10-17,22.999693294401865,72.60115569230976,2.5768185878405347e-06,0.0025768185878405347
2006-10-18,22.999693294401865,72.60115569230976,0.0,0.0
2006-10-19,22.999693294401865,72.60115569230976,8.583068797918258e-07,0.0008583068797918258
2006-10-20,22.999693294401865,72.60115569230976,8.616200410926922e-07,0.0008616200410926922
2006-10-21,22.999693294401865,72.60115569230976,5.0564819503051694e-05,0.050564819503051694
2006-10-22,22.999693294401865,72.60115569230976,4.351138045421976e-07,0.0004351138045421976
2006-10-23,22.999693294401865,72.60115569230976,8.523463748133508e-07,0.0008523463748133508
2006-10-24,22.999693294401865,72.60115569230976,8.52346317969932e-07,0.000852346317969932
2006-10-25,22.999693294401865,72.60115569230976,8.52346317969932e-07,0.000852346317969932
2006-10-26,22.999693294401865,72.60115569230976,2.139806667855737e-06,0.002139806667855737
2006-10-27,22.999693294401865,72.60115569230976,8.553265615773853e-07,0.0008553265615773853
2006-10-28,22.999693294401865,72.60115569230976,4.351138613856165e-07,0.0004351138613856165
2006-10-29,22.999693294401865,72.60115569230976,1.7238274381270458e-06,0.0017238274381270458
2006-10-30,22.999693294401865,72.60115569230976,4.261732051702438e-07,0.0004261732051702438
2006-10-31,22.999693294401865,72.60115569230976,2.9951343094580807e-06,0.0029951343094580807
2006-11-01,22.999693294401865,72.60115569230976,8.896750500753114e-07,0.0008896750500753114
2006-11-02,22.999693294401865,72.60115569230976,0.0,0.0
2006-11-03,22.999693294401865,72.60115569230976,1.2865621101809666e-06,0.0012865621101809666
2006-11-04,22.999693294401865,72.60115569230976,0.0,0.0
2006-11-05,22.999693294401865,72.60115569230976,0.0,0.0
2006-11-06,22.999693294401865,72.60115569230976,0.0,0.0
2006-11-07,22.999693294401865,72.60115569230976,2.151182627585513e-06,0.002151182627585513
2006-11-08,22.999693294401865,72.60115569230976,1.960596893013644e-05,0.01960596893013644
2006-11-09,22.999693294401865,72.60115569230976,1.710855144665402e-06,0.001710855144665402
2006-11-10,22.999693294401865,72.60115569230976,1.7225741544280027e-06,0.0017225741544280027
2006-11-11,22.999693294401865,72.60115569230976,1.2755392617691541e-06,0.0012755392617691541
2006-11-12,22.999693294401865,72.60115569230976,4.351138045421976e-07,0.0004351138045421976
2006-11-13,22.999693294401865,72.60115569230976,2.1422656573122367e-06,0.0021422656573122367
2006-11-14,22.999693294401865,72.60115569230976,1.7046927496267017e-06,0.0017046927496267017
2006-11-15,22.999693294401865,72.60115569230976,1.7136326277977787e-06,0.0017136326277977787
2006-11-16,22.999693294401865,72.60115569230976,4.380945028970018e-07,0.0004380945028970018
2006-11-17,22.999693294401865,72.60115569230976,1.2844800494349329e-06,0.0012844800494349329
2006-11-18,22.999693294401865,72.60115569230976,0.0,0.0
2006-11-19,22.999693294401865,72.60115569230976,0.0,0.0
2006-11-20,22.999693294401865,72.60115569230976,8.412503689214645e-07,0.0008412503689214645
2006-11-21,22.999693294401865,72.60115569230976,2.30168666348618e-08,2.30168666348618e-05
2006-11-22,22.999693294401865,72.60115569230976,2.1570858166342077e-06,0.0021570858166342077
2006-11-23,22.999693294401865,72.60115569230976,1.2904404798064206e-06,0.0012904404798064206
2006-11-24,22.999693294401865,72.60115569230976,1.288254225073615e-06,0.001288254225073615
2006-11-25,22.999693294401865,72.60115569230976,8.583068797918258e-07,0.0008583068797918258
2006-11-26,22.999693294401865,72.60115569230976,8.583068797918258e-07,0.0008583068797918258
2006-11-27,22.999693294401865,72.60115569230976,1.2934207802572928e-06,0.0012934207802572928
2006-11-28,22.999693294401865,72.60115569230976,8.52346317969932e-07,0.000852346317969932
2006-11-29,22.999693294401865,72.60115569230976,0.0,0.0
2006-11-30,22.999693294401865,72.60115569230976,0.0,0.0
2006-12-01,22.999693294401865,72.60115569230976,8.523463748133508e-07,0.0008523463748133508
2006-12-02,22.999693294401865,72.60115569230976,1.7285346416429093e-06,0.0017285346416429093
2006-12-03,22.999693294401865,72.60115569230976,-5.960430371487746e-09,-5.960430371487746e-06
2006-12-04,22.999693294401865,72.60115569230976,0.0,0.0
2006-12-05,22.999693294401865,72.60115569230976,2.5596290811336075e-06,0.0025596290811336075
2006-12-06,22.999693294401865,72.60115569230976,4.324316876136436e-06,0.004324316876136436
2006-12-07,22.999693294401865,72.60115569230976,2.5861809263005853e-06,0.0025861809263005853
2006-12-08,22.999693294401865,72.60115569230976,1.7042641502484912e-06,0.0017042641502484912
2006-12-09,22.999693294401865,72.60115569230976,8.748669984015578e-07,0.0008748669984015578
2006-12-10,22.999693294401865,72.60115569230976,8.52346317969932e-07,0.000852346317969932
2006-12-11,22.999693294401865,72.60115569230976,0.0,0.0
2006-12-12,22.999693294401865,72.60115569230976,2.5781882868614048e-06,0.0025781882868614048
2006-12-13,22.999693294401865,72.60115569230976,4.273902959539555e-06,0.004273902959539555
2006-12-14,22.999693294401865,72.60115569230976,1.2920657468384888e-06,0.0012920657468384888
2006-12-15,22.999693294401865,72.60115569230976,8.374452136195032e-07,0.0008374452136195032
2006-12-16,22.999693294401865,72.60115569230976,0.0,0.0
2006-12-17,22.999693294401865,72.60115569230976,2.127411505625787e-06,0.002127411505625787
2006-12-18,22.999693294401865,72.60115569230976,8.702277796146518e-07,0.0008702277796146518
2006-12-19,22.999693294401865,72.60115569230976,8.52346317969932e-07,0.000852346317969932
2006-12-20,22.999693294401865,72.60115569230976,1.2904404798064206e-06,0.0012904404798064206
2006-12-21,22.999693294401865,72.60115569230976,8.52346317969932e-07,0.000852346317969932
2006-12-22,22.999693294401865,72.60115569230976,0.0,0.0
2006-12-23,22.999693294401865,72.60115569230976,1.7106532936850272e-06,0.0017106532936850272
2006-12-24,22.999693294401865,72.60115569230976,1.7228034039362683e-06,0.0017228034039362683
2006-12-25,22.999693294401865,72.60115569230976,0.0,0.0
2006-12-26,22.999693294401865,72.60115569230976,1.286705241909658e-06,0.001286705241909658
2006-12-27,22.999693294401865,72.60115569230976,3.4329478353356535e-06,0.0034329478353356535
2006-12-28,22.999693294401865,72.60115569230976,8.679976417624857e-07,0.0008679976417624857
2006-12-29,22.999693294401865,72.60115569230976,8.52346317969932e-07,0.000852346317969932
2006-12-30,22.999693294401865,72.60115569230976,1.2878960546913731e-06,0.0012878960546913731
2006-12-31,22.999693294401865,72.60115569230976,1.288957093947829e-06,0.001288957093947829
2007-01-01,22.999693294401865,72.60115569230976,8.455879765278951e-07,0.0008455879765278951
2007-01-02,22.999693294401865,72.60115569230976,8.507597044626891e-07,0.0008507597044626891
2007-01-03,22.999693294401865,72.60115569230976,0.0,0.0
2007-01-04,22.999693294401865,72.60115569230976,1.2814997489840607e-06,0.0012814997489840607
2007-01-05,22.999693294401865,72.60115569230976,4.351138045421976e-07,0.0004351138045421976
2007-01-06,22.999693294401865,72.60115569230976,2.157688129500457e-06,0.002157688129500457
2007-01-07,22.999693294401865,72.60115569230976,1.2814988963327778e-06,0.0012814988963327778
2007-01-08,22.999693294401865,72.60115569230976,8.617933531240851e-07,0.0008617933531240851
2007-01-09,22.999693294401865,72.60115569230976,4.351138045421976e-07,0.0004351138045421976
2007-01-10,22.999693294401865,72.60115569230976,2.1457671550706436e-06,0.0021457671550706436
2007-01-11,22.999693294401865,72.60115569230976,0.0,0.0
2007-01-12,22.999693294401865,72.60115569230976,1.2934207802572928e-06,0.0012934207802572928
2007-01-13,22.999693294401865,72.60115569230976,0.0,0.0
2007-01-14,22.999693294401865,72.60115569230976,1.7379282439833332e-06,0.0017379282439833332
2007-01-15,22.999693294401865,72.60115569230976,1.293345121666789e-06,0.001293345121666789
2007-01-16,22.999693294401865,72.60115569230976,4.351138045421976e-07,0.0004351138045421976
2007-01-17,22.999693294401865,72.60115569230976,1.2930256616527913e-06,0.0012930256616527913
2007-01-18,22.999693294401865,72.60115569230976,8.438007057520736e-07,0.0008438007057520736
2007-01-19,22.999693294401865,72.60115569230976,0.0,0.0
2007-01-20,22.999693294401865,72.60115569230976,0.0,0.0
2007-01-21,22.999693294401865,72.60115569230976,0.0,0.0
2007-01-22,22.999693294401865,72.60115569230976,0.0,0.0
2007-01-23,22.999693294401865,72.60115569230976,2.1498507294381852e-06,0.0021498507294381852
2007-01-24,22.999693294401865,72.60115569230976,1.2647720950553776e-06,0.0012647720950553776
2007-01-25,22.999693294401865,72.60115569230976,1.718999442346103e-06,0.001718999442346103
2007-01-26,22.999693294401865,72.60115569230976,0.0,0.0
2007-01-27,22.999693294401865,72.60115569230976,1.716613667213096e-06,0.001716613667213096
2007-01-28,22.999693294401865,72.60115569230976,1.284449353988748e-06,0.001284449353988748
2007-01-29,22.999693294401865,72.60115569230976,0.00021845102310180664,0.21845102310180664
2007-01-30,22.999693294401865,72.60115569230976,1.3887881209484476e-06,0.0013887881209484476
2007-01-31,22.999693294401865,72.60115569230976,1.2874602361989673e-06,0.0012874602361989673
2007-02-01,22.999693294401865,72.60115569230976,4.351138045421976e-07,0.0004351138045421976
2007-02-02,22.999693294401865,72.60115569230976,0.0,0.0
2007-02-03,22.999693294401865,72.60115569230976,8.52346317969932e-07,0.000852346317969932
2007-02-04,22.999693294401865,72.60115569230976,2.1634596123476513e-06,0.0021634596123476513
2007-02-05,22.999693294401865,72.60115569230976,5.55316455574939e-06,0.00555316455574939
2007-02-06,22.999693294401865,72.60115569230976,8.791681125330797e-07,0.0008791681125330797
2007-02-07,22.999693294401865,72.60115569230976,0.0,0.0
2007-02-08,22.999693294401865,72.60115569230976,0.0,0.0
2007-02-09,22.999693294401865,72.60115569230976,2.9802322387695312e-08,2.9802322387695312e-05
2007-02-10,22.999693294401865,72.60115569230976,0.00043683052052756466,0.43683052052756466
2007-02-11,22.999693294401865,72.60115569230976,2.009570598104915e-05,0.02009570598104915
2007-02-12,22.999693294401865,72.60115569230976,1.7206924098900345e-06,0.0017206924098900345
2007-02-13,22.999693294401865,72.60115569230976,2.554566208345932e-06,0.002554566208345932
2007-02-14,22.999693294401865,72.60115569230976,1.7195934560731985e-06,0.0017195934560731985
2007-02-15,22.999693294401865,72.60115569230976,8.52346317969932e-07,0.000852346317969932
2007-02-16,22.999693294401865,72.60115569230976,0.0,0.0
2007-02-17,22.999693294401865,72.60115569230976,1.7106532368416083e-06,0.0017106532368416083
2007-02-18,22.999693294401865,72.60115569230976,1.723608477277594e-06,0.001723608477277594
2007-02-19,22.999693294401865,72.60115569230976,-5.960430371487746e-09,-5.960430371487746e-06
2007-02-20,22.999693294401865,72.60115569230976,2.1457663024193607e-06,0.0021457663024193607
2007-02-21,22.999693294401865,72.60115569230976,4.261732051702438e-07,0.0004261732051702438
2007-02-22,22.999693294401865,72.60115569230976,8.553265615773853e-07,0.0008553265615773853
2007-02-23,22.999693294401865,72.60115569230976,4.4107442320751034e-07,0.00044107442320751034
2007-02-24,22.999693294401865,72.60115569230976,5.939006769040134e-05,0.05939006769040134
2007-02-25,22.999693294401865,72.60115569230976,2.1517271306947805e-06,0.0021517271306947805
2007-02-26,22.999693294401865,72.60115569230976,-5.960828275419772e-09,-5.960828275419772e-06
2007-02-27,22.999693294401865,72.60115569230976,8.52346317969932e-07,0.000852346317969932
2007-02-28,22.999693294401865,72.60115569230976,2.433267468404665e-06,0.002433267468404665
2007-03-01,22.999693294401865,72.60115569230976,9.329915042144421e-05,0.09329915042144421
2007-03-02,22.999693294401865,72.60115569230976,1.716613667213096e-06,0.001716613667213096
2007-03-03,22.999693294401865,72.60115569230976,8.583068833445395e-07,0.0008583068833445395
2007-03-04,22.999693294401865,72.60115569230976,3.4451477404218167e-06,0.0034451477404218167
2007-03-05,22.999693294401865,72.60115569230976,1.7166134007595701e-06,0.0017166134007595701
2007-03-06,22.999693294401865,72.60115569230976,8.583068833445395e-07,0.0008583068833445395
2007-03-07,22.999693294401865,72.60115569230976,1.7195939108205494e-06,0.0017195939108205494
2007-03-08,22.999693294401865,72.60115569230976,8.52346317969932e-07,0.000852346317969932
2007-03-09,22.999693294401865,72.60115569230976,4.351138045421976e-07,0.0004351138045421976
2007-03-10,22.999693294401865,72.60115569230976,0.0,0.0
2007-03-11,22.999693294401865,72.60115569230976,0.0005205750464938319,0.5205750464938319
2007-03-12,22.999693294401865,72.60115569230976,2.9802322387695312e-08,2.9802322387695312e-05
2007-03-13,22.999693294401865,72.60115569230976,0.0011705160131896264,1.1705160131896264
2007-03-14,22.999693294401865,72.60115569230976,1.6987223716569133e-06,0.0016987223716569133
2007-03-15,22.999693294401865,72.60115569230976,0.0,0.0
2007-03-16,22.999693294401865,72.60115569230976,3.4272669040547044e-06,0.0034272669040547044
2007-03-17,22.999693294401865,72.60115569230976,0.0,0.0
2007-03-18,22.999693294401865,72.60115569230976,8.52346317969932e-07,0.000852346317969932
2007-03-19,22.999693294401865,72.60115569230976,0.0,0.0
2007-03-20,22.999693294401865,72.60115569230976,3.163325686728058e-06,0.003163325686728058
2007-03-21,22.999693294401865,72.60115569230976,4.1739322753642227e-07,0.0004173932275364223
2007-03-22,22.999693294401865,72.60115569230976,4.261732087229575e-07,0.0004261732087229575
2007-03-23,22.999693294401865,72.60115569230976,1.2830277000830392e-06,0.0012830277000830392
2007-03-24,22.999693294401865,72.60115569230976,1.4523493518936448e-09,1.4523493518936448e-06
2007-03-25,22.999693294401865,72.60115569230976,8.523463748133508e-07,0.0008523463748133508
2007-03-26,22.999693294401865,72.60115569230976,1.7157910292553424e-06,0.0017157910292553424
2007-03-27,22.999693294401865,72.60115569230976,2.1612150362670945e-06,0.0021612150362670945
2007-03-28,22.999693294401865,72.60115569230976,4.351138045421976e-07,0.0004351138045421976
2007-03-29,22.999693294401865,72.60115569230976,0.0,0.0
2007-03-30,22.999693294401865,72.60115569230976,1.712472283088573e-06,0.001712472283088573
2007-03-31,22.999693294401865,72.60115569230976,2.1457663024193607e-06,0.0021457663024193607
2007-04-01,22.999693294401865,72.60115569230976,2.145100154393731e-06,0.002145100154393731
2007-04-02,22.999693294401865,72.60115569230976,8.555837780477304e-07,0.0008555837780477304
2007-04-03,22.999693294401865,72.60115569230976,1.2946352967446728e-06,0.0012946352967446728
2007-04-04,22.999693294401865,72.60115569230976,8.52346317969932e-07,0.000852346317969932
2007-04-05,22.999693294401865,72.60115569230976,4.351138613856165e-07,0.0004351138613856165
2007-04-06,22.999693294401865,72.60115569230976,3.415676417262148e-06,0.003415676417262148
2007-04-07,22.999693294401865,72.60115569230976,1.2814998058274796e-06,0.0012814998058274796
2007-04-08,22.999693294401865,72.60115569230976,0.0,0.0
2007-04-09,22.999693294401865,72.60115569230976,1.2874602361989673e-06,0.0012874602361989673
2007-04-10,22.999693294401865,72.60115569230976,0.0,0.0
2007-04-11,22.999693294401865,72.60115569230976,0.0,0.0
2007-04-12,22.999693294401865,72.60115569230976,1.3392610185292142e-06,0.0013392610185292142
2007-04-13,22.999693294401865,72.60115569230976,8.523463748133508e-07,0.0008523463748133508
2007-04-14,22.999693294401865,72.60115569230976,1.7046928064701206e-06,0.0017046928064701206
2007-04-15,22.999693294401865,72.60115569230976,5.546212094031944e-06,0.005546212094031944
2007-04-16,22.999693294401865,72.60115569230976,0.0,0.0
2007-04-17,22.999693294401865,72.60115569230976,1.7106532936850272e-06,0.0017106532936850272
2007-04-18,22.999693294401865,72.60115569230976,4.274206411025716e-07,0.0004274206411025716
2007-04-19,22.999693294401865,72.60115569230976,0.0002320706844329834,0.2320706844329834
2007-04-20,22.999693294401865,72.60115569230976,0.001185792959063292,1.185792959063292
2007-04-21,22.999693294401865,72.60115569230976,8.52346317969932e-07,0.000852346317969932
2007-04-22,22.999693294401865,72.60115569230976,0.0,0.0
2007-04-23,22.999693294401865,72.60115569230976,8.52346317969932e-07,0.000852346317969932
2007-04-24,22.999693294401865,72.60115569230976,3.0088123708083003e-06,0.0030088123708083003
2007-04-25,22.999693294401865,72.60115569230976,4.2074930206581485e-09,4.2074930206581485e-06
2007-04-26,22.999693294401865,72.60115569230976,1.7423504345970287e-06,0.0017423504345970287
2007-04-27,22.999693294401865,72.60115569230976,8.583068797918258e-07,0.0008583068797918258
2007-04-28,22.999693294401865,72.60115569230976,8.52346317969932e-07,0.000852346317969932
2007-04-29,22.999693294401865,72.60115569230976,1.7225742112714215e-06,0.0017225742112714215
2007-04-30,22.999693294401865,72.60115569230976,1.2900935075776943e-06,0.0012900935075776943
2007-05-01,22.999693294401865,72.60115569230976,1.7106532936850272e-06,0.0017106532936850272
2007-05-02,22.999693294401865,72.60115569230976,2.4186647351598367e-08,2.4186647351598367e-05
2007-05-03,22.999693294401865,72.60115569230976,0.0,0.0
2007-05-04,22.999693294401865,72.60115569230976,8.523463748133508e-07,0.0008523463748133508
2007-05-05,22.999693294401865,72.60115569230976,0.0,0.0
2007-05-06,22.999693294401865,72.60115569230976,0.000735032558338844,0.735032558338844
2007-05-07,22.999693294401865,72.60115569230976,4.351138613856165e-07,0.0004351138613856165
2007-05-08,22.999693294401865,72.60115569230976,0.0,0.0
2007-05-09,22.999693294401865,72.60115569230976,8.583068797918258e-07,0.0008583068797918258
2007-05-10,22.999693294401865,72.60115569230976,3.4391878216410987e-06,0.0034391878216410987
2007-05-11,22.999693294401865,72.60115569230976,8.52346317969932e-07,0.000852346317969932
2007-05-12,22.999693294401865,72.60115569230976,1.72257422903499e-06,0.00172257422903499
2007-05-13,22.999693294401865,72.60115569230976,8.523463748133508e-07,0.0008523463748133508
2007-05-14,22.999693294401865,72.60115569230976,0.0,0.0
2007-05-15,22.999693294401865,72.60115569230976,1.7195939676639682e-06,0.0017195939676639682
2007-05-16,22.999693294401865,72.60115569230976,1.691811860382586e-06,0.001691811860382586
2007-05-17,22.999693294401865,72.60115569230976,1.5735626170965133e-06,0.0015735626170965133
2007-05-18,22.999693294401865,72.60115569230976,3.4301272648917802e-06,0.00343012726489178
2007-05-19,22.999693294401865,72.60115569230976,4.4107436991680515e-07,0.00044107436991680515
2007-05-20,22.999693294401865,72.60115569230976,0.0,0.0
2007-05-21,22.999693294401865,72.60115569230976,8.784532536765255e-05,0.08784532536765255
2007-05-22,22.999693294401865,72.60115569230976,6.069145229048445e-06,0.006069145229048445
2007-05-23,22.999693294401865,72.60115569230976,1.788140480130096e-08,1.788140480130096e-05
2007-05-24,22.999693294401865,72.60115569230976,2.5935578946700844e-06,0.0025935578946700844
2007-05-25,22.999693294401865,72.60115569230976,2.9131131213944172e-06,0.0029131131213944172
2007-05-26,22.999693294401865,72.60115569230976,4.410743663640915e-07,0.0004410743663640915
2007-05-27,22.999693294401865,72.60115569230976,1.2974634842066735e-06,0.0012974634842066735
2007-05-28,22.999693294401865,72.60115569230976,2.5749204723979346e-06,0.0025749204723979346
2007-05-29,22.999693294401865,72.60115569230976,5.315192561283766e-05,0.05315192561283766
2007-05-30,22.999693294401865,72.60115569230976,4.947184493175882e-07,0.0004947184493175882
2007-05-31,22.999693294401865,72.60115569230976,0.00011595189562285668,0.11595189562285668
2007-06-01,22.999693294401865,72.60115569230976,0.0006514549255030033,0.6514549255030033
2007-06-02,22.999693294401865,72.60115569230976,5.951510695467732e-05,0.05951510695467732
2007-06-03,22.999693294401865,72.60115569230976,0.0,0.0
2007-06-04,22.999693294401865,72.60115569230976,0.002693384885787964,2.693384885787964
2007-06-05,22.999693294401865,72.60115569230976,0.0003856450318835414,0.3856450318835414
2007-06-06,22.999693294401865,72.60115569230976,0.00012340621551132358,0.12340621551132358
2007-06-07,22.999693294401865,72.60115569230976,0.0,0.0
2007-06-08,22.999693294401865,72.60115569230976,0.0,0.0
2007-06-09,22.999693294401865,72.60115569230976,1.7046928064701206e-06,0.0017046928064701206
2007-06-10,22.999693294401865,72.60115569230976,0.0,0.0
2007-06-11,22.999693294401865,72.60115569230976,4.7880411045753135e-05,0.047880411045753135
2007-06-12,22.999693294401865,72.60115569230976,2.5601175366318785e-06,0.0025601175366318785
2007-06-13,22.999693294401865,72.60115569230976,9.094947017729282e-10,9.094947017729282e-07
2007-06-14,22.999693294401865,72.60115569230976,9.685754776000977e-07,0.0009685754776000977
2007-06-15,22.999693294401865,72.60115569230976,0.004925930500025544,4.925930500025544
2007-06-16,22.999693294401865,72.60115569230976,0.001520255208010468,1.520255208010468
2007-06-17,22.999693294401865,72.60115569230976,0.00010308555931715091,0.10308555931715091
2007-06-18,22.999693294401865,72.60115569230976,0.0007601916789958807,0.7601916789958807
2007-06-19,22.999693294401865,72.60115569230976,0.004689222574143059,4.689222574143059
2007-06-20,22.999693294401865,72.60115569230976,0.003376561403172218,3.376561403172218
2007-06-21,22.999693294401865,72.60115569230976,0.009077617294053653,9.077617294053653
2007-06-22,22.999693294401865,72.60115569230976,0.007755112647828355,7.755112647828355
2007-06-23,22.999693294401865,72.60115569230976,4.29689884136053e-05,0.0429689884136053
2007-06-24,22.999693294401865,72.60115569230976,0.00755588403285401,7.55588403285401
2007-06-25,22.999693294401865,72.60115569230976,0.007052611412063925,7.052611412063925
2007-06-26,22.999693294401865,72.60115569230976,0.002833479642863068,2.833479642863068
2007-06-27,22.999693294401865,72.60115569230976,0.0013757795095443726,1.3757795095443726
2007-06-28,22.999693294401865,72.60115569230976,0.001389557123182783,1.389557123182783
2007-06-29,22.999693294401865,72.60115569230976,0.01527322607989845,15.27322607989845
2007-06-30,22.999693294401865,72.60115569230976,0.035586997866630554,35.586997866630554
2007-07-01,22.999693294401865,72.60115569230976,0.07263913436281655,72.63913436281655
2007-07-02,22.999693294401865,72.60115569230976,0.14696797728538513,146.96797728538513
2007-07-03,22.999693294401865,72.60115569230976,0.10094481706619263,100.94481706619263
2007-07-04,22.999693294401865,72.60115569230976,0.016862644290654316,16.862644290654316
2007-07-05,22.999693294401865,72.60115569230976,0.0045307546852200176,4.530754685220018
2007-07-06,22.999693294401865,72.60115569230976,0.002292335033416748,2.292335033416748
2007-07-07,22.999693294401865,72.60115569230976,0.004030424356358253,4.030424356358253
2007-07-08,22.999693294401865,72.60115569230976,0.008392357826231489,8.392357826231489
2007-07-09,22.999693294401865,72.60115569230976,0.021494492888450623,21.494492888450623
2007-07-10,22.999693294401865,72.60115569230976,0.02142183482646942,21.42183482646942
2007-07-11,22.999693294401865,72.60115569230976,0.0016192495822906494,1.6192495822906494
2007-07-12,22.999693294401865,72.60115569230976,0.006584254111487553,6.584254111487553
2007-07-13,22.999693294401865,72.60115569230976,0.0011433434047098956,1.1433434047098956
2007-07-14,22.999693294401865,72.60115569230976,0.0011067479848811956,1.1067479848811956
2007-07-15,22.999693294401865,72.60115569230976,0.0007236050695951235,0.7236050695951235
2007-07-16,22.999693294401865,72.60115569230976,0.0005854579042647856,0.5854579042647856
2007-07-17,22.999693294401865,72.60115569230976,0.00024649500846862793,0.24649500846862793
2007-07-18,22.999693294401865,72.60115569230976,0.0021799802777309196,2.1799802777309196
2007-07-19,22.999693294401865,72.60115569230976,0.001505696773524079,1.505696773524079
2007-07-20,22.999693294401865,72.60115569230976,0.0008815258740924037,0.8815258740924037
2007-07-21,22.999693294401865,72.60115569230976,0.00029300034378820783,0.29300034378820783
2007-07-22,22.999693294401865,72.60115569230976,0.0012948662085250362,1.2948662085250362
2007-07-23,22.999693294401865,72.60115569230976,0.0008537274941318174,0.8537274941318174
2007-07-24,22.999693294401865,72.60115569230976,0.0007371724728386653,0.7371724728386653
2007-07-25,22.999693294401865,72.60115569230976,0.0063741207122802734,6.374120712280273
2007-07-26,22.999693294401865,72.60115569230976,0.0018164366483688354,1.8164366483688354
2007-07-27,22.999693294401865,72.60115569230976,0.01181119084357718,11.81119084357718
2007-07-28,22.999693294401865,72.60115569230976,0.019404351711273193,19.404351711273193
2007-07-29,22.999693294401865,72.60115569230976,0.007162109017372131,7.162109017372131
2007-07-30,22.999693294401865,72.60115569230976,0.01186517775058249,11.86517775058249
2007-07-31,22.999693294401865,72.60115569230976,0.00431631505483665,4.31631505483665
2007-08-01,22.999693294401865,72.60115569230976,0.010778122225190145,10.778122225190145
2007-08-02,22.999693294401865,72.60115569230976,0.011945873498916626,11.945873498916626
2007-08-03,22.999693294401865,72.60115569230976,0.02050793468941947,20.50793468941947
2007-08-04,22.999693294401865,72.60115569230976,0.026637749465351135,26.637749465351135
2007-08-05,22.999693294401865,72.60115569230976,0.05021181106565109,50.21181106565109
2007-08-06,22.999693294401865,72.60115569230976,0.030674880742935784,30.674880742935784
2007-08-07,22.999693294401865,72.60115569230976,0.07143201978817615,71.43201978817615
2007-08-08,22.999693294401865,72.60115569230976,0.04343089688029522,43.43089688029522
2007-08-09,22.999693294401865,72.60115569230976,0.005504041910171509,5.504041910171509
2007-08-10,22.999693294401865,72.60115569230976,0.0006197333335649091,0.6197333335649091
2007-08-11,22.999693294401865,72.60115569230976,0.0011805852585098364,1.1805852585098364
2007-08-12,22.999693294401865,72.60115569230976,0.0038250598371973865,3.8250598371973865
2007-08-13,22.999693294401865,72.60115569230976,0.0014356195925984139,1.4356195925984139
2007-08-14,22.999693294401865,72.60115569230976,0.0012050330637976003,1.2050330637976003
2007-08-15,22.999693294401865,72.60115569230976,0.0020174061631905715,2.0174061631905715
2007-08-16,22.999693294401865,72.60115569230976,0.0018815080817375929,1.8815080817375929
2007-08-17,22.999693294401865,72.60115569230976,0.001359092663562933,1.359092663562933
2007-08-18,22.999693294401865,72.60115569230976,0.0013163626193986033,1.3163626193986033
2007-08-19,22.999693294401865,72.60115569230976,0.0012054890394210815,1.2054890394210815
2007-08-20,22.999693294401865,72.60115569230976,0.0009868741035461426,0.9868741035461426
2007-08-21,22.999693294401865,72.60115569230976,0.018000187814323,18.000187814323
2007-08-22,22.999693294401865,72.60115569230976,0.0004338115450082114,0.4338115450082114
2007-08-23,22.999693294401865,72.60115569230976,0.0008749961853027344,0.8749961853027344
2007-08-24,22.999693294401865,72.60115569230976,0.00034606172340545527,0.34606172340545527
2007-08-25,22.999693294401865,72.60115569230976,0.0003395974636077881,0.3395974636077881
2007-08-26,22.999693294401865,72.60115569230976,0.0017631411551519705,1.7631411551519705
2007-08-27,22.999693294401865,72.60115569230976,0.020072826743103178,20.072826743103178
2007-08-28,22.999693294401865,72.60115569230976,0.007463547587292396,7.463547587292396
2007-08-29,22.999693294401865,72.60115569230976,0.02116691057437947,21.16691057437947
2007-08-30,22.999693294401865,72.60115569230976,0.03178569082189142,31.78569082189142
2007-08-31,22.999693294401865,72.60115569230976,0.00544493794441081,5.44493794441081
2007-09-01,22.999693294401865,72.60115569230976,0.01271542310704632,12.71542310704632
2007-09-02,22.999693294401865,72.60115569230976,0.01006579399097518,10.06579399097518
2007-09-03,22.999693294401865,72.60115569230976,0.006045058369636536,6.045058369636536
2007-09-04,22.999693294401865,72.60115569230976,0.005438745021820068,5.438745021820068
2007-09-05,22.999693294401865,72.60115569230976,0.001742202043431007,1.742202043431007
2007-09-06,22.999693294401865,72.60115569230976,0.012811511754989624,12.811511754989624
2007-09-07,22.999693294401865,72.60115569230976,0.00035400688648223877,0.35400688648223877
2007-09-08,22.999693294401865,72.60115569230976,0.0003349661826632655,0.3349661826632655
2007-09-09,22.999693294401865,72.60115569230976,0.0003409773111293646,0.3409773111293646
2007-09-10,22.999693294401865,72.60115569230976,0.00012265145772971664,0.12265145772971664
2007-09-11,22.999693294401865,72.60115569230976,0.00040930807580252804,0.40930807580252804
2007-09-12,22.999693294401865,72.60115569230976,0.00028184056282043457,0.28184056282043457
2007-09-13,22.999693294401865,72.60115569230976,0.0002277016638636553,0.2277016638636553
2007-09-14,22.999693294401865,72.60115569230976,0.00011035924052293922,0.11035924052293922
2007-09-15,22.999693294401865,72.60115569230976,0.00010895453044668102,0.10895453044668102
2007-09-16,22.999693294401865,72.60115569230976,8.019208905807318e-05,0.08019208905807318
2007-09-17,22.999693294401865,72.60115569230976,7.968842982108981e-05,0.07968842982108981
2007-09-18,22.999693294401865,72.60115569230976,2.2197200109985715e-05,0.022197200109985715
2007-09-19,22.999693294401865,72.60115569230976,0.0024334490299224854,2.4334490299224854
2007-09-20,22.999693294401865,72.60115569230976,0.00418497622013092,4.18497622013092
2007-09-21,22.999693294401865,72.60115569230976,0.01634479463099936,16.34479463099936
2007-09-22,22.999693294401865,72.60115569230976,0.01731705665588379,17.31705665588379
2007-09-23,22.999693294401865,72.60115569230976,0.005256205797195435,5.256205797195435
2007-09-24,22.999693294401865,72.60115569230976,0.02354686684020635,23.54686684020635
2007-09-25,22.999693294401865,72.60115569230976,0.05985968708991507,59.85968708991507
2007-09-26,22.999693294401865,72.60115569230976,0.013850736617939674,13.850736617939674
2007-09-27,22.999693294401865,72.60115569230976,0.0012206524610292036,1.2206524610292036
2007-09-28,22.999693294401865,72.60115569230976,1.5825032164684671e-06,0.0015825032164684671
2007-09-29,22.999693294401865,72.60115569230976,1.3014249020670832e-06,0.0013014249020670832
2007-09-30,22.999693294401865,72.60115569230976,-1.2927500847581541e-08,-1.2927500847581541e-05
2007-10-01,22.999693294401865,72.60115569230976,8.70227722771233e-07,0.000870227722771233
2007-10-02,22.999693294401865,72.60115569230976,8.52346317969932e-07,0.000852346317969932
2007-10-03,22.999693294401865,72.60115569230976,1.2855265936195792e-06,0.0012855265936195792
2007-10-04,22.999693294401865,72.60115569230976,0.0,0.0
2007-10-05,22.999693294401865,72.60115569230976,1.7084420846913417e-06,0.0017084420846913417
2007-10-06,22.999693294401865,72.60115569230976,8.583068797918258e-07,0.0008583068797918258
2007-10-07,22.999693294401865,72.60115569230976,4.351138045421976e-07,0.0004351138045421976
2007-10-08,22.999693294401865,72.60115569230976,2.9802322387695312e-08,2.9802322387695312e-05
2007-10-09,22.999693294401865,72.60115569230976,0.00020644068717956543,0.20644068717956543
2007-10-10,22.999693294401865,72.60115569230976,0.00024012029160758175,0.24012029160758175
2007-10-11,22.999693294401865,72.60115569230976,2.0623207092285156e-05,0.020623207092285156
2007-10-12,22.999693294401865,72.60115569230976,4.261732051702438e-07,0.0004261732051702438
2007-10-13,22.999693294401865,72.60115569230976,2.5787405775190564e-06,0.0025787405775190564
2007-10-14,22.999693294401865,72.60115569230976,1.7196664998664346e-06,0.0017196664998664346
2007-10-15,22.999693294401865,72.60115569230976,8.52346317969932e-07,0.000852346317969932
2007-10-16,22.999693294401865,72.60115569230976,1.7106548853007553e-06,0.0017106548853007553
2007-10-17,22.999693294401865,72.60115569230976,1.7106532936850272e-06,0.0017106532936850272
2007-10-18,22.999693294401865,72.60115569230976,8.52346317969932e-07,0.000852346317969932
2007-10-19,22.999693294401865,72.60115569230976,0.0,0.0
2007-10-20,22.999693294401865,72.60115569230976,0.0,0.0
2007-10-21,22.999693294401865,72.60115569230976,0.0,0.0
2007-10-22,22.999693294401865,72.60115569230976,2.5689600988698658e-06,0.0025689600988698658
2007-10-23,22.999693294401865,72.60115569230976,4.4585586422840606e-07,0.00044585586422840606
2007-10-24,22.999693294401865,72.60115569230976,3.0100345043138077e-06,0.0030100345043138077
2007-10-25,22.999693294401865,72.60115569230976,4.351138045421976e-07,0.0004351138045421976
2007-10-26,22.999693294401865,72.60115569230976,1.7195939108205494e-06,0.0017195939108205494
2007-10-27,22.999693294401865,72.60115569230976,1.7202287381223869e-06,0.0017202287381223869
2007-10-28,22.999693294401865,72.60115569230976,-3.0639739634352736e-09,-3.0639739634352736e-06
2007-10-29,22.999693294401865,72.60115569230976,0.0,0.0
2007-10-30,22.999693294401865,72.60115569230976,8.523463748133508e-07,0.0008523463748133508
2007-10-31,22.999693294401865,72.60115569230976,0.0,0.0
2007-11-01,22.999693294401865,72.60115569230976,1.7417861499779974e-06,0.0017417861499779974
2007-11-02,22.999693294401865,72.60115569230976,8.404254003835376e-07,0.0008404254003835376
2007-11-03,22.999693294401865,72.60115569230976,2.7894972731701273e-06,0.0027894972731701273
2007-11-04,22.999693294401865,72.60115569230976,0.0005620930562599824,0.5620930562599824
2007-11-05,22.999693294401865,72.60115569230976,4.4178563030072837e-07,0.00044178563030072837
2007-11-06,22.999693294401865,72.60115569230976,8.583068833445395e-07,0.0008583068833445395
2007-11-07,22.999693294401865,72.60115569230976,0.0,0.0
2007-11-08,22.999693294401865,72.60115569230976,8.583068620282575e-07,0.0008583068620282575
2007-11-09,22.999693294401865,72.60115569230976,8.70227722771233e-07,0.000870227722771233
2007-11-10,22.999693294401865,72.60115569230976,4.351138045421976e-07,0.0004351138045421976
2007-11-11,22.999693294401865,72.60115569230976,8.545232503820444e-07,0.0008545232503820444
2007-11-12,22.999693294401865,72.60115569230976,4.351138045421976e-07,0.0004351138045421976
2007-11-13,22.999693294401865,72.60115569230976,0.0,0.0
2007-11-14,22.999693294401865,72.60115569230976,4.351138045421976e-07,0.0004351138045421976
2007-11-15,22.999693294401865,72.60115569230976,0.0,0.0
2007-11-16,22.999693294401865,72.60115569230976,2.57642363976629e-06,0.00257642363976629
2007-11-17,22.999693294401865,72.60115569230976,1.2874602361989673e-06,0.0012874602361989673
2007-11-18,22.999693294401865,72.60115569230976,8.58005648751714e-07,0.000858005648751714
2007-11-19,22.999693294401865,72.60115569230976,4.351138613856165e-07,0.0004351138613856165
2007-11-20,22.999693294401865,72.60115569230976,1.2904404798064206e-06,0.0012904404798064206
2007-11-21,22.999693294401865,72.60115569230976,4.351138045421976e-07,0.0004351138045421976
2007-11-22,22.999693294401865,72.60115569230976,3.010504769918043e-06,0.003010504769918043
2007-11-23,22.999693294401865,72.60115569230976,1.2814997489840607e-06,0.0012814997489840607
2007-11-24,22.999693294401865,72.60115569230976,8.52346317969932e-07,0.000852346317969932
2007-11-25,22.999693294401865,72.60115569230976,4.261732051702438e-07,0.0004261732051702438
2007-11-26,22.999693294401865,72.60115569230976,8.702277796146518e-07,0.0008702277796146518
2007-11-27,22.999693294401865,72.60115569230976,0.0,0.0
2007-11-28,22.999693294401865,72.60115569230976,8.523463748133508e-07,0.0008523463748133508
2007-11-29,22.999693294401865,72.60115569230976,0.0,0.0
2007-11-30,22.999693294401865,72.60115569230976,4.410743663640915e-07,0.0004410743663640915
2007-12-01,22.999693294401865,72.60115569230976,4.351138045421976e-07,0.0004351138045421976
2007-12-02,22.999693294401865,72.60115569230976,5.953013896942139e-05,0.05953013896942139
2007-12-03,22.999693294401865,72.60115569230976,0.0,0.0
2007-12-04,22.999693294401865,72.60115569230976,8.553266184208042e-07,0.0008553266184208042
2007-12-05,22.999693294401865,72.60115569230976,0.0,0.0
2007-12-06,22.999693294401865,72.60115569230976,1.293420723413874e-06,0.001293420723413874
2007-12-07,22.999693294401865,72.60115569230976,1.2027101092826342e-08,1.2027101092826342e-05
2007-12-08,22.999693294401865,72.60115569230976,4.2915343101412873e-07,0.00042915343101412873
2007-12-09,22.999693294401865,72.60115569230976,0.0,0.0
2007-12-10,22.999693294401865,72.60115569230976,8.52346317969932e-07,0.000852346317969932
2007-12-11,22.999693294401865,72.60115569230976,1.2714303352368006e-06,0.0012714303352368006
2007-12-12,22.999693294401865,72.60115569230976,1.4105439181122392e-05,0.014105439181122392
2007-12-13,22.999693294401865,72.60115569230976,4.351138045421976e-07,0.0004351138045421976
2007-12-14,22.999693294401865,72.60115569230976,8.52346317969932e-07,0.000852346317969932
2007-12-15,22.999693294401865,72.60115569230976,4.351138613856165e-07,0.0004351138613856165
2007-12-16,22.999693294401865,72.60115569230976,0.0,0.0
2007-12-17,22.999693294401865,72.60115569230976,8.52346317969932e-07,0.000852346317969932
2007-12-18,22.999693294401865,72.60115569230976,1.2904405366498395e-06,0.0012904405366498395
2007-12-19,22.999693294401865,72.60115569230976,4.351138045421976e-07,0.0004351138045421976
2007-12-20,22.999693294401865,72.60115569230976,1.2934207802572928e-06,0.0012934207802572928
2007-12-21,22.999693294401865,72.60115569230976,8.70227722771233e-07,0.000870227722771233
2007-12-22,22.999693294401865,72.60115569230976,3.439667125348933e-06,0.003439667125348933
2007-12-23,22.999693294401865,72.60115569230976,4.258370154275326e-07,0.0004258370154275326
2007-12-24,22.999693294401865,72.60115569230976,0.0,0.0
2007-12-25,22.999693294401865,72.60115569230976,8.357025080840685e-07,0.0008357025080840685
2007-12-26,22.999693294401865,72.60115569230976,8.52346317969932e-07,0.000852346317969932
2007-12-27,22.999693294401865,72.60115569230976,0.0,0.0
2007-12-28,22.999693294401865,72.60115569230976,8.52346317969932e-07,0.000852346317969932
2007-12-29,22.999693294401865,72.60115569230976,8.51909760513081e-07,0.000851909760513081
2007-12-30,22.999693294401865,72.60115569230976,0.0,0.0
2007-12-31,22.999693294401865,72.60115569230976,4.351138045421976e-07,0.0004351138045421976
2008-01-01,22.999693294401865,72.60115569230976,1.296272387207864e-06,0.001296272387207864
2008-01-02,22.999693294401865,72.60115569230976,4.351138045421976e-07,0.0004351138045421976
2008-01-03,22.999693294401865,72.60115569230976,1.2755393754559918e-06,0.0012755393754559918
2008-01-04,22.999693294401865,72.60115569230976,3.42931343766395e-06,0.00342931343766395
2008-01-05,22.999693294401865,72.60115569230976,8.592402878093708e-07,0.0008592402878093708
2008-01-06,22.999693294401865,72.60115569230976,4.3511391822903533e-07,0.00043511391822903533
2008-01-07,22.999693294401865,72.60115569230976,1.2844800494349329e-06,0.0012844800494349329
2008-01-08,22.999693294401865,72.60115569230976,2.143611197880091e-06,0.002143611197880091
2008-01-09,22.999693294401865,72.60115569230976,8.553266184208042e-07,0.0008553266184208042
2008-01-10,22.999693294401865,72.60115569230976,4.351138613856165e-07,0.0004351138613856165
2008-01-11,22.999693294401865,72.60115569230976,8.583068051848386e-07,0.0008583068051848386
2008-01-12,22.999693294401865,72.60115569230976,8.52346317969932e-07,0.000852346317969932
2008-01-13,22.999693294401865,72.60115569230976,0.0,0.0
2008-01-14,22.999693294401865,72.60115569230976,4.351138613856165e-07,0.0004351138613856165
2008-01-15,22.999693294401865,72.60115569230976,0.0,0.0
2008-01-16,22.999693294401865,72.60115569230976,8.70227722771233e-07,0.000870227722771233
2008-01-17,22.999693294401865,72.60115569230976,2.1324528347577143e-06,0.0021324528347577143
2008-01-18,22.999693294401865,72.60115569230976,1.2695788882410852e-06,0.0012695788882410852
2008-01-19,22.999693294401865,72.60115569230976,8.583068833445395e-07,0.0008583068833445395
2008-01-20,22.999693294401865,72.60115569230976,4.351138045421976e-07,0.0004351138045421976
2008-01-21,22.999693294401865,72.60115569230976,1.725244430872408e-06,0.001725244430872408
2008-01-22,22.999693294401865,72.60115569230976,3.436252598021383e-06,0.003436252598021383
2008-01-23,22.999693294401865,72.60115569230976,1.295275581014721e-06,0.001295275581014721
2008-01-24,22.999693294401865,72.60115569230976,0.0,0.0
2008-01-25,22.999693294401865,72.60115569230976,2.1413343347376212e-06,0.0021413343347376212
2008-01-26,22.999693294401865,72.60115569230976,8.593303277848463e-07,0.0008593303277848463
2008-01-27,22.999693294401865,72.60115569230976,2.1517271306947805e-06,0.0021517271306947805
2008-01-28,22.999693294401865,72.60115569230976,3.4302456697332673e-06,0.0034302456697332673
2008-01-29,22.999693294401865,72.60115569230976,3.877247308992082e-05,0.03877247308992082
2008-01-30,22.999693294401865,72.60115569230976,0.0,0.0
2008-01-31,22.999693294401865,72.60115569230976,4.351138045421976e-07,0.0004351138045421976
2008-02-01,22.999693294401865,72.60115569230976,0.0,0.0
2008-02-02,22.999693294401865,72.60115569230976,8.806586265563965e-05,0.08806586265563965
2008-02-03,22.999693294401865,72.60115569230976,1.2844971024605911e-06,0.0012844971024605911
2008-02-04,22.999693294401865,72.60115569230976,4.3807705196741153e-07,0.00043807705196741153
2008-02-05,22.999693294401865,72.60115569230976,8.52346317969932e-07,0.000852346317969932
2008-02-06,22.999693294401865,72.60115569230976,8.52346317969932e-07,0.000852346317969932
2008-02-07,22.999693294401865,72.60115569230976,8.52346317969932e-07,0.000852346317969932
2008-02-08,22.999693294401865,72.60115569230976,1.7088983099711186e-06,0.0017088983099711186
2008-02-09,22.999693294401865,72.60115569230976,2.1283085516188294e-08,2.1283085516188294e-05
2008-02-10,22.999693294401865,72.60115569230976,8.642672923997452e-07,0.0008642672923997452
2008-02-11,22.999693294401865,72.60115569230976,4.351138045421976e-07,0.0004351138045421976
2008-02-12,22.999693294401865,72.60115569230976,3.862380253849551e-06,0.003862380253849551
2008-02-13,22.999693294401865,72.60115569230976,1.2814997489840607e-06,0.0012814997489840607
2008-02-14,22.999693294401865,72.60115569230976,4.351138045421976e-07,0.0004351138045421976
2008-02-15,22.999693294401865,72.60115569230976,1.2993811537853617e-06,0.0012993811537853617
2008-02-16,22.999693294401865,72.60115569230976,8.764891958890075e-07,0.0008764891958890075
2008-02-17,22.999693294401865,72.60115569230976,1.7225741544280027e-06,0.0017225741544280027
2008-02-18,22.999693294401865,72.60115569230976,1.269578945084504e-06,0.001269578945084504
2008-02-19,22.999693294401865,72.60115569230976,4.351138045421976e-07,0.0004351138045421976
2008-02-20,22.999693294401865,72.60115569230976,1.7225742112714215e-06,0.0017225742112714215
2008-02-21,22.999693294401865,72.60115569230976,4.2915326048387215e-07,0.00042915326048387215
2008-02-22,22.999693294401865,72.60115569230976,8.583068833445395e-07,0.0008583068833445395
2008-02-23,22.999693294401865,72.60115569230976,3.4272532403178957e-06,0.0034272532403178957
2008-02-24,22.999693294401865,72.60115569230976,1.2993812106287805e-06,0.0012993812106287805
2008-02-25,22.999693294401865,72.60115569230976,4.172324743478839e-07,0.0004172324743478839
2008-02-26,22.999693294401865,72.60115569230976,8.555879276173073e-07,0.0008555879276173073
2008-02-27,22.999693294401865,72.60115569230976,1.2796163559869456e-06,0.0012796163559869456
2008-02-28,22.999693294401865,72.60115569230976,8.378362394978467e-07,0.0008378362394978467
2008-02-29,22.999693294401865,72.60115569230976,3.453900376371166e-06,0.003453900376371166
2008-03-01,22.999693294401865,72.60115569230976,1.7374753156218503e-06,0.0017374753156218503
2008-03-02,22.999693294401865,72.60115569230976,8.70227722771233e-07,0.000870227722771233
2008-03-03,22.999693294401865,72.60115569230976,8.583068620282575e-07,0.0008583068620282575
2008-03-04,22.999693294401865,72.60115569230976,0.0,0.0
2008-03-05,22.999693294401865,72.60115569230976,8.583068051848386e-07,0.0008583068051848386
2008-03-06,22.999693294401865,72.60115569230976,1.735980731609743e-06,0.001735980731609743
2008-03-07,22.999693294401865,72.60115569230976,1.716613667213096e-06,0.001716613667213096
2008-03-08,22.999693294401865,72.60115569230976,8.642664397484623e-07,0.0008642664397484623
2008-03-09,22.999693294401865,72.60115569230976,0.0,0.0
2008-03-10,22.999693294401865,72.60115569230976,8.523463748133508e-07,0.0008523463748133508
2008-03-11,22.999693294401865,72.60115569230976,1.0153651203381742e-05,0.010153651203381742
2008-03-12,22.999693294401865,72.60115569230976,0.0006751298903395764,0.6751298903395764
2008-03-13,22.999693294401865,72.60115569230976,6.064772605895996e-06,0.006064772605895996
2008-03-14,22.999693294401865,72.60115569230976,0.0,0.0
2008-03-15,22.999693294401865,72.60115569230976,1.2817464494219166e-06,0.0012817464494219166
2008-03-16,22.999693294401865,72.60115569230976,0.0,0.0
2008-03-17,22.999693294401865,72.60115569230976,8.52346317969932e-07,0.000852346317969932
2008-03-18,22.999693294401865,72.60115569230976,8.650424092593312e-07,0.0008650424092593312
2008-03-19,22.999693294401865,72.60115569230976,1.2758528100675903e-06,0.0012758528100675903
2008-03-20,22.999693294401865,72.60115569230976,1.2864447853644378e-06,0.0012864447853644378
2008-03-21,22.999693294401865,72.60115569230976,1.7136326277977787e-06,0.0017136326277977787
2008-03-22,22.999693294401865,72.60115569230976,1.2904405366498395e-06,0.0012904405366498395
2008-03-23,22.999693294401865,72.60115569230976,0.0,0.0
2008-03-24,22.999693294401865,72.60115569230976,4.5299530029296875e-06,0.0045299530029296875
2008-03-25,22.999693294401865,72.60115569230976,4.3069767343695275e-06,0.0043069767343695275
2008-03-26,22.999693294401865,72.60115569230976,4.691544990009788e-05,0.04691544990009788
2008-03-27,22.999693294401865,72.60115569230976,5.379319190979004e-05,0.05379319190979004
2008-03-28,22.999693294401865,72.60115569230976,8.52346317969932e-07,0.000852346317969932
2008-03-29,22.999693294401865,72.60115569230976,8.553265615773853e-07,0.0008553265615773853
2008-03-30,22.999693294401865,72.60115569230976,8.52346317969932e-07,0.000852346317969932
2008-03-31,22.999693294401865,72.60115569230976,1.2904404798064206e-06,0.0012904404798064206
2008-04-01,22.999693294401865,72.60115569230976,8.52346317969932e-07,0.000852346317969932
2008-04-02,22.999693294401865,72.60115569230976,4.351138045421976e-07,0.0004351138045421976
2008-04-03,22.999693294401865,72.60115569230976,5.811452865600586e-06,0.005811452865600586
2008-04-04,22.999693294401865,72.60115569230976,0.0020801237321279586,2.0801237321279586
2008-04-05,22.999693294401865,72.60115569230976,9.084343901122338e-05,0.09084343901122338
2008-04-06,22.999693294401865,72.60115569230976,0.0,0.0
2008-04-07,22.999693294401865,72.60115569230976,8.583068833445395e-07,0.0008583068833445395
2008-04-08,22.999693294401865,72.60115569230976,5.65648078918457e-05,0.0565648078918457
2008-04-09,22.999693294401865,72.60115569230976,0.0,0.0
2008-04-10,22.999693294401865,72.60115569230976,1.293420723413874e-06,0.001293420723413874
2008-04-11,22.999693294401865,72.60115569230976,4.351138613856165e-07,0.0004351138613856165
2008-04-12,22.999693294401865,72.60115569230976,8.52346317969932e-07,0.000852346317969932
2008-04-13,22.999693294401865,72.60115569230976,0.0,0.0
2008-04-14,22.999693294401865,72.60115569230976,8.583068797918258e-07,0.0008583068797918258
2008-04-15,22.999693294401865,72.60115569230976,1.2935005884173734e-06,0.0012935005884173734
2008-04-16,22.999693294401865,72.60115569230976,4.351138045421976e-07,0.0004351138045421976
2008-04-17,22.999693294401865,72.60115569230976,4.351138045421976e-07,0.0004351138045421976
2008-04-18,22.999693294401865,72.60115569230976,8.583068797918258e-07,0.0008583068797918258
2008-04-19,22.999693294401865,72.60115569230976,8.53720905524824e-07,0.000853720905524824
2008-04-20,22.999693294401865,72.60115569230976,0.0,0.0
2008-04-21,22.999693294401865,72.60115569230976,0.0,0.0
2008-04-22,22.999693294401865,72.60115569230976,1.7170234514196636e-06,0.0017170234514196636
2008-04-23,22.999693294401865,72.60115569230976,1.7295949987783388e-06,0.0017295949987783388
2008-04-24,22.999693294401865,72.60115569230976,8.466730037071102e-07,0.0008466730037071102
2008-04-25,22.999693294401865,72.60115569230976,8.52346317969932e-07,0.000852346317969932
2008-04-26,22.999693294401865,72.60115569230976,1.3008415749027336e-06,0.0013008415749027336
2008-04-27,22.999693294401865,72.60115569230976,1.6902805555218947e-06,0.0016902805555218947
2008-04-28,22.999693294401865,72.60115569230976,2.1374235643634165e-06,0.0021374235643634165
2008-04-29,22.999693294401865,72.60115569230976,2.130841437519848e-06,0.002130841437519848
2008-04-30,22.999693294401865,72.60115569230976,8.653604481878574e-07,0.0008653604481878574
2008-05-01,22.999693294401865,72.60115569230976,1.0609625746837992e-06,0.0010609625746837992
2008-05-02,22.999693294401865,72.60115569230976,0.0,0.0
2008-05-03,22.999693294401865,72.60115569230976,1.7106532368416083e-06,0.0017106532368416083
2008-05-04,22.999693294401865,72.60115569230976,5.684341886080802e-14,5.6843418860808015e-11
2008-05-05,22.999693294401865,72.60115569230976,5.364418029785156e-07,0.0005364418029785156
2008-05-06,22.999693294401865,72.60115569230976,3.8703904635895015e-05,0.038703904635895015
2008-05-07,22.999693294401865,72.60115569230976,8.583068833445395e-07,0.0008583068833445395
2008-05-08,22.999693294401865,72.60115569230976,0.0,0.0
2008-05-09,22.999693294401865,72.60115569230976,8.523463748133508e-07,0.0008523463748133508
2008-05-10,22.999693294401865,72.60115569230976,3.337860107421875e-06,0.003337860107421875
2008-05-11,22.999693294401865,72.60115569230976,0.0,0.0
2008-05-12,22.999693294401865,72.60115569230976,0.0,0.0
2008-05-13,22.999693294401865,72.60115569230976,1.7136334804490616e-06,0.0017136334804490616
2008-05-14,22.999693294401865,72.60115569230976,2.9802436074533034e-09,2.9802436074533034e-06
2008-05-15,22.999693294401865,72.60115569230976,2.580881073299679e-06,0.002580881073299679
2008-05-16,22.999693294401865,72.60115569230976,1.609325408935547e-05,0.01609325408935547
2008-05-17,22.999693294401865,72.60115569230976,1.0157071731242695e-05,0.010157071731242695
2008-05-18,22.999693294401865,72.60115569230976,5.3066585223859875e-06,0.0053066585223859875
2008-05-19,22.999693294401865,72.60115569230976,5.961597878467728e-06,0.005961597878467728
2008-05-20,22.999693294401865,72.60115569230976,2.789492953070294e-06,0.002789492953070294
2008-05-21,22.999693294401865,72.60115569230976,4.795193603968073e-06,0.004795193603968073
2008-05-22,22.999693294401865,72.60115569230976,1.0436773266064847e-05,0.010436773266064847
2008-05-23,22.999693294401865,72.60115569230976,1.7706043081489042e-05,0.017706043081489042
2008-05-24,22.999693294401865,72.60115569230976,8.642673492431641e-07,0.0008642673492431641
2008-05-25,22.999693294401865,72.60115569230976,4.2021264334834996e-07,0.00042021264334834996
2008-05-26,22.999693294401865,72.60115569230976,3.0547380447387695e-06,0.0030547380447387695
2008-05-27,22.999693294401865,72.60115569230976,8.577945891374839e-07,0.0008577945891374839
2008-05-28,22.999693294401865,72.60115569230976,1.718869214073493e-06,0.001718869214073493
2008-05-29,22.999693294401865,72.60115569230976,3.4415124900988303e-06,0.0034415124900988303
2008-05-30,22.999693294401865,72.60115569230976,1.1473894119262695e-06,0.0011473894119262695
2008-05-31,22.999693294401865,72.60115569230976,0.0,0.0
2008-06-01,22.999693294401865,72.60115569230976,2.4321468004018243e-06,0.0024321468004018243
2008-06-02,22.999693294401865,72.60115569230976,1.692771945727145e-06,0.001692771945727145
2008-06-03,22.999693294401865,72.60115569230976,4.261732051702438e-07,0.0004261732051702438
2008-06-04,22.999693294401865,72.60115569230976,3.579258816444053e-06,0.003579258816444053
2008-06-05,22.999693294401865,72.60115569230976,0.0003402233123779297,0.3402233123779297
2008-06-06,22.999693294401865,72.60115569230976,0.0008895337581407148,0.8895337581407148
2008-06-07,22.999693294401865,72.60115569230976,0.0015297770500133367,1.5297770500133367
2008-06-08,22.999693294401865,72.60115569230976,0.0015805214643478394,1.5805214643478394
2008-06-09,22.999693294401865,72.60115569230976,0.0019014328718185425,1.9014328718185425
2008-06-10,22.999693294401865,72.60115569230976,0.002158704399960243,2.158704399960243
2008-06-11,22.999693294401865,72.60115569230976,0.011672739559969614,11.672739559969614
2008-06-12,22.999693294401865,72.60115569230976,0.0012588719537234283,1.2588719537234283
2008-06-13,22.999693294401865,72.60115569230976,0.004423125767971214,4.423125767971214
2008-06-14,22.999693294401865,72.60115569230976,0.07115101865292672,71.15101865292672
2008-06-15,22.999693294401865,72.60115569230976,3.102421760559082e-05,0.03102421760559082
2008-06-16,22.999693294401865,72.60115569230976,0.00023997127999564327,0.23997127999564327
2008-06-17,22.999693294401865,72.60115569230976,0.000394041463891881,0.394041463891881
2008-06-18,22.999693294401865,72.60115569230976,0.0003397017716793016,0.3397017716793016
2008-06-19,22.999693294401865,72.60115569230976,0.00020735859870768536,0.20735859870768536
2008-06-20,22.999693294401865,72.60115569230976,0.00020739436149597168,0.20739436149597168
2008-06-21,22.999693294401865,72.60115569230976,0.00020461254081283187,0.20461254081283187
2008-06-22,22.999693294401865,72.60115569230976,8.795580021114802e-05,0.08795580021114802
2008-06-23,22.999693294401865,72.60115569230976,0.00019826329616989824,0.19826329616989824
2008-06-24,22.999693294401865,72.60115569230976,0.0002315968274615443,0.2315968274615443
2008-06-25,22.999693294401865,72.60115569230976,0.00016941428174277462,0.16941428174277462
2008-06-26,22.999693294401865,72.60115569230976,0.001051652431385719,1.051652431385719
2008-06-27,22.999693294401865,72.60115569230976,0.009164779053094207,9.164779053094207
2008-06-28,22.999693294401865,72.60115569230976,0.0039037197827269665,3.9037197827269665
2008-06-29,22.999693294401865,72.60115569230976,0.0033731698989818426,3.3731698989818426
2008-06-30,22.999693294401865,72.60115569230976,0.002247387170786652,2.247387170786652
2008-07-01,22.999693294401865,72.60115569230976,0.021818727254867554,21.818727254867554
2008-07-02,22.999693294401865,72.60115569230976,0.001945793628692627,1.945793628692627
2008-07-03,22.999693294401865,72.60115569230976,0.005487889051437378,5.487889051437378
2008-07-04,22.999693294401865,72.60115569230976,0.0003163605928193647,0.3163605928193647
2008-07-05,22.999693294401865,72.60115569230976,0.0005551224644158026,0.5551224644158026
2008-07-06,22.999693294401865,72.60115569230976,0.0006083250045776367,0.6083250045776367
2008-07-07,22.999693294401865,72.60115569230976,0.0017727196216128505,1.7727196216128505
2008-07-08,22.999693294401865,72.60115569230976,0.0032144971901288955,3.2144971901288955
2008-07-09,22.999693294401865,72.60115569230976,0.0017428338527629705,1.7428338527629705
2008-07-10,22.999693294401865,72.60115569230976,0.009216511249540815,9.216511249540815
2008-07-11,22.999693294401865,72.60115569230976,0.04815188646313118,48.15188646313118
2008-07-12,22.999693294401865,72.60115569230976,0.006464487314133294,6.464487314133294
2008-07-13,22.999693294401865,72.60115569230976,0.0012724491573976593,1.2724491573976593
2008-07-14,22.999693294401865,72.60115569230976,0.0006882638120373485,0.6882638120373485
2008-07-15,22.999693294401865,72.60115569230976,0.0007316191359336699,0.7316191359336699
2008-07-16,22.999693294401865,72.60115569230976,0.001044390972765541,1.044390972765541
2008-07-17,22.999693294401865,72.60115569230976,0.000713941454819178,0.713941454819178
2008-07-18,22.999693294401865,72.60115569230976,0.0004484649452933809,0.4484649452933809
2008-07-19,22.999693294401865,72.60115569230976,0.0006952017545245326,0.6952017545245326
2008-07-20,22.999693294401865,72.60115569230976,0.0003451347351060008,0.3451347351060008
2008-07-21,22.999693294401865,72.60115569230976,0.0006442948225640066,0.6442948225640066
2008-07-22,22.999693294401865,72.60115569230976,0.001449734435936989,1.449734435936989
2008-07-23,22.999693294401865,72.60115569230976,0.00018342435350859887,0.18342435350859887
2008-07-24,22.999693294401865,72.60115569230976,0.000457364320823217,0.457364320823217
2008-07-25,22.999693294401865,72.60115569230976,0.0014326214790116865,1.4326214790116865
2008-07-26,22.999693294401865,72.60115569230976,0.0009182393550872803,0.9182393550872803
2008-07-27,22.999693294401865,72.60115569230976,0.021746978163719177,21.746978163719177
2008-07-28,22.999693294401865,72.60115569230976,0.11205419898033142,112.05419898033142
2008-07-29,22.999693294401865,72.60115569230976,0.010616609454153547,10.616609454153547
2008-07-30,22.999693294401865,72.60115569230976,0.003438205943155026,3.438205943155026
2008-07-31,22.999693294401865,72.60115569230976,0.00046760737895468196,0.46760737895468196
2008-08-01,22.999693294401865,72.60115569230976,0.002655699849128723,2.655699849128723
2008-08-02,22.999693294401865,72.60115569230976,0.013784074041495842,13.784074041495842
2008-08-03,22.999693294401865,72.60115569230976,0.024400320859466973,24.400320859466973
2008-08-04,22.999693294401865,72.60115569230976,0.005729064345359802,5.729064345359802
2008-08-05,22.999693294401865,72.60115569230976,0.006392940877958608,6.392940877958608
2008-08-06,22.999693294401865,72.60115569230976,0.0024071247902561765,2.4071247902561765
2008-08-07,22.999693294401865,72.60115569230976,0.0024874746799454783,2.4874746799454783
2008-08-08,22.999693294401865,72.60115569230976,0.00310458242893219,3.10458242893219
2008-08-09,22.999693294401865,72.60115569230976,0.004657566547393799,4.657566547393799
2008-08-10,22.999693294401865,72.60115569230976,0.014309674501419067,14.309674501419067
2008-08-11,22.999693294401865,72.60115569230976,0.039920036352555144,39.920036352555144
2008-08-12,22.999693294401865,72.60115569230976,0.16922006011009216,169.22006011009216
2008-08-13,22.999693294401865,72.60115569230976,0.02459290559107785,24.59290559107785
2008-08-14,22.999693294401865,72.60115569230976,0.004415422677993774,4.415422677993774
2008-08-15,22.999693294401865,72.60115569230976,0.0015829712151571584,1.5829712151571584
2008-08-16,22.999693294401865,72.60115569230976,0.0013566493987013928,1.3566493987013928
2008-08-17,22.999693294401865,72.60115569230976,0.0009822875260852015,0.9822875260852015
2008-08-18,22.999693294401865,72.60115569230976,0.0007896810769807416,0.7896810769807416
2008-08-19,22.999693294401865,72.60115569230976,0.0006630212068508001,0.6630212068508001
2008-08-20,22.999693294401865,72.60115569230976,0.0006331324577217856,0.6331324577217856
2008-08-21,22.999693294401865,72.60115569230976,0.00040975511063834347,0.40975511063834347
2008-08-22,22.999693294401865,72.60115569230976,0.0007899887423263863,0.7899887423263863
2008-08-23,22.999693294401865,72.60115569230976,0.00036873221387168087,0.36873221387168087
2008-08-24,22.999693294401865,72.60115569230976,0.00045115351673530313,0.45115351673530313
2008-08-25,22.999693294401865,72.60115569230976,0.008396488428047633,8.396488428047633
2008-08-26,22.999693294401865,72.60115569230976,0.005856990523795957,5.856990523795957
2008-08-27,22.999693294401865,72.60115569230976,0.0006313920021057129,0.6313920021057129
2008-08-28,22.999693294401865,72.60115569230976,7.95198616287962e-06,0.00795198616287962
2008-08-29,22.999693294401865,72.60115569230976,4.792213439941406e-05,0.04792213439941406
2008-08-30,22.999693294401865,72.60115569230976,0.0004574239252974621,0.4574239252974621
2008-08-31,22.999693294401865,72.60115569230976,4.659604900325576e-05,0.04659604900325576
2008-09-01,22.999693294401865,72.60115569230976,0.00039414139484961197,0.39414139484961197
2008-09-02,22.999693294401865,72.60115569230976,0.0002362479038993115,0.2362479038993115
2008-09-03,22.999693294401865,72.60115569230976,0.00030498710214033053,0.30498710214033053
2008-09-04,22.999693294401865,72.60115569230976,0.0006559789180755615,0.6559789180755615
2008-09-05,22.999693294401865,72.60115569230976,0.0014447514367574854,1.4447514367574854
2008-09-06,22.999693294401865,72.60115569230976,0.00011991958410462189,0.11991958410462189
2008-09-07,22.999693294401865,72.60115569230976,0.0004483955683554086,0.4483955683554086
2008-09-08,22.999693294401865,72.60115569230976,2.5223189936696144e-06,0.0025223189936696144
2008-09-09,22.999693294401865,72.60115569230976,4.383423402032349e-07,0.0004383423402032349
2008-09-10,22.999693294401865,72.60115569230976,0.0001308858394608592,0.1308858394608592
2008-09-11,22.999693294401865,72.60115569230976,0.00021951697533495462,0.21951697533495462
2008-09-12,22.999693294401865,72.60115569230976,0.006887078285217285,6.887078285217285
2008-09-13,22.999693294401865,72.60115569230976,0.018200182914654306,18.200182914654306
2008-09-14,22.999693294401865,72.60115569230976,0.012949213541730842,12.949213541730842
2008-09-15,22.999693294401865,72.60115569230976,0.003887024561038288,3.887024561038288
2008-09-16,22.999693294401865,72.60115569230976,0.0040309369564042186,4.030936956404219
2008-09-17,22.999693294401865,72.60115569230976,0.015292984247196273,15.292984247196273
2008-09-18,22.999693294401865,72.60115569230976,0.024654659628765785,24.654659628765785
2008-09-19,22.999693294401865,72.60115569230976,0.0019134283065795898,1.9134283065795898
2008-09-20,22.999693294401865,72.60115569230976,0.001362813145533437,1.362813145533437
2008-09-21,22.999693294401865,72.60115569230976,5.304217338064632e-05,0.05304217338064632
2008-09-22,22.999693294401865,72.60115569230976,0.0001230478286693426,0.12304782866934261
2008-09-23,22.999693294401865,72.60115569230976,0.0002250662309393192,0.2250662309393192
2008-09-24,22.999693294401865,72.60115569230976,6.003972998769314e-07,0.0006003972998769314
2008-09-25,22.999693294401865,72.60115569230976,1.0493257605048711e-05,0.010493257605048711
2008-09-26,22.999693294401865,72.60115569230976,1.5565881312795682e-05,0.015565881312795682
2008-09-27,22.999693294401865,72.60115569230976,1.909801238042519e-05,0.01909801238042519
2008-09-28,22.999693294401865,72.60115569230976,1.0669231414794922e-05,0.010669231414794922
2008-09-29,22.999693294401865,72.60115569230976,3.1828880260320602e-06,0.0031828880260320602
2008-09-30,22.999693294401865,72.60115569230976,2.297758992853005e-06,0.002297758992853005
2008-10-01,22.999693294401865,72.60115569230976,2.2390484808454403e-05,0.022390484808454403
2008-10-02,22.999693294401865,72.60115569230976,2.368092526694454e-05,0.02368092526694454
2008-10-03,22.999693294401865,72.60115569230976,0.000934271301730405,0.934271301730405
2008-10-04,22.999693294401865,72.60115569230976,8.666647710242614e-05,0.08666647710242614
2008-10-05,22.999693294401865,72.60115569230976,2.3409724235534668e-05,0.023409724235534668
2008-10-06,22.999693294401865,72.60115569230976,4.351216927034329e-05,0.04351216927034329
2008-10-07,22.999693294401865,72.60115569230976,0.0002146840094496838,0.2146840094496838
2008-10-08,22.999693294401865,72.60115569230976,8.503945991833461e-07,0.0008503945991833461
2008-10-09,22.999693294401865,72.60115569230976,8.63871285616824e-07,0.000863871285616824
2008-10-10,22.999693294401865,72.60115569230976,1.7225742112714215e-06,0.0017225742112714215
2008-10-11,22.999693294401865,72.60115569230976,4.261732087229575e-07,0.0004261732087229575
2008-10-12,22.999693294401865,72.60115569230976,1.720060026855208e-06,0.001720060026855208
2008-10-13,22.999693294401865,72.60115569230976,8.583068833445395e-07,0.0008583068833445395
2008-10-14,22.999693294401865,72.60115569230976,4.351138613856165e-07,0.0004351138613856165
2008-10-15,22.999693294401865,72.60115569230976,8.486351816827664e-07,0.0008486351816827664
2008-10-16,22.999693294401865,72.60115569230976,0.0,0.0
2008-10-17,22.999693294401865,72.60115569230976,0.0,0.0
2008-10-18,22.999693294401865,72.60115569230976,0.0,0.0
2008-10-19,22.999693294401865,72.60115569230976,2.5662848202046007e-06,0.0025662848202046007
2008-10-20,22.999693294401865,72.60115569230976,8.523463748133508e-07,0.0008523463748133508
2008-10-21,22.999693294401865,72.60115569230976,0.0,0.0
2008-10-22,22.999693294401865,72.60115569230976,0.0,0.0
2008-10-23,22.999693294401865,72.60115569230976,1.7285346416429093e-06,0.0017285346416429093
2008-10-24,22.999693294401865,72.60115569230976,2.581931767053902e-06,0.002581931767053902
2008-10-25,22.999693294401865,72.60115569230976,1.273356474484899e-06,0.001273356474484899
2008-10-26,22.999693294401865,72.60115569230976,0.0,0.0
2008-10-27,22.999693294401865,72.60115569230976,0.0,0.0
2008-10-28,22.999693294401865,72.60115569230976,1.2874602930423862e-06,0.0012874602930423862
2008-10-29,22.999693294401865,72.60115569230976,4.410743663640915e-07,0.0004410743663640915
2008-10-30,22.999693294401865,72.60115569230976,1.7225741544280027e-06,0.0017225741544280027
2008-10-31,22.999693294401865,72.60115569230976,8.582401846979337e-07,0.0008582401846979337
2008-11-01,22.999693294401865,72.60115569230976,1.737544437219185e-06,0.001737544437219185
2008-11-02,22.999693294401865,72.60115569230976,4.2652749243643484e-07,0.00042652749243643484
2008-11-03,22.999693294401865,72.60115569230976,4.4107436991680515e-07,0.00044107436991680515
2008-11-04,22.999693294401865,72.60115569230976,4.351138045421976e-07,0.0004351138045421976
2008-11-05,22.999693294401865,72.60115569230976,0.0,0.0
2008-11-06,22.999693294401865,72.60115569230976,1.7285345847994904e-06,0.0017285345847994904
2008-11-07,22.999693294401865,72.60115569230976,0.0,0.0
2008-11-08,22.999693294401865,72.60115569230976,8.566926226194482e-07,0.0008566926226194482
2008-11-09,22.999693294401865,72.60115569230976,1.2950153518431762e-06,0.0012950153518431762
2008-11-10,22.999693294401865,72.60115569230976,0.0,0.0
2008-11-11,22.999693294401865,72.60115569230976,1.7146429058811918e-06,0.0017146429058811918
2008-11-12,22.999693294401865,72.60115569230976,2.7356463760952465e-09,2.7356463760952465e-06
2008-11-13,22.999693294401865,72.60115569230976,4.261732051702438e-07,0.0004261732051702438
2008-11-14,22.999693294401865,72.60115569230976,4.351138045421976e-07,0.0004351138045421976
2008-11-15,22.999693294401865,72.60115569230976,8.593928306765974e-07,0.0008593928306765974
2008-11-16,22.999693294401865,72.60115569230976,2.5772969252102484e-06,0.0025772969252102484
2008-11-17,22.999693294401865,72.60115569230976,1.245737075805664e-05,0.01245737075805664
2008-11-18,22.999693294401865,72.60115569230976,0.0014274566794938437,1.4274566794938437
2008-11-19,22.999693294401865,72.60115569230976,0.00033164322366019405,0.33164322366019405
2008-11-20,22.999693294401865,72.60115569230976,2.5689601557132846e-06,0.0025689601557132846
2008-11-21,22.999693294401865,72.60115569230976,1.7106531231547706e-06,0.0017106531231547706
2008-11-22,22.999693294401865,72.60115569230976,8.432198796981538e-07,0.0008432198796981538
2008-11-23,22.999693294401865,72.60115569230976,1.7106531231547706e-06,0.0017106531231547706
2008-11-24,22.999693294401865,72.60115569230976,4.351138045421976e-07,0.0004351138045421976
2008-11-25,22.999693294401865,72.60115569230976,0.0,0.0
2008-11-26,22.999693294401865,72.60115569230976,1.2993811537853617e-06,0.0012993811537853617
2008-11-27,22.999693294401865,72.60115569230976,2.1550984001805773e-06,0.0021550984001805773
2008-11-28,22.999693294401865,72.60115569230976,8.52346317969932e-07,0.000852346317969932
2008-11-29,22.999693294401865,72.60115569230976,8.52346317969932e-07,0.000852346317969932
2008-11-30,22.999693294401865,72.60115569230976,0.0019091486919933232,1.9091486919933232
2008-12-01,22.999693294401865,72.60115569230976,0.0005596041680178132,0.5596041680178132
2008-12-02,22.999693294401865,72.60115569230976,8.553266184208042e-07,0.0008553266184208042
2008-12-03,22.999693294401865,72.60115569230976,0.0,0.0
2008-12-04,22.999693294401865,72.60115569230976,8.583068797918258e-07,0.0008583068797918258
2008-12-05,22.999693294401865,72.60115569230976,2.574920589637486e-06,0.002574920589637486
2008-12-06,22.999693294401865,72.60115569230976,8.52346317969932e-07,0.000852346317969932
2008-12-07,22.999693294401865,72.60115569230976,8.52346317969932e-07,0.000852346317969932
2008-12-08,22.999693294401865,72.60115569230976,0.0,0.0
2008-12-09,22.999693294401865,72.60115569230976,1.2934207802572928e-06,0.0012934207802572928
2008-12-10,22.999693294401865,72.60115569230976,0.0,0.0
2008-12-11,22.999693294401865,72.60115569230976,4.375333446660079e-07,0.0004375333446660079
2008-12-12,22.999693294401865,72.60115569230976,0.0,0.0
2008-12-13,22.999693294401865,72.60115569230976,0.0,0.0
2008-12-14,22.999693294401865,72.60115569230976,1.718364444514009e-06,0.001718364444514009
2008-12-15,22.999693294401865,72.60115569230976,8.52346317969932e-07,0.000852346317969932
2008-12-16,22.999693294401865,72.60115569230976,1.716544261398667e-06,0.001716544261398667
2008-12-17,22.999693294401865,72.60115569230976,0.0,0.0
2008-12-18,22.999693294401865,72.60115569230976,8.642672355563263e-07,0.0008642672355563263
2008-12-19,22.999693294401865,72.60115569230976,1.2848558981204405e-06,0.0012848558981204405
2008-12-20,22.999693294401865,72.60115569230976,1.7225741544280027e-06,0.0017225741544280027
2008-12-21,22.999693294401865,72.60115569230976,2.571940399320738e-06,0.002571940399320738
2008-12-22,22.999693294401865,72.60115569230976,4.351138045421976e-07,0.0004351138045421976
2008-12-23,22.999693294401865,72.60115569230976,1.2874602930423862e-06,0.0012874602930423862
2008-12-24,22.999693294401865,72.60115569230976,0.0,0.0
2008-12-25,22.999693294401865,72.60115569230976,8.52346317969932e-07,0.000852346317969932
2008-12-26,22.999693294401865,72.60115569230976,4.351138045421976e-07,0.0004351138045421976
2008-12-27,22.999693294401865,72.60115569230976,8.460859817205346e-07,0.0008460859817205346
2008-12-28,22.999693294401865,72.60115569230976,0.0,0.0
2008-12-29,22.999693294401865,72.60115569230976,0.0,0.0
2008-12-30,22.999693294401865,72.60115569230976,0.0,0.0
2008-12-31,22.999693294401865,72.60115569230976,8.583068051848386e-07,0.0008583068051848386
2009-01-01,22.999693294401865,72.60115569230976,4.380940481496509e-07,0.0004380940481496509
2009-01-02,22.999693294401865,72.60115569230976,4.351138045421976e-07,0.0004351138045421976
2009-01-03,22.999693294401865,72.60115569230976,8.591776250455041e-07,0.0008591776250455041
2009-01-04,22.999693294401865,72.60115569230976,1.2952608017258171e-06,0.0012952608017258171
2009-01-05,22.999693294401865,72.60115569230976,5.960464477539063e-08,5.9604644775390625e-05
2009-01-06,22.999693294401865,72.60115569230976,2.583120704002795e-06,0.002583120704002795
2009-01-07,22.999693294401865,72.60115569230976,4.351138045421976e-07,0.0004351138045421976
2009-01-08,22.999693294401865,72.60115569230976,8.201599086987699e-06,0.008201599086987699
2009-01-09,22.999693294401865,72.60115569230976,3.0457972570729908e-06,0.0030457972570729908
2009-01-10,22.999693294401865,72.60115569230976,7.3343514372936625e-06,0.0073343514372936625
2009-01-11,22.999693294401865,72.60115569230976,0.0,0.0
2009-01-12,22.999693294401865,72.60115569230976,1.8644332783424034e-05,0.018644332783424034
2009-01-13,22.999693294401865,72.60115569230976,5.969405169281572e-06,0.005969405169281572
2009-01-14,22.999693294401865,72.60115569230976,8.52346317969932e-07,0.000852346317969932
2009-01-15,22.999693294401865,72.60115569230976,0.0,0.0
2009-01-16,22.999693294401865,72.60115569230976,1.7151797351289133e-06,0.0017151797351289133
2009-01-17,22.999693294401865,72.60115569230976,1.7108403085330792e-06,0.0017108403085330792
2009-01-18,22.999693294401865,72.60115569230976,1.2874602361989673e-06,0.0012874602361989673
2009-01-19,22.999693294401865,72.60115569230976,2.1457671550706436e-06,0.0021457671550706436
2009-01-20,22.999693294401865,72.60115569230976,0.0,0.0
2009-01-21,22.999693294401865,72.60115569230976,8.575496508456126e-07,0.0008575496508456126
2009-01-22,22.999693294401865,72.60115569230976,8.52346317969932e-07,0.000852346317969932
2009-01-23,22.999693294401865,72.60115569230976,1.2904405366498395e-06,0.0012904405366498395
2009-01-24,22.999693294401865,72.60115569230976,2.562999668498378e-06,0.002562999668498378
2009-01-25,22.999693294401865,72.60115569230976,1.7136654264504614e-06,0.0017136654264504614
2009-01-26,22.999693294401865,72.60115569230976,2.5985046363530273e-06,0.0025985046363530273
2009-01-27,22.999693294401865,72.60115569230976,2.1221978840912925e-06,0.0021221978840912925
2009-01-28,22.999693294401865,72.60115569230976,4.351138045421976e-07,0.0004351138045421976
2009-01-29,22.999693294401865,72.60115569230976,3.0102501114015467e-06,0.0030102501114015467
2009-01-30,22.999693294401865,72.60115569230976,8.457134299533209e-07,0.0008457134299533209
2009-01-31,22.999693294401865,72.60115569230976,0.0,0.0
2009-02-01,22.999693294401865,72.60115569230976,1.2934207802572928e-06,0.0012934207802572928
2009-02-02,22.999693294401865,72.60115569230976,8.583068833445395e-07,0.0008583068833445395
2009-02-03,22.999693294401865,72.60115569230976,1.2729342984130199e-06,0.0012729342984130199
2009-02-04,22.999693294401865,72.60115569230976,0.0,0.0
2009-02-05,22.999693294401865,72.60115569230976,1.2993812106287805e-06,0.0012993812106287805
2009-02-06,22.999693294401865,72.60115569230976,8.344648563252122e-07,0.0008344648563252122
2009-02-07,22.999693294401865,72.60115569230976,4.351138613856165e-07,0.0004351138613856165
2009-02-08,22.999693294401865,72.60115569230976,5.154734026291408e-06,0.005154734026291408
2009-02-09,22.999693294401865,72.60115569230976,4.3542485173020395e-07,0.00043542485173020395
2009-02-10,22.999693294401865,72.60115569230976,0.0,0.0
2009-02-11,22.999693294401865,72.60115569230976,1.2814998058274796e-06,0.0012814998058274796
2009-02-12,22.999693294401865,72.60115569230976,4.2915337417070987e-07,0.00042915337417070987
2009-02-13,22.999693294401865,72.60115569230976,2.5808803911786526e-06,0.0025808803911786526
2009-02-14,22.999693294401865,72.60115569230976,1.7120052007157938e-06,0.0017120052007157938
2009-02-15,22.999693294401865,72.60115569230976,1.293420723413874e-06,0.001293420723413874
2009-02-16,22.999693294401865,72.60115569230976,0.0,0.0
2009-02-17,22.999693294401865,72.60115569230976,1.7229262425644265e-06,0.0017229262425644265
2009-02-18,22.999693294401865,72.60115569230976,4.351138045421976e-07,0.0004351138045421976
2009-02-19,22.999693294401865,72.60115569230976,0.0,0.0
2009-02-20,22.999693294401865,72.60115569230976,0.0,0.0
2009-02-21,22.999693294401865,72.60115569230976,8.702277796146518e-07,0.0008702277796146518
2009-02-22,22.999693294401865,72.60115569230976,0.0,0.0
2009-02-23,22.999693294401865,72.60115569230976,8.52346317969932e-07,0.000852346317969932
2009-02-24,22.999693294401865,72.60115569230976,1.2941285945089476e-06,0.0012941285945089476
2009-02-25,22.999693294401865,72.60115569230976,1.2874602930423862e-06,0.0012874602930423862
2009-02-26,22.999693294401865,72.60115569230976,2.1476376446116774e-06,0.0021476376446116774
2009-02-27,22.999693294401865,72.60115569230976,1.2748533890771796e-06,0.0012748533890771796
2009-02-28,22.999693294401865,72.60115569230976,8.52346317969932e-07,0.000852346317969932
2009-03-01,22.999693294401865,72.60115569230976,1.2814997489840607e-06,0.0012814997489840607
2009-03-02,22.999693294401865,72.60115569230976,1.7387277466696105e-06,0.0017387277466696105
2009-03-03,22.999693294401865,72.60115569230976,0.0,0.0
2009-03-04,22.999693294401865,72.60115569230976,1.7093233282139408e-06,0.0017093233282139408
2009-03-05,22.999693294401865,72.60115569230976,1.275539318612573e-06,0.001275539318612573
2009-03-06,22.999693294401865,72.60115569230976,4.351138045421976e-07,0.0004351138045421976
2009-03-07,22.999693294401865,72.60115569230976,1.7106532936850272e-06,0.0017106532936850272
2009-03-08,22.999693294401865,72.60115569230976,8.523463748133508e-07,0.0008523463748133508
2009-03-09,22.999693294401865,72.60115569230976,1.7198984778588056e-06,0.0017198984778588056
2009-03-10,22.999693294401865,72.60115569230976,0.0,0.0
2009-03-11,22.999693294401865,72.60115569230976,0.0,0.0
2009-03-12,22.999693294401865,72.60115569230976,8.52346317969932e-07,0.000852346317969932
2009-03-13,22.999693294401865,72.60115569230976,1.2904405366498395e-06,0.0012904405366498395
2009-03-14,22.999693294401865,72.60115569230976,3.8671099673592835e-06,0.0038671099673592835
2009-03-15,22.999693294401865,72.60115569230976,8.52346317969932e-07,0.000852346317969932
2009-03-16,22.999693294401865,72.60115569230976,8.52346317969932e-07,0.000852346317969932
2009-03-17,22.999693294401865,72.60115569230976,2.155532229153323e-06,0.002155532229153323
2009-03-18,22.999693294401865,72.60115569230976,8.52346317969932e-07,0.000852346317969932
2009-03-19,22.999693294401865,72.60115569230976,1.28597014281695e-06,0.00128597014281695
2009-03-20,22.999693294401865,72.60115569230976,6.437300612560648e-07,0.0006437300612560648
2009-03-21,22.999693294401865,72.60115569230976,0.0002711296080519787,0.2711296080519787
2009-03-22,22.999693294401865,72.60115569230976,8.523463748133508e-07,0.0008523463748133508
2009-03-23,22.999693294401865,72.60115569230976,2.2145173943499685e-06,0.0022145173943499685
2009-03-24,22.999693294401865,72.60115569230976,9.271503643049073e-06,0.009271503643049073
2009-03-25,22.999693294401865,72.60115569230976,0.0,0.0
2009-03-26,22.999693294401865,72.60115569230976,0.0,0.0
2009-03-27,22.999693294401865,72.60115569230976,8.940696716308594e-06,0.008940696716308594
2009-03-28,22.999693294401865,72.60115569230976,1.286324618376966e-06,0.001286324618376966
2009-03-29,22.999693294401865,72.60115569230976,0.0,0.0
2009-03-30,22.999693294401865,72.60115569230976,0.0,0.0
2009-03-31,22.999693294401865,72.60115569230976,2.1331934476620518e-06,0.0021331934476620518
2009-04-01,22.999693294401865,72.60115569230976,-5.959918780717999e-09,-5.959918780717999e-06
2009-04-02,22.999693294401865,72.60115569230976,2.578836756583769e-06,0.002578836756583769
2009-04-03,22.999693294401865,72.60115569230976,1.2814998058274796e-06,0.0012814998058274796
2009-04-04,22.999693294401865,72.60115569230976,0.0,0.0
2009-04-05,22.999693294401865,72.60115569230976,0.00017953813075521907,0.17953813075521907
2009-04-06,22.999693294401865,72.60115569230976,1.1119246380530967e-05,0.011119246380530967
2009-04-07,22.999693294401865,72.60115569230976,8.708834639037377e-05,0.08708834639037377
2009-04-08,22.999693294401865,72.60115569230976,4.351138045421976e-07,0.0004351138045421976
2009-04-09,22.999693294401865,72.60115569230976,0.0,0.0
2009-04-10,22.999693294401865,72.60115569230976,8.583068797918258e-07,0.0008583068797918258
2009-04-11,22.999693294401865,72.60115569230976,8.583068833445395e-07,0.0008583068833445395
2009-04-12,22.999693294401865,72.60115569230976,0.0,0.0
2009-04-13,22.999693294401865,72.60115569230976,0.0,0.0
2009-04-14,22.999693294401865,72.60115569230976,8.52346317969932e-07,0.000852346317969932
2009-04-15,22.999693294401865,72.60115569230976,4.351138045421976e-07,0.0004351138045421976
2009-04-16,22.999693294401865,72.60115569230976,8.52346317969932e-07,0.000852346317969932
2009-04-17,22.999693294401865,72.60115569230976,8.52346317969932e-07,0.000852346317969932
2009-04-18,22.999693294401865,72.60115569230976,8.52346317969932e-07,0.000852346317969932
2009-04-19,22.999693294401865,72.60115569230976,8.52346317969932e-07,0.000852346317969932
2009-04-20,22.999693294401865,72.60115569230976,4.351138045421976e-07,0.0004351138045421976
2009-04-21,22.999693294401865,72.60115569230976,2.5570392381268903e-06,0.0025570392381268903
2009-04-22,22.999693294401865,72.60115569230976,4.2829765334317926e-07,0.00042829765334317926
2009-04-23,22.999693294401865,72.60115569230976,0.0,0.0
2009-04-24,22.999693294401865,72.60115569230976,8.583068797918258e-07,0.0008583068797918258
2009-04-25,22.999693294401865,72.60115569230976,2.5759000941150134e-06,0.0025759000941150134
2009-04-26,22.999693294401865,72.60115569230976,3.4367621992714703e-06,0.0034367621992714703
2009-04-27,22.999693294401865,72.60115569230976,2.5732178983162157e-06,0.0025732178983162157
2009-04-28,22.999693294401865,72.60115569230976,2.57085201837981e-06,0.00257085201837981
2009-04-29,22.999693294401865,72.60115569230976,8.52346317969932e-07,0.000852346317969932
2009-04-30,22.999693294401865,72.60115569230976,8.583068797918258e-07,0.0008583068797918258
2009-05-01,22.999693294401865,72.60115569230976,0.0,0.0
2009-05-02,22.999693294401865,72.60115569230976,8.583068797918258e-07,0.0008583068797918258
2009-05-03,22.999693294401865,72.60115569230976,8.539904001736431e-07,0.0008539904001736431
2009-05-04,22.999693294401865,72.60115569230976,1.7094595250455313e-06,0.0017094595250455313
2009-05-05,22.999693294401865,72.60115569230976,0.0,0.0
2009-05-06,22.999693294401865,72.60115569230976,0.0,0.0
2009-05-07,22.999693294401865,72.60115569230976,1.722069271181681e-06,0.001722069271181681
2009-05-08,22.999693294401865,72.60115569230976,0.0,0.0
2009-05-09,22.999693294401865,72.60115569230976,0.0,0.0
2009-05-10,22.999693294401865,72.60115569230976,1.7195939108205494e-06,0.0017195939108205494
2009-05-11,22.999693294401865,72.60115569230976,1.4859453152382684e-06,0.0014859453152382684
2009-05-12,22.999693294401865,72.60115569230976,8.52346317969932e-07,0.000852346317969932
2009-05-13,22.999693294401865,72.60115569230976,8.52346317969932e-07,0.000852346317969932
2009-05-14,22.999693294401865,72.60115569230976,8.553265615773853e-07,0.0008553265615773853
2009-05-15,22.999693294401865,72.60115569230976,1.454353327545732e-06,0.001454353327545732
2009-05-16,22.999693294401865,72.60115569230976,1.721383625863382e-06,0.001721383625863382
2009-05-17,22.999693294401865,72.60115569230976,-2.3856614461692516e-09,-2.3856614461692516e-06
2009-05-18,22.999693294401865,72.60115569230976,2.5749204723979346e-06,0.0025749204723979346
2009-05-19,22.999693294401865,72.60115569230976,4.351138045421976e-07,0.0004351138045421976
2009-05-20,22.999693294401865,72.60115569230976,0.0,0.0
2009-05-21,22.999693294401865,72.60115569230976,1.7106532368416083e-06,0.0017106532368416083
2009-05-22,22.999693294401865,72.60115569230976,8.521437848685309e-07,0.0008521437848685309
2009-05-23,22.999693294401865,72.60115569230976,4.351138045421976e-07,0.0004351138045421976
2009-05-24,22.999693294401865,72.60115569230976,1.7285346416429093e-06,0.0017285346416429093
2009-05-25,22.999693294401865,72.60115569230976,0.0,0.0
2009-05-26,22.999693294401865,72.60115569230976,8.642673492431641e-07,0.0008642673492431641
2009-05-27,22.999693294401865,72.60115569230976,1.2814998058274796e-06,0.0012814998058274796
2009-05-28,22.999693294401865,72.60115569230976,0.0,0.0
2009-05-29,22.999693294401865,72.60115569230976,2.2204310994311527e-06,0.0022204310994311527
2009-05-30,22.999693294401865,72.60115569230976,6.880760192373714e-05,0.06880760192373714
2009-05-31,22.999693294401865,72.60115569230976,1.2874602361989673e-06,0.0012874602361989673
2009-06-01,22.999693294401865,72.60115569230976,4.351138613856165e-07,0.0004351138613856165
2009-06-02,22.999693294401865,72.60115569230976,6.16610050201416e-05,0.0616610050201416
2009-06-03,22.999693294401865,72.60115569230976,6.142854687141153e-05,0.06142854687141153
2009-06-04,22.999693294401865,72.60115569230976,5.669550256470757e-05,0.05669550256470757
2009-06-05,22.999693294401865,72.60115569230976,1.5828013374630245e-05,0.015828013374630245
2009-06-06,22.999693294401865,72.60115569230976,2.1517275854421314e-06,0.0021517275854421314
2009-06-07,22.999693294401865,72.60115569230976,0.0,0.0
2009-06-08,22.999693294401865,72.60115569230976,3.448707047937205e-06,0.003448707047937205
2009-06-09,22.999693294401865,72.60115569230976,4.3021333340220735e-07,0.00043021333340220735
2009-06-10,22.999693294401865,72.60115569230976,8.588500577388913e-07,0.0008588500577388913
2009-06-11,22.999693294401865,72.60115569230976,4.261732051702438e-07,0.0004261732051702438
2009-06-12,22.999693294401865,72.60115569230976,1.7062961887859274e-06,0.0017062961887859274
2009-06-13,22.999693294401865,72.60115569230976,8.67297956119728e-07,0.000867297956119728
2009-06-14,22.999693294401865,72.60115569230976,1.7046927496267017e-06,0.0017046927496267017
2009-06-15,22.999693294401865,72.60115569230976,0.0,0.0
2009-06-16,22.999693294401865,72.60115569230976,1.9311904679852887e-06,0.0019311904679852887
2009-06-17,22.999693294401865,72.60115569230976,1.7208779468091961e-06,0.0017208779468091961
2009-06-18,22.999693294401865,72.60115569230976,1.7174583035739488e-06,0.0017174583035739488
2009-06-19,22.999693294401865,72.60115569230976,8.732080232221051e-07,0.0008732080232221051
2009-06-20,22.999693294401865,72.60115569230976,2.5868412194540724e-06,0.0025868412194540724
2009-06-21,22.999693294401865,72.60115569230976,0.0006530940897846449,0.6530940897846449
2009-06-22,22.999693294401865,72.60115569230976,0.0018214881420135498,1.8214881420135498
2009-06-23,22.999693294401865,72.60115569230976,0.008574235439198219,8.574235439198219
2009-06-24,22.999693294401865,72.60115569230976,0.00057735443114737,0.57735443114737
2009-06-25,22.999693294401865,72.60115569230976,0.0009526968001232206,0.9526968001232206
2009-06-26,22.999693294401865,72.60115569230976,0.00014320015907287598,0.14320015907287598
2009-06-27,22.999693294401865,72.60115569230976,0.00023966431617239436,0.23966431617239436
2009-06-28,22.999693294401865,72.60115569230976,0.001941579580261532,1.941579580261532
2009-06-29,22.999693294401865,72.60115569230976,0.0015659272670518476,1.5659272670518476
2009-06-30,22.999693294401865,72.60115569230976,0.00016563574780548151,0.16563574780548151
2009-07-01,22.999693294401865,72.60115569230976,0.0018466413021087646,1.8466413021087646
2009-07-02,22.999693294401865,72.60115569230976,0.001807728409762177,1.807728409762177
2009-07-03,22.999693294401865,72.60115569230976,0.009535983204841614,9.535983204841614
2009-07-04,22.999693294401865,72.60115569230976,0.0010738546467337073,1.0738546467337073
2009-07-05,22.999693294401865,72.60115569230976,0.00025137364809779683,0.25137364809779683
2009-07-06,22.999693294401865,72.60115569230976,0.00014390349383575085,0.14390349383575085
2009-07-07,22.999693294401865,72.60115569230976,2.130866050720215e-06,0.002130866050720215
2009-07-08,22.999693294401865,72.60115569230976,3.0421108931477647e-05,0.030421108931477647
2009-07-09,22.999693294401865,72.60115569230976,0.006563479809585715,6.563479809585715
2009-07-10,22.999693294401865,72.60115569230976,0.02513825927301383,25.13825927301383
2009-07-11,22.999693294401865,72.60115569230976,0.013483285903930664,13.483285903930664
2009-07-12,22.999693294401865,72.60115569230976,0.005711695551838147,5.711695551838147
2009-07-13,22.999693294401865,72.60115569230976,0.010545238852500916,10.545238852500916
2009-07-14,22.999693294401865,72.60115569230976,0.016562670469284058,16.562670469284058
2009-07-15,22.999693294401865,72.60115569230976,0.03312557339668132,33.12557339668132
2009-07-16,22.999693294401865,72.60115569230976,0.03301684558391571,33.01684558391571
2009-07-17,22.999693294401865,72.60115569230976,0.009248170256512367,9.248170256512367
2009-07-18,22.999693294401865,72.60115569230976,0.01580287516117096,15.80287516117096
2009-07-19,22.999693294401865,72.60115569230976,0.003429606556892395,3.429606556892395
2009-07-20,22.999693294401865,72.60115569230976,0.004241058230395112,4.241058230395112
2009-07-21,22.999693294401865,72.60115569230976,0.016010025143618378,16.01002514361838
2009-07-22,22.999693294401865,72.60115569230976,0.017258736491157833,17.258736491157833
2009-07-23,22.999693294401865,72.60115569230976,0.11991632890897108,119.91632890897108
2009-07-24,22.999693294401865,72.60115569230976,0.02136963009833792,21.36963009833792
2009-07-25,22.999693294401865,72.60115569230976,0.03515276610841056,35.15276610841056
2009-07-26,22.999693294401865,72.60115569230976,0.0019238829612682196,1.9238829612682196
2009-07-27,22.999693294401865,72.60115569230976,0.001345568895334992,1.345568895334992
2009-07-28,22.999693294401865,72.60115569230976,0.0008280128240585327,0.8280128240585327
2009-07-29,22.999693294401865,72.60115569230976,0.0005027949810028076,0.5027949810028076
2009-07-30,22.999693294401865,72.60115569230976,0.0008430871328073408,0.8430871328073408
2009-07-31,22.999693294401865,72.60115569230976,0.0007099838480257858,0.7099838480257858
2009-08-01,22.999693294401865,72.60115569230976,0.0008687973022460938,0.8687973022460938
2009-08-02,22.999693294401865,72.60115569230976,0.000998660922050476,0.9986609220504761
2009-08-03,22.999693294401865,72.60115569230976,0.0008925974368594325,0.8925974368594325
2009-08-04,22.999693294401865,72.60115569230976,0.0011158615349700085,1.1158615349700085
2009-08-05,22.999693294401865,72.60115569230976,0.0010691916865539497,1.0691916865539497
2009-08-06,22.999693294401865,72.60115569230976,0.0010422691303801912,1.0422691303801912
2009-08-07,22.999693294401865,72.60115569230976,0.0012439936399459839,1.2439936399459839
2009-08-08,22.999693294401865,72.60115569230976,0.0015856921672821045,1.5856921672821045
2009-08-09,22.999693294401865,72.60115569230976,0.0009226977824141613,0.9226977824141613
2009-08-10,22.999693294401865,72.60115569230976,0.000868380069732666,0.868380069732666
2009-08-11,22.999693294401865,72.60115569230976,0.00023449957370758057,0.23449957370758057
2009-08-12,22.999693294401865,72.60115569230976,0.0007112205027510754,0.7112205027510754
2009-08-13,22.999693294401865,72.60115569230976,0.00015364289282615573,0.15364289282615573
2009-08-14,22.999693294401865,72.60115569230976,0.00017810136284879263,0.17810136284879263
2009-08-15,22.999693294401865,72.60115569230976,0.0018367631948308372,1.8367631948308372
2009-08-16,22.999693294401865,72.60115569230976,0.0009472359478763792,0.9472359478763792
2009-08-17,22.999693294401865,72.60115569230976,0.00036098997702538327,0.36098997702538327
2009-08-18,22.999693294401865,72.60115569230976,0.00014005187847487832,0.14005187847487832
2009-08-19,22.999693294401865,72.60115569230976,0.00016461312770843506,0.16461312770843506
2009-08-20,22.999693294401865,72.60115569230976,2.396337805521398e-05,0.02396337805521398
2009-08-21,22.999693294401865,72.60115569230976,0.00022481484529635054,0.22481484529635054
2009-08-22,22.999693294401865,72.60115569230976,0.0006047136588449575,0.6047136588449575
2009-08-23,22.999693294401865,72.60115569230976,0.00020163854577504026,0.20163854577504026
2009-08-24,22.999693294401865,72.60115569230976,0.00014523565772606162,0.14523565772606162
2009-08-25,22.999693294401865,72.60115569230976,0.0005698651075363159,0.5698651075363159
2009-08-26,22.999693294401865,72.60115569230976,0.001961249834891987,1.9612498348919871
2009-08-27,22.999693294401865,72.60115569230976,0.006996834278105268,6.996834278105268
2009-08-28,22.999693294401865,72.60115569230976,0.019653983024625177,19.653983024625177
2009-08-29,22.999693294401865,72.60115569230976,0.07325940132130881,73.25940132130881
2009-08-30,22.999693294401865,72.60115569230976,0.03143905790034296,31.43905790034296
2009-08-31,22.999693294401865,72.60115569230976,0.002259024069815041,2.259024069815041
2009-09-01,22.999693294401865,72.60115569230976,0.001329670996653931,1.329670996653931
2009-09-02,22.999693294401865,72.60115569230976,0.004110973645499172,4.110973645499172
2009-09-03,22.999693294401865,72.60115569230976,0.0029630858693394657,2.9630858693394657
2009-09-04,22.999693294401865,72.60115569230976,0.0011739153547409842,1.1739153547409842
2009-09-05,22.999693294401865,72.60115569230976,0.00046187639236450195,0.46187639236450195
2009-09-06,22.999693294401865,72.60115569230976,0.0012186944484255946,1.2186944484255946
2009-09-07,22.999693294401865,72.60115569230976,0.00034017860889434814,0.34017860889434814
2009-09-08,22.999693294401865,72.60115569230976,8.672474791637796e-07,0.0008672474791637796
2009-09-09,22.999693294401865,72.60115569230976,8.52346317969932e-07,0.000852346317969932
2009-09-10,22.999693294401865,72.60115569230976,8.35614436027754e-05,0.0835614436027754
2009-09-11,22.999693294401865,72.60115569230976,5.8311223881446494e-05,0.058311223881446494
2009-09-12,22.999693294401865,72.60115569230976,1.0436773209221428e-05,0.010436773209221428
2009-09-13,22.999693294401865,72.60115569230976,4.261732620136627e-07,0.0004261732620136627
2009-09-14,22.999693294401865,72.60115569230976,0.000224381685256958,0.224381685256958
2009-09-15,22.999693294401865,72.60115569230976,2.1521572648453002e-06,0.0021521572648453002
2009-09-16,22.999693294401865,72.60115569230976,2.673257574770105e-05,0.02673257574770105
2009-09-17,22.999693294401865,72.60115569230976,1.2905201742796635e-06,0.0012905201742796635
2009-09-18,22.999693294401865,72.60115569230976,4.515111413638806e-07,0.0004515111413638806
2009-09-19,22.999693294401865,72.60115569230976,3.004072823387105e-06,0.003004072823387105
2009-09-20,22.999693294401865,72.60115569230976,2.5822346287895925e-06,0.0025822346287895925
2009-09-21,22.999693294401865,72.60115569230976,4.373515025690722e-07,0.0004373515025690722
2009-09-22,22.999693294401865,72.60115569230976,1.683812115516048e-06,0.001683812115516048
2009-09-23,22.999693294401865,72.60115569230976,0.0,0.0
2009-09-24,22.999693294401865,72.60115569230976,0.0,0.0
2009-09-25,22.999693294401865,72.60115569230976,2.257032974739559e-06,0.002257032974739559
2009-09-26,22.999693294401865,72.60115569230976,2.0110606783418916e-05,0.020110606783418916
2009-09-27,22.999693294401865,72.60115569230976,0.0,0.0
2009-09-28,22.999693294401865,72.60115569230976,0.0,0.0
2009-09-29,22.999693294401865,72.60115569230976,0.0,0.0
2009-09-30,22.999693294401865,72.60115569230976,0.0,0.0
2009-10-01,22.999693294401865,72.60115569230976,0.0,0.0
2009-10-02,22.999693294401865,72.60115569230976,9.682774543762207e-05,0.09682774543762207
2009-10-03,22.999693294401865,72.60115569230976,2.4917721702877316e-05,0.024917721702877316
2009-10-04,22.999693294401865,72.60115569230976,0.002423095703022682,2.423095703022682
2009-10-05,22.999693294401865,72.60115569230976,0.00022864341735839844,0.22864341735839844
2009-10-06,22.999693294401865,72.60115569230976,2.983070658046927e-06,0.002983070658046927
2009-10-07,22.999693294401865,72.60115569230976,5.41806218734564e-06,0.00541806218734564
2009-10-08,22.999693294401865,72.60115569230976,3.1769274642101664e-06,0.0031769274642101664
2009-10-09,22.999693294401865,72.60115569230976,0.0,0.0
2009-10-10,22.999693294401865,72.60115569230976,6.091594684676238e-06,0.006091594684676238
2009-10-11,22.999693294401865,72.60115569230976,4.5510654445024556e-07,0.00045510654445024556
2009-10-12,22.999693294401865,72.60115569230976,1.7173263699987729e-06,0.0017173263699987729
2009-10-13,22.999693294401865,72.60115569230976,2.1582092699645727e-06,0.0021582092699645727
2009-10-14,22.999693294401865,72.60115569230976,8.627813947725826e-07,0.0008627813947725826
2009-10-15,22.999693294401865,72.60115569230976,0.0,0.0
2009-10-16,22.999693294401865,72.60115569230976,4.261732051702438e-07,0.0004261732051702438
2009-10-17,22.999693294401865,72.60115569230976,0.0,0.0
2009-10-18,22.999693294401865,72.60115569230976,0.0,0.0
2009-10-19,22.999693294401865,72.60115569230976,4.351138045421976e-07,0.0004351138045421976
2009-10-20,22.999693294401865,72.60115569230976,4.261732051702438e-07,0.0004261732051702438
2009-10-21,22.999693294401865,72.60115569230976,4.344486796981073e-07,0.0004344486796981073
2009-10-22,22.999693294401865,72.60115569230976,3.4324066291446798e-06,0.0034324066291446798
2009-10-23,22.999693294401865,72.60115569230976,1.3005504797547474e-06,0.0013005504797547474
2009-10-24,22.999693294401865,72.60115569230976,8.523462611265131e-07,0.0008523462611265131
2009-10-25,22.999693294401865,72.60115569230976,0.0,0.0
2009-10-26,22.999693294401865,72.60115569230976,1.7106531977617578e-06,0.0017106531977617578
2009-10-27,22.999693294401865,72.60115569230976,8.285045609568442e-07,0.0008285045609568442
2009-10-28,22.999693294401865,72.60115569230976,8.52346317969932e-07,0.000852346317969932
2009-10-29,22.999693294401865,72.60115569230976,8.52346317969932e-07,0.000852346317969932
2009-10-30,22.999693294401865,72.60115569230976,2.5708731072882074e-06,0.0025708731072882074
2009-10-31,22.999693294401865,72.60115569230976,0.0,0.0
2009-11-01,22.999693294401865,72.60115569230976,0.0,0.0
2009-11-02,22.999693294401865,72.60115569230976,1.7046928064701206e-06,0.0017046928064701206
2009-11-03,22.999693294401865,72.60115569230976,1.297081173134984e-06,0.001297081173134984
2009-11-04,22.999693294401865,72.60115569230976,8.523463748133508e-07,0.0008523463748133508
2009-11-05,22.999693294401865,72.60115569230976,0.0,0.0
2009-11-06,22.999693294401865,72.60115569230976,1.7225742112714215e-06,0.0017225742112714215
2009-11-07,22.999693294401865,72.60115569230976,2.148747341834678e-06,0.002148747341834678
2009-11-08,22.999693294401865,72.60115569230976,8.94067397894105e-09,8.94067397894105e-06
2009-11-09,22.999693294401865,72.60115569230976,8.52346317969932e-07,0.000852346317969932
2009-11-10,22.999693294401865,72.60115569230976,0.0,0.0
2009-11-11,22.999693294401865,72.60115569230976,0.0021560490131378174,2.1560490131378174
2009-11-12,22.999693294401865,72.60115569230976,1.501308474871621e-06,0.001501308474871621
2009-11-13,22.999693294401865,72.60115569230976,0.0,0.0
2009-11-14,22.999693294401865,72.60115569230976,5.311071862479366e-05,0.05311071862479366
2009-11-15,22.999693294401865,72.60115569230976,0.0,0.0
2009-11-16,22.999693294401865,72.60115569230976,0.0,0.0
2009-11-17,22.999693294401865,72.60115569230976,1.2713210821857501e-06,0.0012713210821857501
2009-11-18,22.999693294401865,72.60115569230976,4.261732051702438e-07,0.0004261732051702438
2009-11-19,22.999693294401865,72.60115569230976,8.52346317969932e-07,0.000852346317969932
2009-11-20,22.999693294401865,72.60115569230976,8.52346317969932e-07,0.000852346317969932
2009-11-21,22.999693294401865,72.60115569230976,5.684341886080802e-14,5.6843418860808015e-11
2009-11-22,22.999693294401865,72.60115569230976,1.2814998058274796e-06,0.0012814998058274796
2009-11-23,22.999693294401865,72.60115569230976,8.52346317969932e-07,0.000852346317969932
2009-11-24,22.999693294401865,72.60115569230976,0.0,0.0
2009-11-25,22.999693294401865,72.60115569230976,0.0,0.0
2009-11-26,22.999693294401865,72.60115569230976,1.7106531977617578e-06,0.0017106531977617578
2009-11-27,22.999693294401865,72.60115569230976,8.52346317969932e-07,0.000852346317969932
2009-11-28,22.999693294401865,72.60115569230976,0.0,0.0
2009-11-29,22.999693294401865,72.60115569230976,2.1517276422855502e-06,0.0021517276422855502
2009-11-30,22.999693294401865,72.60115569230976,8.52346317969932e-07,0.000852346317969932
2009-12-01,22.999693294401865,72.60115569230976,8.612870487922919e-07,0.0008612870487922919
2009-12-02,22.999693294401865,72.60115569230976,4.351138045421976e-07,0.0004351138045421976
2009-12-03,22.999693294401865,72.60115569230976,0.0,0.0
2009-12-04,22.999693294401865,72.60115569230976,8.543709100194974e-07,0.0008543709100194974
2009-12-05,22.999693294401865,72.60115569230976,2.1447202129820653e-06,0.0021447202129820653
2009-12-06,22.999693294401865,72.60115569230976,0.0,0.0
2009-12-07,22.999693294401865,72.60115569230976,8.523463748133508e-07,0.0008523463748133508
2009-12-08,22.999693294401865,72.60115569230976,4.351138045421976e-07,0.0004351138045421976
2009-12-09,22.999693294401865,72.60115569230976,0.0,0.0
2009-12-10,22.999693294401865,72.60115569230976,2.148747398678097e-06,0.002148747398678097
2009-12-11,22.999693294401865,72.60115569230976,2.5749206429281912e-06,0.0025749206429281912
2009-12-12,22.999693294401865,72.60115569230976,8.52346317969932e-07,0.000852346317969932
2009-12-13,22.999693294401865,72.60115569230976,3.43874216923723e-06,0.00343874216923723
2009-12-14,22.999693294401865,72.60115569230976,8.583068797918258e-07,0.0008583068797918258
2009-12-15,22.999693294401865,72.60115569230976,0.0,0.0
2009-12-16,22.999693294401865,72.60115569230976,8.583068797918258e-07,0.0008583068797918258
2009-12-17,22.999693294401865,72.60115569230976,4.351138045421976e-07,0.0004351138045421976
2009-12-18,22.999693294401865,72.60115569230976,8.52346317969932e-07,0.000852346317969932
2009-12-19,22.999693294401865,72.60115569230976,1.284479992591514e-06,0.001284479992591514
2009-12-20,22.999693294401865,72.60115569230976,2.7120113372802734e-06,0.0027120113372802734
2009-12-21,22.999693294401865,72.60115569230976,1.4364719049808627e-06,0.0014364719049808627
2009-12-22,22.999693294401865,72.60115569230976,0.00017603039731284298,0.17603039731284298
2009-12-23,22.999693294401865,72.60115569230976,2.384512765729596e-05,0.02384512765729596
2009-12-24,22.999693294401865,72.60115569230976,0.0,0.0
2009-12-25,22.999693294401865,72.60115569230976,1.7195939676639682e-06,0.0017195939676639682
2009-12-26,22.999693294401865,72.60115569230976,1.2951650774084555e-06,0.0012951650774084555
2009-12-27,22.999693294401865,72.60115569230976,0.0,0.0
2009-12-28,22.999693294401865,72.60115569230976,8.52346317969932e-07,0.000852346317969932
2009-12-29,22.999693294401865,72.60115569230976,1.729930204419361e-06,0.001729930204419361
2009-12-30,22.999693294401865,72.60115569230976,2.582992010502494e-06,0.002582992010502494
2009-12-31,22.999693294401865,72.60115569230976,4.29153317327291e-07,0.000429153317327291
2010-01-01,22.999693294401865,72.60115569230976,0.0,0.0
2010-01-02,22.999693294401865,72.60115569230976,4.369020359717979e-06,0.004369020359717979
2010-01-03,22.999693294401865,72.60115569230976,0.0016265541314055554,1.6265541314055554
2010-01-04,22.999693294401865,72.60115569230976,0.0,0.0
2010-01-05,22.999693294401865,72.60115569230976,4.351138045421976e-07,0.0004351138045421976
2010-01-06,22.999693294401865,72.60115569230976,0.0,0.0
2010-01-07,22.999693294401865,72.60115569230976,8.52346317969932e-07,0.000852346317969932
2010-01-08,22.999693294401865,72.60115569230976,0.0,0.0
2010-01-09,22.999693294401865,72.60115569230976,0.0,0.0
2010-01-10,22.999693294401865,72.60115569230976,1.2802358355656906e-06,0.0012802358355656906
2010-01-11,22.999693294401865,72.60115569230976,4.351138613856165e-07,0.0004351138613856165
2010-01-12,22.999693294401865,72.60115569230976,4.351138045421976e-07,0.0004351138045421976
2010-01-13,22.999693294401865,72.60115569230976,0.0,0.0
2010-01-14,22.999693294401865,72.60115569230976,1.2868549106315186e-06,0.0012868549106315186
2010-01-15,22.999693294401865,72.60115569230976,1.7070676676667063e-06,0.0017070676676667063
2010-01-16,22.999693294401865,72.60115569230976,2.575116411662748e-06,0.002575116411662748
2010-01-17,22.999693294401865,72.60115569230976,8.583063504374877e-07,0.0008583063504374877
2010-01-18,22.999693294401865,72.60115569230976,0.0,0.0
2010-01-19,22.999693294401865,72.60115569230976,8.52346317969932e-07,0.000852346317969932
2010-01-20,22.999693294401865,72.60115569230976,8.584264037381217e-07,0.0008584264037381217
2010-01-21,22.999693294401865,72.60115569230976,0.0,0.0
2010-01-22,22.999693294401865,72.60115569230976,8.523463748133508e-07,0.0008523463748133508
2010-01-23,22.999693294401865,72.60115569230976,1.278923605241289e-06,0.001278923605241289
2010-01-24,22.999693294401865,72.60115569230976,8.52346317969932e-07,0.000852346317969932
2010-01-25,22.999693294401865,72.60115569230976,5.684341886080802e-14,5.6843418860808015e-11
2010-01-26,22.999693294401865,72.60115569230976,1.2874601225121296e-06,0.0012874601225121296
2010-01-27,22.999693294401865,72.60115569230976,8.463859444418631e-07,0.0008463859444418631
2010-01-28,22.999693294401865,72.60115569230976,1.2962814821548818e-06,0.0012962814821548818
2010-01-29,22.999693294401865,72.60115569230976,1.2849056929553626e-06,0.0012849056929553626
2010-01-30,22.999693294401865,72.60115569230976,2.5789652227103943e-06,0.0025789652227103943
2010-01-31,22.999693294401865,72.60115569230976,2.568959644122515e-06,0.002568959644122515
2010-02-01,22.999693294401865,72.60115569230976,2.1382026602623228e-06,0.0021382026602623228
2010-02-02,22.999693294401865,72.60115569230976,4.29531144163775e-06,0.00429531144163775
2010-02-03,22.999693294401865,72.60115569230976,3.841658326564357e-06,0.0038416583265643567
2010-02-04,22.999693294401865,72.60115569230976,2.1710329747293144e-06,0.0021710329747293144
2010-02-05,22.999693294401865,72.60115569230976,1.7267963698941458e-06,0.0017267963698941458
2010-02-06,22.999693294401865,72.60115569230976,1.713806909720006e-06,0.001713806909720006
2010-02-07,22.999693294401865,72.60115569230976,2.165826685995853e-06,0.002165826685995853
2010-02-08,22.999693294401865,72.60115569230976,0.0003158926963919839,0.3158926963919839
2010-02-09,22.999693294401865,72.60115569230976,8.496238592670124e-07,0.0008496238592670124
2010-02-10,22.999693294401865,72.60115569230976,1.2934207802572928e-06,0.0012934207802572928
2010-02-11,22.999693294401865,72.60115569230976,8.523463748133508e-07,0.0008523463748133508
2010-02-12,22.999693294401865,72.60115569230976,8.52346317969932e-07,0.000852346317969932
2010-02-13,22.999693294401865,72.60115569230976,1.2844800494349329e-06,0.0012844800494349329
2010-02-14,22.999693294401865,72.60115569230976,1.286269935008022e-06,0.001286269935008022
2010-02-15,22.999693294401865,72.60115569230976,4.261732051702438e-07,0.0004261732051702438
2010-02-16,22.999693294401865,72.60115569230976,4.410743663640915e-07,0.0004410743663640915
2010-02-17,22.999693294401865,72.60115569230976,2.9923439797130413e-06,0.0029923439797130413
2010-02-18,22.999693294401865,72.60115569230976,8.586045510128315e-07,0.0008586045510128315
2010-02-19,22.999693294401865,72.60115569230976,0.0,0.0
2010-02-20,22.999693294401865,72.60115569230976,1.2844800494349329e-06,0.0012844800494349329
2010-02-21,22.999693294401865,72.60115569230976,0.0,0.0
2010-02-22,22.999693294401865,72.60115569230976,2.086162567138672e-07,0.0002086162567138672
2010-02-23,22.999693294401865,72.60115569230976,0.0,0.0
2010-02-24,22.999693294401865,72.60115569230976,4.351138613856165e-07,0.0004351138613856165
2010-02-25,22.999693294401865,72.60115569230976,2.1424560827654204e-06,0.0021424560827654204
2010-02-26,22.999693294401865,72.60115569230976,2.591753059277835e-06,0.002591753059277835
2010-02-27,22.999693294401865,72.60115569230976,0.0,0.0
2010-02-28,22.999693294401865,72.60115569230976,8.52346317969932e-07,0.000852346317969932
2010-03-01,22.999693294401865,72.60115569230976,1.7064855342141527e-06,0.0017064855342141527
2010-03-02,22.999693294401865,72.60115569230976,0.0,0.0
2010-03-03,22.999693294401865,72.60115569230976,1.7106532368416083e-06,0.0017106532368416083
2010-03-04,22.999693294401865,72.60115569230976,0.0,0.0
2010-03-05,22.999693294401865,72.60115569230976,4.351138045421976e-07,0.0004351138045421976
2010-03-06,22.999693294401865,72.60115569230976,3.2820069009176223e-06,0.0032820069009176223
2010-03-07,22.999693294401865,72.60115569230976,1.788140480130096e-08,1.788140480130096e-05
2010-03-08,22.999693294401865,72.60115569230976,8.590428706156672e-07,0.0008590428706156672
2010-03-09,22.999693294401865,72.60115569230976,0.0,0.0
2010-03-10,22.999693294401865,72.60115569230976,0.0,0.0
2010-03-11,22.999693294401865,72.60115569230976,1.716046028832352e-06,0.001716046028832352
2010-03-12,22.999693294401865,72.60115569230976,9.174129900202388e-09,9.174129900202388e-06
2010-03-13,22.999693294401865,72.60115569230976,8.52346317969932e-07,0.000852346317969932
2010-03-14,22.999693294401865,72.60115569230976,2.58088101645626e-06,0.00258088101645626
2010-03-15,22.999693294401865,72.60115569230976,1.2941450222569983e-06,0.0012941450222569983
2010-03-16,22.999693294401865,72.60115569230976,4.410743663640915e-07,0.0004410743663640915
2010-03-17,22.999693294401865,72.60115569230976,0.0,0.0
2010-03-18,22.999693294401865,72.60115569230976,0.0,0.0
2010-03-19,22.999693294401865,72.60115569230976,0.0,0.0
2010-03-20,22.999693294401865,72.60115569230976,8.52346317969932e-07,0.000852346317969932
2010-03-21,22.999693294401865,72.60115569230976,0.0,0.0
2010-03-22,22.999693294401865,72.60115569230976,4.351138045421976e-07,0.0004351138045421976
2010-03-23,22.999693294401865,72.60115569230976,8.523463748133508e-07,0.0008523463748133508
2010-03-24,22.999693294401865,72.60115569230976,0.0,0.0
2010-03-25,22.999693294401865,72.60115569230976,0.0,0.0
2010-03-26,22.999693294401865,72.60115569230976,2.14477836379956e-06,0.00214477836379956
2010-03-27,22.999693294401865,72.60115569230976,1.2904405366498395e-06,0.0012904405366498395
2010-03-28,22.999693294401865,72.60115569230976,0.0,0.0
2010-03-29,22.999693294401865,72.60115569230976,4.410743663640915e-07,0.0004410743663640915
2010-03-30,22.999693294401865,72.60115569230976,8.52346317969932e-07,0.000852346317969932
2010-03-31,22.999693294401865,72.60115569230976,1.2874602361989673e-06,0.0012874602361989673
2010-04-01,22.999693294401865,72.60115569230976,2.5824065232882276e-06,0.0025824065232882276
2010-04-02,22.999693294401865,72.60115569230976,1.6987324329420517e-06,0.0016987324329420517
2010-04-03,22.999693294401865,72.60115569230976,1.2819257335650036e-06,0.0012819257335650036
2010-04-04,22.999693294401865,72.60115569230976,0.0,0.0
2010-04-05,22.999693294401865,72.60115569230976,4.351138045421976e-07,0.0004351138045421976
2010-04-06,22.999693294401865,72.60115569230976,8.52346317969932e-07,0.000852346317969932
2010-04-07,22.999693294401865,72.60115569230976,2.1427867977763526e-06,0.0021427867977763526
2010-04-08,22.999693294401865,72.60115569230976,4.712652298621833e-06,0.004712652298621833
2010-04-09,22.999693294401865,72.60115569230976,7.975359039846808e-09,7.975359039846808e-06
2010-04-10,22.999693294401865,72.60115569230976,1.7225742112714215e-06,0.0017225742112714215
2010-04-11,22.999693294401865,72.60115569230976,-4.618641469278373e-09,-4.618641469278373e-06
2010-04-12,22.999693294401865,72.60115569230976,2.561742292073177e-06,0.002561742292073177
2010-04-13,22.999693294401865,72.60115569230976,0.0,0.0
2010-04-14,22.999693294401865,72.60115569230976,2.5754927719390253e-06,0.0025754927719390253
2010-04-15,22.999693294401865,72.60115569230976,8.553265047339664e-07,0.0008553265047339664
2010-04-16,22.999693294401865,72.60115569230976,8.52346317969932e-07,0.000852346317969932
2010-04-17,22.999693294401865,72.60115569230976,8.52346317969932e-07,0.000852346317969932
2010-04-18,22.999693294401865,72.60115569230976,4.351138045421976e-07,0.0004351138045421976
2010-04-19,22.999693294401865,72.60115569230976,8.52346317969932e-07,0.000852346317969932
2010-04-20,22.999693294401865,72.60115569230976,4.351138045421976e-07,0.0004351138045421976
2010-04-21,22.999693294401865,72.60115569230976,1.7225738702109084e-06,0.0017225738702109084
2010-04-22,22.999693294401865,72.60115569230976,1.7106534642152837e-06,0.0017106534642152837
2010-04-23,22.999693294401865,72.60115569230976,8.526246801920934e-07,0.0008526246801920934
2010-04-24,22.999693294401865,72.60115569230976,4.294549398764502e-06,0.004294549398764502
2010-04-25,22.999693294401865,72.60115569230976,3.423390239731816e-06,0.003423390239731816
2010-04-26,22.999693294401865,72.60115569230976,1.7194571455547702e-06,0.0017194571455547702
2010-04-27,22.999693294401865,72.60115569230976,8.52346317969932e-07,0.000852346317969932
2010-04-28,22.999693294401865,72.60115569230976,0.0,0.0
2010-04-29,22.999693294401865,72.60115569230976,0.0,0.0
2010-04-30,22.999693294401865,72.60115569230976,8.52346317969932e-07,0.000852346317969932
2010-05-01,22.999693294401865,72.60115569230976,1.7225742112714215e-06,0.0017225742112714215
2010-05-02,22.999693294401865,72.60115569230976,0.0,0.0
2010-05-03,22.999693294401865,72.60115569230976,3.821253761771004e-05,0.03821253761771004
2010-05-04,22.999693294401865,72.60115569230976,-1.1920974429813214e-08,-1.1920974429813214e-05
2010-05-05,22.999693294401865,72.60115569230976,8.642673492431641e-07,0.0008642673492431641
2010-05-06,22.999693294401865,72.60115569230976,0.0,0.0
2010-05-07,22.999693294401865,72.60115569230976,0.0,0.0
2010-05-08,22.999693294401865,72.60115569230976,1.7252061184080958e-06,0.0017252061184080958
2010-05-09,22.999693294401865,72.60115569230976,0.0,0.0
2010-05-10,22.999693294401865,72.60115569230976,0.0,0.0
2010-05-11,22.999693294401865,72.60115569230976,1.7046927496267017e-06,0.0017046927496267017
2010-05-12,22.999693294401865,72.60115569230976,0.0,0.0
2010-05-13,22.999693294401865,72.60115569230976,8.583068833445395e-07,0.0008583068833445395
2010-05-14,22.999693294401865,72.60115569230976,0.0,0.0
2010-05-15,22.999693294401865,72.60115569230976,0.0,0.0
2010-05-16,22.999693294401865,72.60115569230976,8.583068797918258e-07,0.0008583068797918258
2010-05-17,22.999693294401865,72.60115569230976,8.523463748133508e-07,0.0008523463748133508
2010-05-18,22.999693294401865,72.60115569230976,1.7136334804490616e-06,0.0017136334804490616
2010-05-19,22.999693294401865,72.60115569230976,8.792540029389784e-10,8.792540029389784e-07
2010-05-20,22.999693294401865,72.60115569230976,8.583068797918258e-07,0.0008583068797918258
2010-05-21,22.999693294401865,72.60115569230976,8.523463748133508e-07,0.0008523463748133508
2010-05-22,22.999693294401865,72.60115569230976,2.571738264123269e-06,0.002571738264123269
2010-05-23,22.999693294401865,72.60115569230976,1.722934598546999e-06,0.001722934598546999
2010-05-24,22.999693294401865,72.60115569230976,3.534555389705929e-06,0.003534555389705929
2010-05-25,22.999693294401865,72.60115569230976,1.4603137969970703e-06,0.0014603137969970703
2010-05-26,22.999693294401865,72.60115569230976,9.369850090479304e-06,0.009369850090479304
2010-05-27,22.999693294401865,72.60115569230976,2.7620792383942216e-05,0.027620792383942216
2010-05-28,22.999693294401865,72.60115569230976,1.0022521014008134e-05,0.010022521014008134
2010-05-29,22.999693294401865,72.60115569230976,2.2232531478039164e-06,0.0022232531478039164
2010-05-30,22.999693294401865,72.60115569230976,1.3560056686401367e-06,0.0013560056686401367
2010-05-31,22.999693294401865,72.60115569230976,0.0,0.0
2010-06-01,22.999693294401865,72.60115569230976,8.52346317969932e-07,0.000852346317969932
2010-06-02,22.999693294401865,72.60115569230976,0.0035941094160065745,3.5941094160065745
2010-06-03,22.999693294401865,72.60115569230976,0.00021230578422049007,0.21230578422049007
2010-06-04,22.999693294401865,72.60115569230976,6.042340010026237e-05,0.06042340010026237
2010-06-05,22.999693294401865,72.60115569230976,0.00023120093591799673,0.23120093591799673
2010-06-06,22.999693294401865,72.60115569230976,0.0011265147806511777,1.1265147806511777
2010-06-07,22.999693294401865,72.60115569230976,0.006798748266021448,6.798748266021448
2010-06-08,22.999693294401865,72.60115569230976,0.00036031007766723633,0.36031007766723633
2010-06-09,22.999693294401865,72.60115569230976,3.282129764414776e-05,0.03282129764414776
2010-06-10,22.999693294401865,72.60115569230976,0.00035265088081359863,0.35265088081359863
2010-06-11,22.999693294401865,72.60115569230976,3.63618134429089e-05,0.0363618134429089
2010-06-12,22.999693294401865,72.60115569230976,2.5813640718297393e-06,0.0025813640718297393
2010-06-13,22.999693294401865,72.60115569230976,1.7191834444929555e-06,0.0017191834444929555
2010-06-14,22.999693294401865,72.60115569230976,0.0,0.0
2010-06-15,22.999693294401865,72.60115569230976,0.003405272960662842,3.405272960662842
2010-06-16,22.999693294401865,72.60115569230976,0.0008691549301147461,0.8691549301147461
2010-06-17,22.999693294401865,72.60115569230976,0.00019455254067679562,0.19455254067679562
2010-06-18,22.999693294401865,72.60115569230976,3.141462809708173e-05,0.03141462809708173
2010-06-19,22.999693294401865,72.60115569230976,0.0,0.0
2010-06-20,22.999693294401865,72.60115569230976,8.52346317969932e-07,0.000852346317969932
2010-06-21,22.999693294401865,72.60115569230976,0.0004980087270496369,0.49800872704963695
2010-06-22,22.999693294401865,72.60115569230976,0.00016148686398764767,0.16148686398764767
2010-06-23,22.999693294401865,72.60115569230976,0.0006740391236235155,0.6740391236235155
2010-06-24,22.999693294401865,72.60115569230976,0.00021751238159595232,0.21751238159595232
2010-06-25,22.999693294401865,72.60115569230976,0.00022875383768905522,0.22875383768905522
2010-06-26,22.999693294401865,72.60115569230976,0.00014621283094129467,0.14621283094129467
2010-06-27,22.999693294401865,72.60115569230976,0.0015697896480446616,1.5697896480446616
2010-06-28,22.999693294401865,72.60115569230976,0.0002429395913168264,0.2429395913168264
2010-06-29,22.999693294401865,72.60115569230976,4.917383193969727e-07,0.0004917383193969727
2010-06-30,22.999693294401865,72.60115569230976,3.5941599776379007e-06,0.0035941599776379007
2010-07-01,22.999693294401865,72.60115569230976,5.30276736299129e-06,0.00530276736299129
2010-07-02,22.999693294401865,72.60115569230976,0.00988497782094555,9.88497782094555
2010-07-03,22.999693294401865,72.60115569230976,0.0129944860934188,12.9944860934188
2010-07-04,22.999693294401865,72.60115569230976,0.035049661993923564,35.049661993923564
2010-07-05,22.999693294401865,72.60115569230976,0.044701538488254755,44.701538488254755
2010-07-06,22.999693294401865,72.60115569230976,0.008938479423420631,8.938479423420631
2010-07-07,22.999693294401865,72.60115569230976,0.008288368582725525,8.288368582725525
2010-07-08,22.999693294401865,72.60115569230976,0.01533953845500946,15.33953845500946
2010-07-09,22.999693294401865,72.60115569230976,0.003480285406112671,3.480285406112671
2010-07-10,22.999693294401865,72.60115569230976,0.004375718826850061,4.375718826850061
2010-07-11,22.999693294401865,72.60115569230976,0.0008618831634521484,0.8618831634521484
2010-07-12,22.999693294401865,72.60115569230976,0.0011907458305344676,1.1907458305344676
2010-07-13,22.999693294401865,72.60115569230976,0.001021774609057502,1.021774609057502
2010-07-14,22.999693294401865,72.60115569230976,0.0007692128419876099,0.7692128419876099
2010-07-15,22.999693294401865,72.60115569230976,0.0015147149561762774,1.5147149561762774
2010-07-16,22.999693294401865,72.60115569230976,0.00934156775468864,9.34156775468864
2010-07-17,22.999693294401865,72.60115569230976,0.007014724612190548,7.014724612190548
2010-07-18,22.999693294401865,72.60115569230976,0.0014468274727619246,1.4468274727619246
2010-07-19,22.999693294401865,72.60115569230976,0.0019213524466863419,1.9213524466863419
2010-07-20,22.999693294401865,72.60115569230976,0.002277034521000587,2.277034521000587
2010-07-21,22.999693294401865,72.60115569230976,0.009758423249536463,9.758423249536463
2010-07-22,22.999693294401865,72.60115569230976,0.04697926109383843,46.97926109383843
2010-07-23,22.999693294401865,72.60115569230976,0.00964412735714859,9.64412735714859
2010-07-24,22.999693294401865,72.60115569230976,0.03976982235908011,39.76982235908011
2010-07-25,22.999693294401865,72.60115569230976,0.04171306445311984,41.71306445311984
2010-07-26,22.999693294401865,72.60115569230976,0.033710342645520086,33.710342645520086
2010-07-27,22.999693294401865,72.60115569230976,0.002194497120399319,2.194497120399319
2010-07-28,22.999693294401865,72.60115569230976,0.0013151223329259665,1.3151223329259665
2010-07-29,22.999693294401865,72.60115569230976,0.001809092249970945,1.809092249970945
2010-07-30,22.999693294401865,72.60115569230976,0.004865365579462377,4.865365579462377
2010-07-31,22.999693294401865,72.60115569230976,0.024640032435421233,24.640032435421233
2010-08-01,22.999693294401865,72.60115569230976,0.06713932752609253,67.13932752609253
2010-08-02,22.999693294401865,72.60115569230976,0.04521226286887625,45.21226286887625
2010-08-03,22.999693294401865,72.60115569230976,0.05210722088804687,52.10722088804687
2010-08-04,22.999693294401865,72.60115569230976,0.11950343502849137,119.50343502849137
2010-08-05,22.999693294401865,72.60115569230976,0.0017341792582392657,1.7341792582392657
2010-08-06,22.999693294401865,72.60115569230976,0.001565369106685921,1.565369106685921
2010-08-07,22.999693294401865,72.60115569230976,0.022365653514857087,22.365653514857087
2010-08-08,22.999693294401865,72.60115569230976,0.019003296405454506,19.003296405454506
2010-08-09,22.999693294401865,72.60115569230976,0.003461688756942749,3.461688756942749
2010-08-10,22.999693294401865,72.60115569230976,0.001720641796680411,1.720641796680411
2010-08-11,22.999693294401865,72.60115569230976,0.001525729894581218,1.525729894581218
2010-08-12,22.999693294401865,72.60115569230976,0.0027367413044530053,2.7367413044530053
2010-08-13,22.999693294401865,72.60115569230976,0.003861844539642334,3.861844539642334
2010-08-14,22.999693294401865,72.60115569230976,0.003024825453753266,3.024825453753266
2010-08-15,22.999693294401865,72.60115569230976,0.0009191308501499407,0.9191308501499407
2010-08-16,22.999693294401865,72.60115569230976,0.003768858176442791,3.768858176442791
2010-08-17,22.999693294401865,72.60115569230976,0.003027382492916786,3.027382492916786
2010-08-18,22.999693294401865,72.60115569230976,0.002260056137970423,2.260056137970423
2010-08-19,22.999693294401865,72.60115569230976,0.0004075646399996913,0.4075646399996913
2010-08-20,22.999693294401865,72.60115569230976,0.0019322730096291707,1.9322730096291707
2010-08-21,22.999693294401865,72.60115569230976,0.006167208202612073,6.167208202612073
2010-08-22,22.999693294401865,72.60115569230976,0.001006594260672955,1.006594260672955
2010-08-23,22.999693294401865,72.60115569230976,0.0009590382841224709,0.9590382841224709
2010-08-24,22.999693294401865,72.60115569230976,0.0029318183661075636,2.9318183661075636
2010-08-25,22.999693294401865,72.60115569230976,0.0029043108224868774,2.9043108224868774
2010-08-26,22.999693294401865,72.60115569230976,0.01512101181555181,15.12101181555181
2010-08-27,22.999693294401865,72.60115569230976,0.014536604285240173,14.536604285240173
2010-08-28,22.999693294401865,72.60115569230976,0.013043195009231567,13.043195009231567
2010-08-29,22.999693294401865,72.60115569230976,0.04297005534171561,42.97005534171561
2010-08-30,22.999693294401865,72.60115569230976,0.05785861611354903,57.85861611354903
2010-08-31,22.999693294401865,72.60115569230976,0.011344999074935913,11.344999074935913
2010-09-01,22.999693294401865,72.60115569230976,0.0041790008544921875,4.1790008544921875
2010-09-02,22.999693294401865,72.60115569230976,0.0013654232025146484,1.3654232025146484
2010-09-03,22.999693294401865,72.60115569230976,0.001803576946258545,1.803576946258545
2010-09-04,22.999693294401865,72.60115569230976,0.0019913256168138105,1.9913256168138105
2010-09-05,22.999693294401865,72.60115569230976,0.01007007956502548,10.07007956502548
2010-09-06,22.999693294401865,72.60115569230976,0.008696794509887695,8.696794509887695
2010-09-07,22.999693294401865,72.60115569230976,0.022428774833677778,22.428774833677778
2010-09-08,22.999693294401865,72.60115569230976,0.014271783828633033,14.271783828633033
2010-09-09,22.999693294401865,72.60115569230976,0.042289131879801545,42.289131879801545
2010-09-10,22.999693294401865,72.60115569230976,0.016128605604080803,16.128605604080803
2010-09-11,22.999693294401865,72.60115569230976,0.00039699673652648926,0.39699673652648926
2010-09-12,22.999693294401865,72.60115569230976,0.0041068732737699065,4.1068732737699065
2010-09-13,22.999693294401865,72.60115569230976,0.0065415382384230725,6.5415382384230725
2010-09-14,22.999693294401865,72.60115569230976,0.003673061728477478,3.673061728477478
2010-09-15,22.999693294401865,72.60115569230976,0.002091530007703568,2.091530007703568
2010-09-16,22.999693294401865,72.60115569230976,0.0017874311977834623,1.7874311977834623
2010-09-17,22.999693294401865,72.60115569230976,0.000713143154825957,0.713143154825957
2010-09-18,22.999693294401865,72.60115569230976,0.0004882904638066066,0.48829046380660657
2010-09-19,22.999693294401865,72.60115569230976,0.000288158655166626,0.288158655166626
2010-09-20,22.999693294401865,72.60115569230976,5.848711225553416e-06,0.005848711225553416
2010-09-21,22.999693294401865,72.60115569230976,4.661083221435547e-05,0.04661083221435547
2010-09-22,22.999693294401865,72.60115569230976,3.1739473342895508e-06,0.0031739473342895508
2010-09-23,22.999693294401865,72.60115569230976,0.0016014426937545068,1.6014426937545068
2010-09-24,22.999693294401865,72.60115569230976,0.00037338657352847804,0.37338657352847804
2010-09-25,22.999693294401865,72.60115569230976,8.656098771098186e-07,0.0008656098771098186
2010-09-26,22.999693294401865,72.60115569230976,2.086162567138672e-07,0.0002086162567138672
2010-09-27,22.999693294401865,72.60115569230976,4.4107436991680515e-07,0.00044107436991680515
2010-09-28,22.999693294401865,72.60115569230976,1.293420723413874e-06,0.001293420723413874
2010-09-29,22.999693294401865,72.60115569230976,0.0006704509257247082,0.6704509257247082
2010-09-30,22.999693294401865,72.60115569230976,8.583068797918258e-07,0.0008583068797918258
2010-10-01,22.999693294401865,72.60115569230976,4.351138045421976e-07,0.0004351138045421976
2010-10-02,22.999693294401865,72.60115569230976,3.0159944799379446e-06,0.0030159944799379446
2010-10-03,22.999693294401865,72.60115569230976,2.1555797502514906e-06,0.0021555797502514906
2010-10-04,22.999693294401865,72.60115569230976,1.2874598951384542e-06,0.0012874598951384542
2010-10-05,22.999693294401865,72.60115569230976,2.140471451639314e-06,0.002140471451639314
2010-10-06,22.999693294401865,72.60115569230976,2.160059466405073e-06,0.002160059466405073
2010-10-07,22.999693294401865,72.60115569230976,8.621215101811686e-07,0.0008621215101811686
2010-10-08,22.999693294401865,72.60115569230976,8.511502187502629e-07,0.0008511502187502629
2010-10-09,22.999693294401865,72.60115569230976,4.3213367462158203e-07,0.00043213367462158203
2010-10-10,22.999693294401865,72.60115569230976,2.3573635985485453e-06,0.0023573635985485453
2010-10-11,22.999693294401865,72.60115569230976,0.0015892088413238525,1.5892088413238525
2010-10-12,22.999693294401865,72.60115569230976,0.002167302369969093,2.167302369969093
2010-10-13,22.999693294401865,72.60115569230976,0.00022147475499423308,0.22147475499423308
2010-10-14,22.999693294401865,72.60115569230976,2.0027160303470737e-06,0.0020027160303470737
2010-10-15,22.999693294401865,72.60115569230976,4.410743663640915e-07,0.0004410743663640915
2010-10-16,22.999693294401865,72.60115569230976,1.718136768857903e-06,0.001718136768857903
2010-10-17,22.999693294401865,72.60115569230976,2.5808803911786526e-06,0.0025808803911786526
2010-10-18,22.999693294401865,72.60115569230976,0.00046075077324303493,0.46075077324303493
2010-10-19,22.999693294401865,72.60115569230976,1.883670483948663e-05,0.01883670483948663
2010-10-20,22.999693294401865,72.60115569230976,0.0005772411823272705,0.5772411823272705
2010-10-21,22.999693294401865,72.60115569230976,2.2083519866100687e-06,0.0022083519866100687
2010-10-22,22.999693294401865,72.60115569230976,1.1690322139656928e-05,0.011690322139656928
2010-10-23,22.999693294401865,72.60115569230976,2.56704879575409e-06,0.00256704879575409
2010-10-24,22.999693294401865,72.60115569230976,0.0,0.0
2010-10-25,22.999693294401865,72.60115569230976,4.4107436991680515e-07,0.00044107436991680515
2010-10-26,22.999693294401865,72.60115569230976,4.261732051702438e-07,0.0004261732051702438
2010-10-27,22.999693294401865,72.60115569230976,1.275539318612573e-06,0.001275539318612573
2010-10-28,22.999693294401865,72.60115569230976,0.0,0.0
2010-10-29,22.999693294401865,72.60115569230976,8.583068620282575e-07,0.0008583068620282575
2010-10-30,22.999693294401865,72.60115569230976,1.2904405366498395e-06,0.0012904405366498395
2010-10-31,22.999693294401865,72.60115569230976,1.716613667213096e-06,0.001716613667213096
2010-11-01,22.999693294401865,72.60115569230976,4.351138045421976e-07,0.0004351138045421976
2010-11-02,22.999693294401865,72.60115569230976,8.52346317969932e-07,0.000852346317969932
2010-11-03,22.999693294401865,72.60115569230976,8.641176805213036e-07,0.0008641176805213036
2010-11-04,22.999693294401865,72.60115569230976,8.52346317969932e-07,0.000852346317969932
2010-11-05,22.999693294401865,72.60115569230976,2.1457663024193607e-06,0.0021457663024193607
2010-11-06,22.999693294401865,72.60115569230976,1.7112461137003265e-06,0.0017112461137003265
2010-11-07,22.999693294401865,72.60115569230976,2.147324551060592e-06,0.002147324551060592
2010-11-08,22.999693294401865,72.60115569230976,9.256724384343329e-05,0.09256724384343329
2010-11-09,22.999693294401865,72.60115569230976,0.00212174654006958,2.12174654006958
2010-11-10,22.999693294401865,72.60115569230976,0.002794102548250521,2.794102548250521
2010-11-11,22.999693294401865,72.60115569230976,0.0008723437786102295,0.8723437786102295
2010-11-12,22.999693294401865,72.60115569230976,0.0042691826820373535,4.2691826820373535
2010-11-13,22.999693294401865,72.60115569230976,0.0017117202281902166,1.7117202281902166
2010-11-14,22.999693294401865,72.60115569230976,0.00032045841216898907,0.32045841216898907
2010-11-15,22.999693294401865,72.60115569230976,0.0006608307361588572,0.6608307361588572
2010-11-16,22.999693294401865,72.60115569230976,0.0023901686321892157,2.3901686321892157
2010-11-17,22.999693294401865,72.60115569230976,0.0062852948904037476,6.285294890403748
2010-11-18,22.999693294401865,72.60115569230976,9.469091891745052e-05,0.09469091891745052
2010-11-19,22.999693294401865,72.60115569230976,8.838772773245296e-05,0.08838772773245296
2010-11-20,22.999693294401865,72.60115569230976,8.52346317969932e-07,0.000852346317969932
2010-11-21,22.999693294401865,72.60115569230976,0.00285106544890823,2.85106544890823
2010-11-22,22.999693294401865,72.60115569230976,0.009833097457885742,9.833097457885742
2010-11-23,22.999693294401865,72.60115569230976,0.008021026849746704,8.021026849746704
2010-11-24,22.999693294401865,72.60115569230976,0.0032937496900444785,3.2937496900444785
2010-11-25,22.999693294401865,72.60115569230976,2.157688072657038e-06,0.002157688072657038
2010-11-26,22.999693294401865,72.60115569230976,2.1399318939074874e-06,0.0021399318939074874
2010-11-27,22.999693294401865,72.60115569230976,0.0,0.0
2010-11-28,22.999693294401865,72.60115569230976,4.351138045421976e-07,0.0004351138045421976
2010-11-29,22.999693294401865,72.60115569230976,5.684341886080802e-14,5.6843418860808015e-11
2010-11-30,22.999693294401865,72.60115569230976,8.523463748133508e-07,0.0008523463748133508
2010-12-01,22.999693294401865,72.60115569230976,2.139806724699156e-06,0.002139806724699156
2010-12-02,22.999693294401865,72.60115569230976,8.702070317667676e-07,0.0008702070317667676
2010-12-03,22.999693294401865,72.60115569230976,4.261732051702438e-07,0.0004261732051702438
2010-12-04,22.999693294401865,72.60115569230976,8.52346317969932e-07,0.000852346317969932
2010-12-05,22.999693294401865,72.60115569230976,3.43538602010085e-06,0.00343538602010085
2010-12-06,22.999693294401865,72.60115569230976,8.52346317969932e-07,0.000852346317969932
2010-12-07,22.999693294401865,72.60115569230976,2.139806724699156e-06,0.002139806724699156
2010-12-08,22.999693294401865,72.60115569230976,1.2799182691480837e-06,0.0012799182691480837
2010-12-09,22.999693294401865,72.60115569230976,8.52503546866501e-07,0.000852503546866501
2010-12-10,22.999693294401865,72.60115569230976,1.2812699310416065e-06,0.0012812699310416065
2010-12-11,22.999693294401865,72.60115569230976,1.7040162560988392e-06,0.0017040162560988392
2010-12-12,22.999693294401865,72.60115569230976,8.52346317969932e-07,0.000852346317969932
2010-12-13,22.999693294401865,72.60115569230976,4.351138045421976e-07,0.0004351138045421976
2010-12-14,22.999693294401865,72.60115569230976,4.351138045421976e-07,0.0004351138045421976
2010-12-15,22.999693294401865,72.60115569230976,2.148947487512487e-06,0.002148947487512487
2010-12-16,22.999693294401865,72.60115569230976,4.3674500105339575e-07,0.00043674500105339575
2010-12-17,22.999693294401865,72.60115569230976,0.0,0.0
2010-12-18,22.999693294401865,72.60115569230976,0.0,0.0
2010-12-19,22.999693294401865,72.60115569230976,4.351138045421976e-07,0.0004351138045421976
2010-12-20,22.999693294401865,72.60115569230976,0.0,0.0
2010-12-21,22.999693294401865,72.60115569230976,0.0,0.0
2010-12-22,22.999693294401865,72.60115569230976,8.676298079990374e-07,0.0008676298079990374
2010-12-23,22.999693294401865,72.60115569230976,8.48594936542213e-07,0.000848594936542213
2010-12-24,22.999693294401865,72.60115569230976,8.52346317969932e-07,0.000852346317969932
2010-12-25,22.999693294401865,72.60115569230976,0.0,0.0
2010-12-26,22.999693294401865,72.60115569230976,8.583068051848386e-07,0.0008583068051848386
2010-12-27,22.999693294401865,72.60115569230976,8.851289749145508e-06,0.008851289749145508
2010-12-28,22.999693294401865,72.60115569230976,0.0003504723310356894,0.3504723310356894
2010-12-29,22.999693294401865,72.60115569230976,0.0016009926795277352,1.6009926795277352
2010-12-30,22.999693294401865,72.60115569230976,1.7225742112714215e-06,0.0017225742112714215
2010-12-31,22.999693294401865,72.60115569230976,4.351138045421976e-07,0.0004351138045421976
2011-01-01,22.999693294401865,72.60115569230976,4.351138045421976e-07,0.0004351138045421976
2011-01-02,22.999693294401865,72.60115569230976,1.275539318612573e-06,0.001275539318612573
2011-01-03,22.999693294401865,72.60115569230976,8.70227722771233e-07,0.000870227722771233
2011-01-04,22.999693294401865,72.60115569230976,8.583068797918258e-07,0.0008583068797918258
2011-01-05,22.999693294401865,72.60115569230976,4.261732051702438e-07,0.0004261732051702438
2011-01-06,22.999693294401865,72.60115569230976,8.583068833445395e-07,0.0008583068833445395
2011-01-07,22.999693294401865,72.60115569230976,2.14667198861207e-06,0.00214667198861207
2011-01-08,22.999693294401865,72.60115569230976,4.261732051702438e-07,0.0004261732051702438
2011-01-09,22.999693294401865,72.60115569230976,8.52346317969932e-07,0.000852346317969932
2011-01-10,22.999693294401865,72.60115569230976,2.1471670379469288e-06,0.0021471670379469288
2011-01-11,22.999693294401865,72.60115569230976,8.531106345799344e-07,0.0008531106345799344
2011-01-12,22.999693294401865,72.60115569230976,8.524980330548715e-07,0.0008524980330548715
2011-01-13,22.999693294401865,72.60115569230976,8.553266184208042e-07,0.0008553266184208042
2011-01-14,22.999693294401865,72.60115569230976,1.3005143273403519e-06,0.0013005143273403519
2011-01-15,22.999693294401865,72.60115569230976,2.140881179002463e-06,0.002140881179002463
2011-01-16,22.999693294401865,72.60115569230976,3.0040721412660787e-06,0.0030040721412660787
2011-01-17,22.999693294401865,72.60115569230976,1.2755395459862484e-06,0.0012755395459862484
2011-01-18,22.999693294401865,72.60115569230976,4.261732051702438e-07,0.0004261732051702438
2011-01-19,22.999693294401865,72.60115569230976,2.1422168288154353e-06,0.0021422168288154353
2011-01-20,22.999693294401865,72.60115569230976,4.3318573261785787e-07,0.00043318573261785787
2011-01-21,22.999693294401865,72.60115569230976,1.7150093860607285e-06,0.0017150093860607285
2011-01-22,22.999693294401865,72.60115569230976,2.1508110528145608e-06,0.0021508110528145608
2011-01-23,22.999693294401865,72.60115569230976,4.351138613856165e-07,0.0004351138613856165
2011-01-24,22.999693294401865,72.60115569230976,0.0,0.0
2011-01-25,22.999693294401865,72.60115569230976,1.2904404798064206e-06,0.0012904404798064206
2011-01-26,22.999693294401865,72.60115569230976,4.351138045421976e-07,0.0004351138045421976
2011-01-27,22.999693294401865,72.60115569230976,1.293420723413874e-06,0.001293420723413874
2011-01-28,22.999693294401865,72.60115569230976,8.52346317969932e-07,0.000852346317969932
2011-01-29,22.999693294401865,72.60115569230976,1.2943344813720614e-06,0.0012943344813720614
2011-01-30,22.999693294401865,72.60115569230976,4.351138045421976e-07,0.0004351138045421976
2011-01-31,22.999693294401865,72.60115569230976,4.351138045421976e-07,0.0004351138045421976
2011-02-01,22.999693294401865,72.60115569230976,0.0,0.0
2011-02-02,22.999693294401865,72.60115569230976,8.523869041709986e-07,0.0008523869041709986
2011-02-03,22.999693294401865,72.60115569230976,4.397979864734225e-07,0.0004397979864734225
2011-02-04,22.999693294401865,72.60115569230976,2.1340592866181396e-06,0.0021340592866181396
2011-02-05,22.999693294401865,72.60115569230976,8.583068797918258e-07,0.0008583068797918258
2011-02-06,22.999693294401865,72.60115569230976,0.0,0.0
2011-02-07,22.999693294401865,72.60115569230976,1.7225742112714215e-06,0.0017225742112714215
2011-02-08,22.999693294401865,72.60115569230976,1.7106526684074197e-06,0.0017106526684074197
2011-02-09,22.999693294401865,72.60115569230976,1.7106532936850272e-06,0.0017106532936850272
2011-02-10,22.999693294401865,72.60115569230976,1.7126909597209306e-06,0.0017126909597209306
2011-02-11,22.999693294401865,72.60115569230976,3.4391878216410987e-06,0.0034391878216410987
2011-02-12,22.999693294401865,72.60115569230976,2.5547496989020146e-06,0.0025547496989020146
2011-02-13,22.999693294401865,72.60115569230976,2.326942194486037e-08,2.326942194486037e-05
2011-02-14,22.999693294401865,72.60115569230976,3.1888484954833984e-06,0.0031888484954833984
2011-02-15,22.999693294401865,72.60115569230976,2.0164251225196494e-05,0.020164251225196494
2011-02-16,22.999693294401865,72.60115569230976,1.284924337596749e-06,0.001284924337596749
2011-02-17,22.999693294401865,72.60115569230976,0.0,0.0
2011-02-18,22.999693294401865,72.60115569230976,8.553266184208042e-07,0.0008553266184208042
2011-02-19,22.999693294401865,72.60115569230976,0.0,0.0
2011-02-20,22.999693294401865,72.60115569230976,2.1448282723213197e-06,0.0021448282723213197
2011-02-21,22.999693294401865,72.60115569230976,0.0,0.0
2011-02-22,22.999693294401865,72.60115569230976,1.2934206843340235e-06,0.0012934206843340235
2011-02-23,22.999693294401865,72.60115569230976,8.52346317969932e-07,0.000852346317969932
2011-02-24,22.999693294401865,72.60115569230976,0.0,0.0
2011-02-25,22.999693294401865,72.60115569230976,2.1495791315828683e-06,0.0021495791315828683
2011-02-26,22.999693294401865,72.60115569230976,8.736035965739575e-07,0.0008736035965739575
2011-02-27,22.999693294401865,72.60115569230976,0.0,0.0
2011-02-28,22.999693294401865,72.60115569230976,8.52346317969932e-07,0.000852346317969932
2011-03-01,22.999693294401865,72.60115569230976,1.2803027971131087e-06,0.0012803027971131087
2011-03-02,22.999693294401865,72.60115569230976,1.288683449729433e-06,0.001288683449729433
2011-03-03,22.999693294401865,72.60115569230976,1.2755393754559918e-06,0.0012755393754559918
2011-03-04,22.999693294401865,72.60115569230976,1.2904405366498395e-06,0.0012904405366498395
2011-03-05,22.999693294401865,72.60115569230976,1.7216614764947735e-06,0.0017216614764947735
2011-03-06,22.999693294401865,72.60115569230976,4.410743663640915e-07,0.0004410743663640915
2011-03-07,22.999693294401865,72.60115569230976,4.351138045421976e-07,0.0004351138045421976
2011-03-08,22.999693294401865,72.60115569230976,2.1398063836386427e-06,0.0021398063836386427
2011-03-09,22.999693294401865,72.60115569230976,1.7225742112714215e-06,0.0017225742112714215
2011-03-10,22.999693294401865,72.60115569230976,0.0,0.0
2011-03-11,22.999693294401865,72.60115569230976,4.351138045421976e-07,0.0004351138045421976
2011-03-12,22.999693294401865,72.60115569230976,8.70227722771233e-07,0.000870227722771233
2011-03-13,22.999693294401865,72.60115569230976,1.286133908706688e-06,0.001286133908706688
2011-03-14,22.999693294401865,72.60115569230976,0.0,0.0
2011-03-15,22.999693294401865,72.60115569230976,1.7293677387897333e-06,0.0017293677387897333
2011-03-16,22.999693294401865,72.60115569230976,0.0,0.0
2011-03-17,22.999693294401865,72.60115569230976,4.4120743325493095e-07,0.00044120743325493095
2011-03-18,22.999693294401865,72.60115569230976,4.351138045421976e-07,0.0004351138045421976
2011-03-19,22.999693294401865,72.60115569230976,4.351138045421976e-07,0.0004351138045421976
2011-03-20,22.999693294401865,72.60115569230976,8.541842362319585e-07,0.0008541842362319585
2011-03-21,22.999693294401865,72.60115569230976,0.0,0.0
2011-03-22,22.999693294401865,72.60115569230976,0.0,0.0
2011-03-23,22.999693294401865,72.60115569230976,1.0132789611816406e-06,0.0010132789611816406
2011-03-24,22.999693294401865,72.60115569230976,4.351138045421976e-07,0.0004351138045421976
2011-03-25,22.999693294401865,72.60115569230976,1.7242060721400776e-06,0.0017242060721400776
2011-03-26,22.999693294401865,72.60115569230976,4.261732051702438e-07,0.0004261732051702438
2011-03-27,22.999693294401865,72.60115569230976,1.2920165772811742e-06,0.0012920165772811742
2011-03-28,22.999693294401865,72.60115569230976,1.2934207802572928e-06,0.0012934207802572928
2011-03-29,22.999693294401865,72.60115569230976,4.410743663640915e-07,0.0004410743663640915
2011-03-30,22.999693294401865,72.60115569230976,8.52346317969932e-07,0.000852346317969932
2011-03-31,22.999693294401865,72.60115569230976,8.583068797918258e-07,0.0008583068797918258
2011-04-01,22.999693294401865,72.60115569230976,0.0,0.0
2011-04-02,22.999693294401865,72.60115569230976,1.714241363970359e-06,0.001714241363970359
2011-04-03,22.999693294401865,72.60115569230976,-4.017522314825328e-09,-4.017522314825328e-06
2011-04-04,22.999693294401865,72.60115569230976,3.4286112509107625e-06,0.0034286112509107625
2011-04-05,22.999693294401865,72.60115569230976,2.1762189703622425e-06,0.0021762189703622425
2011-04-06,22.999693294401865,72.60115569230976,4.0733268136250445e-07,0.00040733268136250445
2011-04-07,22.999693294401865,72.60115569230976,1.7195939676639682e-06,0.0017195939676639682
2011-04-08,22.999693294401865,72.60115569230976,0.0,0.0
2011-04-09,22.999693294401865,72.60115569230976,0.0,0.0
2011-04-10,22.999693294401865,72.60115569230976,1.291227306410292e-06,0.001291227306410292
2011-04-11,22.999693294401865,72.60115569230976,8.541416036678129e-07,0.0008541416036678129
2011-04-12,22.999693294401865,72.60115569230976,6.226287041499745e-09,6.226287041499745e-06
2011-04-13,22.999693294401865,72.60115569230976,4.947184493175882e-07,0.0004947184493175882
2011-04-14,22.999693294401865,72.60115569230976,1.4245510087107505e-06,0.0014245510087107505
2011-04-15,22.999693294401865,72.60115569230976,1.7014682498484035e-06,0.0017014682498484035
2011-04-16,22.999693294401865,72.60115569230976,1.2958789739059284e-06,0.0012958789739059284
2011-04-17,22.999693294401865,72.60115569230976,1.3922384937359311e-05,0.013922384937359311
2011-04-18,22.999693294401865,72.60115569230976,0.0,0.0
2011-04-19,22.999693294401865,72.60115569230976,4.351138613856165e-07,0.0004351138613856165
2011-04-20,22.999693294401865,72.60115569230976,4.351138613856165e-07,0.0004351138613856165
2011-04-21,22.999693294401865,72.60115569230976,0.0,0.0
2011-04-22,22.999693294401865,72.60115569230976,0.0,0.0
2011-04-23,22.999693294401865,72.60115569230976,8.642672923997452e-07,0.0008642672923997452
2011-04-24,22.999693294401865,72.60115569230976,8.583068797918258e-07,0.0008583068797918258
2011-04-25,22.999693294401865,72.60115569230976,4.261732051702438e-07,0.0004261732051702438
2011-04-26,22.999693294401865,72.60115569230976,4.351138045421976e-07,0.0004351138045421976
2011-04-27,22.999693294401865,72.60115569230976,8.61995943068905e-07,0.000861995943068905
2011-04-28,22.999693294401865,72.60115569230976,1.2814998058274796e-06,0.0012814998058274796
2011-04-29,22.999693294401865,72.60115569230976,4.351138045421976e-07,0.0004351138045421976
2011-04-30,22.999693294401865,72.60115569230976,8.553266184208042e-07,0.0008553266184208042
2011-05-01,22.999693294401865,72.60115569230976,4.261732051702438e-07,0.0004261732051702438
2011-05-02,22.999693294401865,72.60115569230976,8.510136808581592e-07,0.0008510136808581592
2011-05-03,22.999693294401865,72.60115569230976,8.637583910342528e-07,0.0008637583910342528
2011-05-04,22.999693294401865,72.60115569230976,1.5796065326867392e-06,0.0015796065326867392
2011-05-05,22.999693294401865,72.60115569230976,2.5663167093625816e-06,0.0025663167093625816
2011-05-06,22.999693294401865,72.60115569230976,2.579196859642252e-06,0.002579196859642252
2011-05-07,22.999693294401865,72.60115569230976,7.644359811820323e-09,7.644359811820323e-06
2011-05-08,22.999693294401865,72.60115569230976,1.713556514459924e-06,0.001713556514459924
2011-05-09,22.999693294401865,72.60115569230976,2.563766599905648e-06,0.002563766599905648
2011-05-10,22.999693294401865,72.60115569230976,1.3339519398414268e-05,0.013339519398414268
2011-05-11,22.999693294401865,72.60115569230976,2.1488634729394107e-06,0.0021488634729394107
2011-05-12,22.999693294401865,72.60115569230976,2.318620676788896e-06,0.002318620676788896
2011-05-13,22.999693294401865,72.60115569230976,0.0,0.0
2011-05-14,22.999693294401865,72.60115569230976,8.52346317969932e-07,0.000852346317969932
2011-05-15,22.999693294401865,72.60115569230976,2.152140950784087e-06,0.002152140950784087
2011-05-16,22.999693294401865,72.60115569230976,4.738569259643555e-05,0.04738569259643555
2011-05-17,22.999693294401865,72.60115569230976,7.891058921316585e-05,0.07891058921316585
2011-05-18,22.999693294401865,72.60115569230976,0.0,0.0
2011-05-19,22.999693294401865,72.60115569230976,2.5691031737551384e-06,0.0025691031737551384
2011-05-20,22.999693294401865,72.60115569230976,0.0,0.0
2011-05-21,22.999693294401865,72.60115569230976,5.686581124564327e-05,0.05686581124564327
2011-05-22,22.999693294401865,72.60115569230976,9.785592555999756e-05,0.09785592555999756
2011-05-23,22.999693294401865,72.60115569230976,5.155801773071289e-06,0.005155801773071289
2011-05-24,22.999693294401865,72.60115569230976,3.2782554626464844e-07,0.00032782554626464844
2011-05-25,22.999693294401865,72.60115569230976,1.2874602361989673e-06,0.0012874602361989673
2011-05-26,22.999693294401865,72.60115569230976,1.7106531231547706e-06,0.0017106531231547706
2011-05-27,22.999693294401865,72.60115569230976,0.0,0.0
2011-05-28,22.999693294401865,72.60115569230976,0.0,0.0
2011-05-29,22.999693294401865,72.60115569230976,4.2846215819736244e-07,0.00042846215819736244
2011-05-30,22.999693294401865,72.60115569230976,1.7136334804490616e-06,0.0017136334804490616
2011-05-31,22.999693294401865,72.60115569230976,6.74426555136165e-06,0.00674426555136165
2011-06-01,22.999693294401865,72.60115569230976,7.018446922302246e-06,0.007018446922302246
2011-06-02,22.999693294401865,72.60115569230976,0.0,0.0
2011-06-03,22.999693294401865,72.60115569230976,0.0005116105079601141,0.5116105079601141
2011-06-04,22.999693294401865,72.60115569230976,0.0010243147611568304,1.0243147611568304
2011-06-05,22.999693294401865,72.60115569230976,0.0,0.0
2011-06-06,22.999693294401865,72.60115569230976,3.109117130861705e-06,0.003109117130861705
2011-06-07,22.999693294401865,72.60115569230976,0.0,0.0
2011-06-08,22.999693294401865,72.60115569230976,1.716613667213096e-06,0.001716613667213096
2011-06-09,22.999693294401865,72.60115569230976,3.2031310865932028e-06,0.0032031310865932028
2011-06-10,22.999693294401865,72.60115569230976,3.546476364135742e-06,0.003546476364135742
2011-06-11,22.999693294401865,72.60115569230976,0.00010243952274180401,0.10243952274180401
2011-06-12,22.999693294401865,72.60115569230976,0.00033667683601379395,0.33667683601379395
2011-06-13,22.999693294401865,72.60115569230976,2.3037195205688477e-05,0.023037195205688477
2011-06-14,22.999693294401865,72.60115569230976,2.2679566313854593e-06,0.0022679566313854593
2011-06-15,22.999693294401865,72.60115569230976,2.590667065760499e-06,0.002590667065760499
2011-06-16,22.999693294401865,72.60115569230976,0.00019544363016166244,0.19544363016166244
2011-06-17,22.999693294401865,72.60115569230976,0.00024896562086951235,0.24896562086951235
2011-06-18,22.999693294401865,72.60115569230976,0.00018861341925457964,0.18861341925457964
2011-06-19,22.999693294401865,72.60115569230976,0.00024753212928274593,0.24753212928274593
2011-06-20,22.999693294401865,72.60115569230976,0.00022180378437042236,0.22180378437042236
2011-06-21,22.999693294401865,72.60115569230976,0.0003058314323425293,0.3058314323425293
2011-06-22,22.999693294401865,72.60115569230976,0.00047023962514458617,0.47023962514458617
2011-06-23,22.999693294401865,72.60115569230976,0.0011460719112506013,1.1460719112506013
2011-06-24,22.999693294401865,72.60115569230976,0.0030853867530709067,3.0853867530709067
2011-06-25,22.999693294401865,72.60115569230976,0.0004660308360371346,0.4660308360371346
2011-06-26,22.999693294401865,72.60115569230976,0.00022703557982595157,0.22703557982595157
2011-06-27,22.999693294401865,72.60115569230976,0.0002989969165128059,0.2989969165128059
2011-06-28,22.999693294401865,72.60115569230976,0.0006922960280348889,0.6922960280348889
2011-06-29,22.999693294401865,72.60115569230976,0.0003648251295658156,0.3648251295658156
2011-06-30,22.999693294401865,72.60115569230976,0.0005119979380765471,0.5119979380765471
2011-07-01,22.999693294401865,72.60115569230976,0.0002794896960267579,0.2794896960267579
2011-07-02,22.999693294401865,72.60115569230976,0.00012092607528302324,0.12092607528302324
2011-07-03,22.999693294401865,72.60115569230976,0.0010273575492760756,1.0273575492760756
2011-07-04,22.999693294401865,72.60115569230976,0.0004257410764694214,0.4257410764694214
2011-07-05,22.999693294401865,72.60115569230976,0.0006449222564697266,0.6449222564697266
2011-07-06,22.999693294401865,72.60115569230976,0.01798515319813987,17.98515319813987
2011-07-07,22.999693294401865,72.60115569230976,0.01085565122684784,10.85565122684784
2011-07-08,22.999693294401865,72.60115569230976,0.016377592630988147,16.377592630988147
2011-07-09,22.999693294401865,72.60115569230976,0.034638160467068246,34.638160467068246
2011-07-10,22.999693294401865,72.60115569230976,0.028730192780528796,28.730192780528796
2011-07-11,22.999693294401865,72.60115569230976,0.01150144934644004,11.50144934644004
2011-07-12,22.999693294401865,72.60115569230976,0.00044909119606018066,0.44909119606018066
2011-07-13,22.999693294401865,72.60115569230976,0.0010715156792571179,1.0715156792571179
2011-07-14,22.999693294401865,72.60115569230976,0.004577854274430138,4.577854274430138
2011-07-15,22.999693294401865,72.60115569230976,0.0002364814281463623,0.2364814281463623
2011-07-16,22.999693294401865,72.60115569230976,0.007938053758824282,7.938053758824282
2011-07-17,22.999693294401865,72.60115569230976,0.007393494220789165,7.393494220789165
2011-07-18,22.999693294401865,72.60115569230976,0.013043001294136047,13.043001294136047
2011-07-19,22.999693294401865,72.60115569230976,0.012654244899749756,12.654244899749756
2011-07-20,22.999693294401865,72.60115569230976,0.0006700008667053226,0.6700008667053226
2011-07-21,22.999693294401865,72.60115569230976,0.0012663185596011317,1.2663185596011317
2011-07-22,22.999693294401865,72.60115569230976,0.0018898248671916917,1.8898248671916917
2011-07-23,22.999693294401865,72.60115569230976,0.01600061058979918,16.00061058979918
2011-07-24,22.999693294401865,72.60115569230976,0.015155708789791333,15.155708789791333
2011-07-25,22.999693294401865,72.60115569230976,0.0036272287367751233,3.6272287367751233
2011-07-26,22.999693294401865,72.60115569230976,0.005219192649235538,5.219192649235538
2011-07-27,22.999693294401865,72.60115569230976,0.0036112185276806485,3.6112185276806485
2011-07-28,22.999693294401865,72.60115569230976,0.01009562611579895,10.09562611579895
2011-07-29,22.999693294401865,72.60115569230976,0.004044234752655029,4.044234752655029
2011-07-30,22.999693294401865,72.60115569230976,0.01505661904811717,15.05661904811717
2011-07-31,22.999693294401865,72.60115569230976,0.008988413214638058,8.988413214638058
2011-08-01,22.999693294401865,72.60115569230976,0.0025975704193115234,2.5975704193115234
2011-08-02,22.999693294401865,72.60115569230976,0.0007740442908357181,0.7740442908357181
2011-08-03,22.999693294401865,72.60115569230976,0.0007247209547927014,0.7247209547927014
2011-08-04,22.999693294401865,72.60115569230976,0.0013523399829864502,1.3523399829864502
2011-08-05,22.999693294401865,72.60115569230976,0.0008028745651245117,0.8028745651245117
2011-08-06,22.999693294401865,72.60115569230976,0.001622731994757487,1.622731994757487
2011-08-07,22.999693294401865,72.60115569230976,0.0014037132263133856,1.4037132263133856
2011-08-08,22.999693294401865,72.60115569230976,0.019642606377601624,19.642606377601624
2011-08-09,22.999693294401865,72.60115569230976,0.040024055151718585,40.024055151718585
2011-08-10,22.999693294401865,72.60115569230976,0.01819406747815222,18.19406747815222
2011-08-11,22.999693294401865,72.60115569230976,0.009606742858881745,9.606742858881745
2011-08-12,22.999693294401865,72.60115569230976,0.031759980320831716,31.759980320831716
2011-08-13,22.999693294401865,72.60115569230976,0.03868800584990595,38.68800584990595
2011-08-14,22.999693294401865,72.60115569230976,0.09492712020869476,94.92712020869476
2011-08-15,22.999693294401865,72.60115569230976,0.022572726011276245,22.572726011276245
2011-08-16,22.999693294401865,72.60115569230976,0.002641282762965602,2.641282762965602
2011-08-17,22.999693294401865,72.60115569230976,0.0013481974601745605,1.3481974601745605
2011-08-18,22.999693294401865,72.60115569230976,0.0011316239832694919,1.1316239832694919
2011-08-19,22.999693294401865,72.60115569230976,0.0008884757757172679,0.8884757757172679
2011-08-20,22.999693294401865,72.60115569230976,0.02789255976676941,27.89255976676941
2011-08-21,22.999693294401865,72.60115569230976,0.039481672123429234,39.481672123429234
2011-08-22,22.999693294401865,72.60115569230976,0.002570498332488569,2.570498332488569
2011-08-23,22.999693294401865,72.60115569230976,0.00178552063692905,1.78552063692905
2011-08-24,22.999693294401865,72.60115569230976,0.009485402703319323,9.485402703319323
2011-08-25,22.999693294401865,72.60115569230976,0.006226824056568603,6.226824056568603
2011-08-26,22.999693294401865,72.60115569230976,0.011100770895723144,11.100770895723144
2011-08-27,22.999693294401865,72.60115569230976,0.004954862594502174,4.954862594502174
2011-08-28,22.999693294401865,72.60115569230976,0.0021490838516911026,2.1490838516911026
2011-08-29,22.999693294401865,72.60115569230976,0.0373146400717701,37.3146400717701
2011-08-30,22.999693294401865,72.60115569230976,0.001279059052439635,1.279059052439635
2011-08-31,22.999693294401865,72.60115569230976,0.008774975937924978,8.774975937924978
2011-09-01,22.999693294401865,72.60115569230976,0.007264041900629792,7.264041900629792
2011-09-02,22.999693294401865,72.60115569230976,0.016536816954612732,16.536816954612732
2011-09-03,22.999693294401865,72.60115569230976,0.00976677022754302,9.76677022754302
2011-09-04,22.999693294401865,72.60115569230976,0.009515571119038668,9.515571119038668
2011-09-05,22.999693294401865,72.60115569230976,0.009456503391163551,9.456503391163551
2011-09-06,22.999693294401865,72.60115569230976,0.017887699603932106,17.887699603932106
2011-09-07,22.999693294401865,72.60115569230976,0.020488926768297944,20.488926768297944
2011-09-08,22.999693294401865,72.60115569230976,0.0017265528440475464,1.7265528440475464
2011-09-09,22.999693294401865,72.60115569230976,0.010496351122810665,10.496351122810665
2011-09-10,22.999693294401865,72.60115569230976,0.004612403659280062,4.612403659280062
2011-09-11,22.999693294401865,72.60115569230976,0.020981491010616082,20.981491010616082
2011-09-12,22.999693294401865,72.60115569230976,0.015519767999649048,15.519767999649048
2011-09-13,22.999693294401865,72.60115569230976,0.0010410547256469727,1.0410547256469727
2011-09-14,22.999693294401865,72.60115569230976,0.0021207511424563563,2.1207511424563563
2011-09-15,22.999693294401865,72.60115569230976,0.005837160348789894,5.837160348789894
2011-09-16,22.999693294401865,72.60115569230976,0.00046310424801276895,0.46310424801276895
2011-09-17,22.999693294401865,72.60115569230976,0.0027998030185649725,2.7998030185649725
2011-09-18,22.999693294401865,72.60115569230976,0.0003018856047560803,0.3018856047560803
2011-09-19,22.999693294401865,72.60115569230976,2.1361089920901577e-05,0.021361089920901577
2011-09-20,22.999693294401865,72.60115569230976,0.00025823712337569305,0.25823712337569305
2011-09-21,22.999693294401865,72.60115569230976,9.5909833873975e-05,0.095909833873975
2011-09-22,22.999693294401865,72.60115569230976,0.00030316412448883057,0.30316412448883057
2011-09-23,22.999693294401865,72.60115569230976,0.0002745389938354492,0.2745389938354492
2011-09-24,22.999693294401865,72.60115569230976,0.0004385888576052821,0.4385888576052821
2011-09-25,22.999693294401865,72.60115569230976,0.000611728429703362,0.611728429703362
2011-09-26,22.999693294401865,72.60115569230976,4.0969252495415276e-05,0.040969252495415276
2011-09-27,22.999693294401865,72.60115569230976,0.00028620958323699597,0.28620958323699597
2011-09-28,22.999693294401865,72.60115569230976,0.00012062489980735336,0.12062489980735336
2011-09-29,22.999693294401865,72.60115569230976,0.0003220957788698797,0.3220957788698797
2011-09-30,22.999693294401865,72.60115569230976,0.00020824074738357012,0.20824074738357012
2011-10-01,22.999693294401865,72.60115569230976,3.9476156189266476e-05,0.039476156189266476
2011-10-02,22.999693294401865,72.60115569230976,1.2814998058274796e-06,0.0012814998058274796
2011-10-03,22.999693294401865,72.60115569230976,4.172325134277344e-07,0.0004172325134277344
2011-10-04,22.999693294401865,72.60115569230976,8.583068833445395e-07,0.0008583068833445395
2011-10-05,22.999693294401865,72.60115569230976,4.20882872731454e-06,0.00420882872731454
2011-10-06,22.999693294401865,72.60115569230976,0.0,0.0
2011-10-07,22.999693294401865,72.60115569230976,1.4122610423328297e-06,0.0014122610423328297
2011-10-08,22.999693294401865,72.60115569230976,8.415623256041727e-07,0.0008415623256041727
2011-10-09,22.999693294401865,72.60115569230976,0.0,0.0
2011-10-10,22.999693294401865,72.60115569230976,2.1338461806408304e-06,0.0021338461806408304
2011-10-11,22.999693294401865,72.60115569230976,1.7242882677237503e-09,1.7242882677237503e-06
2011-10-12,22.999693294401865,72.60115569230976,8.398839099754696e-07,0.0008398839099754696
2011-10-13,22.999693294401865,72.60115569230976,1.2915259048895678e-06,0.0012915259048895678
2011-10-14,22.999693294401865,72.60115569230976,2.0647048948774227e-05,0.020647048948774227
2011-10-15,22.999693294401865,72.60115569230976,1.7340333386073326e-05,0.017340333386073326
2011-10-16,22.999693294401865,72.60115569230976,8.688854791216727e-07,0.0008688854791216727
2011-10-17,22.999693294401865,72.60115569230976,4.3972394564661954e-05,0.043972394564661954
2011-10-18,22.999693294401865,72.60115569230976,-8.00861243988038e-09,-8.00861243988038e-06
2011-10-19,22.999693294401865,72.60115569230976,8.52346317969932e-07,0.000852346317969932
2011-10-20,22.999693294401865,72.60115569230976,2.5878507017296215e-06,0.0025878507017296215
2011-10-21,22.999693294401865,72.60115569230976,8.362704306819069e-07,0.0008362704306819069
2011-10-22,22.999693294401865,72.60115569230976,8.583068797918258e-07,0.0008583068797918258
2011-10-23,22.999693294401865,72.60115569230976,8.642672923997452e-07,0.0008642672923997452
2011-10-24,22.999693294401865,72.60115569230976,8.52346317969932e-07,0.000852346317969932
2011-10-25,22.999693294401865,72.60115569230976,4.2319288695580326e-07,0.00042319288695580326
2011-10-26,22.999693294401865,72.60115569230976,1.2908708981740347e-06,0.0012908708981740347
2011-10-27,22.999693294401865,72.60115569230976,8.553265615773853e-07,0.0008553265615773853
2011-10-28,22.999693294401865,72.60115569230976,8.440611054538749e-07,0.0008440611054538749
2011-10-29,22.999693294401865,72.60115569230976,2.1433112920021813e-06,0.0021433112920021813
2011-10-30,22.999693294401865,72.60115569230976,8.583068797918258e-07,0.0008583068797918258
2011-10-31,22.999693294401865,72.60115569230976,4.4127250475867186e-07,0.00044127250475867186
2011-11-01,22.999693294401865,72.60115569230976,1.7099379761020828e-06,0.0017099379761020828
2011-11-02,22.999693294401865,72.60115569230976,0.0,0.0
2011-11-03,22.999693294401865,72.60115569230976,0.0,0.0
2011-11-04,22.999693294401865,72.60115569230976,1.274852024835127e-06,0.001274852024835127
2011-11-05,22.999693294401865,72.60115569230976,8.523463748133508e-07,0.0008523463748133508
2011-11-06,22.999693294401865,72.60115569230976,4.351138045421976e-07,0.0004351138045421976
2011-11-07,22.999693294401865,72.60115569230976,4.351138613856165e-07,0.0004351138613856165
2011-11-08,22.999693294401865,72.60115569230976,1.7195939676639682e-06,0.0017195939676639682
2011-11-09,22.999693294401865,72.60115569230976,1.2756220257870154e-06,0.0012756220257870154
2011-11-10,22.999693294401865,72.60115569230976,4.351138045421976e-07,0.0004351138045421976
2011-11-11,22.999693294401865,72.60115569230976,1.2834020708396565e-06,0.0012834020708396565
2011-11-12,22.999693294401865,72.60115569230976,0.0,0.0
2011-11-13,22.999693294401865,72.60115569230976,0.0,0.0
2011-11-14,22.999693294401865,72.60115569230976,8.52346317969932e-07,0.000852346317969932
2011-11-15,22.999693294401865,72.60115569230976,4.261732051702438e-07,0.0004261732051702438
2011-11-16,22.999693294401865,72.60115569230976,2.577434315753635e-06,0.002577434315753635
2011-11-17,22.999693294401865,72.60115569230976,4.374257400741044e-07,0.0004374257400741044
2011-11-18,22.999693294401865,72.60115569230976,1.7210318787874712e-06,0.0017210318787874712
2011-11-19,22.999693294401865,72.60115569230976,8.522588359483052e-07,0.0008522588359483052
2011-11-20,22.999693294401865,72.60115569230976,2.1478196572388697e-06,0.0021478196572388697
2011-11-21,22.999693294401865,72.60115569230976,1.2582290764839854e-09,1.2582290764839854e-06
2011-11-22,22.999693294401865,72.60115569230976,2.5689601557132846e-06,0.0025689601557132846
2011-11-23,22.999693294401865,72.60115569230976,8.52346317969932e-07,0.000852346317969932
2011-11-24,22.999693294401865,72.60115569230976,8.583068051848386e-07,0.0008583068051848386
2011-11-25,22.999693294401865,72.60115569230976,0.0,0.0
2011-11-26,22.999693294401865,72.60115569230976,8.523463748133508e-07,0.0008523463748133508
2011-11-27,22.999693294401865,72.60115569230976,8.417023877882457e-07,0.0008417023877882457
2011-11-28,22.999693294401865,72.60115569230976,4.5767865231027827e-07,0.00045767865231027827
2011-11-29,22.999693294401865,72.60115569230976,2.1517276422855502e-06,0.0021517276422855502
2011-11-30,22.999693294401865,72.60115569230976,0.0,0.0
2011-12-01,22.999693294401865,72.60115569230976,8.70227722771233e-07,0.000870227722771233
2011-12-02,22.999693294401865,72.60115569230976,4.261732087229575e-07,0.0004261732087229575
2011-12-03,22.999693294401865,72.60115569230976,1.2814998058274796e-06,0.0012814998058274796
2011-12-04,22.999693294401865,72.60115569230976,4.351138045421976e-07,0.0004351138045421976
2011-12-05,22.999693294401865,72.60115569230976,4.351138045421976e-07,0.0004351138045421976
2011-12-06,22.999693294401865,72.60115569230976,4.142522804784221e-07,0.0004142522804784221
2011-12-07,22.999693294401865,72.60115569230976,0.0,0.0
2011-12-08,22.999693294401865,72.60115569230976,1.7046928064701206e-06,0.0017046928064701206
2011-12-09,22.999693294401865,72.60115569230976,1.299380642194592e-06,0.001299380642194592
2011-12-10,22.999693294401865,72.60115569230976,0.0,0.0
2011-12-11,22.999693294401865,72.60115569230976,0.0,0.0
2011-12-12,22.999693294401865,72.60115569230976,1.7151648421531718e-06,0.0017151648421531718
2011-12-13,22.999693294401865,72.60115569230976,2.1500784441741416e-06,0.0021500784441741416
2011-12-14,22.999693294401865,72.60115569230976,8.780630196270067e-07,0.0008780630196270067
2011-12-15,22.999693294401865,72.60115569230976,1.2755393754559918e-06,0.0012755393754559918
2011-12-16,22.999693294401865,72.60115569230976,4.351138045421976e-07,0.0004351138045421976
2011-12-17,22.999693294401865,72.60115569230976,8.702277796146518e-07,0.0008702277796146518
2011-12-18,22.999693294401865,72.60115569230976,4.351138045421976e-07,0.0004351138045421976
2011-12-19,22.999693294401865,72.60115569230976,4.261732051702438e-07,0.0004261732051702438
2011-12-20,22.999693294401865,72.60115569230976,8.612870487922919e-07,0.0008612870487922919
2011-12-21,22.999693294401865,72.60115569230976,1.2814998058274796e-06,0.0012814998058274796
2011-12-22,22.999693294401865,72.60115569230976,4.351138045421976e-07,0.0004351138045421976
2011-12-23,22.999693294401865,72.60115569230976,4.351138045421976e-07,0.0004351138045421976
2011-12-24,22.999693294401865,72.60115569230976,8.375650395464618e-07,0.0008375650395464618
2011-12-25,22.999693294401865,72.60115569230976,4.351138045421976e-07,0.0004351138045421976
2011-12-26,22.999693294401865,72.60115569230976,1.2870723367086612e-06,0.0012870723367086612
2011-12-27,22.999693294401865,72.60115569230976,4.3549692918531946e-07,0.00043549692918531946
2011-12-28,22.999693294401865,72.60115569230976,1.7225742112714215e-06,0.0017225742112714215
2011-12-29,22.999693294401865,72.60115569230976,4.351138045421976e-07,0.0004351138045421976
2011-12-30,22.999693294401865,72.60115569230976,8.351298674824648e-07,0.0008351298674824648
2011-12-31,22.999693294401865,72.60115569230976,8.695628999078053e-07,0.0008695628999078053
2012-01-01,22.999693294401865,72.60115569230976,8.52346317969932e-07,0.000852346317969932
2012-01-02,22.999693294401865,72.60115569230976,8.52346317969932e-07,0.000852346317969932
2012-01-03,22.999693294401865,72.60115569230976,8.52346317969932e-07,0.000852346317969932
2012-01-04,22.999693294401865,72.60115569230976,8.52346317969932e-07,0.000852346317969932
2012-01-05,22.999693294401865,72.60115569230976,2.997827039052936e-06,0.002997827039052936
2012-01-06,22.999693294401865,72.60115569230976,8.612866508883599e-07,0.0008612866508883599
2012-01-07,22.999693294401865,72.60115569230976,1.2897884289486683e-06,0.0012897884289486683
2012-01-08,22.999693294401865,72.60115569230976,1.285132157136104e-06,0.001285132157136104
2012-01-09,22.999693294401865,72.60115569230976,0.0,0.0
2012-01-10,22.999693294401865,72.60115569230976,0.0,0.0
2012-01-11,22.999693294401865,72.60115569230976,1.2904404798064206e-06,0.0012904404798064206
2012-01-12,22.999693294401865,72.60115569230976,8.612871056357108e-07,0.0008612871056357108
2012-01-13,22.999693294401865,72.60115569230976,4.410743663640915e-07,0.0004410743663640915
2012-01-14,22.999693294401865,72.60115569230976,0.0,0.0
2012-01-15,22.999693294401865,72.60115569230976,8.536799214198254e-07,0.0008536799214198254
2012-01-16,22.999693294401865,72.60115569230976,0.00011124735442535894,0.11124735442535894
2012-01-17,22.999693294401865,72.60115569230976,-1.1868507954204688e-08,-1.1868507954204688e-05
2012-01-18,22.999693294401865,72.60115569230976,4.261732051702438e-07,0.0004261732051702438
2012-01-19,22.999693294401865,72.60115569230976,8.543420335627161e-07,0.0008543420335627161
2012-01-20,22.999693294401865,72.60115569230976,4.351138045421976e-07,0.0004351138045421976
2012-01-21,22.999693294401865,72.60115569230976,1.7285346416429093e-06,0.0017285346416429093
2012-01-22,22.999693294401865,72.60115569230976,4.351138045421976e-07,0.0004351138045421976
2012-01-23,22.999693294401865,72.60115569230976,1.2934207802572928e-06,0.0012934207802572928
2012-01-24,22.999693294401865,72.60115569230976,0.0,0.0
2012-01-25,22.999693294401865,72.60115569230976,2.133844645868521e-06,0.002133844645868521
2012-01-26,22.999693294401865,72.60115569230976,8.683437044965103e-07,0.0008683437044965103
2012-01-27,22.999693294401865,72.60115569230976,1.7106531977617578e-06,0.0017106531977617578
2012-01-28,22.999693294401865,72.60115569230976,8.52346317969932e-07,0.000852346317969932
2012-01-29,22.999693294401865,72.60115569230976,4.351138045421976e-07,0.0004351138045421976
2012-01-30,22.999693294401865,72.60115569230976,0.0,0.0
2012-01-31,22.999693294401865,72.60115569230976,1.2814997489840607e-06,0.0012814997489840607
2012-02-01,22.999693294401865,72.60115569230976,8.583068051848386e-07,0.0008583068051848386
2012-02-02,22.999693294401865,72.60115569230976,1.2814998058274796e-06,0.0012814998058274796
2012-02-03,22.999693294401865,72.60115569230976,4.351138045421976e-07,0.0004351138045421976
2012-02-04,22.999693294401865,72.60115569230976,1.2814998626708984e-06,0.0012814998626708984
2012-02-05,22.999693294401865,72.60115569230976,1.2875523793809407e-06,0.0012875523793809407
2012-02-06,22.999693294401865,72.60115569230976,8.553266184208042e-07,0.0008553266184208042
2012-02-07,22.999693294401865,72.60115569230976,4.351138045421976e-07,0.0004351138045421976
2012-02-08,22.999693294401865,72.60115569230976,1.7046928633135394e-06,0.0017046928633135394
2012-02-09,22.999693294401865,72.60115569230976,2.58982174727862e-06,0.00258982174727862
2012-02-10,22.999693294401865,72.60115569230976,2.1517276422855502e-06,0.0021517276422855502
2012-02-11,22.999693294401865,72.60115569230976,1.2915353977405175e-06,0.0012915353977405175
2012-02-12,22.999693294401865,72.60115569230976,1.2814997489840607e-06,0.0012814997489840607
2012-02-13,22.999693294401865,72.60115569230976,1.7046928064701206e-06,0.0017046928064701206
2012-02-14,22.999693294401865,72.60115569230976,8.52346317969932e-07,0.000852346317969932
2012-02-15,22.999693294401865,72.60115569230976,8.555652470931818e-07,0.0008555652470931818
2012-02-16,22.999693294401865,72.60115569230976,0.0,0.0
2012-02-17,22.999693294401865,72.60115569230976,1.2874601225121296e-06,0.0012874601225121296
2012-02-18,22.999693294401865,72.60115569230976,8.523463748133508e-07,0.0008523463748133508
2012-02-19,22.999693294401865,72.60115569230976,8.52346317969932e-07,0.000852346317969932
2012-02-20,22.999693294401865,72.60115569230976,0.0,0.0
2012-02-21,22.999693294401865,72.60115569230976,8.523463748133508e-07,0.0008523463748133508
2012-02-22,22.999693294401865,72.60115569230976,8.52346317969932e-07,0.000852346317969932
2012-02-23,22.999693294401865,72.60115569230976,2.139806667855737e-06,0.002139806667855737
2012-02-24,22.999693294401865,72.60115569230976,1.2857061619797605e-06,0.0012857061619797605
2012-02-25,22.999693294401865,72.60115569230976,0.0,0.0
2012-02-26,22.999693294401865,72.60115569230976,1.7163602592518146e-06,0.0017163602592518146
2012-02-27,22.999693294401865,72.60115569230976,2.1378681935857458e-06,0.0021378681935857458
2012-02-28,22.999693294401865,72.60115569230976,0.0,0.0
2012-02-29,22.999693294401865,72.60115569230976,8.642672355563263e-07,0.0008642672355563263
2012-03-01,22.999693294401865,72.60115569230976,4.351138045421976e-07,0.0004351138045421976
2012-03-02,22.999693294401865,72.60115569230976,4.351138045421976e-07,0.0004351138045421976
2012-03-03,22.999693294401865,72.60115569230976,8.52346317969932e-07,0.000852346317969932
2012-03-04,22.999693294401865,72.60115569230976,4.351138045421976e-07,0.0004351138045421976
2012-03-05,22.999693294401865,72.60115569230976,1.2955942452208546e-06,0.0012955942452208546
2012-03-06,22.999693294401865,72.60115569230976,3.4543800211395137e-06,0.0034543800211395137
2012-03-07,22.999693294401865,72.60115569230976,2.5686658773338422e-06,0.0025686658773338422
2012-03-08,22.999693294401865,72.60115569230976,2.1517276422855502e-06,0.0021517276422855502
2012-03-09,22.999693294401865,72.60115569230976,0.0,0.0
2012-03-10,22.999693294401865,72.60115569230976,8.52346317969932e-07,0.000852346317969932
2012-03-11,22.999693294401865,72.60115569230976,1.7199723743033246e-06,0.0017199723743033246
2012-03-12,22.999693294401865,72.60115569230976,4.206007133689127e-07,0.0004206007133689127
2012-03-13,22.999693294401865,72.60115569230976,4.2970759750460275e-06,0.0042970759750460275
2012-03-14,22.999693294401865,72.60115569230976,2.127850166289136e-06,0.002127850166289136
2012-03-15,22.999693294401865,72.60115569230976,2.139806667855737e-06,0.002139806667855737
2012-03-16,22.999693294401865,72.60115569230976,0.0,0.0
2012-03-17,22.999693294401865,72.60115569230976,3.448433460562228e-06,0.003448433460562228
2012-03-18,22.999693294401865,72.60115569230976,4.2915297626677784e-07,0.00042915297626677784
2012-03-19,22.999693294401865,72.60115569230976,0.0,0.0
2012-03-20,22.999693294401865,72.60115569230976,0.0,0.0
2012-03-21,22.999693294401865,72.60115569230976,0.0,0.0
2012-03-22,22.999693294401865,72.60115569230976,1.716613667213096e-06,0.001716613667213096
2012-03-23,22.999693294401865,72.60115569230976,8.553265615773853e-07,0.0008553265615773853
2012-03-24,22.999693294401865,72.60115569230976,2.147350642189849e-06,0.002147350642189849
2012-03-25,22.999693294401865,72.60115569230976,2.999726916641521e-06,0.002999726916641521
2012-03-26,22.999693294401865,72.60115569230976,0.0,0.0
2012-03-27,22.999693294401865,72.60115569230976,1.2814997489840607e-06,0.0012814997489840607
2012-03-28,22.999693294401865,72.60115569230976,8.588005719900593e-07,0.0008588005719900593
2012-03-29,22.999693294401865,72.60115569230976,1.2849557151639601e-06,0.0012849557151639601
2012-03-30,22.999693294401865,72.60115569230976,0.0,0.0
2012-03-31,22.999693294401865,72.60115569230976,4.351138045421976e-07,0.0004351138045421976
2012-04-01,22.999693294401865,72.60115569230976,1.720531258797564e-06,0.001720531258797564
2012-04-02,22.999693294401865,72.60115569230976,1.7046494349415298e-06,0.0017046494349415298
2012-04-03,22.999693294401865,72.60115569230976,8.52346317969932e-07,0.000852346317969932
2012-04-04,22.999693294401865,72.60115569230976,0.0,0.0
2012-04-05,22.999693294401865,72.60115569230976,0.0,0.0
2012-04-06,22.999693294401865,72.60115569230976,4.351138045421976e-07,0.0004351138045421976
2012-04-07,22.999693294401865,72.60115569230976,0.0,0.0
2012-04-08,22.999693294401865,72.60115569230976,4.351138045421976e-07,0.0004351138045421976
2012-04-09,22.999693294401865,72.60115569230976,8.702277796146518e-07,0.0008702277796146518
2012-04-10,22.999693294401865,72.60115569230976,1.7225742112714215e-06,0.0017225742112714215
2012-04-11,22.999693294401865,72.60115569230976,4.276632239452738e-07,0.0004276632239452738
2012-04-12,22.999693294401865,72.60115569230976,8.52346317969932e-07,0.000852346317969932
2012-04-13,22.999693294401865,72.60115569230976,2.578591761448479e-06,0.002578591761448479
2012-04-14,22.999693294401865,72.60115569230976,1.297644132591813e-06,0.001297644132591813
2012-04-15,22.999693294401865,72.60115569230976,8.55306854674609e-07,0.000855306854674609
2012-04-16,22.999693294401865,72.60115569230976,1.722500087453227e-06,0.001722500087453227
2012-04-17,22.999693294401865,72.60115569230976,0.0,0.0
2012-04-18,22.999693294401865,72.60115569230976,1.724007461234578e-06,0.001724007461234578
2012-04-19,22.999693294401865,72.60115569230976,7.131708116503432e-06,0.007131708116503432
2012-04-20,22.999693294401865,72.60115569230976,0.00025838613510131836,0.25838613510131836
2012-04-21,22.999693294401865,72.60115569230976,2.1510946339731163e-06,0.0021510946339731163
2012-04-22,22.999693294401865,72.60115569230976,-1.1287909273960395e-08,-1.1287909273960395e-05
2012-04-23,22.999693294401865,72.60115569230976,8.583068051848386e-07,0.0008583068051848386
2012-04-24,22.999693294401865,72.60115569230976,4.351138045421976e-07,0.0004351138045421976
2012-04-25,22.999693294401865,72.60115569230976,8.583068833445395e-07,0.0008583068833445395
2012-04-26,22.999693294401865,72.60115569230976,0.0,0.0
2012-04-27,22.999693294401865,72.60115569230976,2.1711533122470428e-06,0.0021711533122470428
2012-04-28,22.999693294401865,72.60115569230976,4.206645485282934e-07,0.0004206645485282934
2012-04-29,22.999693294401865,72.60115569230976,0.0,0.0
2012-04-30,22.999693294401865,72.60115569230976,0.0,0.0
2012-05-01,22.999693294401865,72.60115569230976,1.7195939676639682e-06,0.0017195939676639682
2012-05-02,22.999693294401865,72.60115569230976,8.52346317969932e-07,0.000852346317969932
2012-05-03,22.999693294401865,72.60115569230976,4.261732051702438e-07,0.0004261732051702438
2012-05-04,22.999693294401865,72.60115569230976,1.4901161193847656e-08,1.4901161193847656e-05
2012-05-05,22.999693294401865,72.60115569230976,4.410743663640915e-07,0.0004410743663640915
2012-05-06,22.999693294401865,72.60115569230976,9.806156151626055e-05,0.09806156151626055
2012-05-07,22.999693294401865,72.60115569230976,0.00015764236439963497,0.15764236439963497
2012-05-08,22.999693294401865,72.60115569230976,0.00011100172986289181,0.11100172986289181
2012-05-09,22.999693294401865,72.60115569230976,0.00027693510054405124,0.27693510054405124
2012-05-10,22.999693294401865,72.60115569230976,0.0005695196887813836,0.5695196887813836
2012-05-11,22.999693294401865,72.60115569230976,1.7106522136600688e-06,0.0017106522136600688
2012-05-12,22.999693294401865,72.60115569230976,2.1556810452239006e-06,0.0021556810452239006
2012-05-13,22.999693294401865,72.60115569230976,2.193450825416221e-06,0.002193450825416221
2012-05-14,22.999693294401865,72.60115569230976,8.52346317969932e-07,0.000852346317969932
2012-05-15,22.999693294401865,72.60115569230976,8.612870487922919e-07,0.0008612870487922919
2012-05-16,22.999693294401865,72.60115569230976,1.2814998058274796e-06,0.0012814998058274796
2012-05-17,22.999693294401865,72.60115569230976,8.553265615773853e-07,0.0008553265615773853
2012-05-18,22.999693294401865,72.60115569230976,8.642673492431641e-07,0.0008642673492431641
2012-05-19,22.999693294401865,72.60115569230976,0.0,0.0
2012-05-20,22.999693294401865,72.60115569230976,8.553265615773853e-07,0.0008553265615773853
2012-05-21,22.999693294401865,72.60115569230976,8.94073082235991e-09,8.94073082235991e-06
2012-05-22,22.999693294401865,72.60115569230976,8.52346317969932e-07,0.000852346317969932
2012-05-23,22.999693294401865,72.60115569230976,3.4188750532848644e-06,0.0034188750532848644
2012-05-24,22.999693294401865,72.60115569230976,4.261732087229575e-07,0.0004261732087229575
2012-05-25,22.999693294401865,72.60115569230976,1.2904404798064206e-06,0.0012904404798064206
2012-05-26,22.999693294401865,72.60115569230976,0.0,0.0
2012-05-27,22.999693294401865,72.60115569230976,2.157688072657038e-06,0.002157688072657038
2012-05-28,22.999693294401865,72.60115569230976,8.518818503944203e-07,0.0008518818503944203
2012-05-29,22.999693294401865,72.60115569230976,8.674883424930613e-07,0.0008674883424930613
2012-05-30,22.999693294401865,72.60115569230976,8.523463748133508e-07,0.0008523463748133508
2012-05-31,22.999693294401865,72.60115569230976,1.72321148284027e-06,0.00172321148284027
2012-06-01,22.999693294401865,72.60115569230976,3.0672918001073413e-06,0.0030672918001073413
2012-06-02,22.999693294401865,72.60115569230976,4.8631060849402274e-06,0.0048631060849402274
2012-06-03,22.999693294401865,72.60115569230976,1.7719760364798276e-05,0.017719760364798276
2012-06-04,22.999693294401865,72.60115569230976,4.3737888290706906e-05,0.043737888290706906
2012-06-05,22.999693294401865,72.60115569230976,8.523463748133508e-07,0.0008523463748133508
2012-06-06,22.999693294401865,72.60115569230976,0.0,0.0
2012-06-07,22.999693294401865,72.60115569230976,8.583068833445395e-07,0.0008583068833445395
2012-06-08,22.999693294401865,72.60115569230976,3.063678736481279e-06,0.003063678736481279
2012-06-09,22.999693294401865,72.60115569230976,0.00010554492467917953,0.10554492467917953
2012-06-10,22.999693294401865,72.60115569230976,1.5273690223693848e-05,0.015273690223693848
2012-06-11,22.999693294401865,72.60115569230976,0.0006688535213470459,0.6688535213470459
2012-06-12,22.999693294401865,72.60115569230976,0.0033924460410048596,3.3924460410048596
2012-06-13,22.999693294401865,72.60115569230976,0.0025729387997444064,2.5729387997444064
2012-06-14,22.999693294401865,72.60115569230976,0.0001683592795984623,0.1683592795984623
2012-06-15,22.999693294401865,72.60115569230976,0.00024049878119924983,0.24049878119924983
2012-06-16,22.999693294401865,72.60115569230976,0.008852258022670867,8.852258022670867
2012-06-17,22.999693294401865,72.60115569230976,0.00010752677917480469,0.10752677917480469
2012-06-18,22.999693294401865,72.60115569230976,0.00023694932457374307,0.23694932457374307
2012-06-19,22.999693294401865,72.60115569230976,0.00033329060403275435,0.33329060403275435
2012-06-20,22.999693294401865,72.60115569230976,0.00017176866521140255,0.17176866521140255
2012-06-21,22.999693294401865,72.60115569230976,0.00023098587979575314,0.23098587979575314
2012-06-22,22.999693294401865,72.60115569230976,0.00020262897004386105,0.20262897004386105
2012-06-23,22.999693294401865,72.60115569230976,0.00034561753278694596,0.34561753278694596
2012-06-24,22.999693294401865,72.60115569230976,0.00016556382172439044,0.16556382172439044
2012-06-25,22.999693294401865,72.60115569230976,0.00024117891354080712,0.24117891354080712
2012-06-26,22.999693294401865,72.60115569230976,0.00033643905686631115,0.33643905686631115
2012-06-27,22.999693294401865,72.60115569230976,0.0002773106098175049,0.2773106098175049
2012-06-28,22.999693294401865,72.60115569230976,0.00029990077018737793,0.29990077018737793
2012-06-29,22.999693294401865,72.60115569230976,8.553265615773853e-07,0.0008553265615773853
2012-06-30,22.999693294401865,72.60115569230976,1.7344951629638672e-05,0.017344951629638672
2012-07-01,22.999693294401865,72.60115569230976,1.9150972320858273e-05,0.019150972320858273
2012-07-02,22.999693294401865,72.60115569230976,5.0166542450824636e-05,0.050166542450824636
2012-07-03,22.999693294401865,72.60115569230976,0.006466217444824451,6.466217444824451
2012-07-04,22.999693294401865,72.60115569230976,0.017154091596694343,17.154091596694343
2012-07-05,22.999693294401865,72.60115569230976,0.0035040236525674118,3.5040236525674118
2012-07-06,22.999693294401865,72.60115569230976,0.0021271944045793134,2.1271944045793134
2012-07-07,22.999693294401865,72.60115569230976,0.0013452968482852157,1.3452968482852157
2012-07-08,22.999693294401865,72.60115569230976,0.0017800986766474125,1.7800986766474125
2012-07-09,22.999693294401865,72.60115569230976,0.0030052304267833563,3.0052304267833563
2012-07-10,22.999693294401865,72.60115569230976,0.0781219184470956,78.1219184470956
2012-07-11,22.999693294401865,72.60115569230976,0.004032015800476074,4.032015800476074
2012-07-12,22.999693294401865,72.60115569230976,0.00674563523159577,6.74563523159577
2012-07-13,22.999693294401865,72.60115569230976,0.0007165164902289689,0.7165164902289689
2012-07-14,22.999693294401865,72.60115569230976,0.0009585857391343211,0.9585857391343211
2012-07-15,22.999693294401865,72.60115569230976,0.001376509666442871,1.376509666442871
2012-07-16,22.999693294401865,72.60115569230976,0.0031154990196213816,3.1154990196213816
2012-07-17,22.999693294401865,72.60115569230976,0.0014314293861161786,1.4314293861161786
2012-07-18,22.999693294401865,72.60115569230976,0.0017005120120643369,1.7005120120643369
2012-07-19,22.999693294401865,72.60115569230976,0.0005973773588721087,0.5973773588721087
2012-07-20,22.999693294401865,72.60115569230976,0.0006857125559349697,0.6857125559349697
2012-07-21,22.999693294401865,72.60115569230976,0.00017248094081878662,0.17248094081878662
2012-07-22,22.999693294401865,72.60115569230976,0.0011352002611602074,1.1352002611602074
2012-07-23,22.999693294401865,72.60115569230976,0.0011888712637286858,1.1888712637286858
2012-07-24,22.999693294401865,72.60115569230976,0.00045259296894073486,0.45259296894073486
2012-07-25,22.999693294401865,72.60115569230976,0.0004709333405230609,0.4709333405230609
2012-07-26,22.999693294401865,72.60115569230976,0.00047397017476669134,0.47397017476669134
2012-07-27,22.999693294401865,72.60115569230976,0.000653350353235993,0.653350353235993
2012-07-28,22.999693294401865,72.60115569230976,0.0005424345930045149,0.5424345930045149
2012-07-29,22.999693294401865,72.60115569230976,0.006583529710724179,6.583529710724179
2012-07-30,22.999693294401865,72.60115569230976,0.0057664960622787476,5.766496062278748
2012-07-31,22.999693294401865,72.60115569230976,0.025188007950781355,25.188007950781355
2012-08-01,22.999693294401865,72.60115569230976,0.001058921217918396,1.058921217918396
2012-08-02,22.999693294401865,72.60115569230976,0.0009945869445751043,0.9945869445751043
2012-08-03,22.999693294401865,72.60115569230976,0.0008177340029646984,0.8177340029646984
2012-08-04,22.999693294401865,72.60115569230976,0.0003527496101582983,0.3527496101582983
2012-08-05,22.999693294401865,72.60115569230976,0.0010020673274944158,1.0020673274944158
2012-08-06,22.999693294401865,72.60115569230976,0.0009808838367462158,0.9808838367462158
2012-08-07,22.999693294401865,72.60115569230976,0.005854243386874458,5.854243386874458
2012-08-08,22.999693294401865,72.60115569230976,0.007126295566557417,7.126295566557417
2012-08-09,22.999693294401865,72.60115569230976,0.005557999014854431,5.557999014854431
2012-08-10,22.999693294401865,72.60115569230976,0.00043697953213950314,0.43697953213950314
2012-08-11,22.999693294401865,72.60115569230976,0.017720434069531166,17.720434069531166
2012-08-12,22.999693294401865,72.60115569230976,0.03940878245833801,39.40878245833801
2012-08-13,22.999693294401865,72.60115569230976,0.04091885685920715,40.91885685920715
2012-08-14,22.999693294401865,72.60115569230976,0.004664951562876496,4.664951562876496
2012-08-15,22.999693294401865,72.60115569230976,0.0007386296987483831,0.7386296987483831
2012-08-16,22.999693294401865,72.60115569230976,0.0008427739143357371,0.8427739143357371
2012-08-17,22.999693294401865,72.60115569230976,0.0005497962235381237,0.5497962235381237
2012-08-18,22.999693294401865,72.60115569230976,0.00138111412525177,1.38111412525177
2012-08-19,22.999693294401865,72.60115569230976,0.0002173602580910483,0.2173602580910483
2012-08-20,22.999693294401865,72.60115569230976,0.00035925507542700075,0.35925507542700075
2012-08-21,22.999693294401865,72.60115569230976,0.0006183624267350751,0.6183624267350751
2012-08-22,22.999693294401865,72.60115569230976,0.001905261908010658,1.905261908010658
2012-08-23,22.999693294401865,72.60115569230976,0.00803763452080375,8.03763452080375
2012-08-24,22.999693294401865,72.60115569230976,0.0006223320960998535,0.6223320960998535
2012-08-25,22.999693294401865,72.60115569230976,0.0010420322418163153,1.0420322418163153
2012-08-26,22.999693294401865,72.60115569230976,0.004300326108932495,4.300326108932495
2012-08-27,22.999693294401865,72.60115569230976,0.014122509956358442,14.122509956358442
2012-08-28,22.999693294401865,72.60115569230976,0.00395388305186728,3.9538830518672796
2012-08-29,22.999693294401865,72.60115569230976,0.010129788303856913,10.129788303856913
2012-08-30,22.999693294401865,72.60115569230976,0.006289160463893495,6.289160463893495
2012-08-31,22.999693294401865,72.60115569230976,0.008816105127323226,8.816105127323226
2012-09-01,22.999693294401865,72.60115569230976,0.004694082647688447,4.694082647688447
2012-09-02,22.999693294401865,72.60115569230976,0.0029177069664001465,2.9177069664001465
2012-09-03,22.999693294401865,72.60115569230976,0.048405617475509644,48.405617475509644
2012-09-04,22.999693294401865,72.60115569230976,0.023394587031589253,23.394587031589253
2012-09-05,22.999693294401865,72.60115569230976,0.008488609978257955,8.488609978257955
2012-09-06,22.999693294401865,72.60115569230976,0.05578121312373696,55.78121312373696
2012-09-07,22.999693294401865,72.60115569230976,0.014032834768290314,14.032834768290314
2012-09-08,22.999693294401865,72.60115569230976,0.008806177973724516,8.806177973724516
2012-09-09,22.999693294401865,72.60115569230976,0.012813934683720163,12.813934683720163
2012-09-10,22.999693294401865,72.60115569230976,0.02383348941799568,23.83348941799568
2012-09-11,22.999693294401865,72.60115569230976,0.00958537757396627,9.58537757396627
2012-09-12,22.999693294401865,72.60115569230976,0.004282540333122142,4.282540333122142
2012-09-13,22.999693294401865,72.60115569230976,0.002662751078560177,2.662751078560177
2012-09-14,22.999693294401865,72.60115569230976,0.005317559838260877,5.317559838260877
2012-09-15,22.999693294401865,72.60115569230976,0.0009187787770201794,0.9187787770201794
2012-09-16,22.999693294401865,72.60115569230976,0.0007634373505425174,0.7634373505425174
2012-09-17,22.999693294401865,72.60115569230976,0.0005833685397647059,0.5833685397647059
2012-09-18,22.999693294401865,72.60115569230976,0.0012284308671901556,1.2284308671901556
2012-09-19,22.999693294401865,72.60115569230976,0.0004096418619106146,0.4096418619106146
2012-09-20,22.999693294401865,72.60115569230976,0.0010615633694897042,1.0615633694897042
2012-09-21,22.999693294401865,72.60115569230976,0.0013350144278660991,1.3350144278660991
2012-09-22,22.999693294401865,72.60115569230976,0.0062071168717920955,6.2071168717920955
2012-09-23,22.999693294401865,72.60115569230976,0.003964955883816401,3.964955883816401
2012-09-24,22.999693294401865,72.60115569230976,0.002591220375791181,2.591220375791181
2012-09-25,22.999693294401865,72.60115569230976,0.0006371694989297794,0.6371694989297794
2012-09-26,22.999693294401865,72.60115569230976,0.00012755393981933594,0.12755393981933594
2012-09-27,22.999693294401865,72.60115569230976,5.973058068775572e-05,0.05973058068775572
2012-09-28,22.999693294401865,72.60115569230976,0.00034614314489544995,0.34614314489544995
2012-09-29,22.999693294401865,72.60115569230976,2.137635760846024e-06,0.002137635760846024
2012-09-30,22.999693294401865,72.60115569230976,8.684788213031425e-07,0.0008684788213031425
2012-10-01,22.999693294401865,72.60115569230976,1.7209820839525491e-06,0.0017209820839525491
2012-10-02,22.999693294401865,72.60115569230976,1.7136334804490616e-06,0.0017136334804490616
2012-10-03,22.999693294401865,72.60115569230976,0.0,0.0
2012-10-04,22.999693294401865,72.60115569230976,0.0,0.0
2012-10-05,22.999693294401865,72.60115569230976,3.5852193818186606e-06,0.0035852193818186606
2012-10-06,22.999693294401865,72.60115569230976,0.00032319426526328243,0.32319426526328243
2012-10-07,22.999693294401865,72.60115569230976,1.716613724056515e-06,0.001716613724056515
2012-10-08,22.999693294401865,72.60115569230976,2.9802436074533034e-09,2.9802436074533034e-06
2012-10-09,22.999693294401865,72.60115569230976,4.410743663640915e-07,0.0004410743663640915
2012-10-10,22.999693294401865,72.60115569230976,8.583068797918258e-07,0.0008583068797918258
2012-10-11,22.999693294401865,72.60115569230976,0.0,0.0
2012-10-12,22.999693294401865,72.60115569230976,0.0,0.0
2012-10-13,22.999693294401865,72.60115569230976,8.523463748133508e-07,0.0008523463748133508
2012-10-14,22.999693294401865,72.60115569230976,4.351138613856165e-07,0.0004351138613856165
2012-10-15,22.999693294401865,72.60115569230976,1.7106532368416083e-06,0.0017106532368416083
2012-10-16,22.999693294401865,72.60115569230976,2.1427867977763526e-06,0.0021427867977763526
2012-10-17,22.999693294401865,72.60115569230976,8.463859444418631e-07,0.0008463859444418631
2012-10-18,22.999693294401865,72.60115569230976,8.523463748133508e-07,0.0008523463748133508
2012-10-19,22.999693294401865,72.60115569230976,8.583068797918258e-07,0.0008583068797918258
2012-10-20,22.999693294401865,72.60115569230976,4.261732051702438e-07,0.0004261732051702438
2012-10-21,22.999693294401865,72.60115569230976,8.501315278408583e-07,0.0008501315278408583
2012-10-22,22.999693294401865,72.60115569230976,2.133688781214005e-06,0.002133688781214005
2012-10-23,22.999693294401865,72.60115569230976,2.596246019948012e-06,0.002596246019948012
2012-10-24,22.999693294401865,72.60115569230976,-1.1920974429813214e-08,-1.1920974429813214e-05
2012-10-25,22.999693294401865,72.60115569230976,0.0,0.0
2012-10-26,22.999693294401865,72.60115569230976,4.351138613856165e-07,0.0004351138613856165
2012-10-27,22.999693294401865,72.60115569230976,4.351138045421976e-07,0.0004351138045421976
2012-10-28,22.999693294401865,72.60115569230976,1.73271206449499e-06,0.00173271206449499
2012-10-29,22.999693294401865,72.60115569230976,4.351138045421976e-07,0.0004351138045421976
2012-10-30,22.999693294401865,72.60115569230976,4.410743663640915e-07,0.0004410743663640915
2012-10-31,22.999693294401865,72.60115569230976,8.642672923997452e-07,0.0008642672923997452
2012-11-01,22.999693294401865,72.60115569230976,3.0109804356470704e-06,0.0030109804356470704
2012-11-02,22.999693294401865,72.60115569230976,8.553258226129401e-07,0.0008553258226129401
2012-11-03,22.999693294401865,72.60115569230976,4.351138045421976e-07,0.0004351138045421976
2012-11-04,22.999693294401865,72.60115569230976,4.351138613856165e-07,0.0004351138613856165
2012-11-05,22.999693294401865,72.60115569230976,8.52346317969932e-07,0.000852346317969932
2012-11-06,22.999693294401865,72.60115569230976,0.0,0.0
2012-11-07,22.999693294401865,72.60115569230976,8.583068833445395e-07,0.0008583068833445395
2012-11-08,22.999693294401865,72.60115569230976,4.351138613856165e-07,0.0004351138613856165
2012-11-09,22.999693294401865,72.60115569230976,8.52346317969932e-07,0.000852346317969932
2012-11-10,22.999693294401865,72.60115569230976,8.523463748133508e-07,0.0008523463748133508
2012-11-11,22.999693294401865,72.60115569230976,4.351138613856165e-07,0.0004351138613856165
2012-11-12,22.999693294401865,72.60115569230976,2.567808337516908e-06,0.002567808337516908
2012-11-13,22.999693294401865,72.60115569230976,8.583068797918258e-07,0.0008583068797918258
2012-11-14,22.999693294401865,72.60115569230976,0.0,0.0
2012-11-15,22.999693294401865,72.60115569230976,0.0,0.0
2012-11-16,22.999693294401865,72.60115569230976,1.2904405366498395e-06,0.0012904405366498395
2012-11-17,22.999693294401865,72.60115569230976,0.0,0.0
2012-11-18,22.999693294401865,72.60115569230976,8.523463748133508e-07,0.0008523463748133508
2012-11-19,22.999693294401865,72.60115569230976,1.7225839314960467e-06,0.0017225839314960467
2012-11-20,22.999693294401865,72.60115569230976,4.3298793528379065e-07,0.00043298793528379065
2012-11-21,22.999693294401865,72.60115569230976,0.0,0.0
2012-11-22,22.999693294401865,72.60115569230976,8.583068797918258e-07,0.0008583068797918258
2012-11-23,22.999693294401865,72.60115569230976,0.0,0.0
2012-11-24,22.999693294401865,72.60115569230976,4.351138045421976e-07,0.0004351138045421976
2012-11-25,22.999693294401865,72.60115569230976,8.523463748133508e-07,0.0008523463748133508
2012-11-26,22.999693294401865,72.60115569230976,1.2814997489840607e-06,0.0012814997489840607
2012-11-27,22.999693294401865,72.60115569230976,2.562997963195812e-06,0.002562997963195812
2012-11-28,22.999693294401865,72.60115569230976,8.612870487922919e-07,0.0008612870487922919
2012-11-29,22.999693294401865,72.60115569230976,8.583068833445395e-07,0.0008583068833445395
2012-11-30,22.999693294401865,72.60115569230976,0.0,0.0
2012-12-01,22.999693294401865,72.60115569230976,8.553265615773853e-07,0.0008553265615773853
2012-12-02,22.999693294401865,72.60115569230976,1.7116792605520459e-06,0.0017116792605520459
2012-12-03,22.999693294401865,72.60115569230976,1.7104263960732169e-06,0.001710426396073217
2012-12-04,22.999693294401865,72.60115569230976,8.52346317969932e-07,0.000852346317969932
2012-12-05,22.999693294401865,72.60115569230976,8.52346317969932e-07,0.000852346317969932
2012-12-06,22.999693294401865,72.60115569230976,8.694966027178452e-07,0.0008694966027178452
2012-12-07,22.999693294401865,72.60115569230976,1.3029335832470679e-06,0.0013029335832470679
2012-12-08,22.999693294401865,72.60115569230976,8.553265615773853e-07,0.0008553265615773853
2012-12-09,22.999693294401865,72.60115569230976,0.0,0.0
2012-12-10,22.999693294401865,72.60115569230976,2.580881073299679e-06,0.002580881073299679
2012-12-11,22.999693294401865,72.60115569230976,8.532720698894991e-07,0.0008532720698894991
2012-12-12,22.999693294401865,72.60115569230976,4.276632239452738e-07,0.0004276632239452738
2012-12-13,22.999693294401865,72.60115569230976,2.168298692595272e-06,0.002168298692595272
2012-12-14,22.999693294401865,72.60115569230976,3.2652388085807615e-05,0.032652388085807615
2012-12-15,22.999693294401865,72.60115569230976,1.4722347145834647e-06,0.0014722347145834647
2012-12-16,22.999693294401865,72.60115569230976,8.52346317969932e-07,0.000852346317969932
2012-12-17,22.999693294401865,72.60115569230976,0.0,0.0
2012-12-18,22.999693294401865,72.60115569230976,0.0,0.0
2012-12-19,22.999693294401865,72.60115569230976,1.2874602361989673e-06,0.0012874602361989673
2012-12-20,22.999693294401865,72.60115569230976,1.7107918779402098e-06,0.0017107918779402098
2012-12-21,22.999693294401865,72.60115569230976,1.2814997489840607e-06,0.0012814997489840607
2012-12-22,22.999693294401865,72.60115569230976,4.351138045421976e-07,0.0004351138045421976
2012-12-23,22.999693294401865,72.60115569230976,4.351138045421976e-07,0.0004351138045421976
2012-12-24,22.999693294401865,72.60115569230976,4.351138045421976e-07,0.0004351138045421976
2012-12-25,22.999693294401865,72.60115569230976,8.70227722771233e-07,0.000870227722771233
2012-12-26,22.999693294401865,72.60115569230976,8.642672355563263e-07,0.0008642672355563263
2012-12-27,22.999693294401865,72.60115569230976,8.52346317969932e-07,0.000852346317969932
2012-12-28,22.999693294401865,72.60115569230976,0.0,0.0
2012-12-29,22.999693294401865,72.60115569230976,0.0,0.0
2012-12-30,22.999693294401865,72.60115569230976,4.351138045421976e-07,0.0004351138045421976
2012-12-31,22.999693294401865,72.60115569230976,4.351138045421976e-07,0.0004351138045421976
2013-01-01,22.999693294401865,72.60115569230976,1.7024541989485442e-06,0.0017024541989485442
2013-01-02,22.999693294401865,72.60115569230976,8.52346317969932e-07,0.000852346317969932
2013-01-03,22.999693294401865,72.60115569230976,4.351138045421976e-07,0.0004351138045421976
2013-01-04,22.999693294401865,72.60115569230976,8.583068833445395e-07,0.0008583068833445395
2013-01-05,22.999693294401865,72.60115569230976,1.2752646512126375e-06,0.0012752646512126375
2013-01-06,22.999693294401865,72.60115569230976,1.5093348793016048e-08,1.5093348793016048e-05
2013-01-07,22.999693294401865,72.60115569230976,1.7106532368416083e-06,0.0017106532368416083
2013-01-08,22.999693294401865,72.60115569230976,3.4236927604069933e-06,0.0034236927604069933
2013-01-09,22.999693294401865,72.60115569230976,0.0,0.0
2013-01-10,22.999693294401865,72.60115569230976,8.523463748133508e-07,0.0008523463748133508
2013-01-11,22.999693294401865,72.60115569230976,8.70227722771233e-07,0.000870227722771233
2013-01-12,22.999693294401865,72.60115569230976,1.2904405934932583e-06,0.0012904405934932583
2013-01-13,22.999693294401865,72.60115569230976,8.386966214857239e-07,0.0008386966214857239
2013-01-14,22.999693294401865,72.60115569230976,1.7195939676639682e-06,0.0017195939676639682
2013-01-15,22.999693294401865,72.60115569230976,1.716613724056515e-06,0.001716613724056515
2013-01-16,22.999693294401865,72.60115569230976,8.583068797918258e-07,0.0008583068797918258
2013-01-17,22.999693294401865,72.60115569230976,2.146209038045299e-06,0.002146209038045299
2013-01-18,22.999693294401865,72.60115569230976,0.0,0.0
2013-01-19,22.999693294401865,72.60115569230976,3.4329686968703754e-06,0.0034329686968703754
2013-01-20,22.999693294401865,72.60115569230976,8.642672355563263e-07,0.0008642672355563263
2013-01-21,22.999693294401865,72.60115569230976,0.0,0.0
2013-01-22,22.999693294401865,72.60115569230976,8.52346317969932e-07,0.000852346317969932
2013-01-23,22.999693294401865,72.60115569230976,0.0,0.0
2013-01-24,22.999693294401865,72.60115569230976,8.52346317969932e-07,0.000852346317969932
2013-01-25,22.999693294401865,72.60115569230976,1.7287227933593385e-06,0.0017287227933593385
2013-01-26,22.999693294401865,72.60115569230976,8.52346317969932e-07,0.000852346317969932
2013-01-27,22.999693294401865,72.60115569230976,5.684341886080802e-14,5.6843418860808015e-11
2013-01-28,22.999693294401865,72.60115569230976,8.344650268554688e-07,0.0008344650268554688
2013-01-29,22.999693294401865,72.60115569230976,0.0,0.0
2013-01-30,22.999693294401865,72.60115569230976,0.0,0.0
2013-01-31,22.999693294401865,72.60115569230976,0.0,0.0
2013-02-01,22.999693294401865,72.60115569230976,1.7225742112714215e-06,0.0017225742112714215
2013-02-02,22.999693294401865,72.60115569230976,1.7082367662624165e-06,0.0017082367662624165
2013-02-03,22.999693294401865,72.60115569230976,1.7259507103517535e-06,0.0017259507103517535
2013-02-04,22.999693294401865,72.60115569230976,4.741408304198558e-06,0.004741408304198558
2013-02-05,22.999693294401865,72.60115569230976,3.865360667987261e-06,0.003865360667987261
2013-02-06,22.999693294401865,72.60115569230976,1.2874602930423862e-06,0.0012874602930423862
2013-02-07,22.999693294401865,72.60115569230976,0.0,0.0
2013-02-08,22.999693294401865,72.60115569230976,8.642672923997452e-07,0.0008642672923997452
2013-02-09,22.999693294401865,72.60115569230976,1.716613724056515e-06,0.001716613724056515
2013-02-10,22.999693294401865,72.60115569230976,8.52346317969932e-07,0.000852346317969932
2013-02-11,22.999693294401865,72.60115569230976,1.7161765981654753e-06,0.0017161765981654753
2013-02-12,22.999693294401865,72.60115569230976,1.2762859569193097e-06,0.0012762859569193097
2013-02-13,22.999693294401865,72.60115569230976,1.7046927496267017e-06,0.0017046927496267017
2013-02-14,22.999693294401865,72.60115569230976,0.0009441226719673068,0.9441226719673068
2013-02-15,22.999693294401865,72.60115569230976,0.00018063783642219278,0.18063783642219278
2013-02-16,22.999693294401865,72.60115569230976,1.7160478478217556e-06,0.0017160478478217556
2013-02-17,22.999693294401865,72.60115569230976,0.0,0.0
2013-02-18,22.999693294401865,72.60115569230976,1.7175041193695506e-06,0.0017175041193695506
2013-02-19,22.999693294401865,72.60115569230976,8.642672355563263e-07,0.0008642672355563263
2013-02-20,22.999693294401865,72.60115569230976,4.351138045421976e-07,0.0004351138045421976
2013-02-21,22.999693294401865,72.60115569230976,1.285657333482959e-06,0.001285657333482959
2013-02-22,22.999693294401865,72.60115569230976,2.1714577087550424e-06,0.0021714577087550424
2013-02-23,22.999693294401865,72.60115569230976,1.2874602361989673e-06,0.0012874602361989673
2013-02-24,22.999693294401865,72.60115569230976,1.7285346416429093e-06,0.0017285346416429093
2013-02-25,22.999693294401865,72.60115569230976,0.0,0.0
2013-02-26,22.999693294401865,72.60115569230976,0.0,0.0
2013-02-27,22.999693294401865,72.60115569230976,0.0,0.0
2013-02-28,22.999693294401865,72.60115569230976,1.2814998058274796e-06,0.0012814998058274796
2013-03-01,22.999693294401865,72.60115569230976,1.7068775832740357e-06,0.0017068775832740357
2013-03-02,22.999693294401865,72.60115569230976,4.351138045421976e-07,0.0004351138045421976
2013-03-03,22.999693294401865,72.60115569230976,0.0,0.0
2013-03-04,22.999693294401865,72.60115569230976,2.58172877920515e-06,0.00258172877920515
2013-03-05,22.999693294401865,72.60115569230976,8.583068797918258e-07,0.0008583068797918258
2013-03-06,22.999693294401865,72.60115569230976,0.0,0.0
2013-03-07,22.999693294401865,72.60115569230976,0.0,0.0
2013-03-08,22.999693294401865,72.60115569230976,8.523463748133508e-07,0.0008523463748133508
2013-03-09,22.999693294401865,72.60115569230976,0.0,0.0
2013-03-10,22.999693294401865,72.60115569230976,1.7165407939501165e-06,0.0017165407939501165
2013-03-11,22.999693294401865,72.60115569230976,1.2815720538128517e-06,0.0012815720538128517
2013-03-12,22.999693294401865,72.60115569230976,1.2779165672327508e-06,0.0012779165672327508
2013-03-13,22.999693294401865,72.60115569230976,1.2814997489840607e-06,0.0012814997489840607
2013-03-14,22.999693294401865,72.60115569230976,8.61882028857508e-07,0.000861882028857508
2013-03-15,22.999693294401865,72.60115569230976,1.717522707167518e-06,0.001717522707167518
2013-03-16,22.999693294401865,72.60115569230976,0.0,0.0
2013-03-17,22.999693294401865,72.60115569230976,1.7087083961087046e-06,0.0017087083961087046
2013-03-18,22.999693294401865,72.60115569230976,0.0,0.0
2013-03-19,22.999693294401865,72.60115569230976,1.2755393754559918e-06,0.0012755393754559918
2013-03-20,22.999693294401865,72.60115569230976,1.2864307450399792e-06,0.0012864307450399792
2013-03-21,22.999693294401865,72.60115569230976,0.0,0.0
2013-03-22,22.999693294401865,72.60115569230976,1.704692635939864e-06,0.001704692635939864
2013-03-23,22.999693294401865,72.60115569230976,0.0,0.0
2013-03-24,22.999693294401865,72.60115569230976,8.523463748133508e-07,0.0008523463748133508
2013-03-25,22.999693294401865,72.60115569230976,1.7136334236056427e-06,0.0017136334236056427
2013-03-26,22.999693294401865,72.60115569230976,8.612870487922919e-07,0.0008612870487922919
2013-03-27,22.999693294401865,72.60115569230976,0.0,0.0
2013-03-28,22.999693294401865,72.60115569230976,2.5577268161214306e-06,0.0025577268161214306
2013-03-29,22.999693294401865,72.60115569230976,4.4813937805088244e-07,0.00044813937805088244
2013-03-30,22.999693294401865,72.60115569230976,8.52346317969932e-07,0.000852346317969932
2013-03-31,22.999693294401865,72.60115569230976,8.52346317969932e-07,0.000852346317969932
2013-04-01,22.999693294401865,72.60115569230976,0.0,0.0
2013-04-02,22.999693294401865,72.60115569230976,0.0,0.0
2013-04-03,22.999693294401865,72.60115569230976,0.0,0.0
2013-04-04,22.999693294401865,72.60115569230976,8.52346317969932e-07,0.000852346317969932
2013-04-05,22.999693294401865,72.60115569230976,4.351138045421976e-07,0.0004351138045421976
2013-04-06,22.999693294401865,72.60115569230976,4.351138045421976e-07,0.0004351138045421976
2013-04-07,22.999693294401865,72.60115569230976,8.52346317969932e-07,0.000852346317969932
2013-04-08,22.999693294401865,72.60115569230976,0.0,0.0
2013-04-09,22.999693294401865,72.60115569230976,0.0002065950790779425,0.2065950790779425
2013-04-10,22.999693294401865,72.60115569230976,1.7141325088232406e-06,0.0017141325088232406
2013-04-11,22.999693294401865,72.60115569230976,2.9929094580438687e-06,0.0029929094580438687
2013-04-12,22.999693294401865,72.60115569230976,8.583068797918258e-07,0.0008583068797918258
2013-04-13,22.999693294401865,72.60115569230976,0.0,0.0
2013-04-14,22.999693294401865,72.60115569230976,8.583068833445395e-07,0.0008583068833445395
2013-04-15,22.999693294401865,72.60115569230976,8.52346317969932e-07,0.000852346317969932
2013-04-16,22.999693294401865,72.60115569230976,1.7046927496267017e-06,0.0017046927496267017
2013-04-17,22.999693294401865,72.60115569230976,8.5856819964647e-07,0.00085856819964647
2013-04-18,22.999693294401865,72.60115569230976,3.2782554626464844e-05,0.032782554626464844
2013-04-19,22.999693294401865,72.60115569230976,0.0002045355566338003,0.2045355566338003
2013-04-20,22.999693294401865,72.60115569230976,0.0008337050676345825,0.8337050676345825
2013-04-21,22.999693294401865,72.60115569230976,0.0003159672020842663,0.3159672020842663
2013-04-22,22.999693294401865,72.60115569230976,0.0010065287351608276,1.0065287351608276
2013-04-23,22.999693294401865,72.60115569230976,1.725577897104813e-05,0.01725577897104813
2013-04-24,22.999693294401865,72.60115569230976,-9.70044311543461e-09,-9.70044311543461e-06
2013-04-25,22.999693294401865,72.60115569230976,4.261732087229575e-07,0.0004261732087229575
2013-04-26,22.999693294401865,72.60115569230976,4.351138045421976e-07,0.0004351138045421976
2013-04-27,22.999693294401865,72.60115569230976,4.2915343101412873e-07,0.00042915343101412873
2013-04-28,22.999693294401865,72.60115569230976,8.502227615281299e-07,0.0008502227615281299
2013-04-29,22.999693294401865,72.60115569230976,8.52346317969932e-07,0.000852346317969932
2013-04-30,22.999693294401865,72.60115569230976,1.7200013644469436e-06,0.0017200013644469436
2013-05-01,22.999693294401865,72.60115569230976,0.0,0.0
2013-05-02,22.999693294401865,72.60115569230976,0.0,0.0
2013-05-03,22.999693294401865,72.60115569230976,3.007806299137883e-06,0.003007806299137883
2013-05-04,22.999693294401865,72.60115569230976,2.980414137709886e-09,2.980414137709886e-06
2013-05-05,22.999693294401865,72.60115569230976,8.592242934923888e-07,0.0008592242934923888
2013-05-06,22.999693294401865,72.60115569230976,4.3772621438620263e-07,0.00043772621438620263
2013-05-07,22.999693294401865,72.60115569230976,4.382770839583827e-07,0.0004382770839583827
2013-05-08,22.999693294401865,72.60115569230976,0.0,0.0
2013-05-09,22.999693294401865,72.60115569230976,4.351138045421976e-07,0.0004351138045421976
2013-05-10,22.999693294401865,72.60115569230976,4.351138045421976e-07,0.0004351138045421976
2013-05-11,22.999693294401865,72.60115569230976,1.2814998058274796e-06,0.0012814998058274796
2013-05-12,22.999693294401865,72.60115569230976,2.139806724699156e-06,0.002139806724699156
2013-05-13,22.999693294401865,72.60115569230976,8.52346317969932e-07,0.000852346317969932
2013-05-14,22.999693294401865,72.60115569230976,4.351138613856165e-07,0.0004351138613856165
2013-05-15,22.999693294401865,72.60115569230976,0.0,0.0
2013-05-16,22.999693294401865,72.60115569230976,2.157688072657038e-06,0.002157688072657038
2013-05-17,22.999693294401865,72.60115569230976,3.2782554626464844e-07,0.00032782554626464844
2013-05-18,22.999693294401865,72.60115569230976,4.202127001917688e-07,0.0004202127001917688
2013-05-19,22.999693294401865,72.60115569230976,0.0,0.0
2013-05-20,22.999693294401865,72.60115569230976,8.52346317969932e-07,0.000852346317969932
2013-05-21,22.999693294401865,72.60115569230976,1.7106532936850272e-06,0.0017106532936850272
2013-05-22,22.999693294401865,72.60115569230976,1.2862374205724336e-06,0.0012862374205724336
2013-05-23,22.999693294401865,72.60115569230976,9.566544463268656e-07,0.0009566544463268656
2013-05-24,22.999693294401865,72.60115569230976,7.897615432739258e-07,0.0007897615432739258
2013-05-25,22.999693294401865,72.60115569230976,3.394484412666543e-06,0.003394484412666543
2013-05-26,22.999693294401865,72.60115569230976,0.00017312169063643523,0.17312169063643523
2013-05-27,22.999693294401865,72.60115569230976,3.788471218513223e-05,0.03788471218513223
2013-05-28,22.999693294401865,72.60115569230976,4.756450607601437e-06,0.004756450607601437
2013-05-29,22.999693294401865,72.60115569230976,1.2814998058274796e-06,0.0012814998058274796
2013-05-30,22.999693294401865,72.60115569230976,1.7195939108205494e-06,0.0017195939108205494
2013-05-31,22.999693294401865,72.60115569230976,1.7231189985977835e-06,0.0017231189985977835
2013-06-01,22.999693294401865,72.60115569230976,1.7046928064701206e-06,0.0017046928064701206
2013-06-02,22.999693294401865,72.60115569230976,0.00048074722280944115,0.48074722280944115
2013-06-03,22.999693294401865,72.60115569230976,0.0016489028930664062,1.6489028930664062
2013-06-04,22.999693294401865,72.60115569230976,6.890296936035156e-05,0.06890296936035156
2013-06-05,22.999693294401865,72.60115569230976,2.1936832240498916e-05,0.021936832240498916
2013-06-06,22.999693294401865,72.60115569230976,0.00019322633744423,0.19322633744423
2013-06-07,22.999693294401865,72.60115569230976,0.0002956924108161729,0.2956924108161729
2013-06-08,22.999693294401865,72.60115569230976,4.0039195841501396e-05,0.040039195841501396
2013-06-09,22.999693294401865,72.60115569230976,0.00044558526826676825,0.44558526826676825
2013-06-10,22.999693294401865,72.60115569230976,0.0026982367037931,2.6982367037931
2013-06-11,22.999693294401865,72.60115569230976,0.0028169453144073486,2.8169453144073486
2013-06-12,22.999693294401865,72.60115569230976,0.0010059773921966553,1.0059773921966553
2013-06-13,22.999693294401865,72.60115569230976,0.0004822492598464123,0.4822492598464123
2013-06-14,22.999693294401865,72.60115569230976,0.005108922719955444,5.108922719955444
2013-06-15,22.999693294401865,72.60115569230976,0.0049600750207901,4.9600750207901
2013-06-16,22.999693294401865,72.60115569230976,0.020984788248540553,20.984788248540553
2013-06-17,22.999693294401865,72.60115569230976,0.03220960345606727,32.20960345606727
2013-06-18,22.999693294401865,72.60115569230976,0.004468554258341584,4.468554258341584
2013-06-19,22.999693294401865,72.60115569230976,0.0017006993293762207,1.7006993293762207
2013-06-20,22.999693294401865,72.60115569230976,0.0013230025767256848,1.3230025767256848
2013-06-21,22.999693294401865,72.60115569230976,0.0010738700627257458,1.0738700627257458
2013-06-22,22.999693294401865,72.60115569230976,0.000818661099003748,0.818661099003748
2013-06-23,22.999693294401865,72.60115569230976,0.0002871930598757899,0.2871930598757899
2013-06-24,22.999693294401865,72.60115569230976,0.0002065777643629474,0.2065777643629474
2013-06-25,22.999693294401865,72.60115569230976,0.002561923366613428,2.561923366613428
2013-06-26,22.999693294401865,72.60115569230976,0.006622219085688386,6.622219085688386
2013-06-27,22.999693294401865,72.60115569230976,0.0014808177947998047,1.4808177947998047
2013-06-28,22.999693294401865,72.60115569230976,0.0014826953411102295,1.4826953411102295
2013-06-29,22.999693294401865,72.60115569230976,0.0007627189158370129,0.7627189158370129
2013-06-30,22.999693294401865,72.60115569230976,0.0008269220590477744,0.8269220590477744
2013-07-01,22.999693294401865,72.60115569230976,0.0005940526722838513,0.5940526722838513
2013-07-02,22.999693294401865,72.60115569230976,0.0003327429293449313,0.3327429293449313
2013-07-03,22.999693294401865,72.60115569230976,0.004923525452511512,4.923525452511512
2013-07-04,22.999693294401865,72.60115569230976,0.07777707576741477,77.77707576741477
2013-07-05,22.999693294401865,72.60115569230976,0.002351456880564484,2.351456880564484
2013-07-06,22.999693294401865,72.60115569230976,0.009579756855941923,9.579756855941923
2013-07-07,22.999693294401865,72.60115569230976,0.0021168529987285467,2.1168529987285467
2013-07-08,22.999693294401865,72.60115569230976,0.0021581679581572644,2.1581679581572644
2013-07-09,22.999693294401865,72.60115569230976,0.002161866214407837,2.161866214407837
2013-07-10,22.999693294401865,72.60115569230976,0.0032286125720588643,3.2286125720588643
2013-07-11,22.999693294401865,72.60115569230976,0.0018716797343927283,1.8716797343927283
2013-07-12,22.999693294401865,72.60115569230976,0.02739431313756313,27.39431313756313
2013-07-13,22.999693294401865,72.60115569230976,0.07490431342853299,74.90431342853299
2013-07-14,22.999693294401865,72.60115569230976,0.006054574251169953,6.054574251169953
2013-07-15,22.999693294401865,72.60115569230976,0.002393637058503373,2.393637058503373
2013-07-16,22.999693294401865,72.60115569230976,0.005173206329345703,5.173206329345703
2013-07-17,22.999693294401865,72.60115569230976,0.011021926998921572,11.021926998921572
2013-07-18,22.999693294401865,72.60115569230976,0.0023025721311569214,2.3025721311569214
2013-07-19,22.999693294401865,72.60115569230976,0.0016885124374539373,1.6885124374539373
2013-07-20,22.999693294401865,72.60115569230976,0.002534925937652588,2.534925937652588
2013-07-21,22.999693294401865,72.60115569230976,0.005105197429656982,5.105197429656982
2013-07-22,22.999693294401865,72.60115569230976,0.0013505816459655762,1.3505816459655762
2013-07-23,22.999693294401865,72.60115569230976,0.0022107213735580444,2.2107213735580444
2013-07-24,22.999693294401865,72.60115569230976,0.01531904935836792,15.31904935836792
2013-07-25,22.999693294401865,72.60115569230976,0.006095284223551545,6.095284223551545
2013-07-26,22.999693294401865,72.60115569230976,0.01681979298581382,16.81979298581382
2013-07-27,22.999693294401865,72.60115569230976,0.019688889384269714,19.688889384269714
2013-07-28,22.999693294401865,72.60115569230976,0.022336870431900024,22.336870431900024
2013-07-29,22.999693294401865,72.60115569230976,0.013780170679090986,13.780170679090986
2013-07-30,22.999693294401865,72.60115569230976,0.008886712789433204,8.886712789433204
2013-07-31,22.999693294401865,72.60115569230976,0.006425768136978149,6.425768136978149
2013-08-01,22.999693294401865,72.60115569230976,0.019227088532886683,19.227088532886683
2013-08-02,22.999693294401865,72.60115569230976,0.0328578579516261,32.8578579516261
2013-08-03,22.999693294401865,72.60115569230976,0.0016208440065383911,1.6208440065383911
2013-08-04,22.999693294401865,72.60115569230976,0.0012907534837722778,1.2907534837722778
2013-08-05,22.999693294401865,72.60115569230976,0.00033623349179379147,0.3362334917937915
2013-08-06,22.999693294401865,72.60115569230976,0.0008689100539527317,0.8689100539527317
2013-08-07,22.999693294401865,72.60115569230976,0.0013691297782543188,1.3691297782543188
2013-08-08,22.999693294401865,72.60115569230976,0.0015069706393546767,1.5069706393546767
2013-08-09,22.999693294401865,72.60115569230976,0.015725940465927124,15.725940465927124
2013-08-10,22.999693294401865,72.60115569230976,0.01346580088138083,13.46580088138083
2013-08-11,22.999693294401865,72.60115569230976,0.002302989363670349,2.302989363670349
2013-08-12,22.999693294401865,72.60115569230976,0.009488525986625973,9.488525986625973
2013-08-13,22.999693294401865,72.60115569230976,0.010885977745051179,10.885977745051179
2013-08-14,22.999693294401865,72.60115569230976,0.004369593349395018,4.369593349395018
2013-08-15,22.999693294401865,72.60115569230976,0.0031746685504003835,3.1746685504003835
2013-08-16,22.999693294401865,72.60115569230976,0.006230819225208961,6.230819225208961
2013-08-17,22.999693294401865,72.60115569230976,0.0031488120554854504,3.1488120554854504
2013-08-18,22.999693294401865,72.60115569230976,0.0003592073917388916,0.3592073917388916
2013-08-19,22.999693294401865,72.60115569230976,0.0008505612610747448,0.8505612610747448
2013-08-20,22.999693294401865,72.60115569230976,0.0009023696184158325,0.9023696184158325
2013-08-21,22.999693294401865,72.60115569230976,0.0005715310573464194,0.5715310573464194
2013-08-22,22.999693294401865,72.60115569230976,0.0005564979618561949,0.5564979618561949
2013-08-23,22.999693294401865,72.60115569230976,0.0061236240862108104,6.1236240862108104
2013-08-24,22.999693294401865,72.60115569230976,0.017826780676841736,17.826780676841736
2013-08-25,22.999693294401865,72.60115569230976,0.0027998268603255383,2.7998268603255383
2013-08-26,22.999693294401865,72.60115569230976,0.0002849668263138483,0.2849668263138483
2013-08-27,22.999693294401865,72.60115569230976,0.0003304956652527835,0.3304956652527835
2013-08-28,22.999693294401865,72.60115569230976,0.00041838884353140315,0.41838884353140315
2013-08-29,22.999693294401865,72.60115569230976,0.0007514268159525272,0.7514268159525272
2013-08-30,22.999693294401865,72.60115569230976,0.0006013467191223754,0.6013467191223754
2013-08-31,22.999693294401865,72.60115569230976,0.0007509369281599731,0.7509369281599731
2013-09-01,22.999693294401865,72.60115569230976,0.0004768133163111088,0.4768133163111088
2013-09-02,22.999693294401865,72.60115569230976,0.0011755973100662231,1.1755973100662231
2013-09-03,22.999693294401865,72.60115569230976,0.0007663277348228803,0.7663277348228803
2013-09-04,22.999693294401865,72.60115569230976,0.0001067575037154711,0.1067575037154711
2013-09-05,22.999693294401865,72.60115569230976,0.0001460313795860202,0.1460313795860202
2013-09-06,22.999693294401865,72.60115569230976,0.0010828077793121338,1.0828077793121338
2013-09-07,22.999693294401865,72.60115569230976,0.0011096149682998657,1.1096149682998657
2013-09-08,22.999693294401865,72.60115569230976,0.0011151427228810462,1.1151427228810462
2013-09-09,22.999693294401865,72.60115569230976,0.0002971589564140231,0.2971589564140231
2013-09-10,22.999693294401865,72.60115569230976,1.6159106053237338e-05,0.016159106053237338
2013-09-11,22.999693294401865,72.60115569230976,0.00021538626577921605,0.21538626577921605
2013-09-12,22.999693294401865,72.60115569230976,1.2874602361989673e-06,0.0012874602361989673
2013-09-13,22.999693294401865,72.60115569230976,0.00068734288208816,0.68734288208816
2013-09-14,22.999693294401865,72.60115569230976,0.002753227949142456,2.753227949142456
2013-09-15,22.999693294401865,72.60115569230976,5.894899363312334e-06,0.005894899363312334
2013-09-16,22.999693294401865,72.60115569230976,0.00039060711850424923,0.39060711850424923
2013-09-17,22.999693294401865,72.60115569230976,0.0002542734146118164,0.2542734146118164
2013-09-18,22.999693294401865,72.60115569230976,2.3126601149670023e-06,0.0023126601149670023
2013-09-19,22.999693294401865,72.60115569230976,8.200407017966427e-05,0.08200407017966427
2013-09-20,22.999693294401865,72.60115569230976,0.0,0.0
2013-09-21,22.999693294401865,72.60115569230976,0.014577084779734406,14.577084779734406
2013-09-22,22.999693294401865,72.60115569230976,0.03587585091590384,35.87585091590384
2013-09-23,22.999693294401865,72.60115569230976,0.0537512540817211,53.7512540817211
2013-09-24,22.999693294401865,72.60115569230976,0.03484599590296966,34.84599590296966
2013-09-25,22.999693294401865,72.60115569230976,0.037000292539591584,37.000292539591584
2013-09-26,22.999693294401865,72.60115569230976,0.015174508094787598,15.174508094787598
2013-09-27,22.999693294401865,72.60115569230976,0.01586833000182608,15.868330001826081
2013-09-28,22.999693294401865,72.60115569230976,0.012283936142921448,12.283936142921448
2013-09-29,22.999693294401865,72.60115569230976,0.0060133147101666395,6.0133147101666395
2013-09-30,22.999693294401865,72.60115569230976,0.0051287911690565124,5.1287911690565124
2013-10-01,22.999693294401865,72.60115569230976,0.0010717511177062988,1.0717511177062988
2013-10-02,22.999693294401865,72.60115569230976,0.005578666925430298,5.578666925430298
2013-10-03,22.999693294401865,72.60115569230976,0.00121508836735984,1.21508836735984
2013-10-04,22.999693294401865,72.60115569230976,0.0014840245245864025,1.4840245245864025
2013-10-05,22.999693294401865,72.60115569230976,0.0008163899183273315,0.8163899183273315
2013-10-06,22.999693294401865,72.60115569230976,0.0026262044906566473,2.6262044906566473
2013-10-07,22.999693294401865,72.60115569230976,0.01128128170967102,11.28128170967102
2013-10-08,22.999693294401865,72.60115569230976,0.02929675579071045,29.29675579071045
2013-10-09,22.999693294401865,72.60115569230976,0.016295751749169085,16.295751749169085
2013-10-10,22.999693294401865,72.60115569230976,0.0013155102729456303,1.3155102729456303
2013-10-11,22.999693294401865,72.60115569230976,0.0014395296573752603,1.4395296573752603
2013-10-12,22.999693294401865,72.60115569230976,0.0028384625911712646,2.8384625911712646
2013-10-13,22.999693294401865,72.60115569230976,0.00021731853485107422,0.21731853485107422
2013-10-14,22.999693294401865,72.60115569230976,3.2126902738127683e-06,0.0032126902738127683
2013-10-15,22.999693294401865,72.60115569230976,9.590387339386552e-06,0.009590387339386552
2013-10-16,22.999693294401865,72.60115569230976,1.4087557701714104e-05,0.014087557701714104
2013-10-17,22.999693294401865,72.60115569230976,4.261732442500943e-07,0.0004261732442500943
2013-10-18,22.999693294401865,72.60115569230976,8.583068833445395e-07,0.0008583068833445395
2013-10-19,22.999693294401865,72.60115569230976,4.351138613856165e-07,0.0004351138613856165
2013-10-20,22.999693294401865,72.60115569230976,1.285888515667466e-06,0.001285888515667466
2013-10-21,22.999693294401865,72.60115569230976,8.583068797918258e-07,0.0008583068797918258
2013-10-22,22.999693294401865,72.60115569230976,0.0,0.0
2013-10-23,22.999693294401865,72.60115569230976,4.270704074826881e-07,0.0004270704074826881
2013-10-24,22.999693294401865,72.60115569230976,1.293420723413874e-06,0.001293420723413874
2013-10-25,22.999693294401865,72.60115569230976,2.145422342891834e-06,0.002145422342891834
2013-10-26,22.999693294401865,72.60115569230976,0.0,0.0
2013-10-27,22.999693294401865,72.60115569230976,8.595071037120761e-07,0.0008595071037120761
2013-10-28,22.999693294401865,72.60115569230976,8.553265615773853e-07,0.0008553265615773853
2013-10-29,22.999693294401865,72.60115569230976,8.583068797918258e-07,0.0008583068797918258
2013-10-30,22.999693294401865,72.60115569230976,0.0,0.0
2013-10-31,22.999693294401865,72.60115569230976,4.410743663640915e-07,0.0004410743663640915
2013-11-01,22.999693294401865,72.60115569230976,8.583068797918258e-07,0.0008583068797918258
2013-11-02,22.999693294401865,72.60115569230976,1.2976313428225694e-06,0.0012976313428225694
2013-11-03,22.999693294401865,72.60115569230976,0.0,0.0
2013-11-04,22.999693294401865,72.60115569230976,0.0,0.0
2013-11-05,22.999693294401865,72.60115569230976,1.2993811537853617e-06,0.0012993811537853617
2013-11-06,22.999693294401865,72.60115569230976,8.612870487922919e-07,0.0008612870487922919
2013-11-07,22.999693294401865,72.60115569230976,9.715556075207132e-07,0.0009715556075207132
2013-11-08,22.999693294401865,72.60115569230976,1.291623448196333e-06,0.001291623448196333
2013-11-09,22.999693294401865,72.60115569230976,0.0,0.0
2013-11-10,22.999693294401865,72.60115569230976,8.709540679774364e-07,0.0008709540679774364
2013-11-11,22.999693294401865,72.60115569230976,0.0,0.0
2013-11-12,22.999693294401865,72.60115569230976,0.0,0.0
2013-11-13,22.999693294401865,72.60115569230976,1.7167993746625143e-06,0.0017167993746625143
2013-11-14,22.999693294401865,72.60115569230976,1.2874602930423862e-06,0.0012874602930423862
2013-11-15,22.999693294401865,72.60115569230976,8.404253435401188e-07,0.0008404253435401188
2013-11-16,22.999693294401865,72.60115569230976,8.52346317969932e-07,0.000852346317969932
2013-11-17,22.999693294401865,72.60115569230976,4.351138045421976e-07,0.0004351138045421976
2013-11-18,22.999693294401865,72.60115569230976,0.0,0.0
2013-11-19,22.999693294401865,72.60115569230976,0.0,0.0
2013-11-20,22.999693294401865,72.60115569230976,2.568959644122515e-06,0.002568959644122515
2013-11-21,22.999693294401865,72.60115569230976,0.0,0.0
2013-11-22,22.999693294401865,72.60115569230976,0.0,0.0
2013-11-23,22.999693294401865,72.60115569230976,8.547270340386603e-07,0.0008547270340386603
2013-11-24,22.999693294401865,72.60115569230976,1.3038645079177513e-06,0.0013038645079177513
2013-11-25,22.999693294401865,72.60115569230976,4.351138613856165e-07,0.0004351138613856165
2013-11-26,22.999693294401865,72.60115569230976,1.7225742112714215e-06,0.0017225742112714215
2013-11-27,22.999693294401865,72.60115569230976,2.569696334830951e-06,0.002569696334830951
2013-11-28,22.999693294401865,72.60115569230976,8.52346317969932e-07,0.000852346317969932
2013-11-29,22.999693294401865,72.60115569230976,1.2814997489840607e-06,0.0012814997489840607
2013-11-30,22.999693294401865,72.60115569230976,4.261732051702438e-07,0.0004261732051702438
2013-12-01,22.999693294401865,72.60115569230976,0.0,0.0
2013-12-02,22.999693294401865,72.60115569230976,0.0,0.0
2013-12-03,22.999693294401865,72.60115569230976,1.2755393754559918e-06,0.0012755393754559918
2013-12-04,22.999693294401865,72.60115569230976,4.470348358154297e-07,0.0004470348358154297
2013-12-05,22.999693294401865,72.60115569230976,1.729331927435851e-06,0.001729331927435851
2013-12-06,22.999693294401865,72.60115569230976,2.9772297125418845e-06,0.0029772297125418845
2013-12-07,22.999693294401865,72.60115569230976,8.697160751580668e-07,0.0008697160751580668
2013-12-08,22.999693294401865,72.60115569230976,8.52346317969932e-07,0.000852346317969932
2013-12-09,22.999693294401865,72.60115569230976,8.581911856708757e-07,0.0008581911856708757
2013-12-10,22.999693294401865,72.60115569230976,0.0,0.0
2013-12-11,22.999693294401865,72.60115569230976,8.52346317969932e-07,0.000852346317969932
2013-12-12,22.999693294401865,72.60115569230976,4.351138045421976e-07,0.0004351138045421976
2013-12-13,22.999693294401865,72.60115569230976,4.351138045421976e-07,0.0004351138045421976
2013-12-14,22.999693294401865,72.60115569230976,8.553266184208042e-07,0.0008553266184208042
2013-12-15,22.999693294401865,72.60115569230976,8.52346317969932e-07,0.000852346317969932
2013-12-16,22.999693294401865,72.60115569230976,4.261732051702438e-07,0.0004261732051702438
2013-12-17,22.999693294401865,72.60115569230976,0.0,0.0
2013-12-18,22.999693294401865,72.60115569230976,4.351138045421976e-07,0.0004351138045421976
2013-12-19,22.999693294401865,72.60115569230976,8.52346317969932e-07,0.000852346317969932
2013-12-20,22.999693294401865,72.60115569230976,8.70227722771233e-07,0.000870227722771233
2013-12-21,22.999693294401865,72.60115569230976,1.7046927496267017e-06,0.0017046927496267017
2013-12-22,22.999693294401865,72.60115569230976,1.7174697859445587e-06,0.0017174697859445587
2013-12-23,22.999693294401865,72.60115569230976,8.52346317969932e-07,0.000852346317969932
2013-12-24,22.999693294401865,72.60115569230976,4.351138045421976e-07,0.0004351138045421976
2013-12-25,22.999693294401865,72.60115569230976,1.7225738702109084e-06,0.0017225738702109084
2013-12-26,22.999693294401865,72.60115569230976,4.351138045421976e-07,0.0004351138045421976
2013-12-27,22.999693294401865,72.60115569230976,8.52346317969932e-07,0.000852346317969932
2013-12-28,22.999693294401865,72.60115569230976,0.0,0.0
2013-12-29,22.999693294401865,72.60115569230976,0.0,0.0
2013-12-30,22.999693294401865,72.60115569230976,2.582232411896257e-06,0.002582232411896257
2013-12-31,22.999693294401865,72.60115569230976,1.705428928744368e-06,0.001705428928744368
2014-01-01,22.999693294401865,72.60115569230976,8.564820177525689e-07,0.0008564820177525689
2014-01-02,22.999693294401865,72.60115569230976,8.544209890715138e-07,0.0008544209890715138
2014-01-03,22.999693294401865,72.60115569230976,1.719134615996154e-06,0.001719134615996154
2014-01-04,22.999693294401865,72.60115569230976,8.642672355563263e-07,0.0008642672355563263
2014-01-05,22.999693294401865,72.60115569230976,0.0,0.0
2014-01-06,22.999693294401865,72.60115569230976,4.276632239452738e-07,0.0004276632239452738
2014-01-07,22.999693294401865,72.60115569230976,2.156803930120077e-06,0.002156803930120077
2014-01-08,22.999693294401865,72.60115569230976,4.351138045421976e-07,0.0004351138045421976
2014-01-09,22.999693294401865,72.60115569230976,4.351138045421976e-07,0.0004351138045421976
2014-01-10,22.999693294401865,72.60115569230976,1.2910262512377813e-06,0.0012910262512377813
2014-01-11,22.999693294401865,72.60115569230976,2.394472176092677e-09,2.394472176092677e-06
2014-01-12,22.999693294401865,72.60115569230976,1.2895013696834212e-06,0.0012895013696834212
2014-01-13,22.999693294401865,72.60115569230976,4.351138045421976e-07,0.0004351138045421976
2014-01-14,22.999693294401865,72.60115569230976,1.2814997489840607e-06,0.0012814997489840607
2014-01-15,22.999693294401865,72.60115569230976,2.146327744867449e-06,0.002146327744867449
2014-01-16,22.999693294401865,72.60115569230976,8.94073082235991e-09,8.94073082235991e-06
2014-01-17,22.999693294401865,72.60115569230976,4.351138045421976e-07,0.0004351138045421976
2014-01-18,22.999693294401865,72.60115569230976,0.0,0.0
2014-01-19,22.999693294401865,72.60115569230976,4.351138045421976e-07,0.0004351138045421976
2014-01-20,22.999693294401865,72.60115569230976,0.0018927206998000656,1.8927206998000656
2014-01-21,22.999693294401865,72.60115569230976,0.005068674393953643,5.068674393953643
2014-01-22,22.999693294401865,72.60115569230976,6.433129300376095e-05,0.06433129300376095
2014-01-23,22.999693294401865,72.60115569230976,3.009307022239227e-06,0.003009307022239227
2014-01-24,22.999693294401865,72.60115569230976,2.5862609618343413e-06,0.0025862609618343413
2014-01-25,22.999693294401865,72.60115569230976,8.495123324792075e-07,0.0008495123324792075
2014-01-26,22.999693294401865,72.60115569230976,5.684341886080802e-14,5.6843418860808015e-11
2014-01-27,22.999693294401865,72.60115569230976,0.0,0.0
2014-01-28,22.999693294401865,72.60115569230976,2.151953594875522e-06,0.002151953594875522
2014-01-29,22.999693294401865,72.60115569230976,-6.187292456161231e-09,-6.187292456161231e-06
2014-01-30,22.999693294401865,72.60115569230976,8.553265615773853e-07,0.0008553265615773853
2014-01-31,22.999693294401865,72.60115569230976,2.566710293194774e-06,0.002566710293194774
2014-02-01,22.999693294401865,72.60115569230976,2.148607222807186e-06,0.002148607222807186
2014-02-02,22.999693294401865,72.60115569230976,8.553023462809506e-07,0.0008553023462809506
2014-02-03,22.999693294401865,72.60115569230976,4.351138045421976e-07,0.0004351138045421976
2014-02-04,22.999693294401865,72.60115569230976,0.0,0.0
2014-02-05,22.999693294401865,72.60115569230976,8.52346317969932e-07,0.000852346317969932
2014-02-06,22.999693294401865,72.60115569230976,0.0,0.0
2014-02-07,22.999693294401865,72.60115569230976,8.626827820990002e-07,0.0008626827820990002
2014-02-08,22.999693294401865,72.60115569230976,8.600427463534288e-07,0.0008600427463534288
2014-02-09,22.999693294401865,72.60115569230976,8.706012977199862e-07,0.0008706012977199862
2014-02-10,22.999693294401865,72.60115569230976,0.0,0.0
2014-02-11,22.999693294401865,72.60115569230976,2.1290420022523904e-06,0.0021290420022523904
2014-02-12,22.999693294401865,72.60115569230976,8.52346317969932e-07,0.000852346317969932
2014-02-13,22.999693294401865,72.60115569230976,1.2934207802572928e-06,0.0012934207802572928
2014-02-14,22.999693294401865,72.60115569230976,2.3305413492380467e-06,0.0023305413492380467
2014-02-15,22.999693294401865,72.60115569230976,2.8181075947486534e-05,0.028181075947486534
2014-02-16,22.999693294401865,72.60115569230976,8.52346317969932e-07,0.000852346317969932
2014-02-17,22.999693294401865,72.60115569230976,1.283252004213864e-06,0.001283252004213864
2014-02-18,22.999693294401865,72.60115569230976,4.351138045421976e-07,0.0004351138045421976
2014-02-19,22.999693294401865,72.60115569230976,4.351138045421976e-07,0.0004351138045421976
2014-02-20,22.999693294401865,72.60115569230976,8.642672355563263e-07,0.0008642672355563263
2014-02-21,22.999693294401865,72.60115569230976,1.29170342688667e-06,0.00129170342688667
2014-02-22,22.999693294401865,72.60115569230976,4.351138613856165e-07,0.0004351138613856165
2014-02-23,22.999693294401865,72.60115569230976,1.714933205221314e-06,0.001714933205221314
2014-02-24,22.999693294401865,72.60115569230976,4.261732051702438e-07,0.0004261732051702438
2014-02-25,22.999693294401865,72.60115569230976,0.00025905072688559017,0.25905072688559017
2014-02-26,22.999693294401865,72.60115569230976,0.002116262912750244,2.116262912750244
2014-02-27,22.999693294401865,72.60115569230976,1.2814997489840607e-06,0.0012814997489840607
2014-02-28,22.999693294401865,72.60115569230976,2.9803004508721642e-09,2.9803004508721642e-06
2014-03-01,22.999693294401865,72.60115569230976,0.0,0.0
2014-03-02,22.999693294401865,72.60115569230976,1.7230703406312387e-06,0.0017230703406312387
2014-03-03,22.999693294401865,72.60115569230976,4.410743663640915e-07,0.0004410743663640915
2014-03-04,22.999693294401865,72.60115569230976,0.0,0.0
2014-03-05,22.999693294401865,72.60115569230976,1.931190485748857e-06,0.001931190485748857
2014-03-06,22.999693294401865,72.60115569230976,8.601072671865495e-07,0.0008601072671865495
2014-03-07,22.999693294401865,72.60115569230976,0.0,0.0
2014-03-08,22.999693294401865,72.60115569230976,8.52346317969932e-07,0.000852346317969932
2014-03-09,22.999693294401865,72.60115569230976,0.00016971172738067253,0.16971172738067253
2014-03-10,22.999693294401865,72.60115569230976,3.214478482505001e-05,0.03214478482505001
2014-03-11,22.999693294401865,72.60115569230976,0.0,0.0
2014-03-12,22.999693294401865,72.60115569230976,0.0,0.0
2014-03-13,22.999693294401865,72.60115569230976,2.571940399320738e-06,0.002571940399320738
2014-03-14,22.999693294401865,72.60115569230976,8.79168396750174e-07,0.000879168396750174
2014-03-15,22.999693294401865,72.60115569230976,0.0,0.0
2014-03-16,22.999693294401865,72.60115569230976,8.523463748133508e-07,0.0008523463748133508
2014-03-17,22.999693294401865,72.60115569230976,2.1489248069883615e-06,0.0021489248069883615
2014-03-18,22.999693294401865,72.60115569230976,2.15228402566936e-06,0.00215228402566936
2014-03-19,22.999693294401865,72.60115569230976,0.0,0.0
2014-03-20,22.999693294401865,72.60115569230976,4.351138045421976e-07,0.0004351138045421976
2014-03-21,22.999693294401865,72.60115569230976,1.7062158121916582e-06,0.0017062158121916582
2014-03-22,22.999693294401865,72.60115569230976,8.757216924948352e-07,0.0008757216924948352
2014-03-23,22.999693294401865,72.60115569230976,8.656139165452714e-07,0.0008656139165452714
2014-03-24,22.999693294401865,72.60115569230976,1.731721738451597e-06,0.001731721738451597
2014-03-25,22.999693294401865,72.60115569230976,8.43950562767759e-07,0.000843950562767759
2014-03-26,22.999693294401865,72.60115569230976,0.0,0.0
2014-03-27,22.999693294401865,72.60115569230976,2.5779008296922257e-06,0.0025779008296922257
2014-03-28,22.999693294401865,72.60115569230976,-5.960430371487746e-09,-5.960430371487746e-06
2014-03-29,22.999693294401865,72.60115569230976,8.52346317969932e-07,0.000852346317969932
2014-03-30,22.999693294401865,72.60115569230976,8.731695970709552e-07,0.0008731695970709552
2014-03-31,22.999693294401865,72.60115569230976,8.553265615773853e-07,0.0008553265615773853
2014-04-01,22.999693294401865,72.60115569230976,0.0,0.0
2014-04-02,22.999693294401865,72.60115569230976,0.0,0.0
2014-04-03,22.999693294401865,72.60115569230976,8.52346317969932e-07,0.000852346317969932
2014-04-04,22.999693294401865,72.60115569230976,1.7106522136600688e-06,0.0017106522136600688
2014-04-05,22.999693294401865,72.60115569230976,4.351138045421976e-07,0.0004351138045421976
2014-04-06,22.999693294401865,72.60115569230976,1.2962314031028654e-06,0.0012962314031028654
2014-04-07,22.999693294401865,72.60115569230976,2.1578160271928937e-06,0.0021578160271928937
2014-04-08,22.999693294401865,72.60115569230976,-2.3969789708644385e-08,-2.3969789708644385e-05
2014-04-09,22.999693294401865,72.60115569230976,0.0,0.0
2014-04-10,22.999693294401865,72.60115569230976,8.52346317969932e-07,0.000852346317969932
2014-04-11,22.999693294401865,72.60115569230976,2.142166295016068e-06,0.002142166295016068
2014-04-12,22.999693294401865,72.60115569230976,1.3283795397001086e-08,1.3283795397001086e-05
2014-04-13,22.999693294401865,72.60115569230976,8.583068797918258e-07,0.0008583068797918258
2014-04-14,22.999693294401865,72.60115569230976,1.7195939676639682e-06,0.0017195939676639682
2014-04-15,22.999693294401865,72.60115569230976,0.0,0.0
2014-04-16,22.999693294401865,72.60115569230976,1.7200615047840984e-06,0.0017200615047840984
2014-04-17,22.999693294401865,72.60115569230976,8.52346317969932e-07,0.000852346317969932
2014-04-18,22.999693294401865,72.60115569230976,8.523463748133508e-07,0.0008523463748133508
2014-04-19,22.999693294401865,72.60115569230976,0.000426560640335083,0.426560640335083
2014-04-20,22.999693294401865,72.60115569230976,0.0009589791297912598,0.9589791297912598
2014-04-21,22.999693294401865,72.60115569230976,1.4901161193847656e-08,1.4901161193847656e-05
2014-04-22,22.999693294401865,72.60115569230976,0.0,0.0
2014-04-23,22.999693294401865,72.60115569230976,0.0,0.0
2014-04-24,22.999693294401865,72.60115569230976,8.543925673620834e-07,0.0008543925673620834
2014-04-25,22.999693294401865,72.60115569230976,1.2874602930423862e-06,0.0012874602930423862
2014-04-26,22.999693294401865,72.60115569230976,4.261732051702438e-07,0.0004261732051702438
2014-04-27,22.999693294401865,72.60115569230976,1.7173548485516221e-06,0.0017173548485516221
2014-04-28,22.999693294401865,72.60115569230976,0.0,0.0
2014-04-29,22.999693294401865,72.60115569230976,0.0,0.0
2014-04-30,22.999693294401865,72.60115569230976,2.1427869114631903e-06,0.0021427869114631903
2014-05-01,22.999693294401865,72.60115569230976,1.7114348906943633e-06,0.0017114348906943633
2014-05-02,22.999693294401865,72.60115569230976,1.7225742112714215e-06,0.0017225742112714215
2014-05-03,22.999693294401865,72.60115569230976,8.404254572269565e-07,0.0008404254572269565
2014-05-04,22.999693294401865,72.60115569230976,0.0,0.0
2014-05-05,22.999693294401865,72.60115569230976,0.001431918144021438,1.431918144021438
2014-05-06,22.999693294401865,72.60115569230976,8.52346317969932e-07,0.000852346317969932
2014-05-07,22.999693294401865,72.60115569230976,1.710643118713051e-06,0.001710643118713051
2014-05-08,22.999693294401865,72.60115569230976,8.52346317969932e-07,0.000852346317969932
2014-05-09,22.999693294401865,72.60115569230976,1.7091613813136064e-06,0.0017091613813136064
2014-05-10,22.999693294401865,72.60115569230976,2.7173757548126787e-05,0.027173757548126787
2014-05-11,22.999693294401865,72.60115569230976,0.0,0.0
2014-05-12,22.999693294401865,72.60115569230976,4.7430713152607495e-06,0.0047430713152607495
2014-05-13,22.999693294401865,72.60115569230976,0.0005910590788289483,0.5910590788289483
2014-05-14,22.999693294401865,72.60115569230976,2.967499227679582e-05,0.02967499227679582
2014-05-15,22.999693294401865,72.60115569230976,0.0,0.0
2014-05-16,22.999693294401865,72.60115569230976,2.721846103170833e-05,0.02721846103170833
2014-05-17,22.999693294401865,72.60115569230976,0.0001544952392578125,0.1544952392578125
2014-05-18,22.999693294401865,72.60115569230976,8.909169264370576e-05,0.08909169264370576
2014-05-19,22.999693294401865,72.60115569230976,8.560480182495667e-07,0.0008560480182495667
2014-05-20,22.999693294401865,72.60115569230976,0.0,0.0
2014-05-21,22.999693294401865,72.60115569230976,1.29098390289073e-06,0.00129098390289073
2014-05-22,22.999693294401865,72.60115569230976,2.5750283043635136e-06,0.0025750283043635136
2014-05-23,22.999693294401865,72.60115569230976,8.52346317969932e-07,0.000852346317969932
2014-05-24,22.999693294401865,72.60115569230976,0.0,0.0
2014-05-25,22.999693294401865,72.60115569230976,4.7832727432250977e-05,0.04783272743225098
2014-05-26,22.999693294401865,72.60115569230976,8.821486403576273e-07,0.0008821486403576273
2014-05-27,22.999693294401865,72.60115569230976,0.0,0.0
2014-05-28,22.999693294401865,72.60115569230976,2.0444392134777445e-06,0.0020444392134777445
2014-05-29,22.999693294401865,72.60115569230976,8.52346317969932e-07,0.000852346317969932
2014-05-30,22.999693294401865,72.60115569230976,2.572780431364663e-06,0.002572780431364663
2014-05-31,22.999693294401865,72.60115569230976,4.790154889633413e-06,0.004790154889633413
2014-06-01,22.999693294401865,72.60115569230976,1.7354382180201355e-06,0.0017354382180201355
2014-06-02,22.999693294401865,72.60115569230976,8.404255140703754e-07,0.0008404255140703754
2014-06-03,22.999693294401865,72.60115569230976,0.00012774740042686972,0.12774740042686972
2014-06-04,22.999693294401865,72.60115569230976,1.2952956467415788e-06,0.0012952956467415788
2014-06-05,22.999693294401865,72.60115569230976,8.598613625565577e-07,0.0008598613625565577
2014-06-06,22.999693294401865,72.60115569230976,2.002348509222429e-09,2.002348509222429e-06
2014-06-07,22.999693294401865,72.60115569230976,0.0,0.0
2014-06-08,22.999693294401865,72.60115569230976,8.52346317969932e-07,0.000852346317969932
2014-06-09,22.999693294401865,72.60115569230976,1.2814998058274796e-06,0.0012814998058274796
2014-06-10,22.999693294401865,72.60115569230976,8.583068797918258e-07,0.0008583068797918258
2014-06-11,22.999693294401865,72.60115569230976,0.0001615315674712292,0.1615315674712292
2014-06-12,22.999693294401865,72.60115569230976,1.3366341590881348e-05,0.013366341590881348
2014-06-13,22.999693294401865,72.60115569230976,0.00043581724162322644,0.43581724162322644
2014-06-14,22.999693294401865,72.60115569230976,0.0002965927122886569,0.2965927122886569
2014-06-15,22.999693294401865,72.60115569230976,0.0014709532260894775,1.4709532260894775
2014-06-16,22.999693294401865,72.60115569230976,0.0005892813205718994,0.5892813205718994
2014-06-17,22.999693294401865,72.60115569230976,0.0007067910192972704,0.7067910192972704
2014-06-18,22.999693294401865,72.60115569230976,0.00019743966754504072,0.19743966754504072
2014-06-19,22.999693294401865,72.60115569230976,0.0004796236753463745,0.4796236753463745
2014-06-20,22.999693294401865,72.60115569230976,2.498236483461369e-06,0.002498236483461369
2014-06-21,22.999693294401865,72.60115569230976,9.922981265475528e-05,0.09922981265475528
2014-06-22,22.999693294401865,72.60115569230976,0.00012664496898651123,0.12664496898651123
2014-06-23,22.999693294401865,72.60115569230976,0.00010752677917480469,0.10752677917480469
2014-06-24,22.999693294401865,72.60115569230976,4.096627225180782e-05,0.04096627225180782
2014-06-25,22.999693294401865,72.60115569230976,0.0001668483018875122,0.1668483018875122
2014-06-26,22.999693294401865,72.60115569230976,0.00012480020512839474,0.12480020512839474
2014-06-27,22.999693294401865,72.60115569230976,2.5752186672889366e-05,0.025752186672889366
2014-06-28,22.999693294401865,72.60115569230976,3.996789445182003e-05,0.03996789445182003
2014-06-29,22.999693294401865,72.60115569230976,0.00012132814293863703,0.12132814293863703
2014-06-30,22.999693294401865,72.60115569230976,0.00021482747308709804,0.21482747308709804
2014-07-01,22.999693294401865,72.60115569230976,0.0003454536199569702,0.3454536199569702
2014-07-02,22.999693294401865,72.60115569230976,0.0005978744755452681,0.5978744755452681
2014-07-03,22.999693294401865,72.60115569230976,0.0002247266099288936,0.2247266099288936
2014-07-04,22.999693294401865,72.60115569230976,0.00015072934888848977,0.15072934888848977
2014-07-05,22.999693294401865,72.60115569230976,3.423595803297985e-06,0.003423595803297985
2014-07-06,22.999693294401865,72.60115569230976,1.609325352092128e-06,0.001609325352092128
2014-07-07,22.999693294401865,72.60115569230976,3.984272473189776e-05,0.03984272473189776
2014-07-08,22.999693294401865,72.60115569230976,2.1457672687574814e-06,0.0021457672687574814
2014-07-09,22.999693294401865,72.60115569230976,3.36766242980957e-05,0.0336766242980957
2014-07-10,22.999693294401865,72.60115569230976,0.00014954805374145508,0.14954805374145508
2014-07-11,22.999693294401865,72.60115569230976,0.00462612509727478,4.62612509727478
2014-07-12,22.999693294401865,72.60115569230976,0.00038298368453837384,0.38298368453837384
2014-07-13,22.999693294401865,72.60115569230976,0.0007994860410676097,0.7994860410676097
2014-07-14,22.999693294401865,72.60115569230976,0.0012070960938785902,1.2070960938785902
2014-07-15,22.999693294401865,72.60115569230976,0.007697399304333885,7.697399304333885
2014-07-16,22.999693294401865,72.60115569230976,0.01542690396308899,15.42690396308899
2014-07-17,22.999693294401865,72.60115569230976,0.0053155452011992566,5.3155452011992566
2014-07-18,22.999693294401865,72.60115569230976,0.07524707913398743,75.24707913398743
2014-07-19,22.999693294401865,72.60115569230976,0.0031716018915126654,3.1716018915126654
2014-07-20,22.999693294401865,72.60115569230976,0.0005815093392129711,0.5815093392129711
2014-07-21,22.999693294401865,72.60115569230976,0.0010691843458516814,1.0691843458516814
2014-07-22,22.999693294401865,72.60115569230976,0.0014466524123122326,1.4466524123122326
2014-07-23,22.999693294401865,72.60115569230976,0.04001772403717041,40.01772403717041
2014-07-24,22.999693294401865,72.60115569230976,0.05744765698904075,57.44765698904075
2014-07-25,22.999693294401865,72.60115569230976,0.028473922199680146,28.473922199680146
2014-07-26,22.999693294401865,72.60115569230976,0.01776223182667991,17.76223182667991
2014-07-27,22.999693294401865,72.60115569230976,0.0013851463794658514,1.3851463794658514
2014-07-28,22.999693294401865,72.60115569230976,0.006834015250205994,6.834015250205994
2014-07-29,22.999693294401865,72.60115569230976,0.031374186277389526,31.374186277389526
2014-07-30,22.999693294401865,72.60115569230976,0.015250498056410322,15.250498056410322
2014-07-31,22.999693294401865,72.60115569230976,0.006851918577012839,6.851918577012839
2014-08-01,22.999693294401865,72.60115569230976,0.0014683402951050084,1.4683402951050084
2014-08-02,22.999693294401865,72.60115569230976,0.005671057104962074,5.671057104962074
2014-08-03,22.999693294401865,72.60115569230976,0.007448577880854401,7.448577880854401
2014-08-04,22.999693294401865,72.60115569230976,0.0017692446708714726,1.7692446708714726
2014-08-05,22.999693294401865,72.60115569230976,0.004986444371922971,4.986444371922971
2014-08-06,22.999693294401865,72.60115569230976,0.011667430400848389,11.667430400848389
2014-08-07,22.999693294401865,72.60115569230976,0.004876206475955769,4.876206475955769
2014-08-08,22.999693294401865,72.60115569230976,0.0042792930713630994,4.279293071363099
2014-08-09,22.999693294401865,72.60115569230976,0.0018051862716674805,1.8051862716674805
2014-08-10,22.999693294401865,72.60115569230976,0.0027533054351351893,2.7533054351351893
2014-08-11,22.999693294401865,72.60115569230976,0.001426398754119873,1.426398754119873
2014-08-12,22.999693294401865,72.60115569230976,0.0014420896768569946,1.4420896768569946
2014-08-13,22.999693294401865,72.60115569230976,0.0007715821266174316,0.7715821266174316
2014-08-14,22.999693294401865,72.60115569230976,0.001017928123474121,1.017928123474121
2014-08-15,22.999693294401865,72.60115569230976,0.0017995300055986263,1.7995300055986263
2014-08-16,22.999693294401865,72.60115569230976,0.001058613726513613,1.058613726513613
2014-08-17,22.999693294401865,72.60115569230976,0.0013240724802017212,1.3240724802017212
2014-08-18,22.999693294401865,72.60115569230976,0.00033610318570254094,0.33610318570254094
2014-08-19,22.999693294401865,72.60115569230976,0.00023776896335903075,0.23776896335903075
2014-08-20,22.999693294401865,72.60115569230976,0.0001271634080310946,0.1271634080310946
2014-08-21,22.999693294401865,72.60115569230976,0.0002560615539550781,0.2560615539550781
2014-08-22,22.999693294401865,72.60115569230976,0.0003855645654766704,0.3855645654766704
2014-08-23,22.999693294401865,72.60115569230976,0.003053039312362671,3.053039312362671
2014-08-24,22.999693294401865,72.60115569230976,0.017819344997406006,17.819344997406006
2014-08-25,22.999693294401865,72.60115569230976,0.0023845970630596014,2.3845970630596014
2014-08-26,22.999693294401865,72.60115569230976,7.171332833877386e-05,0.07171332833877386
2014-08-27,22.999693294401865,72.60115569230976,0.00036985576152304134,0.36985576152304134
2014-08-28,22.999693294401865,72.60115569230976,0.000343363431625221,0.343363431625221
2014-08-29,22.999693294401865,72.60115569230976,0.0015109668695458822,1.5109668695458822
2014-08-30,22.999693294401865,72.60115569230976,0.029539712519579098,29.539712519579098
2014-08-31,22.999693294401865,72.60115569230976,0.03648679806224209,36.48679806224209
2014-09-01,22.999693294401865,72.60115569230976,0.015312376951442275,15.312376951442275
2014-09-02,22.999693294401865,72.60115569230976,0.008018458406411355,8.018458406411355
2014-09-03,22.999693294401865,72.60115569230976,0.009424964498407462,9.424964498407462
2014-09-04,22.999693294401865,72.60115569230976,0.011892994498168719,11.892994498168719
2014-09-05,22.999693294401865,72.60115569230976,0.000747779011703642,0.747779011703642
2014-09-06,22.999693294401865,72.60115569230976,0.0009249220906326627,0.9249220906326627
2014-09-07,22.999693294401865,72.60115569230976,0.0007197606461772921,0.7197606461772921
2014-09-08,22.999693294401865,72.60115569230976,0.02364160120487213,23.64160120487213
2014-09-09,22.999693294401865,72.60115569230976,0.11703774333000183,117.03774333000183
2014-09-10,22.999693294401865,72.60115569230976,0.019247615337366852,19.247615337366852
2014-09-11,22.999693294401865,72.60115569230976,0.012914597988128662,12.914597988128662
2014-09-12,22.999693294401865,72.60115569230976,0.0006560564040114514,0.6560564040114514
2014-09-13,22.999693294401865,72.60115569230976,7.041399379659197e-05,0.07041399379659197
2014-09-14,22.999693294401865,72.60115569230976,0.0004839990518803461,0.4839990518803461
2014-09-15,22.999693294401865,72.60115569230976,0.0009590900886564668,0.9590900886564668
2014-09-16,22.999693294401865,72.60115569230976,0.00044537492358998065,0.44537492358998065
2014-09-17,22.999693294401865,72.60115569230976,0.0007474601267745129,0.7474601267745129
2014-09-18,22.999693294401865,72.60115569230976,0.0001370579004174033,0.1370579004174033
2014-09-19,22.999693294401865,72.60115569230976,0.00032391846167456606,0.32391846167456606
2014-09-20,22.999693294401865,72.60115569230976,5.754828453063965e-05,0.05754828453063965
2014-09-21,22.999693294401865,72.60115569230976,0.0001214852964039892,0.1214852964039892
2014-09-22,22.999693294401865,72.60115569230976,7.296717467397684e-05,0.07296717467397684
2014-09-23,22.999693294401865,72.60115569230976,5.134261300554499e-07,0.0005134261300554499
2014-09-24,22.999693294401865,72.60115569230976,0.0002474814652941859,0.2474814652941859
2014-09-25,22.999693294401865,72.60115569230976,0.0005800959670523298,0.5800959670523298
2014-09-26,22.999693294401865,72.60115569230976,0.0002875298538356219,0.2875298538356219
2014-09-27,22.999693294401865,72.60115569230976,0.0003710836172103882,0.3710836172103882
2014-09-28,22.999693294401865,72.60115569230976,1.0669231400584067e-06,0.0010669231400584067
2014-09-29,22.999693294401865,72.60115569230976,8.553266184208042e-07,0.0008553266184208042
2014-09-30,22.999693294401865,72.60115569230976,7.849037638152367e-05,0.07849037638152367
2014-10-01,22.999693294401865,72.60115569230976,0.0001539009860493934,0.1539009860493934
2014-10-02,22.999693294401865,72.60115569230976,2.1444231492750987e-06,0.0021444231492750987
2014-10-03,22.999693294401865,72.60115569230976,2.1457670982272248e-06,0.0021457670982272248
2014-10-04,22.999693294401865,72.60115569230976,8.523464885001886e-07,0.0008523464885001886
2014-10-05,22.999693294401865,72.60115569230976,1.293420723413874e-06,0.001293420723413874
2014-10-06,22.999693294401865,72.60115569230976,0.0001341342925798017,0.1341342925798017
2014-10-07,22.999693294401865,72.60115569230976,6.991624729835166e-06,0.006991624729835166
2014-10-08,22.999693294401865,72.60115569230976,8.606466685989744e-07,0.0008606466685989744
2014-10-09,22.999693294401865,72.60115569230976,8.52346317969932e-07,0.000852346317969932
2014-10-10,22.999693294401865,72.60115569230976,1.7199096760123211e-06,0.0017199096760123211
2014-10-11,22.999693294401865,72.60115569230976,-2.876788585126633e-09,-2.876788585126633e-06
2014-10-12,22.999693294401865,72.60115569230976,4.410743663640915e-07,0.0004410743663640915
2014-10-13,22.999693294401865,72.60115569230976,8.583068797918258e-07,0.0008583068797918258
2014-10-14,22.999693294401865,72.60115569230976,8.575220817874651e-07,0.0008575220817874651
2014-10-15,22.999693294401865,72.60115569230976,0.0,0.0
2014-10-16,22.999693294401865,72.60115569230976,8.508991413691547e-07,0.0008508991413691547
2014-10-17,22.999693294401865,72.60115569230976,8.628892658180121e-07,0.0008628892658180121
2014-10-18,22.999693294401865,72.60115569230976,0.0,0.0
2014-10-19,22.999693294401865,72.60115569230976,1.7106531231547706e-06,0.0017106531231547706
2014-10-20,22.999693294401865,72.60115569230976,8.553265615773853e-07,0.0008553265615773853
2014-10-21,22.999693294401865,72.60115569230976,0.0,0.0
2014-10-22,22.999693294401865,72.60115569230976,8.523463748133508e-07,0.0008523463748133508
2014-10-23,22.999693294401865,72.60115569230976,4.351138045421976e-07,0.0004351138045421976
2014-10-24,22.999693294401865,72.60115569230976,4.351138045421976e-07,0.0004351138045421976
2014-10-25,22.999693294401865,72.60115569230976,3.2065163395600393e-06,0.0032065163395600393
2014-10-26,22.999693294401865,72.60115569230976,2.143716585578659e-06,0.002143716585578659
2014-10-27,22.999693294401865,72.60115569230976,0.0,0.0
2014-10-28,22.999693294401865,72.60115569230976,0.0,0.0
2014-10-29,22.999693294401865,72.60115569230976,8.52346317969932e-07,0.000852346317969932
2014-10-30,22.999693294401865,72.60115569230976,8.52346317969932e-07,0.000852346317969932
2014-10-31,22.999693294401865,72.60115569230976,4.410743663640915e-07,0.0004410743663640915
2014-11-01,22.999693294401865,72.60115569230976,1.3075811580165464e-06,0.0013075811580165464
2014-11-02,22.999693294401865,72.60115569230976,0.0,0.0
2014-11-03,22.999693294401865,72.60115569230976,8.553265615773853e-07,0.0008553265615773853
2014-11-04,22.999693294401865,72.60115569230976,1.2813263197131164e-06,0.0012813263197131164
2014-11-05,22.999693294401865,72.60115569230976,4.261732051702438e-07,0.0004261732051702438
2014-11-06,22.999693294401865,72.60115569230976,1.719593893056981e-06,0.001719593893056981
2014-11-07,22.999693294401865,72.60115569230976,1.2874602361989673e-06,0.0012874602361989673
2014-11-08,22.999693294401865,72.60115569230976,1.7212013858625141e-06,0.0017212013858625141
2014-11-09,22.999693294401865,72.60115569230976,1.3727685654885136e-09,1.3727685654885136e-06
2014-11-10,22.999693294401865,72.60115569230976,8.52346317969932e-07,0.000852346317969932
2014-11-11,22.999693294401865,72.60115569230976,2.1434434529510327e-06,0.0021434434529510327
2014-11-12,22.999693294401865,72.60115569230976,6.96957110335461e-05,0.0696957110335461
2014-11-13,22.999693294401865,72.60115569230976,0.0004521310329437256,0.4521310329437256
2014-11-14,22.999693294401865,72.60115569230976,0.000537568329850302,0.537568329850302
2014-11-15,22.999693294401865,72.60115569230976,0.0019450366496016613,1.9450366496016613
2014-11-16,22.999693294401865,72.60115569230976,0.001636865734951698,1.636865734951698
2014-11-17,22.999693294401865,72.60115569230976,8.519412682517213e-05,0.08519412682517213
2014-11-18,22.999693294401865,72.60115569230976,8.52346317969932e-07,0.000852346317969932
2014-11-19,22.999693294401865,72.60115569230976,2.1408200723271875e-06,0.0021408200723271875
2014-11-20,22.999693294401865,72.60115569230976,4.351138045421976e-07,0.0004351138045421976
2014-11-21,22.999693294401865,72.60115569230976,1.7046928064701206e-06,0.0017046928064701206
2014-11-22,22.999693294401865,72.60115569230976,1.7225741544280027e-06,0.0017225741544280027
2014-11-23,22.999693294401865,72.60115569230976,1.6929069488469395e-06,0.0016929069488469395
2014-11-24,22.999693294401865,72.60115569230976,3.431471668591257e-06,0.003431471668591257
2014-11-25,22.999693294401865,72.60115569230976,-1.0982148523908108e-08,-1.0982148523908108e-05
2014-11-26,22.999693294401865,72.60115569230976,4.410743663640915e-07,0.0004410743663640915
2014-11-27,22.999693294401865,72.60115569230976,4.351138045421976e-07,0.0004351138045421976
2014-11-28,22.999693294401865,72.60115569230976,8.553265615773853e-07,0.0008553265615773853
2014-11-29,22.999693294401865,72.60115569230976,0.0,0.0
2014-11-30,22.999693294401865,72.60115569230976,4.351138045421976e-07,0.0004351138045421976
2014-12-01,22.999693294401865,72.60115569230976,8.70227722771233e-07,0.000870227722771233
2014-12-02,22.999693294401865,72.60115569230976,1.69873245070562e-06,0.00169873245070562
2014-12-03,22.999693294401865,72.60115569230976,0.0,0.0
2014-12-04,22.999693294401865,72.60115569230976,0.0,0.0
2014-12-05,22.999693294401865,72.60115569230976,4.351138045421976e-07,0.0004351138045421976
2014-12-06,22.999693294401865,72.60115569230976,0.0,0.0
2014-12-07,22.999693294401865,72.60115569230976,8.52346317969932e-07,0.000852346317969932
2014-12-08,22.999693294401865,72.60115569230976,8.642672355563263e-07,0.0008642672355563263
2014-12-09,22.999693294401865,72.60115569230976,4.2319288695580326e-07,0.00042319288695580326
2014-12-10,22.999693294401865,72.60115569230976,1.716170970667008e-06,0.001716170970667008
2014-12-11,22.999693294401865,72.60115569230976,4.351138045421976e-07,0.0004351138045421976
2014-12-12,22.999693294401865,72.60115569230976,2.145792677765712e-06,0.002145792677765712
2014-12-13,22.999693294401865,72.60115569230976,8.463859444418631e-07,0.0008463859444418631
2014-12-14,22.999693294401865,72.60115569230976,8.523463748133508e-07,0.0008523463748133508
2014-12-15,22.999693294401865,72.60115569230976,0.0,0.0
2014-12-16,22.999693294401865,72.60115569230976,2.584815433692711e-06,0.002584815433692711
2014-12-17,22.999693294401865,72.60115569230976,1.272585450351471e-06,0.001272585450351471
2014-12-18,22.999693294401865,72.60115569230976,1.7261631342080364e-06,0.0017261631342080364
2014-12-19,22.999693294401865,72.60115569230976,8.583068797918258e-07,0.0008583068797918258
2014-12-20,22.999693294401865,72.60115569230976,4.410743663640915e-07,0.0004410743663640915
2014-12-21,22.999693294401865,72.60115569230976,1.2874602930423862e-06,0.0012874602930423862
2014-12-22,22.999693294401865,72.60115569230976,2.1530555613935576e-06,0.0021530555613935576
2014-12-23,22.999693294401865,72.60115569230976,-2.9802322387695312e-08,-2.9802322387695312e-05
2014-12-24,22.999693294401865,72.60115569230976,2.1347895540202444e-06,0.0021347895540202444
2014-12-25,22.999693294401865,72.60115569230976,3.884846648816165e-06,0.003884846648816165
2014-12-26,22.999693294401865,72.60115569230976,8.519932279682507e-07,0.0008519932279682507
2014-12-27,22.999693294401865,72.60115569230976,0.0,0.0
2014-12-28,22.999693294401865,72.60115569230976,8.553265615773853e-07,0.0008553265615773853
2014-12-29,22.999693294401865,72.60115569230976,8.52346317969932e-07,0.000852346317969932
2014-12-30,22.999693294401865,72.60115569230976,4.351138045421976e-07,0.0004351138045421976
2014-12-31,22.999693294401865,72.60115569230976,6.867051115477807e-05,0.06867051115477807
2015-01-01,22.999693294401865,72.60115569230976,0.00017615846991247963,0.17615846991247963
2015-01-02,22.999693294401865,72.60115569230976,1.0212592371772189e-05,0.010212592371772189
2015-01-03,22.999693294401865,72.60115569230976,3.198926265213231e-06,0.003198926265213231
2015-01-04,22.999693294401865,72.60115569230976,8.574304501962615e-07,0.0008574304501962615
2015-01-05,22.999693294401865,72.60115569230976,2.5932927201210987e-06,0.0025932927201210987
2015-01-06,22.999693294401865,72.60115569230976,3.875782567774877e-06,0.003875782567774877
2015-01-07,22.999693294401865,72.60115569230976,2.5674787025309342e-06,0.0025674787025309342
2015-01-08,22.999693294401865,72.60115569230976,2.171231585634814e-06,0.002171231585634814
2015-01-09,22.999693294401865,72.60115569230976,8.523463748133508e-07,0.0008523463748133508
2015-01-10,22.999693294401865,72.60115569230976,8.619472282589413e-07,0.0008619472282589413
2015-01-11,22.999693294401865,72.60115569230976,0.0,0.0
2015-01-12,22.999693294401865,72.60115569230976,1.7106532936850272e-06,0.0017106532936850272
2015-01-13,22.999693294401865,72.60115569230976,2.593116903426562e-06,0.002593116903426562
2015-01-14,22.999693294401865,72.60115569230976,0.0005342594030821601,0.5342594030821601
2015-01-15,22.999693294401865,72.60115569230976,4.351138045421976e-07,0.0004351138045421976
2015-01-16,22.999693294401865,72.60115569230976,0.0,0.0
2015-01-17,22.999693294401865,72.60115569230976,1.7046927496267017e-06,0.0017046927496267017
2015-01-18,22.999693294401865,72.60115569230976,8.523464316567697e-07,0.0008523464316567697
2015-01-19,22.999693294401865,72.60115569230976,4.291483080010039e-07,0.0004291483080010039
2015-01-20,22.999693294401865,72.60115569230976,2.144962316208421e-06,0.002144962316208421
2015-01-21,22.999693294401865,72.60115569230976,0.0021164596079756848,2.1164596079756848
2015-01-22,22.999693294401865,72.60115569230976,1.69456004073254e-05,0.0169456004073254
2015-01-23,22.999693294401865,72.60115569230976,0.0,0.0
2015-01-24,22.999693294401865,72.60115569230976,4.217028617858887e-05,0.04217028617858887
2015-01-25,22.999693294401865,72.60115569230976,0.00030653476704856075,0.30653476704856075
2015-01-26,22.999693294401865,72.60115569230976,1.043081283569336e-07,0.0001043081283569336
2015-01-27,22.999693294401865,72.60115569230976,2.258881693251169e-06,0.002258881693251169
2015-01-28,22.999693294401865,72.60115569230976,0.0,0.0
2015-01-29,22.999693294401865,72.60115569230976,1.2662422363973747e-06,0.0012662422363973747
2015-01-30,22.999693294401865,72.60115569230976,8.67603830556618e-07,0.000867603830556618
2015-01-31,22.999693294401865,72.60115569230976,8.583068797918258e-07,0.0008583068797918258
2015-02-01,22.999693294401865,72.60115569230976,1.2843089507441618e-06,0.0012843089507441618
2015-02-02,22.999693294401865,72.60115569230976,1.2814998058274796e-06,0.0012814998058274796
2015-02-03,22.999693294401865,72.60115569230976,8.523463748133508e-07,0.0008523463748133508
2015-02-04,22.999693294401865,72.60115569230976,1.7152869986603037e-06,0.0017152869986603037
2015-02-05,22.999693294401865,72.60115569230976,1.2879575592705805e-06,0.0012879575592705805
2015-02-06,22.999693294401865,72.60115569230976,7.569789886474609e-06,0.007569789886474609
2015-02-07,22.999693294401865,72.60115569230976,1.2810099292437371e-06,0.0012810099292437371
2015-02-08,22.999693294401865,72.60115569230976,8.610395525465719e-07,0.0008610395525465719
2015-02-09,22.999693294401865,72.60115569230976,8.52346317969932e-07,0.000852346317969932
2015-02-10,22.999693294401865,72.60115569230976,4.172325134277344e-07,0.0004172325134277344
2015-02-11,22.999693294401865,72.60115569230976,1.2895628742626286e-06,0.0012895628742626286
2015-02-12,22.999693294401865,72.60115569230976,1.2870751788796042e-06,0.0012870751788796042
2015-02-13,22.999693294401865,72.60115569230976,8.642672923997452e-07,0.0008642672923997452
2015-02-14,22.999693294401865,72.60115569230976,1.7225742112714215e-06,0.0017225742112714215
2015-02-15,22.999693294401865,72.60115569230976,0.0,0.0
2015-02-16,22.999693294401865,72.60115569230976,4.351138045421976e-07,0.0004351138045421976
2015-02-17,22.999693294401865,72.60115569230976,8.523463748133508e-07,0.0008523463748133508
2015-02-18,22.999693294401865,72.60115569230976,2.1477022187355033e-06,0.0021477022187355033
2015-02-19,22.999693294401865,72.60115569230976,8.523463748133508e-07,0.0008523463748133508
2015-02-20,22.999693294401865,72.60115569230976,8.52346317969932e-07,0.000852346317969932
2015-02-21,22.999693294401865,72.60115569230976,8.583068051848386e-07,0.0008583068051848386
2015-02-22,22.999693294401865,72.60115569230976,8.52346317969932e-07,0.000852346317969932
2015-02-23,22.999693294401865,72.60115569230976,0.0,0.0
2015-02-24,22.999693294401865,72.60115569230976,8.550630923309654e-07,0.0008550630923309654
2015-02-25,22.999693294401865,72.60115569230976,4.2319288695580326e-07,0.00042319288695580326
2015-02-26,22.999693294401865,72.60115569230976,8.565258440285106e-07,0.0008565258440285106
2015-02-27,22.999693294401865,72.60115569230976,2.5719728000694886e-06,0.0025719728000694886
2015-02-28,22.999693294401865,72.60115569230976,3.86962521474743e-05,0.0386962521474743
2015-03-01,22.999693294401865,72.60115569230976,0.0387012876582844,38.7012876582844
2015-03-02,22.999693294401865,72.60115569230976,1.567900170584835e-05,0.01567900170584835
2015-03-03,22.999693294401865,72.60115569230976,4.351138045421976e-07,0.0004351138045421976
2015-03-04,22.999693294401865,72.60115569230976,1.275539318612573e-06,0.001275539318612573
2015-03-05,22.999693294401865,72.60115569230976,1.293420723413874e-06,0.001293420723413874
2015-03-06,22.999693294401865,72.60115569230976,2.141875995675946e-06,0.002141875995675946
2015-03-07,22.999693294401865,72.60115569230976,1.2801145885532605e-06,0.0012801145885532605
2015-03-08,22.999693294401865,72.60115569230976,1.2853121802436362e-06,0.0012853121802436362
2015-03-09,22.999693294401865,72.60115569230976,-3.812374416156672e-09,-3.812374416156672e-06
2015-03-10,22.999693294401865,72.60115569230976,4.351138045421976e-07,0.0004351138045421976
2015-03-11,22.999693294401865,72.60115569230976,4.351138045421976e-07,0.0004351138045421976
2015-03-12,22.999693294401865,72.60115569230976,0.0015990912913252942,1.5990912913252942
2015-03-13,22.999693294401865,72.60115569230976,4.4211745262145996e-05,0.044211745262145996
2015-03-14,22.999693294401865,72.60115569230976,0.0037511939656837967,3.7511939656837967
2015-03-15,22.999693294401865,72.60115569230976,0.0002547979353835217,0.2547979353835217
2015-03-16,22.999693294401865,72.60115569230976,1.7106531231547706e-06,0.0017106531231547706
2015-03-17,22.999693294401865,72.60115569230976,1.7172702087009384e-06,0.0017172702087009384
2015-03-18,22.999693294401865,72.60115569230976,3.4332275049564487e-06,0.0034332275049564487
2015-03-19,22.999693294401865,72.60115569230976,8.52346317969932e-07,0.000852346317969932
2015-03-20,22.999693294401865,72.60115569230976,4.261732051702438e-07,0.0004261732051702438
2015-03-21,22.999693294401865,72.60115569230976,0.0,0.0
2015-03-22,22.999693294401865,72.60115569230976,1.7106532368416083e-06,0.0017106532368416083
2015-03-23,22.999693294401865,72.60115569230976,8.676120728523529e-07,0.0008676120728523529
2015-03-24,22.999693294401865,72.60115569230976,8.52346317969932e-07,0.000852346317969932
2015-03-25,22.999693294401865,72.60115569230976,0.0,0.0
2015-03-26,22.999693294401865,72.60115569230976,1.2874602930423862e-06,0.0012874602930423862
2015-03-27,22.999693294401865,72.60115569230976,0.0022900679346093966,2.2900679346093966
2015-03-28,22.999693294401865,72.60115569230976,8.441895715805003e-07,0.0008441895715805003
2015-03-29,22.999693294401865,72.60115569230976,8.447468280792236e-05,0.08447468280792236
2015-03-30,22.999693294401865,72.60115569230976,1.7106532368416083e-06,0.0017106532368416083
2015-03-31,22.999693294401865,72.60115569230976,8.553265615773853e-07,0.0008553265615773853
2015-04-01,22.999693294401865,72.60115569230976,3.427967044444813e-06,0.003427967044444813
2015-04-02,22.999693294401865,72.60115569230976,8.553266184208042e-07,0.0008553266184208042
2015-04-03,22.999693294401865,72.60115569230976,1.6941054923336196e-06,0.0016941054923336196
2015-04-04,22.999693294401865,72.60115569230976,0.00014484226693411983,0.14484226693411983
2015-04-05,22.999693294401865,72.60115569230976,4.351138045421976e-07,0.0004351138045421976
2015-04-06,22.999693294401865,72.60115569230976,0.0,0.0
2015-04-07,22.999693294401865,72.60115569230976,0.0,0.0
2015-04-08,22.999693294401865,72.60115569230976,2.5649817985140544e-06,0.0025649817985140544
2015-04-09,22.999693294401865,72.60115569230976,1.7375954257659032e-06,0.0017375954257659032
2015-04-10,22.999693294401865,72.60115569230976,0.00011296570301055908,0.11296570301055908
2015-04-11,22.999693294401865,72.60115569230976,0.0008819997301543481,0.8819997301543481
2015-04-12,22.999693294401865,72.60115569230976,0.0006522518991118886,0.6522518991118886
2015-04-13,22.999693294401865,72.60115569230976,0.00018605939385452075,0.18605939385452075
2015-04-14,22.999693294401865,72.60115569230976,5.716755822504638e-06,0.005716755822504638
2015-04-15,22.999693294401865,72.60115569230976,8.52346317969932e-07,0.000852346317969932
2015-04-16,22.999693294401865,72.60115569230976,4.351138045421976e-07,0.0004351138045421976
2015-04-17,22.999693294401865,72.60115569230976,8.52346317969932e-07,0.000852346317969932
2015-04-18,22.999693294401865,72.60115569230976,8.52346317969932e-07,0.000852346317969932
2015-04-19,22.999693294401865,72.60115569230976,8.593316351834801e-07,0.0008593316351834801
2015-04-20,22.999693294401865,72.60115569230976,0.0,0.0
2015-04-21,22.999693294401865,72.60115569230976,2.580881073299679e-06,0.002580881073299679
2015-04-22,22.999693294401865,72.60115569230976,1.2755392617691541e-06,0.0012755392617691541
2015-04-23,22.999693294401865,72.60115569230976,0.0,0.0
2015-04-24,22.999693294401865,72.60115569230976,8.523463748133508e-07,0.0008523463748133508
2015-04-25,22.999693294401865,72.60115569230976,1.716613724056515e-06,0.001716613724056515
2015-04-26,22.999693294401865,72.60115569230976,8.523463748133508e-07,0.0008523463748133508
2015-04-27,22.999693294401865,72.60115569230976,1.7275480104217422e-06,0.0017275480104217422
2015-04-28,22.999693294401865,72.60115569230976,0.0,0.0
2015-04-29,22.999693294401865,72.60115569230976,1.7195939108205494e-06,0.0017195939108205494
2015-04-30,22.999693294401865,72.60115569230976,8.52346317969932e-07,0.000852346317969932
2015-05-01,22.999693294401865,72.60115569230976,8.583068833445395e-07,0.0008583068833445395
2015-05-02,22.999693294401865,72.60115569230976,0.0,0.0
2015-05-03,22.999693294401865,72.60115569230976,1.2816457228836953e-06,0.0012816457228836953
2015-05-04,22.999693294401865,72.60115569230976,8.658619776724663e-07,0.0008658619776724663
2015-05-05,22.999693294401865,72.60115569230976,0.0,0.0
2015-05-06,22.999693294401865,72.60115569230976,1.7225742112714215e-06,0.0017225742112714215
2015-05-07,22.999693294401865,72.60115569230976,8.52346317969932e-07,0.000852346317969932
2015-05-08,22.999693294401865,72.60115569230976,1.7195939108205494e-06,0.0017195939108205494
2015-05-09,22.999693294401865,72.60115569230976,0.0,0.0
2015-05-10,22.999693294401865,72.60115569230976,8.52346317969932e-07,0.000852346317969932
2015-05-11,22.999693294401865,72.60115569230976,2.593252986571315e-06,0.002593252986571315
2015-05-12,22.999693294401865,72.60115569230976,5.581974983215332e-05,0.05581974983215332
2015-05-13,22.999693294401865,72.60115569230976,2.2131204502784385e-05,0.022131204502784385
2015-05-14,22.999693294401865,72.60115569230976,7.370114321503252e-06,0.007370114321503252
2015-05-15,22.999693294401865,72.60115569230976,8.523463748133508e-07,0.0008523463748133508
2015-05-16,22.999693294401865,72.60115569230976,8.523463748133508e-07,0.0008523463748133508
2015-05-17,22.999693294401865,72.60115569230976,0.0,0.0
2015-05-18,22.999693294401865,72.60115569230976,0.0,0.0
2015-05-19,22.999693294401865,72.60115569230976,2.581436433501949e-06,0.002581436433501949
2015-05-20,22.999693294401865,72.60115569230976,8.52346317969932e-07,0.000852346317969932
2015-05-21,22.999693294401865,72.60115569230976,8.612871624791296e-07,0.0008612871624791296
2015-05-22,22.999693294401865,72.60115569230976,0.0,0.0
2015-05-23,22.999693294401865,72.60115569230976,2.589821804122039e-06,0.002589821804122039
2015-05-24,22.999693294401865,72.60115569230976,6.520748133453935e-06,0.006520748133453935
2015-05-25,22.999693294401865,72.60115569230976,3.495216369131526e-05,0.03495216369131526
2015-05-26,22.999693294401865,72.60115569230976,7.599592208862305e-06,0.007599592208862305
2015-05-27,22.999693294401865,72.60115569230976,8.642672923997452e-07,0.0008642672923997452
2015-05-28,22.999693294401865,72.60115569230976,8.583068797918258e-07,0.0008583068797918258
2015-05-29,22.999693294401865,72.60115569230976,8.523463748133508e-07,0.0008523463748133508
2015-05-30,22.999693294401865,72.60115569230976,1.7195939108205494e-06,0.0017195939108205494
2015-05-31,22.999693294401865,72.60115569230976,0.0,0.0
2015-06-01,22.999693294401865,72.60115569230976,8.583068833445395e-07,0.0008583068833445395
2015-06-02,22.999693294401865,72.60115569230976,2.5749206429281912e-06,0.0025749206429281912
2015-06-03,22.999693294401865,72.60115569230976,3.0153989786896318e-05,0.030153989786896318
2015-06-04,22.999693294401865,72.60115569230976,1.360476016998291e-05,0.01360476016998291
2015-06-05,22.999693294401865,72.60115569230976,0.0,0.0
2015-06-06,22.999693294401865,72.60115569230976,2.5609208478272194e-06,0.0025609208478272194
2015-06-07,22.999693294401865,72.60115569230976,1.497238599768025e-08,1.4972385997680249e-05
2015-06-08,22.999693294401865,72.60115569230976,0.001539352536099159,1.539352536099159
2015-06-09,22.999693294401865,72.60115569230976,0.00032638013368568863,0.32638013368568863
2015-06-10,22.999693294401865,72.60115569230976,0.0001955807207991711,0.1955807207991711
2015-06-11,22.999693294401865,72.60115569230976,0.0010662317275986766,1.0662317275986766
2015-06-12,22.999693294401865,72.60115569230976,0.0008167773485183716,0.8167773485183716
2015-06-13,22.999693294401865,72.60115569230976,0.0006538422118360643,0.6538422118360643
2015-06-14,22.999693294401865,72.60115569230976,0.001134748054724355,1.134748054724355
2015-06-15,22.999693294401865,72.60115569230976,0.000732243060951987,0.732243060951987
2015-06-16,22.999693294401865,72.60115569230976,0.0006759613752933546,0.6759613752933546
2015-06-17,22.999693294401865,72.60115569230976,8.722543716288556e-05,0.08722543716288556
2015-06-18,22.999693294401865,72.60115569230976,0.0003449499606063,0.3449499606063
2015-06-19,22.999693294401865,72.60115569230976,0.003047496080341716,3.047496080341716
2015-06-20,22.999693294401865,72.60115569230976,4.863738922722405e-06,0.004863738922722405
2015-06-21,22.999693294401865,72.60115569230976,0.0006860792636871338,0.6860792636871338
2015-06-22,22.999693294401865,72.60115569230976,0.006898462772369385,6.898462772369385
2015-06-23,22.999693294401865,72.60115569230976,0.005333065986633301,5.333065986633301
2015-06-24,22.999693294401865,72.60115569230976,0.028452426195144653,28.452426195144653
2015-06-25,22.999693294401865,72.60115569230976,0.0008948028086592785,0.8948028086592785
2015-06-26,22.999693294401865,72.60115569230976,0.00031709671026192154,0.31709671026192154
2015-06-27,22.999693294401865,72.60115569230976,0.00022149085998535156,0.22149085998535156
2015-06-28,22.999693294401865,72.60115569230976,0.00024586915969848633,0.24586915969848633
2015-06-29,22.999693294401865,72.60115569230976,2.5033950805664062e-06,0.0025033950805664062
2015-06-30,22.999693294401865,72.60115569230976,8.583068797918258e-07,0.0008583068797918258
2015-07-01,22.999693294401865,72.60115569230976,0.0001506209373474121,0.1506209373474121
2015-07-02,22.999693294401865,72.60115569230976,0.0002721339464173411,0.2721339464173411
2015-07-03,22.999693294401865,72.60115569230976,0.00019322633733054317,0.19322633733054317
2015-07-04,22.999693294401865,72.60115569230976,0.00041462779040557507,0.41462779040557507
2015-07-05,22.999693294401865,72.60115569230976,0.00033835840395113337,0.33835840395113337
2015-07-06,22.999693294401865,72.60115569230976,0.00034240449122080463,0.34240449122080463
2015-07-07,22.999693294401865,72.60115569230976,0.0002022117375304333,0.2022117375304333
2015-07-08,22.999693294401865,72.60115569230976,0.0005545049904753796,0.5545049904753796
2015-07-09,22.999693294401865,72.60115569230976,0.0003868430852662641,0.3868430852662641
2015-07-10,22.999693294401865,72.60115569230976,0.000365877151484284,0.365877151484284
2015-07-11,22.999693294401865,72.60115569230976,0.00031238198278060736,0.31238198278060736
2015-07-12,22.999693294401865,72.60115569230976,1.2266635849300656e-05,0.012266635849300656
2015-07-13,22.999693294401865,72.60115569230976,7.011890409103216e-05,0.07011890409103216
2015-07-14,22.999693294401865,72.60115569230976,2.7820467835226736e-05,0.027820467835226736
2015-07-15,22.999693294401865,72.60115569230976,0.00034680366513839544,0.34680366513839544
2015-07-16,22.999693294401865,72.60115569230976,0.00012651085842207976,0.12651085842207976
2015-07-17,22.999693294401865,72.60115569230976,0.00011388063421691186,0.11388063421691186
2015-07-18,22.999693294401865,72.60115569230976,0.0008565366267703212,0.8565366267703212
2015-07-19,22.999693294401865,72.60115569230976,0.0034633129835128784,3.4633129835128784
2015-07-20,22.999693294401865,72.60115569230976,0.00417895913119537,4.17895913119537
2015-07-21,22.999693294401865,72.60115569230976,0.014741519093508515,14.741519093508515
2015-07-22,22.999693294401865,72.60115569230976,0.12342139780520256,123.42139780520256
2015-07-23,22.999693294401865,72.60115569230976,0.01035773754119873,10.35773754119873
2015-07-24,22.999693294401865,72.60115569230976,0.010905635356891707,10.905635356891707
2015-07-25,22.999693294401865,72.60115569230976,0.00860873162741882,8.60873162741882
2015-07-26,22.999693294401865,72.60115569230976,0.0685737329084759,68.5737329084759
2015-07-27,22.999693294401865,72.60115569230976,0.07993173599243164,79.93173599243164
2015-07-28,22.999693294401865,72.60115569230976,0.10225152854848929,102.25152854848929
2015-07-29,22.999693294401865,72.60115569230976,0.007820579997655841,7.820579997655841
2015-07-30,22.999693294401865,72.60115569230976,0.001981378648849841,1.9813786488498408
2015-07-31,22.999693294401865,72.60115569230976,0.0020639181136630214,2.0639181136630214
2015-08-01,22.999693294401865,72.60115569230976,0.0019520644746080507,1.9520644746080507
2015-08-02,22.999693294401865,72.60115569230976,0.0011995930348689399,1.1995930348689399
2015-08-03,22.999693294401865,72.60115569230976,0.0010632601424340749,1.0632601424340749
2015-08-04,22.999693294401865,72.60115569230976,0.0007512215352676321,0.7512215352676321
2015-08-05,22.999693294401865,72.60115569230976,0.0016404390335083008,1.6404390335083008
2015-08-06,22.999693294401865,72.60115569230976,0.001126462221066049,1.126462221066049
2015-08-07,22.999693294401865,72.60115569230976,0.0004081130027770996,0.4081130027770996
2015-08-08,22.999693294401865,72.60115569230976,0.0003758072853088379,0.3758072853088379
2015-08-09,22.999693294401865,72.60115569230976,0.00017702579498291016,0.17702579498291016
2015-08-10,22.999693294401865,72.60115569230976,0.0012296622901999399,1.22966229019994
2015-08-11,22.999693294401865,72.60115569230976,0.0004991620778014294,0.4991620778014294
2015-08-12,22.999693294401865,72.60115569230976,0.005807891488075256,5.807891488075256
2015-08-13,22.999693294401865,72.60115569230976,0.002026468515396118,2.026468515396118
2015-08-14,22.999693294401865,72.60115569230976,0.0059322029351278616,5.932202935127862
2015-08-15,22.999693294401865,72.60115569230976,0.00686897337436676,6.86897337436676
2015-08-16,22.999693294401865,72.60115569230976,0.001155811548130714,1.155811548130714
2015-08-17,22.999693294401865,72.60115569230976,0.0010296881197859875,1.0296881197859875
2015-08-18,22.999693294401865,72.60115569230976,0.0027036517857936815,2.7036517857936815
2015-08-19,22.999693294401865,72.60115569230976,0.0006564408540725708,0.6564408540725708
2015-08-20,22.999693294401865,72.60115569230976,0.0014322996138389499,1.4322996138389499
2015-08-21,22.999693294401865,72.60115569230976,0.0008795857429504395,0.8795857429504395
2015-08-22,22.999693294401865,72.60115569230976,0.0011976659297943115,1.1976659297943115
2015-08-23,22.999693294401865,72.60115569230976,0.0009278595447490545,0.9278595447490545
2015-08-24,22.999693294401865,72.60115569230976,0.0011746615170977748,1.1746615170977748
2015-08-25,22.999693294401865,72.60115569230976,0.0008766382088651881,0.8766382088651881
2015-08-26,22.999693294401865,72.60115569230976,0.0009217444007774134,0.9217444007774134
2015-08-27,22.999693294401865,72.60115569230976,0.00016879439353800763,0.16879439353800763
2015-08-28,22.999693294401865,72.60115569230976,0.00014136731624603271,0.14136731624603271
2015-08-29,22.999693294401865,72.60115569230976,0.0007591724394728772,0.7591724394728772
2015-08-30,22.999693294401865,72.60115569230976,0.0002704799175212713,0.2704799175212713
2015-08-31,22.999693294401865,72.60115569230976,0.00010379956307815519,0.10379956307815519
2015-09-01,22.999693294401865,72.60115569230976,6.13226347923046e-06,0.00613226347923046
2015-09-02,22.999693294401865,72.60115569230976,2.670287983619346e-06,0.002670287983619346
2015-09-03,22.999693294401865,72.60115569230976,0.0002498924732208252,0.2498924732208252
2015-09-04,22.999693294401865,72.60115569230976,1.891255368491329e-05,0.01891255368491329
2015-09-05,22.999693294401865,72.60115569230976,6.65992499193635e-05,0.0665992499193635
2015-09-06,22.999693294401865,72.60115569230976,1.9297003746032715e-05,0.019297003746032715
2015-09-07,22.999693294401865,72.60115569230976,0.00030581653118133545,0.30581653118133545
2015-09-08,22.999693294401865,72.60115569230976,0.0005384479944723353,0.5384479944723353
2015-09-09,22.999693294401865,72.60115569230976,0.0009436060883558639,0.9436060883558639
2015-09-10,22.999693294401865,72.60115569230976,0.0004900031243550984,0.4900031243550984
2015-09-11,22.999693294401865,72.60115569230976,0.00011910200119658043,0.11910200119658043
2015-09-12,22.999693294401865,72.60115569230976,0.0002215838830288419,0.2215838830288419
2015-09-13,22.999693294401865,72.60115569230976,0.00012420415875880053,0.12420415875880053
2015-09-14,22.999693294401865,72.60115569230976,0.0001480295107398888,0.1480295107398888
2015-09-15,22.999693294401865,72.60115569230976,4.5740604395660966e-05,0.045740604395660966
2015-09-16,22.999693294401865,72.60115569230976,3.787279128886212e-05,0.03787279128886212
2015-09-17,22.999693294401865,72.60115569230976,9.344518184661865e-05,0.09344518184661865
2015-09-18,22.999693294401865,72.60115569230976,0.01641584651207495,16.41584651207495
2015-09-19,22.999693294401865,72.60115569230976,0.0033065259456179774,3.3065259456179774
2015-09-20,22.999693294401865,72.60115569230976,0.006331339478492737,6.331339478492737
2015-09-21,22.999693294401865,72.60115569230976,0.0075816958891437025,7.5816958891437025
2015-09-22,22.999693294401865,72.60115569230976,0.0024740231825717274,2.4740231825717274
2015-09-23,22.999693294401865,72.60115569230976,4.3451786041259766e-05,0.043451786041259766
2015-09-24,22.999693294401865,72.60115569230976,1.3241610133718495e-05,0.013241610133718495
2015-09-25,22.999693294401865,72.60115569230976,1.049041748046875e-05,0.01049041748046875
2015-09-26,22.999693294401865,72.60115569230976,9.98377799987793e-07,0.000998377799987793
2015-09-27,22.999693294401865,72.60115569230976,8.370891237063915e-06,0.008370891237063915
2015-09-28,22.999693294401865,72.60115569230976,8.450497261947021e-07,0.0008450497261947021
2015-09-29,22.999693294401865,72.60115569230976,8.52346317969932e-07,0.000852346317969932
2015-09-30,22.999693294401865,72.60115569230976,8.52346317969932e-07,0.000852346317969932
2015-10-01,22.999693294401865,72.60115569230976,0.0,0.0
2015-10-02,22.999693294401865,72.60115569230976,0.0,0.0
2015-10-03,22.999693294401865,72.60115569230976,1.2814997489840607e-06,0.0012814997489840607
2015-10-04,22.999693294401865,72.60115569230976,0.0,0.0
2015-10-05,22.999693294401865,72.60115569230976,8.52346317969932e-07,0.000852346317969932
2015-10-06,22.999693294401865,72.60115569230976,0.0,0.0
2015-10-07,22.999693294401865,72.60115569230976,4.351138045421976e-07,0.0004351138045421976
2015-10-08,22.999693294401865,72.60115569230976,4.261732051702438e-07,0.0004261732051702438
2015-10-09,22.999693294401865,72.60115569230976,4.261732051702438e-07,0.0004261732051702438
2015-10-10,22.999693294401865,72.60115569230976,8.52346317969932e-07,0.000852346317969932
2015-10-11,22.999693294401865,72.60115569230976,1.7225741544280027e-06,0.0017225741544280027
2015-10-12,22.999693294401865,72.60115569230976,8.523463748133508e-07,0.0008523463748133508
2015-10-13,22.999693294401865,72.60115569230976,7.747113704681396e-05,0.07747113704681396
2015-10-14,22.999693294401865,72.60115569230976,0.0,0.0
2015-10-15,22.999693294401865,72.60115569230976,8.583068797918258e-07,0.0008583068797918258
2015-10-16,22.999693294401865,72.60115569230976,1.7121495261562814e-06,0.0017121495261562814
2015-10-17,22.999693294401865,72.60115569230976,1.7245394587916962e-06,0.0017245394587916962
2015-10-18,22.999693294401865,72.60115569230976,0.0,0.0
2015-10-19,22.999693294401865,72.60115569230976,0.0,0.0
2015-10-20,22.999693294401865,72.60115569230976,6.126165385467175e-05,0.06126165385467175
2015-10-21,22.999693294401865,72.60115569230976,0.00014172792424460567,0.14172792424460567
2015-10-22,22.999693294401865,72.60115569230976,1.0776519673072471e-05,0.010776519673072471
2015-10-23,22.999693294401865,72.60115569230976,0.0,0.0
2015-10-24,22.999693294401865,72.60115569230976,2.5749206429281912e-06,0.0025749206429281912
2015-10-25,22.999693294401865,72.60115569230976,8.52346317969932e-07,0.000852346317969932
2015-10-26,22.999693294401865,72.60115569230976,1.0877847671508789e-05,0.010877847671508789
2015-10-27,22.999693294401865,72.60115569230976,0.0,0.0
2015-10-28,22.999693294401865,72.60115569230976,0.0,0.0
2015-10-29,22.999693294401865,72.60115569230976,4.351138045421976e-07,0.0004351138045421976
2015-10-30,22.999693294401865,72.60115569230976,8.52346317969932e-07,0.000852346317969932
2015-10-31,22.999693294401865,72.60115569230976,8.52346317969932e-07,0.000852346317969932
2015-11-01,22.999693294401865,72.60115569230976,0.0,0.0
2015-11-02,22.999693294401865,72.60115569230976,8.603500312176493e-07,0.0008603500312176493
2015-11-03,22.999693294401865,72.60115569230976,4.410743663640915e-07,0.0004410743663640915
2015-11-04,22.999693294401865,72.60115569230976,8.583068797918258e-07,0.0008583068797918258
2015-11-05,22.999693294401865,72.60115569230976,2.142785888281651e-06,0.002142785888281651
2015-11-06,22.999693294401865,72.60115569230976,8.638220592160906e-07,0.0008638220592160906
2015-11-07,22.999693294401865,72.60115569230976,0.0,0.0
2015-11-08,22.999693294401865,72.60115569230976,0.0,0.0
2015-11-09,22.999693294401865,72.60115569230976,0.0,0.0
2015-11-10,22.999693294401865,72.60115569230976,4.351138045421976e-07,0.0004351138045421976
2015-11-11,22.999693294401865,72.60115569230976,1.725212143810495e-06,0.001725212143810495
2015-11-12,22.999693294401865,72.60115569230976,1.3053416410002683e-06,0.0013053416410002683
2015-11-13,22.999693294401865,72.60115569230976,2.135568024641543e-06,0.002135568024641543
2015-11-14,22.999693294401865,72.60115569230976,1.7166162820103636e-06,0.0017166162820103636
2015-11-15,22.999693294401865,72.60115569230976,-3.4515323932282627e-10,-3.4515323932282627e-07
2015-11-16,22.999693294401865,72.60115569230976,4.351138045421976e-07,0.0004351138045421976
2015-11-17,22.999693294401865,72.60115569230976,8.583068051848386e-07,0.0008583068051848386
2015-11-18,22.999693294401865,72.60115569230976,0.0,0.0
2015-11-19,22.999693294401865,72.60115569230976,4.261732051702438e-07,0.0004261732051702438
2015-11-20,22.999693294401865,72.60115569230976,0.0,0.0
2015-11-21,22.999693294401865,72.60115569230976,3.010033651662525e-06,0.003010033651662525
2015-11-22,22.999693294401865,72.60115569230976,8.583068797918258e-07,0.0008583068797918258
2015-11-23,22.999693294401865,72.60115569230976,6.839632987976074e-05,0.06839632987976074
2015-11-24,22.999693294401865,72.60115569230976,3.5831332201752275e-05,0.035831332201752275
2015-11-25,22.999693294401865,72.60115569230976,0.0,0.0
2015-11-26,22.999693294401865,72.60115569230976,4.2915326048387215e-06,0.0042915326048387215
2015-11-27,22.999693294401865,72.60115569230976,1.2887764455626893e-06,0.0012887764455626893
2015-11-28,22.999693294401865,72.60115569230976,2.1472691855706216e-06,0.0021472691855706216
2015-11-29,22.999693294401865,72.60115569230976,1.725511481254216e-06,0.001725511481254216
2015-11-30,22.999693294401865,72.60115569230976,1.7195939676639682e-06,0.0017195939676639682
2015-12-01,22.999693294401865,72.60115569230976,0.0,0.0
2015-12-02,22.999693294401865,72.60115569230976,2.1517276422855502e-06,0.0021517276422855502
2015-12-03,22.999693294401865,72.60115569230976,0.0,0.0
2015-12-04,22.999693294401865,72.60115569230976,8.523463748133508e-07,0.0008523463748133508
2015-12-05,22.999693294401865,72.60115569230976,0.0,0.0
2015-12-06,22.999693294401865,72.60115569230976,1.7065702877516742e-06,0.0017065702877516742
2015-12-07,22.999693294401865,72.60115569230976,0.0,0.0
2015-12-08,22.999693294401865,72.60115569230976,8.52346317969932e-07,0.000852346317969932
2015-12-09,22.999693294401865,72.60115569230976,1.7136334804490616e-06,0.0017136334804490616
2015-12-10,22.999693294401865,72.60115569230976,8.523463748133508e-07,0.0008523463748133508
2015-12-11,22.999693294401865,72.60115569230976,0.0,0.0
2015-12-12,22.999693294401865,72.60115569230976,1.7020102518472413e-06,0.0017020102518472413
2015-12-13,22.999693294401865,72.60115569230976,1.728259462652204e-06,0.001728259462652204
2015-12-14,22.999693294401865,72.60115569230976,4.174513605903485e-07,0.0004174513605903485
2015-12-15,22.999693294401865,72.60115569230976,8.52346317969932e-07,0.000852346317969932
2015-12-16,22.999693294401865,72.60115569230976,2.5652271347098576e-06,0.0025652271347098576
2015-12-17,22.999693294401865,72.60115569230976,-8.864333267410984e-09,-8.864333267410984e-06
2015-12-18,22.999693294401865,72.60115569230976,8.583068797918258e-07,0.0008583068797918258
2015-12-19,22.999693294401865,72.60115569230976,0.0,0.0
2015-12-20,22.999693294401865,72.60115569230976,0.0,0.0
2015-12-21,22.999693294401865,72.60115569230976,3.004778591275681e-06,0.003004778591275681
2015-12-22,22.999693294401865,72.60115569230976,4.154368866693403e-07,0.0004154368866693403
2015-12-23,22.999693294401865,72.60115569230976,8.52346317969932e-07,0.000852346317969932
2015-12-24,22.999693294401865,72.60115569230976,8.52346317969932e-07,0.000852346317969932
2015-12-25,22.999693294401865,72.60115569230976,8.52346317969932e-07,0.000852346317969932
2015-12-26,22.999693294401865,72.60115569230976,8.52346317969932e-07,0.000852346317969932
2015-12-27,22.999693294401865,72.60115569230976,8.52346317969932e-07,0.000852346317969932
2015-12-28,22.999693294401865,72.60115569230976,8.52346317969932e-07,0.000852346317969932
2015-12-29,22.999693294401865,72.60115569230976,4.351138045421976e-07,0.0004351138045421976
2015-12-30,22.999693294401865,72.60115569230976,0.0,0.0
2015-12-31,22.999693294401865,72.60115569230976,0.0,0.0
2016-01-01,22.999693294401865,72.60115569230976,4.351138045421976e-07,0.0004351138045421976
2016-01-02,22.999693294401865,72.60115569230976,0.0,0.0
2016-01-03,22.999693294401865,72.60115569230976,0.0,0.0
2016-01-04,22.999693294401865,72.60115569230976,0.0,0.0
2016-01-05,22.999693294401865,72.60115569230976,1.704692635939864e-06,0.001704692635939864
2016-01-06,22.999693294401865,72.60115569230976,1.2874602361989673e-06,0.0012874602361989673
2016-01-07,22.999693294401865,72.60115569230976,8.612871056357108e-07,0.0008612871056357108
2016-01-08,22.999693294401865,72.60115569230976,8.52346317969932e-07,0.000852346317969932
2016-01-09,22.999693294401865,72.60115569230976,4.351138045421976e-07,0.0004351138045421976
2016-01-10,22.999693294401865,72.60115569230976,8.52346317969932e-07,0.000852346317969932
2016-01-11,22.999693294401865,72.60115569230976,0.0,0.0
2016-01-12,22.999693294401865,72.60115569230976,0.0,0.0
2016-01-13,22.999693294401865,72.60115569230976,1.2799181376976776e-06,0.0012799181376976776
2016-01-14,22.999693294401865,72.60115569230976,2.5549816768943856e-06,0.0025549816768943856
2016-01-15,22.999693294401865,72.60115569230976,8.728398483981437e-07,0.0008728398483981437
2016-01-16,22.999693294401865,72.60115569230976,0.0,0.0
2016-01-17,22.999693294401865,72.60115569230976,4.410743663640915e-07,0.0004410743663640915
2016-01-18,22.999693294401865,72.60115569230976,2.63899564743042e-05,0.0263899564743042
2016-01-19,22.999693294401865,72.60115569230976,0.0,0.0
2016-01-20,22.999693294401865,72.60115569230976,0.0,0.0
2016-01-21,22.999693294401865,72.60115569230976,1.7046927496267017e-06,0.0017046927496267017
2016-01-22,22.999693294401865,72.60115569230976,0.0,0.0
2016-01-23,22.999693294401865,72.60115569230976,1.7046928064701206e-06,0.0017046928064701206
2016-01-24,22.999693294401865,72.60115569230976,8.523463748133508e-07,0.0008523463748133508
2016-01-25,22.999693294401865,72.60115569230976,0.0,0.0
2016-01-26,22.999693294401865,72.60115569230976,2.1353616830310784e-06,0.0021353616830310784
2016-01-27,22.999693294401865,72.60115569230976,1.6980999930638063e-06,0.0016980999930638063
2016-01-28,22.999693294401865,72.60115569230976,0.0,0.0
2016-01-29,22.999693294401865,72.60115569230976,8.52346317969932e-07,0.000852346317969932
2016-01-30,22.999693294401865,72.60115569230976,8.523463748133508e-07,0.0008523463748133508
2016-01-31,22.999693294401865,72.60115569230976,0.0,0.0
2016-02-01,22.999693294401865,72.60115569230976,1.7210477949447522e-06,0.0017210477949447522
2016-02-02,22.999693294401865,72.60115569230976,1.7195939108205494e-06,0.0017195939108205494
2016-02-03,22.999693294401865,72.60115569230976,2.5689601557132846e-06,0.0025689601557132846
2016-02-04,22.999693294401865,72.60115569230976,8.727876661396294e-07,0.0008727876661396294
2016-02-05,22.999693294401865,72.60115569230976,4.351138045421976e-07,0.0004351138045421976
2016-02-06,22.999693294401865,72.60115569230976,8.52346317969932e-07,0.000852346317969932
2016-02-07,22.999693294401865,72.60115569230976,8.583069757150952e-07,0.0008583069757150952
2016-02-08,22.999693294401865,72.60115569230976,8.52346317969932e-07,0.000852346317969932
2016-02-09,22.999693294401865,72.60115569230976,0.0,0.0
2016-02-10,22.999693294401865,72.60115569230976,8.52346317969932e-07,0.000852346317969932
2016-02-11,22.999693294401865,72.60115569230976,8.583068833445395e-07,0.0008583068833445395
2016-02-12,22.999693294401865,72.60115569230976,0.0,0.0
2016-02-13,22.999693294401865,72.60115569230976,2.5796225600061007e-06,0.0025796225600061007
2016-02-14,22.999693294401865,72.60115569230976,0.0,0.0
2016-02-15,22.999693294401865,72.60115569230976,2.9938573788967915e-06,0.0029938573788967915
2016-02-16,22.999693294401865,72.60115569230976,8.625621603641775e-07,0.0008625621603641775
2016-02-17,22.999693294401865,72.60115569230976,4.640519608756222e-05,0.04640519608756222
2016-02-18,22.999693294401865,72.60115569230976,0.0,0.0
2016-02-19,22.999693294401865,72.60115569230976,8.523463748133508e-07,0.0008523463748133508
2016-02-20,22.999693294401865,72.60115569230976,8.523463748133508e-07,0.0008523463748133508
2016-02-21,22.999693294401865,72.60115569230976,3.443003151915036e-06,0.003443003151915036
2016-02-22,22.999693294401865,72.60115569230976,1.7061179846677987e-06,0.0017061179846677987
2016-02-23,22.999693294401865,72.60115569230976,0.0,0.0
2016-02-24,22.999693294401865,72.60115569230976,1.7046927496267017e-06,0.0017046927496267017
2016-02-25,22.999693294401865,72.60115569230976,8.583068833445395e-07,0.0008583068833445395
2016-02-26,22.999693294401865,72.60115569230976,4.3109650249562037e-07,0.00043109650249562037
2016-02-27,22.999693294401865,72.60115569230976,8.52346317969932e-07,0.000852346317969932
2016-02-28,22.999693294401865,72.60115569230976,2.9986954359628726e-06,0.0029986954359628726
2016-02-29,22.999693294401865,72.60115569230976,8.52346317969932e-07,0.000852346317969932
2016-03-01,22.999693294401865,72.60115569230976,1.717797999845061e-06,0.001717797999845061
2016-03-02,22.999693294401865,72.60115569230976,0.00035965442657470703,0.35965442657470703
2016-03-03,22.999693294401865,72.60115569230976,4.357758029982506e-07,0.0004357758029982506
2016-03-04,22.999693294401865,72.60115569230976,0.00046706319244549377,0.46706319244549377
2016-03-05,22.999693294401865,72.60115569230976,0.0,0.0
2016-03-06,22.999693294401865,72.60115569230976,1.716613667213096e-06,0.001716613667213096
2016-03-07,22.999693294401865,72.60115569230976,5.066394805908203e-07,0.0005066394805908203
2016-03-08,22.999693294401865,72.60115569230976,2.587142773791129e-06,0.002587142773791129
2016-03-09,22.999693294401865,72.60115569230976,8.52346317969932e-07,0.000852346317969932
2016-03-10,22.999693294401865,72.60115569230976,1.7106532368416083e-06,0.0017106532368416083
2016-03-11,22.999693294401865,72.60115569230976,1.7195939108205494e-06,0.0017195939108205494
2016-03-12,22.999693294401865,72.60115569230976,2.9916868697910104e-06,0.0029916868697910104
2016-03-13,22.999693294401865,72.60115569230976,8.583068797918258e-07,0.0008583068797918258
2016-03-14,22.999693294401865,72.60115569230976,8.583068797918258e-07,0.0008583068797918258
2016-03-15,22.999693294401865,72.60115569230976,2.878904297176632e-06,0.002878904297176632
2016-03-16,22.999693294401865,72.60115569230976,8.583068797918258e-07,0.0008583068797918258
2016-03-17,22.999693294401865,72.60115569230976,1.723023274280422e-06,0.001723023274280422
2016-03-18,22.999693294401865,72.60115569230976,1.7021400253725005e-06,0.0017021400253725005
2016-03-19,22.999693294401865,72.60115569230976,8.612274626784711e-07,0.0008612274626784711
2016-03-20,22.999693294401865,72.60115569230976,8.52346317969932e-07,0.000852346317969932
2016-03-21,22.999693294401865,72.60115569230976,0.0,0.0
2016-03-22,22.999693294401865,72.60115569230976,2.568703166616615e-06,0.002568703166616615
2016-03-23,22.999693294401865,72.60115569230976,8.555832096135418e-07,0.0008555832096135418
2016-03-24,22.999693294401865,72.60115569230976,1.7167781152238604e-06,0.0017167781152238604
2016-03-25,22.999693294401865,72.60115569230976,8.713729471310216e-07,0.0008713729471310216
2016-03-26,22.999693294401865,72.60115569230976,0.0,0.0
2016-03-27,22.999693294401865,72.60115569230976,0.0,0.0
2016-03-28,22.999693294401865,72.60115569230976,0.0,0.0
2016-03-29,22.999693294401865,72.60115569230976,0.0,0.0
2016-03-30,22.999693294401865,72.60115569230976,1.7285346416429093e-06,0.0017285346416429093
2016-03-31,22.999693294401865,72.60115569230976,-6.458662937802728e-09,-6.458662937802728e-06
2016-04-01,22.999693294401865,72.60115569230976,8.523463748133508e-07,0.0008523463748133508
2016-04-02,22.999693294401865,72.60115569230976,8.657935950395768e-07,0.0008657935950395768
2016-04-03,22.999693294401865,72.60115569230976,8.52346317969932e-07,0.000852346317969932
2016-04-04,22.999693294401865,72.60115569230976,1.723052552193849e-06,0.001723052552193849
2016-04-05,22.999693294401865,72.60115569230976,4.351138045421976e-07,0.0004351138045421976
2016-04-06,22.999693294401865,72.60115569230976,1.7046927496267017e-06,0.0017046927496267017
2016-04-07,22.999693294401865,72.60115569230976,8.52346317969932e-07,0.000852346317969932
2016-04-08,22.999693294401865,72.60115569230976,1.739649633236695e-06,0.001739649633236695
2016-04-09,22.999693294401865,72.60115569230976,8.583068833445395e-07,0.0008583068833445395
2016-04-10,22.999693294401865,72.60115569230976,1.7148383335552353e-06,0.0017148383335552353
2016-04-11,22.999693294401865,72.60115569230976,0.0,0.0
2016-04-12,22.999693294401865,72.60115569230976,4.3560817175603006e-07,0.00043560817175603006
2016-04-13,22.999693294401865,72.60115569230976,0.0,0.0
2016-04-14,22.999693294401865,72.60115569230976,3.4460201732144924e-06,0.0034460201732144924
2016-04-15,22.999693294401865,72.60115569230976,8.52346317969932e-07,0.000852346317969932
2016-04-16,22.999693294401865,72.60115569230976,8.702278933014895e-07,0.0008702278933014895
2016-04-17,22.999693294401865,72.60115569230976,1.275958709356928e-06,0.001275958709356928
2016-04-18,22.999693294401865,72.60115569230976,8.534091762157914e-07,0.0008534091762157914
2016-04-19,22.999693294401865,72.60115569230976,0.0,0.0
2016-04-20,22.999693294401865,72.60115569230976,8.52346317969932e-07,0.000852346317969932
2016-04-21,22.999693294401865,72.60115569230976,8.583068833445395e-07,0.0008583068833445395
2016-04-22,22.999693294401865,72.60115569230976,8.52346317969932e-07,0.000852346317969932
2016-04-23,22.999693294401865,72.60115569230976,1.7046927496267017e-06,0.0017046927496267017
2016-04-24,22.999693294401865,72.60115569230976,0.0,0.0
2016-04-25,22.999693294401865,72.60115569230976,0.0,0.0
2016-04-26,22.999693294401865,72.60115569230976,3.430159267736599e-06,0.003430159267736599
2016-04-27,22.999693294401865,72.60115569230976,1.7121342352766078e-06,0.0017121342352766078
2016-04-28,22.999693294401865,72.60115569230976,-1.4276849924499402e-08,-1.4276849924499402e-05
2016-04-29,22.999693294401865,72.60115569230976,0.0,0.0
2016-04-30,22.999693294401865,72.60115569230976,0.0,0.0
2016-05-01,22.999693294401865,72.60115569230976,8.52346317969932e-07,0.000852346317969932
2016-05-02,22.999693294401865,72.60115569230976,0.0003226757047514184,0.3226757047514184
2016-05-03,22.999693294401865,72.60115569230976,0.0007277429103851318,0.7277429103851318
2016-05-04,22.999693294401865,72.60115569230976,3.2031536100873836e-05,0.032031536100873836
2016-05-05,22.999693294401865,72.60115569230976,8.792334750751252e-05,0.08792334750751252
2016-05-06,22.999693294401865,72.60115569230976,7.507200621148513e-06,0.007507200621148513
2016-05-07,22.999693294401865,72.60115569230976,0.0,0.0
2016-05-08,22.999693294401865,72.60115569230976,1.0335445399078935e-05,0.010335445399078935
2016-05-09,22.999693294401865,72.60115569230976,0.0,0.0
2016-05-10,22.999693294401865,72.60115569230976,0.0,0.0
2016-05-11,22.999693294401865,72.60115569230976,0.0,0.0
2016-05-12,22.999693294401865,72.60115569230976,8.52346317969932e-07,0.000852346317969932
2016-05-13,22.999693294401865,72.60115569230976,2.5812573198891187e-06,0.0025812573198891187
2016-05-14,22.999693294401865,72.60115569230976,1.7225767123818514e-06,0.0017225767123818514
2016-05-15,22.999693294401865,72.60115569230976,0.0,0.0
2016-05-16,22.999693294401865,72.60115569230976,8.583068797918258e-07,0.0008583068797918258
2016-05-17,22.999693294401865,72.60115569230976,8.523463748133508e-07,0.0008523463748133508
2016-05-18,22.999693294401865,72.60115569230976,0.0,0.0
2016-05-19,22.999693294401865,72.60115569230976,0.0,0.0
2016-05-20,22.999693294401865,72.60115569230976,8.52346317969932e-07,0.000852346317969932
2016-05-21,22.999693294401865,72.60115569230976,1.7242321241894842e-06,0.0017242321241894842
2016-05-22,22.999693294401865,72.60115569230976,5.003809729231534e-06,0.005003809729231534
2016-05-23,22.999693294401865,72.60115569230976,3.069639205932617e-06,0.003069639205932617
2016-05-24,22.999693294401865,72.60115569230976,7.004173812674708e-05,0.07004173812674708
2016-05-25,22.999693294401865,72.60115569230976,0.00013302477685783742,0.13302477685783742
2016-05-26,22.999693294401865,72.60115569230976,1.3262033462524414e-05,0.013262033462524414
2016-05-27,22.999693294401865,72.60115569230976,0.0,0.0
2016-05-28,22.999693294401865,72.60115569230976,0.00024777948846121944,0.24777948846121944
2016-05-29,22.999693294401865,72.60115569230976,8.07642936706543e-06,0.00807642936706543
2016-05-30,22.999693294401865,72.60115569230976,8.971989154815674e-05,0.08971989154815674
2016-05-31,22.999693294401865,72.60115569230976,1.716613667213096e-06,0.001716613667213096
2016-06-01,22.999693294401865,72.60115569230976,8.523463748133508e-07,0.0008523463748133508
2016-06-02,22.999693294401865,72.60115569230976,8.523463748133508e-07,0.0008523463748133508
2016-06-03,22.999693294401865,72.60115569230976,8.52346317969932e-07,0.000852346317969932
2016-06-04,22.999693294401865,72.60115569230976,1.7195939676639682e-06,0.0017195939676639682
2016-06-05,22.999693294401865,72.60115569230976,1.7117172887992638e-06,0.0017117172887992638
2016-06-06,22.999693294401865,72.60115569230976,8.586210533678695e-07,0.0008586210533678695
2016-06-07,22.999693294401865,72.60115569230976,8.523463215226457e-07,0.0008523463215226457
2016-06-08,22.999693294401865,72.60115569230976,0.0,0.0
2016-06-09,22.999693294401865,72.60115569230976,0.0,0.0
2016-06-10,22.999693294401865,72.60115569230976,5.897832352275145e-06,0.005897832352275145
2016-06-11,22.999693294401865,72.60115569230976,1.4018796740344897e-05,0.014018796740344897
2016-06-12,22.999693294401865,72.60115569230976,1.7839919848938735e-05,0.017839919848938735
2016-06-13,22.999693294401865,72.60115569230976,4.007220271518008e-05,0.04007220271518008
2016-06-14,22.999693294401865,72.60115569230976,9.995698928833008e-05,0.09995698928833008
2016-06-15,22.999693294401865,72.60115569230976,2.4706125145712576e-05,0.024706125145712576
2016-06-16,22.999693294401865,72.60115569230976,2.3033253341964155e-05,0.023033253341964155
2016-06-17,22.999693294401865,72.60115569230976,3.427267017741542e-06,0.003427267017741542
2016-06-18,22.999693294401865,72.60115569230976,8.076206802343222e-05,0.08076206802343222
2016-06-19,22.999693294401865,72.60115569230976,0.0007048873014809942,0.7048873014809942
2016-06-20,22.999693294401865,72.60115569230976,0.0006055682897567749,0.6055682897567749
2016-06-21,22.999693294401865,72.60115569230976,0.0017924576997643271,1.7924576997643271
2016-06-22,22.999693294401865,72.60115569230976,0.002276557683842384,2.276557683842384
2016-06-23,22.999693294401865,72.60115569230976,0.003707826137485881,3.707826137485881
2016-06-24,22.999693294401865,72.60115569230976,0.00015975236885878985,0.15975236885878985
2016-06-25,22.999693294401865,72.60115569230976,0.0002477258444386621,0.24772584443866208
2016-06-26,22.999693294401865,72.60115569230976,0.0010473817586849066,1.0473817586849066
2016-06-27,22.999693294401865,72.60115569230976,0.0013285428285634282,1.3285428285634282
2016-06-28,22.999693294401865,72.60115569230976,0.006392687559127808,6.392687559127808
2016-06-29,22.999693294401865,72.60115569230976,0.038702016492834446,38.702016492834446
2016-06-30,22.999693294401865,72.60115569230976,0.0003543943166732788,0.3543943166732788
2016-07-01,22.999693294401865,72.60115569230976,0.0010216056175131882,1.0216056175131882
2016-07-02,22.999693294401865,72.60115569230976,0.009871634840919796,9.871634840919796
2016-07-03,22.999693294401865,72.60115569230976,0.016922715306179725,16.922715306179725
2016-07-04,22.999693294401865,72.60115569230976,0.0004743427038143011,0.4743427038143011
2016-07-05,22.999693294401865,72.60115569230976,0.0004108995199203491,0.4108995199203491
2016-07-06,22.999693294401865,72.60115569230976,0.0004285067319820257,0.4285067319820257
2016-07-07,22.999693294401865,72.60115569230976,0.0006656334209651504,0.6656334209651504
2016-07-08,22.999693294401865,72.60115569230976,0.001523374723433335,1.523374723433335
2016-07-09,22.999693294401865,72.60115569230976,0.002053976058959961,2.053976058959961
2016-07-10,22.999693294401865,72.60115569230976,0.0005480647087097168,0.5480647087097168
2016-07-11,22.999693294401865,72.60115569230976,0.005976828932659828,5.976828932659828
2016-07-12,22.999693294401865,72.60115569230976,0.03903313279147369,39.03313279147369
2016-07-13,22.999693294401865,72.60115569230976,0.006349081012047009,6.349081012047009
2016-07-14,22.999693294401865,72.60115569230976,0.0017003446816943324,1.7003446816943324
2016-07-15,22.999693294401865,72.60115569230976,0.00556124746799469,5.56124746799469
2016-07-16,22.999693294401865,72.60115569230976,0.016499191522598267,16.499191522598267
2016-07-17,22.999693294401865,72.60115569230976,0.003132700920048137,3.132700920048137
2016-07-18,22.999693294401865,72.60115569230976,0.004991149902195957,4.991149902195957
2016-07-19,22.999693294401865,72.60115569230976,0.001138940453529358,1.138940453529358
2016-07-20,22.999693294401865,72.60115569230976,0.0014596372842774485,1.4596372842774485
2016-07-21,22.999693294401865,72.60115569230976,0.001144319772720337,1.144319772720337
2016-07-22,22.999693294401865,72.60115569230976,0.0007458984851496098,0.7458984851496098
2016-07-23,22.999693294401865,72.60115569230976,0.0008083909742708784,0.8083909742708784
2016-07-24,22.999693294401865,72.60115569230976,0.00735531747341156,7.35531747341156
2016-07-25,22.999693294401865,72.60115569230976,0.0023816061491288565,2.3816061491288565
2016-07-26,22.999693294401865,72.60115569230976,0.00936262607564231,9.36262607564231
2016-07-27,22.999693294401865,72.60115569230976,0.008181348443031311,8.181348443031311
2016-07-28,22.999693294401865,72.60115569230976,0.011251360177993774,11.251360177993774
2016-07-29,22.999693294401865,72.60115569230976,0.006497976150967588,6.497976150967588
2016-07-30,22.999693294401865,72.60115569230976,0.007288777828211579,7.288777828211579
2016-07-31,22.999693294401865,72.60115569230976,0.01692553758605797,16.92553758605797
2016-08-01,22.999693294401865,72.60115569230976,0.0017513224106551206,1.7513224106551206
2016-08-02,22.999693294401865,72.60115569230976,0.004365424877864399,4.365424877864399
2016-08-03,22.999693294401865,72.60115569230976,0.008585242180004116,8.585242180004116
2016-08-04,22.999693294401865,72.60115569230976,0.019322147462009553,19.322147462009553
2016-08-05,22.999693294401865,72.60115569230976,0.006354647874729835,6.354647874729835
2016-08-06,22.999693294401865,72.60115569230976,0.014651077985661232,14.651077985661232
2016-08-07,22.999693294401865,72.60115569230976,0.006913542747497559,6.913542747497559
2016-08-08,22.999693294401865,72.60115569230976,0.013005365602111851,13.005365602111851
2016-08-09,22.999693294401865,72.60115569230976,0.02454745290054916,24.54745290054916
2016-08-10,22.999693294401865,72.60115569230976,0.005950728058810029,5.950728058810029
2016-08-11,22.999693294401865,72.60115569230976,0.00039352178570695173,0.39352178570695173
2016-08-12,22.999693294401865,72.60115569230976,0.0015590608119850913,1.5590608119850913
2016-08-13,22.999693294401865,72.60115569230976,0.0009300053119609686,0.9300053119609686
2016-08-14,22.999693294401865,72.60115569230976,0.00107708851840016,1.07708851840016
2016-08-15,22.999693294401865,72.60115569230976,0.0007609244486275202,0.7609244486275202
2016-08-16,22.999693294401865,72.60115569230976,0.000516241686682406,0.516241686682406
2016-08-17,22.999693294401865,72.60115569230976,0.0010820246225193841,1.0820246225193841
2016-08-18,22.999693294401865,72.60115569230976,0.0006085216998599208,0.6085216998599208
2016-08-19,22.999693294401865,72.60115569230976,6.49094581106624e-06,0.00649094581106624
2016-08-20,22.999693294401865,72.60115569230976,0.011729181954365231,11.729181954365231
2016-08-21,22.999693294401865,72.60115569230976,0.005386927723879609,5.386927723879609
2016-08-22,22.999693294401865,72.60115569230976,0.002684408135682048,2.684408135682048
2016-08-23,22.999693294401865,72.60115569230976,0.02085551619529724,20.85551619529724
2016-08-24,22.999693294401865,72.60115569230976,0.11724581122388145,117.24581122388145
2016-08-25,22.999693294401865,72.60115569230976,0.03735699653624991,37.35699653624991
2016-08-26,22.999693294401865,72.60115569230976,0.009918963435140427,9.918963435140427
2016-08-27,22.999693294401865,72.60115569230976,0.0063848286867091986,6.384828686709199
2016-08-28,22.999693294401865,72.60115569230976,0.007156437635387647,7.156437635387647
2016-08-29,22.999693294401865,72.60115569230976,0.010055297613138947,10.055297613138947
2016-08-30,22.999693294401865,72.60115569230976,0.01388750216221979,13.88750216221979
2016-08-31,22.999693294401865,72.60115569230976,0.009530836343760285,9.530836343760285
2016-09-01,22.999693294401865,72.60115569230976,0.002320879697794709,2.320879697794709
2016-09-02,22.999693294401865,72.60115569230976,0.0010057568549086682,1.0057568549086682
2016-09-03,22.999693294401865,72.60115569230976,0.0001476676246845443,0.1476676246845443
2016-09-04,22.999693294401865,72.60115569230976,0.0005141437053630682,0.5141437053630682
2016-09-05,22.999693294401865,72.60115569230976,0.0007256299256255261,0.7256299256255261
2016-09-06,22.999693294401865,72.60115569230976,0.00030919909477233887,0.30919909477233887
2016-09-07,22.999693294401865,72.60115569230976,0.0006715335381386467,0.6715335381386467
2016-09-08,22.999693294401865,72.60115569230976,0.00033337667809973937,0.33337667809973937
2016-09-09,22.999693294401865,72.60115569230976,0.00017632024798786006,0.17632024798786006
2016-09-10,22.999693294401865,72.60115569230976,0.00021389126777648926,0.21389126777648926
2016-09-11,22.999693294401865,72.60115569230976,5.5171349401916814e-05,0.055171349401916814
2016-09-12,22.999693294401865,72.60115569230976,6.71041289592722e-05,0.0671041289592722
2016-09-13,22.999693294401865,72.60115569230976,0.0005235701798369519,0.5235701798369519
2016-09-14,22.999693294401865,72.60115569230976,0.00020919740200042725,0.20919740200042725
2016-09-15,22.999693294401865,72.60115569230976,0.0001599043607711792,0.1599043607711792
2016-09-16,22.999693294401865,72.60115569230976,2.0968913986507687e-05,0.020968913986507687
2016-09-17,22.999693294401865,72.60115569230976,5.694466761951844e-05,0.05694466761951844
2016-09-18,22.999693294401865,72.60115569230976,0.0020585060119628906,2.0585060119628906
2016-09-19,22.999693294401865,72.60115569230976,0.00038657784443785204,0.38657784443785204
2016-09-20,22.999693294401865,72.60115569230976,2.5713912350511237e-06,0.0025713912350511237
2016-09-21,22.999693294401865,72.60115569230976,5.990266799926758e-06,0.005990266799926758
2016-09-22,22.999693294401865,72.60115569230976,3.535827488576615e-05,0.03535827488576615
2016-09-23,22.999693294401865,72.60115569230976,0.00012697016455831545,0.12697016455831545
2016-09-24,22.999693294401865,72.60115569230976,1.8030404476121475e-06,0.0018030404476121475
2016-09-25,22.999693294401865,72.60115569230976,8.636275765638857e-07,0.0008636275765638857
2016-09-26,22.999693294401865,72.60115569230976,0.0,0.0
2016-09-27,22.999693294401865,72.60115569230976,0.0,0.0
2016-09-28,22.999693294401865,72.60115569230976,8.523463748133508e-07,0.0008523463748133508
2016-09-29,22.999693294401865,72.60115569230976,0.0,0.0
2016-09-30,22.999693294401865,72.60115569230976,0.0,0.0
2016-10-01,22.999693294401865,72.60115569230976,0.0325164794921875,32.5164794921875
2016-10-02,22.999693294401865,72.60115569230976,0.010143893957035743,10.143893957035743
2016-10-03,22.999693294401865,72.60115569230976,0.0269141765651284,26.9141765651284
2016-10-04,22.999693294401865,72.60115569230976,0.011849656701087952,11.849656701087952
2016-10-05,22.999693294401865,72.60115569230976,0.01460882127281593,14.60882127281593
2016-10-06,22.999693294401865,72.60115569230976,0.018528729677143474,18.528729677143474
2016-10-07,22.999693294401865,72.60115569230976,0.0038751989602587855,3.8751989602587855
2016-10-08,22.999693294401865,72.60115569230976,0.0021415680639620405,2.1415680639620405
2016-10-09,22.999693294401865,72.60115569230976,0.0009227067230312969,0.9227067230312969
2016-10-10,22.999693294401865,72.60115569230976,1.7106532368416083e-06,0.0017106532368416083
2016-10-11,22.999693294401865,72.60115569230976,7.075229314068565e-05,0.07075229314068565
2016-10-12,22.999693294401865,72.60115569230976,1.8367122208928777e-05,0.018367122208928777
2016-10-13,22.999693294401865,72.60115569230976,4.070103159392602e-05,0.04070103159392602
2016-10-14,22.999693294401865,72.60115569230976,9.864568710327148e-06,0.009864568710327148
2016-10-15,22.999693294401865,72.60115569230976,1.7100825289162458e-06,0.0017100825289162458
2016-10-16,22.999693294401865,72.60115569230976,8.642672923997452e-07,0.0008642672923997452
2016-10-17,22.999693294401865,72.60115569230976,4.261732087229575e-07,0.0004261732087229575
2016-10-18,22.999693294401865,72.60115569230976,0.0,0.0
2016-10-19,22.999693294401865,72.60115569230976,8.52346317969932e-07,0.000852346317969932
2016-10-20,22.999693294401865,72.60115569230976,0.0,0.0
2016-10-21,22.999693294401865,72.60115569230976,0.0,0.0
2016-10-22,22.999693294401865,72.60115569230976,8.52346317969932e-07,0.000852346317969932
2016-10-23,22.999693294401865,72.60115569230976,8.52346317969932e-07,0.000852346317969932
2016-10-24,22.999693294401865,72.60115569230976,8.52346317969932e-07,0.000852346317969932
2016-10-25,22.999693294401865,72.60115569230976,0.0,0.0
2016-10-26,22.999693294401865,72.60115569230976,0.0,0.0
2016-10-27,22.999693294401865,72.60115569230976,8.52346317969932e-07,0.000852346317969932
2016-10-28,22.999693294401865,72.60115569230976,8.595229807895066e-07,0.0008595229807895066
2016-10-29,22.999693294401865,72.60115569230976,4.351138045421976e-07,0.0004351138045421976
2016-10-30,22.999693294401865,72.60115569230976,2.9981356419739313e-06,0.0029981356419739313
2016-10-31,22.999693294401865,72.60115569230976,3.4419717849232256e-06,0.0034419717849232256
2016-11-01,22.999693294401865,72.60115569230976,1.2814998058274796e-06,0.0012814998058274796
2016-11-02,22.999693294401865,72.60115569230976,4.410743663640915e-07,0.0004410743663640915
2016-11-03,22.999693294401865,72.60115569230976,0.0,0.0
2016-11-04,22.999693294401865,72.60115569230976,0.0,0.0
2016-11-05,22.999693294401865,72.60115569230976,0.0,0.0
2016-11-06,22.999693294401865,72.60115569230976,8.583068797918258e-07,0.0008583068797918258
2016-11-07,22.999693294401865,72.60115569230976,4.414210579284372e-07,0.0004414210579284372
2016-11-08,22.999693294401865,72.60115569230976,2.5808803911786526e-06,0.0025808803911786526
2016-11-09,22.999693294401865,72.60115569230976,1.2993812106287805e-06,0.0012993812106287805
2016-11-10,22.999693294401865,72.60115569230976,2.5676852146716556e-06,0.0025676852146716556
2016-11-11,22.999693294401865,72.60115569230976,8.655407555124839e-07,0.0008655407555124839
2016-11-12,22.999693294401865,72.60115569230976,8.52346317969932e-07,0.000852346317969932
2016-11-13,22.999693294401865,72.60115569230976,8.553265615773853e-07,0.0008553265615773853
2016-11-14,22.999693294401865,72.60115569230976,0.0,0.0
2016-11-15,22.999693294401865,72.60115569230976,1.2916735840917681e-06,0.0012916735840917681
2016-11-16,22.999693294401865,72.60115569230976,2.5802955860854127e-06,0.0025802955860854127
2016-11-17,22.999693294401865,72.60115569230976,0.0,0.0
2016-11-18,22.999693294401865,72.60115569230976,0.0,0.0
2016-11-19,22.999693294401865,72.60115569230976,0.0,0.0
2016-11-20,22.999693294401865,72.60115569230976,0.0,0.0
2016-11-21,22.999693294401865,72.60115569230976,1.263999251932546e-06,0.001263999251932546
2016-11-22,22.999693294401865,72.60115569230976,3.0228700893530913e-06,0.0030228700893530913
2016-11-23,22.999693294401865,72.60115569230976,-1.192074705613777e-08,-1.192074705613777e-05
2016-11-24,22.999693294401865,72.60115569230976,1.7069325508600741e-06,0.0017069325508600741
2016-11-25,22.999693294401865,72.60115569230976,0.0,0.0
2016-11-26,22.999693294401865,72.60115569230976,8.52346317969932e-07,0.000852346317969932
2016-11-27,22.999693294401865,72.60115569230976,8.52346317969932e-07,0.000852346317969932
2016-11-28,22.999693294401865,72.60115569230976,1.7262897813452582e-06,0.0017262897813452582
2016-11-29,22.999693294401865,72.60115569230976,1.2874602930423862e-06,0.0012874602930423862
2016-11-30,22.999693294401865,72.60115569230976,1.2814998058274796e-06,0.0012814998058274796
2016-12-01,22.999693294401865,72.60115569230976,4.2915343101412873e-07,0.00042915343101412873
2016-12-02,22.999693294401865,72.60115569230976,2.571940342477319e-06,0.002571940342477319
2016-12-03,22.999693294401865,72.60115569230976,1.2814998058274796e-06,0.0012814998058274796
2016-12-04,22.999693294401865,72.60115569230976,0.0,0.0
2016-12-05,22.999693294401865,72.60115569230976,0.0,0.0
2016-12-06,22.999693294401865,72.60115569230976,8.523463748133508e-07,0.0008523463748133508
2016-12-07,22.999693294401865,72.60115569230976,1.2848341270910169e-06,0.0012848341270910169
2016-12-08,22.999693294401865,72.60115569230976,1.7122915210165957e-06,0.0017122915210165957
2016-12-09,22.999693294401865,72.60115569230976,1.2964009101779084e-06,0.0012964009101779084
2016-12-10,22.999693294401865,72.60115569230976,-5.960487214906607e-09,-5.960487214906607e-06
2016-12-11,22.999693294401865,72.60115569230976,4.351138045421976e-07,0.0004351138045421976
2016-12-12,22.999693294401865,72.60115569230976,8.462452569801826e-07,0.0008462452569801826
2016-12-13,22.999693294401865,72.60115569230976,7.785274647176266e-10,7.785274647176266e-07
2016-12-14,22.999693294401865,72.60115569230976,1.2814997489840607e-06,0.0012814997489840607
2016-12-15,22.999693294401865,72.60115569230976,8.583068797918258e-07,0.0008583068797918258
2016-12-16,22.999693294401865,72.60115569230976,2.5749204723979346e-06,0.0025749204723979346
2016-12-17,22.999693294401865,72.60115569230976,0.0,0.0
2016-12-18,22.999693294401865,72.60115569230976,8.52346317969932e-07,0.000852346317969932
2016-12-19,22.999693294401865,72.60115569230976,0.0,0.0
2016-12-20,22.999693294401865,72.60115569230976,0.0,0.0
2016-12-21,22.999693294401865,72.60115569230976,3.004074017098901e-06,0.003004074017098901
2016-12-22,22.999693294401865,72.60115569230976,4.351138045421976e-07,0.0004351138045421976
2016-12-23,22.999693294401865,72.60115569230976,8.52346317969932e-07,0.000852346317969932
2016-12-24,22.999693294401865,72.60115569230976,4.351138045421976e-07,0.0004351138045421976
2016-12-25,22.999693294401865,72.60115569230976,4.351138613856165e-07,0.0004351138613856165
2016-12-26,22.999693294401865,72.60115569230976,0.0,0.0
2016-12-27,22.999693294401865,72.60115569230976,1.2874602361989673e-06,0.0012874602361989673
2016-12-28,22.999693294401865,72.60115569230976,8.52346317969932e-07,0.000852346317969932
2016-12-29,22.999693294401865,72.60115569230976,0.0,0.0
2016-12-30,22.999693294401865,72.60115569230976,8.612870487922919e-07,0.0008612870487922919
2016-12-31,22.999693294401865,72.60115569230976,1.716613667213096e-06,0.001716613667213096
2017-01-01,22.999693294401865,72.60115569230976,1.2876149639851064e-06,0.0012876149639851064
2017-01-02,22.999693294401865,72.60115569230976,1.7099776528084476e-06,0.0017099776528084476
2017-01-03,22.999693294401865,72.60115569230976,1.2844800494349329e-06,0.0012844800494349329
2017-01-04,22.999693294401865,72.60115569230976,4.351138045421976e-07,0.0004351138045421976
2017-01-05,22.999693294401865,72.60115569230976,8.52346317969932e-07,0.000852346317969932
2017-01-06,22.999693294401865,72.60115569230976,1.7264198959310306e-06,0.0017264198959310306
2017-01-07,22.999693294401865,72.60115569230976,4.4378638165198936e-05,0.044378638165198936
2017-01-08,22.999693294401865,72.60115569230976,4.351138045421976e-07,0.0004351138045421976
2017-01-09,22.999693294401865,72.60115569230976,1.2917521985400526e-06,0.0012917521985400526
2017-01-10,22.999693294401865,72.60115569230976,4.2818061274374486e-07,0.00042818061274374486
2017-01-11,22.999693294401865,72.60115569230976,2.5779008296922257e-06,0.0025779008296922257
2017-01-12,22.999693294401865,72.60115569230976,-5.960430371487746e-09,-5.960430371487746e-06
2017-01-13,22.999693294401865,72.60115569230976,1.2883065778623859e-06,0.001288306577862386
2017-01-14,22.999693294401865,72.60115569230976,2.5639578780101147e-06,0.0025639578780101147
2017-01-15,22.999693294401865,72.60115569230976,4.351138045421976e-07,0.0004351138045421976
2017-01-16,22.999693294401865,72.60115569230976,8.52346317969932e-07,0.000852346317969932
2017-01-17,22.999693294401865,72.60115569230976,4.351138045421976e-07,0.0004351138045421976
2017-01-18,22.999693294401865,72.60115569230976,4.351138613856165e-07,0.0004351138613856165
2017-01-19,22.999693294401865,72.60115569230976,4.351138045421976e-07,0.0004351138045421976
2017-01-20,22.999693294401865,72.60115569230976,8.52346317969932e-07,0.000852346317969932
2017-01-21,22.999693294401865,72.60115569230976,0.0,0.0
2017-01-22,22.999693294401865,72.60115569230976,1.2814997489840607e-06,0.0012814997489840607
2017-01-23,22.999693294401865,72.60115569230976,1.7188884271490679e-06,0.0017188884271490679
2017-01-24,22.999693294401865,72.60115569230976,8.623470080237894e-07,0.0008623470080237894
2017-01-25,22.999693294401865,72.60115569230976,0.0,0.0
2017-01-26,22.999693294401865,72.60115569230976,4.351138045421976e-07,0.0004351138045421976
2017-01-27,22.999693294401865,72.60115569230976,0.0,0.0
2017-01-28,22.999693294401865,72.60115569230976,0.0,0.0
2017-01-29,22.999693294401865,72.60115569230976,8.612871056357108e-07,0.0008612871056357108
2017-01-30,22.999693294401865,72.60115569230976,4.410743663640915e-07,0.0004410743663640915
2017-01-31,22.999693294401865,72.60115569230976,2.1424416836168803e-06,0.0021424416836168803
2017-02-01,22.999693294401865,72.60115569230976,8.583068833445395e-07,0.0008583068833445395
2017-02-02,22.999693294401865,72.60115569230976,1.27641748903784e-06,0.00127641748903784
2017-02-03,22.999693294401865,72.60115569230976,1.2886303011327982e-06,0.0012886303011327982
2017-02-04,22.999693294401865,72.60115569230976,3.003680831170641e-06,0.003003680831170641
2017-02-05,22.999693294401865,72.60115569230976,2.0857441995758563e-08,2.0857441995758563e-05
2017-02-06,22.999693294401865,72.60115569230976,4.351138045421976e-07,0.0004351138045421976
2017-02-07,22.999693294401865,72.60115569230976,2.1517276422855502e-06,0.0021517276422855502
2017-02-08,22.999693294401865,72.60115569230976,4.231928301123844e-07,0.0004231928301123844
2017-02-09,22.999693294401865,72.60115569230976,8.52346317969932e-07,0.000852346317969932
2017-02-10,22.999693294401865,72.60115569230976,0.0,0.0
2017-02-11,22.999693294401865,72.60115569230976,8.583068797918258e-07,0.0008583068797918258
2017-02-12,22.999693294401865,72.60115569230976,4.3600401156140833e-07,0.00043600401156140833
2017-02-13,22.999693294401865,72.60115569230976,2.1427867977763526e-06,0.0021427867977763526
2017-02-14,22.999693294401865,72.60115569230976,4.35456684044766e-07,0.000435456684044766
2017-02-15,22.999693294401865,72.60115569230976,0.0,0.0
2017-02-16,22.999693294401865,72.60115569230976,2.5849129201560572e-06,0.0025849129201560572
2017-02-17,22.999693294401865,72.60115569230976,2.5749205860847724e-06,0.0025749205860847724
2017-02-18,22.999693294401865,72.60115569230976,8.52346317969932e-07,0.000852346317969932
2017-02-19,22.999693294401865,72.60115569230976,1.7106532368416083e-06,0.0017106532368416083
2017-02-20,22.999693294401865,72.60115569230976,0.0,0.0
2017-02-21,22.999693294401865,72.60115569230976,1.7040207467289292e-06,0.0017040207467289292
2017-02-22,22.999693294401865,72.60115569230976,0.0,0.0
2017-02-23,22.999693294401865,72.60115569230976,1.293420723413874e-06,0.001293420723413874
2017-02-24,22.999693294401865,72.60115569230976,0.0,0.0
2017-02-25,22.999693294401865,72.60115569230976,3.424286660447251e-06,0.003424286660447251
2017-02-26,22.999693294401865,72.60115569230976,1.293420723413874e-06,0.001293420723413874
2017-02-27,22.999693294401865,72.60115569230976,4.261732051702438e-07,0.0004261732051702438
2017-02-28,22.999693294401865,72.60115569230976,8.70227722771233e-07,0.000870227722771233
2017-03-01,22.999693294401865,72.60115569230976,1.7225742112714215e-06,0.0017225742112714215
2017-03-02,22.999693294401865,72.60115569230976,1.716613724056515e-06,0.001716613724056515
2017-03-03,22.999693294401865,72.60115569230976,2.5765960458556947e-06,0.0025765960458556947
2017-03-04,22.999693294401865,72.60115569230976,0.0,0.0
2017-03-05,22.999693294401865,72.60115569230976,4.351138045421976e-07,0.0004351138045421976
2017-03-06,22.999693294401865,72.60115569230976,1.7245665731024928e-06,0.0017245665731024928
2017-03-07,22.999693294401865,72.60115569230976,0.0,0.0
2017-03-08,22.999693294401865,72.60115569230976,0.0,0.0
2017-03-09,22.999693294401865,72.60115569230976,0.0,0.0
2017-03-10,22.999693294401865,72.60115569230976,1.1998368506738188e-05,0.011998368506738188
2017-03-11,22.999693294401865,72.60115569230976,-4.47494130639825e-09,-4.47494130639825e-06
2017-03-12,22.999693294401865,72.60115569230976,4.351138045421976e-07,0.0004351138045421976
2017-03-13,22.999693294401865,72.60115569230976,0.0,0.0
2017-03-14,22.999693294401865,72.60115569230976,1.2904404798064206e-06,0.0012904404798064206
2017-03-15,22.999693294401865,72.60115569230976,3.0047578434277966e-06,0.0030047578434277966
2017-03-16,22.999693294401865,72.60115569230976,1.286297731439845e-06,0.001286297731439845
2017-03-17,22.999693294401865,72.60115569230976,0.0,0.0
2017-03-18,22.999693294401865,72.60115569230976,1.726374421195942e-06,0.001726374421195942
2017-03-19,22.999693294401865,72.60115569230976,1.2666736211031093e-06,0.0012666736211031093
2017-03-20,22.999693294401865,72.60115569230976,8.523463748133508e-07,0.0008523463748133508
2017-03-21,22.999693294401865,72.60115569230976,8.583068797918258e-07,0.0008583068797918258
2017-03-22,22.999693294401865,72.60115569230976,8.52346317969932e-07,0.000852346317969932
2017-03-23,22.999693294401865,72.60115569230976,0.0,0.0
2017-03-24,22.999693294401865,72.60115569230976,8.52346317969932e-07,0.000852346317969932
2017-03-25,22.999693294401865,72.60115569230976,1.7082966792258958e-06,0.0017082966792258958
2017-03-26,22.999693294401865,72.60115569230976,2.9994251349307888e-06,0.0029994251349307888
2017-03-27,22.999693294401865,72.60115569230976,4.380933091852057e-07,0.0004380933091852057
2017-03-28,22.999693294401865,72.60115569230976,8.52346317969932e-07,0.000852346317969932
2017-03-29,22.999693294401865,72.60115569230976,1.7225742112714215e-06,0.0017225742112714215
2017-03-30,22.999693294401865,72.60115569230976,0.0,0.0
2017-03-31,22.999693294401865,72.60115569230976,1.2904405366498395e-06,0.0012904405366498395
2017-04-01,22.999693294401865,72.60115569230976,0.0,0.0
2017-04-02,22.999693294401865,72.60115569230976,8.553265615773853e-07,0.0008553265615773853
2017-04-03,22.999693294401865,72.60115569230976,1.2814998058274796e-06,0.0012814998058274796
2017-04-04,22.999693294401865,72.60115569230976,1.7084829551095027e-06,0.0017084829551095027
2017-04-05,22.999693294401865,72.60115569230976,3.0061619327170774e-06,0.0030061619327170774
2017-04-06,22.999693294401865,72.60115569230976,1.7881575331557542e-08,1.7881575331557542e-05
2017-04-07,22.999693294401865,72.60115569230976,4.351138045421976e-07,0.0004351138045421976
2017-04-08,22.999693294401865,72.60115569230976,1.2814997489840607e-06,0.0012814997489840607
2017-04-09,22.999693294401865,72.60115569230976,4.261732051702438e-07,0.0004261732051702438
2017-04-10,22.999693294401865,72.60115569230976,8.523463748133508e-07,0.0008523463748133508
2017-04-11,22.999693294401865,72.60115569230976,0.0,0.0
2017-04-12,22.999693294401865,72.60115569230976,1.7296105170316878e-06,0.0017296105170316878
2017-04-13,22.999693294401865,72.60115569230976,1.7068520037355484e-06,0.0017068520037355484
2017-04-14,22.999693294401865,72.60115569230976,1.7101491494031507e-06,0.0017101491494031507
2017-04-15,22.999693294401865,72.60115569230976,8.52346317969932e-07,0.000852346317969932
2017-04-16,22.999693294401865,72.60115569230976,0.0,0.0
2017-04-17,22.999693294401865,72.60115569230976,2.5808803911786526e-06,0.0025808803911786526
2017-04-18,22.999693294401865,72.60115569230976,4.410743663640915e-07,0.0004410743663640915
2017-04-19,22.999693294401865,72.60115569230976,8.52346317969932e-07,0.000852346317969932
2017-04-20,22.999693294401865,72.60115569230976,8.583068797918258e-07,0.0008583068797918258
2017-04-21,22.999693294401865,72.60115569230976,1.7246679817617405e-06,0.0017246679817617405
2017-04-22,22.999693294401865,72.60115569230976,6.0498714447021484e-06,0.0060498714447021484
2017-04-23,22.999693294401865,72.60115569230976,3.0040740917058883e-06,0.0030040740917058883
2017-04-24,22.999693294401865,72.60115569230976,1.7225742112714215e-06,0.0017225742112714215
2017-04-25,22.999693294401865,72.60115569230976,8.70227722771233e-07,0.000870227722771233
2017-04-26,22.999693294401865,72.60115569230976,1.781404989742441e-06,0.001781404989742441
2017-04-27,22.999693294401865,72.60115569230976,1.293420723413874e-06,0.001293420723413874
2017-04-28,22.999693294401865,72.60115569230976,8.52346317969932e-07,0.000852346317969932
2017-04-29,22.999693294401865,72.60115569230976,0.0004348456859588623,0.4348456859588623
2017-04-30,22.999693294401865,72.60115569230976,2.6673078536987305e-06,0.0026673078536987305
2017-05-01,22.999693294401865,72.60115569230976,8.523463748133508e-07,0.0008523463748133508
2017-05-02,22.999693294401865,72.60115569230976,2.5985993374888494e-06,0.0025985993374888494
2017-05-03,22.999693294401865,72.60115569230976,1.6842259356053546e-06,0.0016842259356053546
2017-05-04,22.999693294401865,72.60115569230976,8.583068797918258e-07,0.0008583068797918258
2017-05-05,22.999693294401865,72.60115569230976,0.0,0.0
2017-05-06,22.999693294401865,72.60115569230976,1.7152477198578708e-06,0.0017152477198578708
2017-05-07,22.999693294401865,72.60115569230976,-4.5944830162625294e-09,-4.594483016262529e-06
2017-05-08,22.999693294401865,72.60115569230976,0.0,0.0
2017-05-09,22.999693294401865,72.60115569230976,8.374733511118393e-07,0.0008374733511118393
2017-05-10,22.999693294401865,72.60115569230976,8.678604430656378e-07,0.0008678604430656378
2017-05-11,22.999693294401865,72.60115569230976,2.568959644122515e-06,0.002568959644122515
2017-05-12,22.999693294401865,72.60115569230976,3.0815603118128365e-06,0.0030815603118128365
2017-05-13,22.999693294401865,72.60115569230976,8.523463748133508e-07,0.0008523463748133508
2017-05-14,22.999693294401865,72.60115569230976,0.0,0.0
2017-05-15,22.999693294401865,72.60115569230976,0.0,0.0
2017-05-16,22.999693294401865,72.60115569230976,8.523463748133508e-07,0.0008523463748133508
2017-05-17,22.999693294401865,72.60115569230976,0.0,0.0
2017-05-18,22.999693294401865,72.60115569230976,5.1319590852472174e-06,0.0051319590852472174
2017-05-19,22.999693294401865,72.60115569230976,8.583068797918258e-07,0.0008583068797918258
2017-05-20,22.999693294401865,72.60115569230976,3.552713678800501e-15,3.552713678800501e-12
2017-05-21,22.999693294401865,72.60115569230976,3.6656856536865234e-05,0.036656856536865234
2017-05-22,22.999693294401865,72.60115569230976,0.0001224428415298462,0.12244284152984619
2017-05-23,22.999693294401865,72.60115569230976,0.0,0.0
2017-05-24,22.999693294401865,72.60115569230976,8.553265615773853e-07,0.0008553265615773853
2017-05-25,22.999693294401865,72.60115569230976,1.7631346281632432e-05,0.017631346281632432
2017-05-26,22.999693294401865,72.60115569230976,0.0,0.0
2017-05-27,22.999693294401865,72.60115569230976,8.583068797918258e-07,0.0008583068797918258
2017-05-28,22.999693294401865,72.60115569230976,3.360386283901562e-06,0.003360386283901562
2017-05-29,22.999693294401865,72.60115569230976,5.220770835734356e-05,0.05220770835734356
2017-05-30,22.999693294401865,72.60115569230976,2.1338462374842493e-06,0.0021338462374842493
2017-05-31,22.999693294401865,72.60115569230976,0.0,0.0
2017-06-01,22.999693294401865,72.60115569230976,1.7106532368416083e-06,0.0017106532368416083
2017-06-02,22.999693294401865,72.60115569230976,8.541345493995323e-06,0.008541345493995323
2017-06-03,22.999693294401865,72.60115569230976,9.247958655578259e-05,0.09247958655578259
2017-06-04,22.999693294401865,72.60115569230976,1.941919322234753e-05,0.01941919322234753
2017-06-05,22.999693294401865,72.60115569230976,2.589142184206139e-06,0.002589142184206139
2017-06-06,22.999693294401865,72.60115569230976,0.0002306282519271008,0.2306282519271008
2017-06-07,22.999693294401865,72.60115569230976,0.0006349802016529793,0.6349802016529793
2017-06-08,22.999693294401865,72.60115569230976,0.0021648466586157156,2.1648466586157156
2017-06-09,22.999693294401865,72.60115569230976,0.006183990877389078,6.183990877389078
2017-06-10,22.999693294401865,72.60115569230976,0.0004512548446200526,0.4512548446200526
2017-06-11,22.999693294401865,72.60115569230976,0.0005947649478912354,0.5947649478912354
2017-06-12,22.999693294401865,72.60115569230976,1.2695788313976664e-06,0.0012695788313976664
2017-06-13,22.999693294401865,72.60115569230976,1.2755393754559918e-06,0.0012755393754559918
2017-06-14,22.999693294401865,72.60115569230976,4.5299520934349857e-07,0.00045299520934349857
2017-06-15,22.999693294401865,72.60115569230976,8.583068797918258e-07,0.0008583068797918258
2017-06-16,22.999693294401865,72.60115569230976,1.2987833315492026e-06,0.0012987833315492026
2017-06-17,22.999693294401865,72.60115569230976,3.5101175306806454e-05,0.035101175306806454
2017-06-18,22.999693294401865,72.60115569230976,4.07099723815918e-05,0.0407099723815918
2017-06-19,22.999693294401865,72.60115569230976,9.542726223799036e-05,0.09542726223799036
2017-06-20,22.999693294401865,72.60115569230976,0.0005983114241416843,0.5983114241416843
2017-06-21,22.999693294401865,72.60115569230976,0.0005626082420349121,0.5626082420349121
2017-06-22,22.999693294401865,72.60115569230976,0.0005808234213304786,0.5808234213304786
2017-06-23,22.999693294401865,72.60115569230976,0.0032215952873180242,3.2215952873180242
2017-06-24,22.999693294401865,72.60115569230976,0.003301686144652649,3.301686144652649
2017-06-25,22.999693294401865,72.60115569230976,0.002816189452175877,2.816189452175877
2017-06-26,22.999693294401865,72.60115569230976,0.0022180231226229807,2.2180231226229807
2017-06-27,22.999693294401865,72.60115569230976,0.004883721470832825,4.883721470832825
2017-06-28,22.999693294401865,72.60115569230976,0.008751691879581358,8.751691879581358
2017-06-29,22.999693294401865,72.60115569230976,0.018508856108859106,18.508856108859106
2017-06-30,22.999693294401865,72.60115569230976,0.021113038063049316,21.113038063049316
2017-07-01,22.999693294401865,72.60115569230976,0.02222133424089634,22.22133424089634
2017-07-02,22.999693294401865,72.60115569230976,0.007436871528625488,7.436871528625488
2017-07-03,22.999693294401865,72.60115569230976,0.004258498549461365,4.258498549461365
2017-07-04,22.999693294401865,72.60115569230976,0.0019997060298919678,1.9997060298919678
2017-07-05,22.999693294401865,72.60115569230976,0.0005154027981575382,0.5154027981575382
2017-07-06,22.999693294401865,72.60115569230976,0.0004979699850196084,0.49796998501960843
2017-07-07,22.999693294401865,72.60115569230976,0.0021316081285362998,2.1316081285362998
2017-07-08,22.999693294401865,72.60115569230976,0.0012986836808295266,1.2986836808295266
2017-07-09,22.999693294401865,72.60115569230976,0.0012645125389099121,1.264512538909912
2017-07-10,22.999693294401865,72.60115569230976,0.0011905133724212646,1.1905133724212646
2017-07-11,22.999693294401865,72.60115569230976,0.0007377952337037641,0.7377952337037641
2017-07-12,22.999693294401865,72.60115569230976,0.0031781971453774815,3.1781971453774815
2017-07-13,22.999693294401865,72.60115569230976,0.012175683761881828,12.175683761881828
2017-07-14,22.999693294401865,72.60115569230976,0.342169567822566,342.169567822566
2017-07-15,22.999693294401865,72.60115569230976,0.0668437421309136,66.8437421309136
2017-07-16,22.999693294401865,72.60115569230976,0.011592459678183786,11.592459678183786
2017-07-17,22.999693294401865,72.60115569230976,0.006197267770762238,6.197267770762238
2017-07-18,22.999693294401865,72.60115569230976,0.002983379363286076,2.983379363286076
2017-07-19,22.999693294401865,72.60115569230976,0.0011937320232391357,1.1937320232391357
2017-07-20,22.999693294401865,72.60115569230976,0.006603914498555241,6.603914498555241
2017-07-21,22.999693294401865,72.60115569230976,0.04296782612800598,42.96782612800598
2017-07-22,22.999693294401865,72.60115569230976,0.05956508517255088,59.56508517255088
2017-07-23,22.999693294401865,72.60115569230976,0.10076943039894104,100.76943039894104
2017-07-24,22.999693294401865,72.60115569230976,0.10505064129819175,105.05064129819175
2017-07-25,22.999693294401865,72.60115569230976,0.05075386464585563,50.75386464585563
2017-07-26,22.999693294401865,72.60115569230976,0.03337053954589919,33.37053954589919
2017-07-27,22.999693294401865,72.60115569230976,0.11524495482444763,115.24495482444763
2017-07-28,22.999693294401865,72.60115569230976,0.008213940262692176,8.213940262692176
2017-07-29,22.999693294401865,72.60115569230976,0.005677750706638562,5.677750706638562
2017-07-30,22.999693294401865,72.60115569230976,0.001603120565409455,1.603120565409455
2017-07-31,22.999693294401865,72.60115569230976,0.002039605379103193,2.039605379103193
2017-08-01,22.999693294401865,72.60115569230976,0.001484607547183714,1.484607547183714
2017-08-02,22.999693294401865,72.60115569230976,0.0012280821799208752,1.2280821799208752
2017-08-03,22.999693294401865,72.60115569230976,0.0009317785501430365,0.9317785501430365
2017-08-04,22.999693294401865,72.60115569230976,0.0006493180990219116,0.6493180990219116
2017-08-05,22.999693294401865,72.60115569230976,0.0004946142435073853,0.49461424350738525
2017-08-06,22.999693294401865,72.60115569230976,0.0009965538978526922,0.9965538978526922
2017-08-07,22.999693294401865,72.60115569230976,0.0008658021688461304,0.8658021688461304
2017-08-08,22.999693294401865,72.60115569230976,0.0009605884552001953,0.9605884552001953
2017-08-09,22.999693294401865,72.60115569230976,0.0014059722422530285,1.4059722422530285
2017-08-10,22.999693294401865,72.60115569230976,0.0015161430751504668,1.5161430751504668
2017-08-11,22.999693294401865,72.60115569230976,0.0005882084369659424,0.5882084369659424
2017-08-12,22.999693294401865,72.60115569230976,0.0023778676986694336,2.3778676986694336
2017-08-13,22.999693294401865,72.60115569230976,0.002346003055492929,2.346003055492929
2017-08-14,22.999693294401865,72.60115569230976,0.0011220574378967285,1.1220574378967285
2017-08-15,22.999693294401865,72.60115569230976,0.001432514190639722,1.432514190639722
2017-08-16,22.999693294401865,72.60115569230976,0.0005424965439715379,0.5424965439715379
2017-08-17,22.999693294401865,72.60115569230976,0.0004987746476672328,0.4987746476672328
2017-08-18,22.999693294401865,72.60115569230976,0.0003961037455155747,0.3961037455155747
2017-08-19,22.999693294401865,72.60115569230976,0.0015078932046890259,1.5078932046890259
2017-08-20,22.999693294401865,72.60115569230976,0.020472556352615356,20.472556352615356
2017-08-21,22.999693294401865,72.60115569230976,0.009597527980702125,9.597527980702125
2017-08-22,22.999693294401865,72.60115569230976,0.005212008953094482,5.212008953094482
2017-08-23,22.999693294401865,72.60115569230976,0.002012386918067932,2.012386918067932
2017-08-24,22.999693294401865,72.60115569230976,0.00035965442657470703,0.35965442657470703
2017-08-25,22.999693294401865,72.60115569230976,0.00021976530541678585,0.21976530541678585
2017-08-26,22.999693294401865,72.60115569230976,0.001551508903503418,1.551508903503418
2017-08-27,22.999693294401865,72.60115569230976,0.0011098623275742625,1.1098623275742625
2017-08-28,22.999693294401865,72.60115569230976,0.0230989358007605,23.0989358007605
2017-08-29,22.999693294401865,72.60115569230976,0.020236484092436058,20.236484092436058
2017-08-30,22.999693294401865,72.60115569230976,0.007790347933756436,7.790347933756436
2017-08-31,22.999693294401865,72.60115569230976,0.004337280988693237,4.337280988693237
2017-09-01,22.999693294401865,72.60115569230976,0.0009410381317138672,0.9410381317138672
2017-09-02,22.999693294401865,72.60115569230976,0.005789881944565423,5.789881944565423
2017-09-03,22.999693294401865,72.60115569230976,0.0011257529259296462,1.1257529259296462
2017-09-04,22.999693294401865,72.60115569230976,0.000245258980669405,0.245258980669405
2017-09-05,22.999693294401865,72.60115569230976,0.00013487935065725765,0.13487935065725765
2017-09-06,22.999693294401865,72.60115569230976,0.00034401416769469506,0.34401416769469506
2017-09-07,22.999693294401865,72.60115569230976,5.497634401763207e-05,0.05497634401763207
2017-09-08,22.999693294401865,72.60115569230976,2.4527311310862387e-06,0.0024527311310862387
2017-09-09,22.999693294401865,72.60115569230976,2.3573637008666992e-05,0.023573637008666992
2017-09-10,22.999693294401865,72.60115569230976,0.0008955895900726318,0.8955895900726318
2017-09-11,22.999693294401865,72.60115569230976,0.0008301387312030784,0.8301387312030784
2017-09-12,22.999693294401865,72.60115569230976,0.01076158881187439,10.76158881187439
2017-09-13,22.999693294401865,72.60115569230976,0.0011829137802124023,1.1829137802124023
2017-09-14,22.999693294401865,72.60115569230976,0.0005976617330816225,0.5976617330816225
2017-09-15,22.999693294401865,72.60115569230976,0.0050737500190685125,5.0737500190685125
2017-09-16,22.999693294401865,72.60115569230976,0.008271354436772071,8.271354436772071
2017-09-17,22.999693294401865,72.60115569230976,0.023539423942565918,23.539423942565918
2017-09-18,22.999693294401865,72.60115569230976,0.007272312044960927,7.272312044960927
2017-09-19,22.999693294401865,72.60115569230976,2.9168218873110163e-05,0.029168218873110163
2017-09-20,22.999693294401865,72.60115569230976,0.0,0.0
2017-09-21,22.999693294401865,72.60115569230976,6.556510925292969e-07,0.0006556510925292969
2017-09-22,22.999693294401865,72.60115569230976,2.8091243336803018e-05,0.028091243336803018
2017-09-23,22.999693294401865,72.60115569230976,6.586313247680664e-06,0.006586313247680664
2017-09-24,22.999693294401865,72.60115569230976,9.366869920768295e-05,0.09366869920768295
2017-09-25,22.999693294401865,72.60115569230976,1.7541646855079307e-05,0.017541646855079307
2017-09-26,22.999693294401865,72.60115569230976,0.0,0.0
2017-09-27,22.999693294401865,72.60115569230976,0.0,0.0
2017-09-28,22.999693294401865,72.60115569230976,2.582139359219582e-06,0.002582139359219582
2017-09-29,22.999693294401865,72.60115569230976,8.468052783427993e-07,0.0008468052783427993
2017-09-30,22.999693294401865,72.60115569230976,5.684341886080802e-14,5.6843418860808015e-11
2017-10-01,22.999693294401865,72.60115569230976,0.0,0.0
2017-10-02,22.999693294401865,72.60115569230976,1.2705816061497899e-06,0.0012705816061497899
2017-10-03,22.999693294401865,72.60115569230976,1.6927718320403073e-06,0.0016927718320403073
2017-10-04,22.999693294401865,72.60115569230976,1.7216403875863762e-06,0.0017216403875863762
2017-10-05,22.999693294401865,72.60115569230976,4.2021264334834996e-07,0.00042021264334834996
2017-10-06,22.999693294401865,72.60115569230976,8.583068797918258e-07,0.0008583068797918258
2017-10-07,22.999693294401865,72.60115569230976,8.583068797918258e-07,0.0008583068797918258
2017-10-08,22.999693294401865,72.60115569230976,2.5840099624474533e-06,0.0025840099624474533
2017-10-09,22.999693294401865,72.60115569230976,8.614663222772379e-07,0.0008614663222772379
2017-10-10,22.999693294401865,72.60115569230976,4.351138045421976e-07,0.0004351138045421976
2017-10-11,22.999693294401865,72.60115569230976,0.0,0.0
2017-10-12,22.999693294401865,72.60115569230976,1.0370810343829362e-05,0.010370810343829362
2017-10-13,22.999693294401865,72.60115569230976,1.3465086965425144e-05,0.013465086965425144
2017-10-14,22.999693294401865,72.60115569230976,4.410743663640915e-07,0.0004410743663640915
2017-10-15,22.999693294401865,72.60115569230976,0.0,0.0
2017-10-16,22.999693294401865,72.60115569230976,4.351138045421976e-07,0.0004351138045421976
2017-10-17,22.999693294401865,72.60115569230976,1.2904405934932583e-06,0.0012904405934932583
2017-10-18,22.999693294401865,72.60115569230976,1.7367148075209116e-06,0.0017367148075209116
2017-10-19,22.999693294401865,72.60115569230976,8.52346317969932e-07,0.000852346317969932
2017-10-20,22.999693294401865,72.60115569230976,0.0,0.0
2017-10-21,22.999693294401865,72.60115569230976,1.716613724056515e-06,0.001716613724056515
2017-10-22,22.999693294401865,72.60115569230976,7.0223222792265005e-09,7.0223222792265005e-06
2017-10-23,22.999693294401865,72.60115569230976,8.52346317969932e-07,0.000852346317969932
2017-10-24,22.999693294401865,72.60115569230976,8.52346317969932e-07,0.000852346317969932
2017-10-25,22.999693294401865,72.60115569230976,0.0,0.0
2017-10-26,22.999693294401865,72.60115569230976,0.0,0.0
2017-10-27,22.999693294401865,72.60115569230976,8.52346317969932e-07,0.000852346317969932
2017-10-28,22.999693294401865,72.60115569230976,8.583068797918258e-07,0.0008583068797918258
2017-10-29,22.999693294401865,72.60115569230976,8.543190475052143e-07,0.0008543190475052143
2017-10-30,22.999693294401865,72.60115569230976,1.7059697370314097e-06,0.0017059697370314097
2017-10-31,22.999693294401865,72.60115569230976,2.9801867640344426e-09,2.9801867640344426e-06
2017-11-01,22.999693294401865,72.60115569230976,8.523463748133508e-07,0.0008523463748133508
2017-11-02,22.999693294401865,72.60115569230976,4.261732051702438e-07,0.0004261732051702438
2017-11-03,22.999693294401865,72.60115569230976,0.0,0.0
2017-11-04,22.999693294401865,72.60115569230976,2.1691254801226023e-06,0.0021691254801226023
2017-11-05,22.999693294401865,72.60115569230976,2.5796589397941716e-06,0.0025796589397941716
2017-11-06,22.999693294401865,72.60115569230976,8.629914596269828e-07,0.0008629914596269828
2017-11-07,22.999693294401865,72.60115569230976,8.550231704873568e-07,0.0008550231704873568
2017-11-08,22.999693294401865,72.60115569230976,0.0,0.0
2017-11-09,22.999693294401865,72.60115569230976,8.583068797918258e-07,0.0008583068797918258
2017-11-10,22.999693294401865,72.60115569230976,0.0,0.0
2017-11-11,22.999693294401865,72.60115569230976,8.608301982349076e-07,0.0008608301982349076
2017-11-12,22.999693294401865,72.60115569230976,8.52346317969932e-07,0.000852346317969932
2017-11-13,22.999693294401865,72.60115569230976,0.0,0.0
2017-11-14,22.999693294401865,72.60115569230976,0.0,0.0
2017-11-15,22.999693294401865,72.60115569230976,8.52346317969932e-07,0.000852346317969932
2017-11-16,22.999693294401865,72.60115569230976,2.1636486735587823e-06,0.0021636486735587823
2017-11-17,22.999693294401865,72.60115569230976,8.555893487027788e-07,0.0008555893487027788
2017-11-18,22.999693294401865,72.60115569230976,1.2928771866427269e-06,0.0012928771866427269
2017-11-19,22.999693294401865,72.60115569230976,1.2874602361989673e-06,0.0012874602361989673
2017-11-20,22.999693294401865,72.60115569230976,0.0,0.0
2017-11-21,22.999693294401865,72.60115569230976,4.351138045421976e-07,0.0004351138045421976
2017-11-22,22.999693294401865,72.60115569230976,0.0,0.0
2017-11-23,22.999693294401865,72.60115569230976,1.289177191665658e-06,0.001289177191665658
2017-11-24,22.999693294401865,72.60115569230976,8.366146175831091e-07,0.0008366146175831091
2017-11-25,22.999693294401865,72.60115569230976,1.2934207802572928e-06,0.0012934207802572928
2017-11-26,22.999693294401865,72.60115569230976,0.0,0.0
2017-11-27,22.999693294401865,72.60115569230976,4.261732087229575e-07,0.0004261732087229575
2017-11-28,22.999693294401865,72.60115569230976,2.148747398678097e-06,0.002148747398678097
2017-11-29,22.999693294401865,72.60115569230976,8.642672923997452e-07,0.0008642672923997452
2017-11-30,22.999693294401865,72.60115569230976,8.583068833445395e-07,0.0008583068833445395
2017-12-01,22.999693294401865,72.60115569230976,0.0,0.0
2017-12-02,22.999693294401865,72.60115569230976,0.0,0.0
2017-12-03,22.999693294401865,72.60115569230976,1.704692635939864e-06,0.001704692635939864
2017-12-04,22.999693294401865,72.60115569230976,0.0004346549510501063,0.4346549510501063
2017-12-05,22.999693294401865,72.60115569230976,0.02286878526200553,22.86878526200553
2017-12-06,22.999693294401865,72.60115569230976,0.0016482263802686248,1.6482263802686248
2017-12-07,22.999693294401865,72.60115569230976,2.5719404163737636e-05,0.025719404163737636
2017-12-08,22.999693294401865,72.60115569230976,5.983643831086738e-05,0.05983643831086738
2017-12-09,22.999693294401865,72.60115569230976,0.0,0.0
2017-12-10,22.999693294401865,72.60115569230976,0.00020464062680503048,0.20464062680503048
2017-12-11,22.999693294401865,72.60115569230976,4.354119198524131e-06,0.004354119198524131
2017-12-12,22.999693294401865,72.60115569230976,1.2949859069522063e-06,0.0012949859069522063
2017-12-13,22.999693294401865,72.60115569230976,4.2967508306901436e-07,0.00042967508306901436
2017-12-14,22.999693294401865,72.60115569230976,1.7337082454105257e-06,0.0017337082454105257
2017-12-15,22.999693294401865,72.60115569230976,0.0,0.0
2017-12-16,22.999693294401865,72.60115569230976,8.788795753389422e-07,0.0008788795753389422
2017-12-17,22.999693294401865,72.60115569230976,1.7186317791129113e-06,0.0017186317791129113
2017-12-18,22.999693294401865,72.60115569230976,4.261732087229575e-07,0.0004261732087229575
2017-12-19,22.999693294401865,72.60115569230976,4.410743663640915e-07,0.0004410743663640915
2017-12-20,22.999693294401865,72.60115569230976,0.0,0.0
2017-12-21,22.999693294401865,72.60115569230976,0.0,0.0
2017-12-22,22.999693294401865,72.60115569230976,2.567504509443097e-06,0.002567504509443097
2017-12-23,22.999693294401865,72.60115569230976,2.564683484251873e-06,0.002564683484251873
2017-12-24,22.999693294401865,72.60115569230976,0.0,0.0
2017-12-25,22.999693294401865,72.60115569230976,2.1565725205618946e-06,0.0021565725205618946
2017-12-26,22.999693294401865,72.60115569230976,4.1203333012163057e-07,0.00041203333012163057
2017-12-27,22.999693294401865,72.60115569230976,1.7367486293551337e-06,0.0017367486293551337
2017-12-28,22.999693294401865,72.60115569230976,8.344265438609e-07,0.0008344265438609
2017-12-29,22.999693294401865,72.60115569230976,8.52346317969932e-07,0.000852346317969932
2017-12-30,22.999693294401865,72.60115569230976,8.52346317969932e-07,0.000852346317969932
2017-12-31,22.999693294401865,72.60115569230976,0.0,0.0
2018-01-01,22.999693294401865,72.60115569230976,4.261732051702438e-07,0.0004261732051702438
2018-01-02,22.999693294401865,72.60115569230976,8.52346317969932e-07,0.000852346317969932
2018-01-03,22.999693294401865,72.60115569230976,4.410743663640915e-07,0.0004410743663640915
2018-01-04,22.999693294401865,72.60115569230976,1.2755393754559918e-06,0.0012755393754559918
2018-01-05,22.999693294401865,72.60115569230976,2.57373812928563e-06,0.00257373812928563
2018-01-06,22.999693294401865,72.60115569230976,8.603067271906184e-07,0.0008603067271906184
2018-01-07,22.999693294401865,72.60115569230976,1.7225738702109084e-06,0.0017225738702109084
2018-01-08,22.999693294401865,72.60115569230976,1.7116101389547111e-06,0.0017116101389547111
2018-01-09,22.999693294401865,72.60115569230976,4.351138045421976e-07,0.0004351138045421976
2018-01-10,22.999693294401865,72.60115569230976,8.463859444418631e-07,0.0008463859444418631
2018-01-11,22.999693294401865,72.60115569230976,4.351138045421976e-07,0.0004351138045421976
2018-01-12,22.999693294401865,72.60115569230976,4.351138045421976e-07,0.0004351138045421976
2018-01-13,22.999693294401865,72.60115569230976,4.351138045421976e-07,0.0004351138045421976
2018-01-14,22.999693294401865,72.60115569230976,0.0,0.0
2018-01-15,22.999693294401865,72.60115569230976,1.716613667213096e-06,0.001716613667213096
2018-01-16,22.999693294401865,72.60115569230976,4.351138045421976e-07,0.0004351138045421976
2018-01-17,22.999693294401865,72.60115569230976,0.0,0.0
2018-01-18,22.999693294401865,72.60115569230976,1.7195939108205494e-06,0.0017195939108205494
2018-01-19,22.999693294401865,72.60115569230976,8.534627795597771e-07,0.0008534627795597771
2018-01-20,22.999693294401865,72.60115569230976,0.0,0.0
2018-01-21,22.999693294401865,72.60115569230976,0.0,0.0
2018-01-22,22.999693294401865,72.60115569230976,4.351138045421976e-07,0.0004351138045421976
2018-01-23,22.999693294401865,72.60115569230976,1.7180493045998446e-06,0.0017180493045998446
2018-01-24,22.999693294401865,72.60115569230976,1.2844800494349329e-06,0.0012844800494349329
2018-01-25,22.999693294401865,72.60115569230976,8.582565556025656e-07,0.0008582565556025656
2018-01-26,22.999693294401865,72.60115569230976,0.0,0.0
2018-01-27,22.999693294401865,72.60115569230976,0.0,0.0
2018-01-28,22.999693294401865,72.60115569230976,1.7046927496267017e-06,0.0017046927496267017
2018-01-29,22.999693294401865,72.60115569230976,1.788146164471982e-08,1.788146164471982e-05
2018-01-30,22.999693294401865,72.60115569230976,1.2943312412971864e-06,0.0012943312412971864
2018-01-31,22.999693294401865,72.60115569230976,8.52346317969932e-07,0.000852346317969932
2018-02-01,22.999693294401865,72.60115569230976,1.2872037586930674e-06,0.0012872037586930674
2018-02-02,22.999693294401865,72.60115569230976,1.309886613398703e-06,0.001309886613398703
2018-02-03,22.999693294401865,72.60115569230976,0.0,0.0
2018-02-04,22.999693294401865,72.60115569230976,0.0,0.0
2018-02-05,22.999693294401865,72.60115569230976,1.2784407203980663e-06,0.0012784407203980663
2018-02-06,22.999693294401865,72.60115569230976,0.00018184185017844356,0.18184185017844356
2018-02-07,22.999693294401865,72.60115569230976,9.641051292419434e-06,0.009641051292419434
2018-02-08,22.999693294401865,72.60115569230976,1.2874602930423862e-06,0.0012874602930423862
2018-02-09,22.999693294401865,72.60115569230976,0.0,0.0
2018-02-10,22.999693294401865,72.60115569230976,0.0,0.0
2018-02-11,22.999693294401865,72.60115569230976,8.583068797918258e-07,0.0008583068797918258
2018-02-12,22.999693294401865,72.60115569230976,1.2814997489840607e-06,0.0012814997489840607
2018-02-13,22.999693294401865,72.60115569230976,1.2874602361989673e-06,0.0012874602361989673
2018-02-14,22.999693294401865,72.60115569230976,1.7288033973272832e-06,0.0017288033973272832
2018-02-15,22.999693294401865,72.60115569230976,1.724342268971668e-06,0.001724342268971668
2018-02-16,22.999693294401865,72.60115569230976,8.556250463698234e-07,0.0008556250463698234
2018-02-17,22.999693294401865,72.60115569230976,2.5836693566816393e-06,0.0025836693566816393
2018-02-18,22.999693294401865,72.60115569230976,8.52346317969932e-07,0.000852346317969932
2018-02-19,22.999693294401865,72.60115569230976,1.7195939676639682e-06,0.0017195939676639682
2018-02-20,22.999693294401865,72.60115569230976,1.281500033201155e-06,0.001281500033201155
2018-02-21,22.999693294401865,72.60115569230976,8.583068833445395e-07,0.0008583068833445395
2018-02-22,22.999693294401865,72.60115569230976,1.282021415249801e-06,0.001282021415249801
2018-02-23,22.999693294401865,72.60115569230976,8.523463748133508e-07,0.0008523463748133508
2018-02-24,22.999693294401865,72.60115569230976,0.0,0.0
2018-02-25,22.999693294401865,72.60115569230976,0.0,0.0
2018-02-26,22.999693294401865,72.60115569230976,1.7046928064701206e-06,0.0017046928064701206
2018-02-27,22.999693294401865,72.60115569230976,1.7175140101244324e-06,0.0017175140101244324
2018-02-28,22.999693294401865,72.60115569230976,8.523463748133508e-07,0.0008523463748133508
2018-03-01,22.999693294401865,72.60115569230976,8.52346317969932e-07,0.000852346317969932
2018-03-02,22.999693294401865,72.60115569230976,1.2874602930423862e-06,0.0012874602930423862
2018-03-03,22.999693294401865,72.60115569230976,8.523463748133508e-07,0.0008523463748133508
2018-03-04,22.999693294401865,72.60115569230976,0.0,0.0
2018-03-05,22.999693294401865,72.60115569230976,4.261732051702438e-07,0.0004261732051702438
2018-03-06,22.999693294401865,72.60115569230976,0.0,0.0
2018-03-07,22.999693294401865,72.60115569230976,0.0,0.0
2018-03-08,22.999693294401865,72.60115569230976,1.6307830719597405e-05,0.016307830719597405
2018-03-09,22.999693294401865,72.60115569230976,4.1127191252599005e-07,0.00041127191252599005
2018-03-10,22.999693294401865,72.60115569230976,0.0,0.0
2018-03-11,22.999693294401865,72.60115569230976,2.1376763470470905e-06,0.0021376763470470905
2018-03-12,22.999693294401865,72.60115569230976,0.0,0.0
2018-03-13,22.999693294401865,72.60115569230976,1.2846412005274033e-06,0.0012846412005274033
2018-03-14,22.999693294401865,72.60115569230976,0.0,0.0
2018-03-15,22.999693294401865,72.60115569230976,2.99995099339867e-06,0.00299995099339867
2018-03-16,22.999693294401865,72.60115569230976,2.8567228582687676e-09,2.8567228582687676e-06
2018-03-17,22.999693294401865,72.60115569230976,0.0,0.0
2018-03-18,22.999693294401865,72.60115569230976,8.52346317969932e-07,0.000852346317969932
2018-03-19,22.999693294401865,72.60115569230976,9.767110498160037e-05,0.09767110498160037
2018-03-20,22.999693294401865,72.60115569230976,0.0,0.0
2018-03-21,22.999693294401865,72.60115569230976,4.351138613856165e-07,0.0004351138613856165
2018-03-22,22.999693294401865,72.60115569230976,2.5774953655854915e-06,0.0025774953655854915
2018-03-23,22.999693294401865,72.60115569230976,0.0,0.0
2018-03-24,22.999693294401865,72.60115569230976,1.716613724056515e-06,0.001716613724056515
2018-03-25,22.999693294401865,72.60115569230976,1.7117357060669747e-06,0.0017117357060669747
2018-03-26,22.999693294401865,72.60115569230976,8.52346317969932e-07,0.000852346317969932
2018-03-27,22.999693294401865,72.60115569230976,1.721674323107436e-06,0.001721674323107436
2018-03-28,22.999693294401865,72.60115569230976,1.5656382856832352e-09,1.5656382856832352e-06
2018-03-29,22.999693294401865,72.60115569230976,2.1442140223371098e-06,0.0021442140223371098
2018-03-30,22.999693294401865,72.60115569230976,1.2934207802572928e-06,0.0012934207802572928
2018-03-31,22.999693294401865,72.60115569230976,8.531587809557095e-07,0.0008531587809557095
2018-04-01,22.999693294401865,72.60115569230976,3.728814590431284e-09,3.728814590431284e-06
2018-04-02,22.999693294401865,72.60115569230976,4.351138613856165e-07,0.0004351138613856165
2018-04-03,22.999693294401865,72.60115569230976,0.0,0.0
2018-04-04,22.999693294401865,72.60115569230976,8.52346317969932e-07,0.000852346317969932
2018-04-05,22.999693294401865,72.60115569230976,8.52346317969932e-07,0.000852346317969932
2018-04-06,22.999693294401865,72.60115569230976,1.7285346416429093e-06,0.0017285346416429093
2018-04-07,22.999693294401865,72.60115569230976,0.0,0.0
2018-04-08,22.999693294401865,72.60115569230976,1.7043801108229673e-06,0.0017043801108229673
2018-04-09,22.999693294401865,72.60115569230976,2.5822231464189827e-06,0.0025822231464189827
2018-04-10,22.999693294401865,72.60115569230976,8.52346317969932e-07,0.000852346317969932
2018-04-11,22.999693294401865,72.60115569230976,4.351138045421976e-07,0.0004351138045421976
2018-04-12,22.999693294401865,72.60115569230976,1.711431707462907e-06,0.001711431707462907
2018-04-13,22.999693294401865,72.60115569230976,1.7127717910625506e-06,0.0017127717910625506
2018-04-14,22.999693294401865,72.60115569230976,0.0,0.0
2018-04-15,22.999693294401865,72.60115569230976,1.6987322055683762e-06,0.0016987322055683762
2018-04-16,22.999693294401865,72.60115569230976,3.0006419251549232e-06,0.0030006419251549232
2018-04-17,22.999693294401865,72.60115569230976,8.583068797918258e-07,0.0008583068797918258
2018-04-18,22.999693294401865,72.60115569230976,0.0,0.0
2018-04-19,22.999693294401865,72.60115569230976,4.351138613856165e-07,0.0004351138613856165
2018-04-20,22.999693294401865,72.60115569230976,2.491474106136593e-06,0.002491474106136593
2018-04-21,22.999693294401865,72.60115569230976,1.2765194696839899e-06,0.0012765194696839899
2018-04-22,22.999693294401865,72.60115569230976,0.0,0.0
2018-04-23,22.999693294401865,72.60115569230976,0.0,0.0
2018-04-24,22.999693294401865,72.60115569230976,8.523463748133508e-07,0.0008523463748133508
2018-04-25,22.999693294401865,72.60115569230976,1.7207987070833042e-06,0.0017207987070833042
2018-04-26,22.999693294401865,72.60115569230976,1.737350032726681e-06,0.001737350032726681
2018-04-27,22.999693294401865,72.60115569230976,1.7274845731662936e-06,0.0017274845731662936
2018-04-28,22.999693294401865,72.60115569230976,-7.890605502325343e-09,-7.890605502325343e-06
2018-04-29,22.999693294401865,72.60115569230976,1.2756838145833171e-06,0.0012756838145833171
2018-04-30,22.999693294401865,72.60115569230976,4.351138613856165e-07,0.0004351138613856165
2018-05-01,22.999693294401865,72.60115569230976,8.523463748133508e-07,0.0008523463748133508
2018-05-02,22.999693294401865,72.60115569230976,8.52346317969932e-07,0.000852346317969932
2018-05-03,22.999693294401865,72.60115569230976,8.52346317969932e-07,0.000852346317969932
2018-05-04,22.999693294401865,72.60115569230976,8.52346317969932e-07,0.000852346317969932
2018-05-05,22.999693294401865,72.60115569230976,3.4239970432281552e-06,0.0034239970432281552
2018-05-06,22.999693294401865,72.60115569230976,8.52346317969932e-07,0.000852346317969932
2018-05-07,22.999693294401865,72.60115569230976,8.600665637459315e-07,0.0008600665637459315
2018-05-08,22.999693294401865,72.60115569230976,8.642673492431641e-07,0.0008642673492431641
2018-05-09,22.999693294401865,72.60115569230976,0.0,0.0
2018-05-10,22.999693294401865,72.60115569230976,8.583068833445395e-07,0.0008583068833445395
2018-05-11,22.999693294401865,72.60115569230976,1.725844299471646e-06,0.001725844299471646
2018-05-12,22.999693294401865,72.60115569230976,0.0,0.0
2018-05-13,22.999693294401865,72.60115569230976,0.0,0.0
2018-05-14,22.999693294401865,72.60115569230976,8.52346317969932e-07,0.000852346317969932
2018-05-15,22.999693294401865,72.60115569230976,0.0,0.0
2018-05-16,22.999693294401865,72.60115569230976,1.7197903616761323e-06,0.0017197903616761323
2018-05-17,22.999693294401865,72.60115569230976,1.7106532368416083e-06,0.0017106532368416083
2018-05-18,22.999693294401865,72.60115569230976,4.351138045421976e-07,0.0004351138045421976
2018-05-19,22.999693294401865,72.60115569230976,0.0,0.0
2018-05-20,22.999693294401865,72.60115569230976,8.583068797918258e-07,0.0008583068797918258
2018-05-21,22.999693294401865,72.60115569230976,1.2779465237144905e-06,0.0012779465237144905
2018-05-22,22.999693294401865,72.60115569230976,8.532248330084258e-07,0.0008532248330084258
2018-05-23,22.999693294401865,72.60115569230976,1.7225741544280027e-06,0.0017225741544280027
2018-05-24,22.999693294401865,72.60115569230976,8.583068797918258e-07,0.0008583068797918258
2018-05-25,22.999693294401865,72.60115569230976,8.642135576053533e-07,0.0008642135576053533
2018-05-26,22.999693294401865,72.60115569230976,8.535890856364858e-07,0.0008535890856364858
2018-05-27,22.999693294401865,72.60115569230976,4.267108465683123e-06,0.004267108465683123
2018-05-28,22.999693294401865,72.60115569230976,0.0,0.0
2018-05-29,22.999693294401865,72.60115569230976,5.7292830319966015e-06,0.0057292830319966015
2018-05-30,22.999693294401865,72.60115569230976,8.553265615773853e-07,0.0008553265615773853
2018-05-31,22.999693294401865,72.60115569230976,8.59962575816553e-07,0.000859962575816553
2018-06-01,22.999693294401865,72.60115569230976,3.300607204437256e-05,0.03300607204437256
2018-06-02,22.999693294401865,72.60115569230976,1.4850495972495992e-05,0.014850495972495992
2018-06-03,22.999693294401865,72.60115569230976,1.789331395229965e-05,0.01789331395229965
2018-06-04,22.999693294401865,72.60115569230976,1.7064029975699668e-06,0.0017064029975699668
2018-06-05,22.999693294401865,72.60115569230976,1.7192482459904568e-06,0.0017192482459904568
2018-06-06,22.999693294401865,72.60115569230976,8.289432571473299e-07,0.0008289432571473299
2018-06-07,22.999693294401865,72.60115569230976,1.28017848055606e-06,0.00128017848055606
2018-06-08,22.999693294401865,72.60115569230976,1.727546867869023e-05,0.01727546867869023
2018-06-09,22.999693294401865,72.60115569230976,0.00010655820369720459,0.10655820369720459
2018-06-10,22.999693294401865,72.60115569230976,0.00012000915273802093,0.12000915273802093
2018-06-11,22.999693294401865,72.60115569230976,0.00030150765587677597,0.30150765587677597
2018-06-12,22.999693294401865,72.60115569230976,0.0001016364725501262,0.1016364725501262
2018-06-13,22.999693294401865,72.60115569230976,4.8953294651710166e-05,0.048953294651710166
2018-06-14,22.999693294401865,72.60115569230976,8.661746977622897e-05,0.08661746977622897
2018-06-15,22.999693294401865,72.60115569230976,9.383978454025055e-05,0.09383978454025055
2018-06-16,22.999693294401865,72.60115569230976,6.985068320730647e-05,0.06985068320730647
2018-06-17,22.999693294401865,72.60115569230976,0.00011977851380606808,0.11977851380606808
2018-06-18,22.999693294401865,72.60115569230976,7.127225399017334e-05,0.07127225399017334
2018-06-19,22.999693294401865,72.60115569230976,8.583068833445395e-07,0.0008583068833445395
2018-06-20,22.999693294401865,72.60115569230976,1.017362194488669e-09,1.017362194488669e-06
2018-06-21,22.999693294401865,72.60115569230976,0.0,0.0
2018-06-22,22.999693294401865,72.60115569230976,2.1904706954956055e-06,0.0021904706954956055
2018-06-23,22.999693294401865,72.60115569230976,1.2603402030464395e-05,0.012603402030464395
2018-06-24,22.999693294401865,72.60115569230976,0.0006779682722708458,0.6779682722708458
2018-06-25,22.999693294401865,72.60115569230976,0.002948130377205871,2.948130377205871
2018-06-26,22.999693294401865,72.60115569230976,0.0012722031015073298,1.2722031015073298
2018-06-27,22.999693294401865,72.60115569230976,0.000552825144666258,0.552825144666258
2018-06-28,22.999693294401865,72.60115569230976,0.00038539469233001,0.38539469233001
2018-06-29,22.999693294401865,72.60115569230976,0.001340442780133344,1.340442780133344
2018-06-30,22.999693294401865,72.60115569230976,0.0002946210140066796,0.2946210140066796
2018-07-01,22.999693294401865,72.60115569230976,0.00032039529656913146,0.32039529656913146
2018-07-02,22.999693294401865,72.60115569230976,0.002857014536743918,2.857014536743918
2018-07-03,22.999693294401865,72.60115569230976,0.007171731710798213,7.171731710798213
2018-07-04,22.999693294401865,72.60115569230976,0.0014648203844558338,1.4648203844558338
2018-07-05,22.999693294401865,72.60115569230976,0.0006836712359472585,0.6836712359472585
2018-07-06,22.999693294401865,72.60115569230976,0.0006284358390189482,0.6284358390189482
2018-07-07,22.999693294401865,72.60115569230976,0.003494704959507544,3.494704959507544
2018-07-08,22.999693294401865,72.60115569230976,0.003873184323310852,3.873184323310852
2018-07-09,22.999693294401865,72.60115569230976,0.0008948627667564324,0.8948627667564324
2018-07-10,22.999693294401865,72.60115569230976,0.012191593647003174,12.191593647003174
2018-07-11,22.999693294401865,72.60115569230976,0.006161013245577607,6.161013245577607
2018-07-12,22.999693294401865,72.60115569230976,0.005907425405553113,5.907425405553113
2018-07-13,22.999693294401865,72.60115569230976,0.0025534122276553717,2.5534122276553717
2018-07-14,22.999693294401865,72.60115569230976,0.026178121476391425,26.178121476391425
2018-07-15,22.999693294401865,72.60115569230976,0.017817521095270905,17.817521095270905
2018-07-16,22.999693294401865,72.60115569230976,0.038486154699853614,38.486154699853614
2018-07-17,22.999693294401865,72.60115569230976,0.0018767058849320506,1.8767058849320506
2018-07-18,22.999693294401865,72.60115569230976,0.0011511147022247314,1.1511147022247314
2018-07-19,22.999693294401865,72.60115569230976,0.011621459511967913,11.621459511967913
2018-07-20,22.999693294401865,72.60115569230976,0.05796516239632865,57.96516239632865
2018-07-21,22.999693294401865,72.60115569230976,0.008273059263508742,8.273059263508742
2018-07-22,22.999693294401865,72.60115569230976,0.0015210212915235388,1.5210212915235388
2018-07-23,22.999693294401865,72.60115569230976,0.0026747566602125517,2.6747566602125517
2018-07-24,22.999693294401865,72.60115569230976,0.006437828541947965,6.437828541947965
2018-07-25,22.999693294401865,72.60115569230976,0.0008377388323879131,0.8377388323879131
2018-07-26,22.999693294401865,72.60115569230976,0.0016270751493152602,1.6270751493152602
2018-07-27,22.999693294401865,72.60115569230976,0.0011250555514266125,1.1250555514266125
2018-07-28,22.999693294401865,72.60115569230976,0.0007034442306803612,0.7034442306803612
2018-07-29,22.999693294401865,72.60115569230976,0.0011455804109523626,1.1455804109523626
2018-07-30,22.999693294401865,72.60115569230976,0.0009292811155319214,0.9292811155319214
2018-07-31,22.999693294401865,72.60115569230976,0.0010522693395564886,1.0522693395564886
2018-08-01,22.999693294401865,72.60115569230976,0.0010446399450252386,1.0446399450252386
2018-08-02,22.999693294401865,72.60115569230976,0.0010289788246105047,1.0289788246105047
2018-08-03,22.999693294401865,72.60115569230976,0.0012736111879334544,1.2736111879334544
2018-08-04,22.999693294401865,72.60115569230976,0.0008752346038818359,0.8752346038818359
2018-08-05,22.999693294401865,72.60115569230976,0.0009922442885113014,0.9922442885113014
2018-08-06,22.999693294401865,72.60115569230976,0.0009417355059895272,0.9417355059895272
2018-08-07,22.999693294401865,72.60115569230976,0.001263268063439682,1.263268063439682
2018-08-08,22.999693294401865,72.60115569230976,0.006379327462582296,6.379327462582296
2018-08-09,22.999693294401865,72.60115569230976,0.008658602833747864,8.658602833747864
2018-08-10,22.999693294401865,72.60115569230976,0.0018308460712432861,1.8308460712432861
2018-08-11,22.999693294401865,72.60115569230976,0.0015309393405900096,1.5309393405900096
2018-08-12,22.999693294401865,72.60115569230976,0.0012812054115443061,1.2812054115443061
2018-08-13,22.999693294401865,72.60115569230976,0.0015229340464202323,1.5229340464202323
2018-08-14,22.999693294401865,72.60115569230976,0.0010114461183547974,1.0114461183547974
2018-08-15,22.999693294401865,72.60115569230976,0.0007280837979806165,0.7280837979806165
2018-08-16,22.999693294401865,72.60115569230976,0.0004811236618138537,0.4811236618138537
2018-08-17,22.999693294401865,72.60115569230976,0.019677051482688057,19.677051482688057
2018-08-18,22.999693294401865,72.60115569230976,0.0010179091774666915,1.0179091774666915
2018-08-19,22.999693294401865,72.60115569230976,0.0004660189151763916,0.4660189151763916
2018-08-20,22.999693294401865,72.60115569230976,0.005416244268417358,5.416244268417358
2018-08-21,22.999693294401865,72.60115569230976,0.021763082601751194,21.763082601751194
2018-08-22,22.999693294401865,72.60115569230976,0.01264057457439094,12.64057457439094
2018-08-23,22.999693294401865,72.60115569230976,0.0011632442474365234,1.1632442474365234
2018-08-24,22.999693294401865,72.60115569230976,0.000652313232421875,0.652313232421875
2018-08-25,22.999693294401865,72.60115569230976,0.005687147378921509,5.687147378921509
2018-08-26,22.999693294401865,72.60115569230976,0.0042391598224185145,4.2391598224185145
2018-08-27,22.999693294401865,72.60115569230976,0.0010883808135986328,1.0883808135986328
2018-08-28,22.999693294401865,72.60115569230976,0.0012123912571837536,1.2123912571837536
2018-08-29,22.999693294401865,72.60115569230976,0.004659631848330292,4.659631848330292
2018-08-30,22.999693294401865,72.60115569230976,0.005850568413734436,5.850568413734436
2018-08-31,22.999693294401865,72.60115569230976,0.010181462764592197,10.181462764592197
2018-09-01,22.999693294401865,72.60115569230976,0.002437628798361402,2.437628798361402
2018-09-02,22.999693294401865,72.60115569230976,0.0012864023447036743,1.2864023447036743
2018-09-03,22.999693294401865,72.60115569230976,0.0015082985162280238,1.5082985162280238
2018-09-04,22.999693294401865,72.60115569230976,0.0006999105215186319,0.6999105215186319
2018-09-05,22.999693294401865,72.60115569230976,0.0005054414272258612,0.5054414272258612
2018-09-06,22.999693294401865,72.60115569230976,0.0001624591504878481,0.1624591504878481
2018-09-07,22.999693294401865,72.60115569230976,0.0008169077473212383,0.8169077473212383
2018-09-08,22.999693294401865,72.60115569230976,0.011588424444198608,11.588424444198608
2018-09-09,22.999693294401865,72.60115569230976,0.004142044546654233,4.142044546654233
2018-09-10,22.999693294401865,72.60115569230976,0.0002809613941963107,0.2809613941963107
2018-09-11,22.999693294401865,72.60115569230976,0.0002075672149608465,0.2075672149608465
2018-09-12,22.999693294401865,72.60115569230976,0.0007546559437514588,0.7546559437514588
2018-09-13,22.999693294401865,72.60115569230976,0.000276777148144447,0.276777148144447
2018-09-14,22.999693294401865,72.60115569230976,7.417798042297363e-05,0.07417798042297363
2018-09-15,22.999693294401865,72.60115569230976,0.00021066665648916683,0.21066665648916683
2018-09-16,22.999693294401865,72.60115569230976,0.00039061903953552246,0.39061903953552246
2018-09-17,22.999693294401865,72.60115569230976,0.00021426379680633545,0.21426379680633545
2018-09-18,22.999693294401865,72.60115569230976,0.00011644363399909707,0.11644363399909707
2018-09-19,22.999693294401865,72.60115569230976,8.583068797918258e-07,0.0008583068797918258
2018-09-20,22.999693294401865,72.60115569230976,0.0,0.0
2018-09-21,22.999693294401865,72.60115569230976,0.0,0.0
2018-09-22,22.999693294401865,72.60115569230976,0.006049811840057373,6.049811840057373
2018-09-23,22.999693294401865,72.60115569230976,0.0006931519346835557,0.6931519346835557
2018-09-24,22.999693294401865,72.60115569230976,2.7706661910542607e-05,0.027706661910542607
2018-09-25,22.999693294401865,72.60115569230976,1.7350516472447453e-06,0.0017350516472447453
2018-09-26,22.999693294401865,72.60115569230976,4.351138613856165e-07,0.0004351138613856165
2018-09-27,22.999693294401865,72.60115569230976,1.7233816151929204e-06,0.0017233816151929204
2018-09-28,22.999693294401865,72.60115569230976,8.404254572269565e-07,0.0008404254572269565
2018-09-29,22.999693294401865,72.60115569230976,2.149622901015391e-06,0.002149622901015391
2018-09-30,22.999693294401865,72.60115569230976,8.56072990274015e-07,0.000856072990274015
2018-10-01,22.999693294401865,72.60115569230976,0.0,0.0
2018-10-02,22.999693294401865,72.60115569230976,2.7206808113078296e-06,0.0027206808113078296
2018-10-03,22.999693294401865,72.60115569230976,2.905726375956874e-06,0.002905726375956874
2018-10-04,22.999693294401865,72.60115569230976,2.7060508728027344e-05,0.027060508728027344
2018-10-05,22.999693294401865,72.60115569230976,4.26663706321051e-05,0.0426663706321051
2018-10-06,22.999693294401865,72.60115569230976,1.2805597862097784e-06,0.0012805597862097784
2018-10-07,22.999693294401865,72.60115569230976,8.523463748133508e-07,0.0008523463748133508
2018-10-08,22.999693294401865,72.60115569230976,4.261732051702438e-07,0.0004261732051702438
2018-10-09,22.999693294401865,72.60115569230976,8.583068797918258e-07,0.0008583068797918258
2018-10-10,22.999693294401865,72.60115569230976,3.0149360554787563e-06,0.0030149360554787563
2018-10-11,22.999693294401865,72.60115569230976,8.583068797918258e-07,0.0008583068797918258
2018-10-12,22.999693294401865,72.60115569230976,8.52346317969932e-07,0.000852346317969932
2018-10-13,22.999693294401865,72.60115569230976,0.0,0.0
2018-10-14,22.999693294401865,72.60115569230976,0.0,0.0
2018-10-15,22.999693294401865,72.60115569230976,8.583068797918258e-07,0.0008583068797918258
2018-10-16,22.999693294401865,72.60115569230976,8.523463748133508e-07,0.0008523463748133508
2018-10-17,22.999693294401865,72.60115569230976,8.52346317969932e-07,0.000852346317969932
2018-10-18,22.999693294401865,72.60115569230976,8.511565283697564e-07,0.0008511565283697564
2018-10-19,22.999693294401865,72.60115569230976,0.0,0.0
2018-10-20,22.999693294401865,72.60115569230976,4.2855739579295005e-06,0.0042855739579295005
2018-10-21,22.999693294401865,72.60115569230976,8.52346317969932e-07,0.000852346317969932
2018-10-22,22.999693294401865,72.60115569230976,0.0,0.0
2018-10-23,22.999693294401865,72.60115569230976,8.612871056357108e-07,0.0008612871056357108
2018-10-24,22.999693294401865,72.60115569230976,9.328126857610641e-07,0.0009328126857610641
2018-10-25,22.999693294401865,72.60115569230976,1.4922584341547918e-06,0.0014922584341547918
2018-10-26,22.999693294401865,72.60115569230976,0.0,0.0
2018-10-27,22.999693294401865,72.60115569230976,8.942186821059295e-05,0.08942186821059295
2018-10-28,22.999693294401865,72.60115569230976,4.351138045421976e-07,0.0004351138045421976
2018-10-29,22.999693294401865,72.60115569230976,8.525721000296471e-07,0.0008525721000296471
2018-10-30,22.999693294401865,72.60115569230976,8.583068797918258e-07,0.0008583068797918258
2018-10-31,22.999693294401865,72.60115569230976,1.7089562334149377e-06,0.0017089562334149377
2018-11-01,22.999693294401865,72.60115569230976,8.52346317969932e-07,0.000852346317969932
2018-11-02,22.999693294401865,72.60115569230976,0.0,0.0
2018-11-03,22.999693294401865,72.60115569230976,8.702277796146518e-07,0.0008702277796146518
2018-11-04,22.999693294401865,72.60115569230976,4.351138045421976e-07,0.0004351138045421976
2018-11-05,22.999693294401865,72.60115569230976,8.52346317969932e-07,0.000852346317969932
2018-11-06,22.999693294401865,72.60115569230976,8.52346317969932e-07,0.000852346317969932
2018-11-07,22.999693294401865,72.60115569230976,8.523463748133508e-07,0.0008523463748133508
2018-11-08,22.999693294401865,72.60115569230976,8.523463748133508e-07,0.0008523463748133508
2018-11-09,22.999693294401865,72.60115569230976,0.0,0.0
2018-11-10,22.999693294401865,72.60115569230976,1.2844800849620697e-06,0.0012844800849620697
2018-11-11,22.999693294401865,72.60115569230976,8.523463748133508e-07,0.0008523463748133508
2018-11-12,22.999693294401865,72.60115569230976,8.677103551235632e-07,0.0008677103551235632
2018-11-13,22.999693294401865,72.60115569230976,0.0,0.0
2018-11-14,22.999693294401865,72.60115569230976,2.1558819298661547e-06,0.0021558819298661547
2018-11-15,22.999693294401865,72.60115569230976,8.424994462075119e-07,0.0008424994462075119
2018-11-16,22.999693294401865,72.60115569230976,8.52346317969932e-07,0.000852346317969932
2018-11-17,22.999693294401865,72.60115569230976,1.2820678989555745e-06,0.0012820678989555745
2018-11-18,22.999693294401865,72.60115569230976,8.372637694264995e-09,8.372637694264995e-06
2018-11-19,22.999693294401865,72.60115569230976,1.7195939108205494e-06,0.0017195939108205494
2018-11-20,22.999693294401865,72.60115569230976,4.351138045421976e-07,0.0004351138045421976
2018-11-21,22.999693294401865,72.60115569230976,0.0,0.0
2018-11-22,22.999693294401865,72.60115569230976,8.52346317969932e-07,0.000852346317969932
2018-11-23,22.999693294401865,72.60115569230976,0.0,0.0
2018-11-24,22.999693294401865,72.60115569230976,0.0,0.0
2018-11-25,22.999693294401865,72.60115569230976,0.0,0.0
2018-11-26,22.999693294401865,72.60115569230976,8.52346317969932e-07,0.000852346317969932
2018-11-27,22.999693294401865,72.60115569230976,0.0,0.0
2018-11-28,22.999693294401865,72.60115569230976,2.59550813552778e-06,0.00259550813552778
2018-11-29,22.999693294401865,72.60115569230976,1.7106531799981894e-06,0.0017106531799981894
2018-11-30,22.999693294401865,72.60115569230976,2.580881073299679e-06,0.002580881073299679
2018-12-01,22.999693294401865,72.60115569230976,0.0,0.0
2018-12-02,22.999693294401865,72.60115569230976,0.0,0.0
2018-12-03,22.999693294401865,72.60115569230976,0.0,0.0
2018-12-04,22.999693294401865,72.60115569230976,8.583068797918258e-07,0.0008583068797918258
2018-12-05,22.999693294401865,72.60115569230976,0.0,0.0
2018-12-06,22.999693294401865,72.60115569230976,1.7172228581330273e-06,0.0017172228581330273
2018-12-07,22.999693294401865,72.60115569230976,8.583068051848386e-07,0.0008583068051848386
2018-12-08,22.999693294401865,72.60115569230976,0.0,0.0
2018-12-09,22.999693294401865,72.60115569230976,8.52346317969932e-07,0.000852346317969932
2018-12-10,22.999693294401865,72.60115569230976,0.0,0.0
2018-12-11,22.999693294401865,72.60115569230976,2.1845102310180664e-05,0.021845102310180664
2018-12-12,22.999693294401865,72.60115569230976,5.781650543212891e-06,0.005781650543212891
2018-12-13,22.999693294401865,72.60115569230976,1.726796313050727e-06,0.001726796313050727
2018-12-14,22.999693294401865,72.60115569230976,4.394121901896142e-07,0.0004394121901896142
2018-12-15,22.999693294401865,72.60115569230976,8.553265615773853e-07,0.0008553265615773853
2018-12-16,22.999693294401865,72.60115569230976,1.287214558942651e-06,0.001287214558942651
2018-12-17,22.999693294401865,72.60115569230976,1.7046927496267017e-06,0.0017046927496267017
2018-12-18,22.999693294401865,72.60115569230976,4.351138045421976e-07,0.0004351138045421976
2018-12-19,22.999693294401865,72.60115569230976,1.2814998626708984e-06,0.0012814998626708984
2018-12-20,22.999693294401865,72.60115569230976,8.52346317969932e-07,0.000852346317969932
2018-12-21,22.999693294401865,72.60115569230976,1.7131458207586547e-06,0.0017131458207586547
2018-12-22,22.999693294401865,72.60115569230976,8.583068797918258e-07,0.0008583068797918258
2018-12-23,22.999693294401865,72.60115569230976,8.523463748133508e-07,0.0008523463748133508
2018-12-24,22.999693294401865,72.60115569230976,8.52346317969932e-07,0.000852346317969932
2018-12-25,22.999693294401865,72.60115569230976,8.553266184208042e-07,0.0008553266184208042
2018-12-26,22.999693294401865,72.60115569230976,4.261732087229575e-07,0.0004261732087229575
2018-12-27,22.999693294401865,72.60115569230976,8.463858875984442e-07,0.0008463858875984442
2018-12-28,22.999693294401865,72.60115569230976,2.574955942691304e-06,0.002574955942691304
2018-12-29,22.999693294401865,72.60115569230976,2.14835205269992e-06,0.00214835205269992
2018-12-30,22.999693294401865,72.60115569230976,1.7241968066628033e-06,0.0017241968066628033
2018-12-31,22.999693294401865,72.60115569230976,1.7206703546435165e-06,0.0017206703546435165
2019-01-01,22.999693294401865,72.60115569230976,0.0,0.0
2019-01-02,22.999693294401865,72.60115569230976,8.52346317969932e-07,0.000852346317969932
2019-01-03,22.999693294401865,72.60115569230976,0.0,0.0
2019-01-04,22.999693294401865,72.60115569230976,8.52346317969932e-07,0.000852346317969932
2019-01-05,22.999693294401865,72.60115569230976,0.0,0.0
2019-01-06,22.999693294401865,72.60115569230976,1.716613724056515e-06,0.001716613724056515
2019-01-07,22.999693294401865,72.60115569230976,2.5765862687876506e-06,0.0025765862687876506
2019-01-08,22.999693294401865,72.60115569230976,8.52346317969932e-07,0.000852346317969932
2019-01-09,22.999693294401865,72.60115569230976,4.2319288695580326e-07,0.00042319288695580326
2019-01-10,22.999693294401865,72.60115569230976,1.3094172572891694e-06,0.0013094172572891694
2019-01-11,22.999693294401865,72.60115569230976,2.1522338897739246e-06,0.0021522338897739246
2019-01-12,22.999693294401865,72.60115569230976,0.0,0.0
2019-01-13,22.999693294401865,72.60115569230976,8.583068797918258e-07,0.0008583068797918258
2019-01-14,22.999693294401865,72.60115569230976,1.293269178859191e-06,0.001293269178859191
2019-01-15,22.999693294401865,72.60115569230976,0.0,0.0
2019-01-16,22.999693294401865,72.60115569230976,8.583068620282575e-07,0.0008583068620282575
2019-01-17,22.999693294401865,72.60115569230976,4.2319288695580326e-07,0.00042319288695580326
2019-01-18,22.999693294401865,72.60115569230976,2.574336008365208e-06,0.002574336008365208
2019-01-19,22.999693294401865,72.60115569230976,8.52346317969932e-07,0.000852346317969932
2019-01-20,22.999693294401865,72.60115569230976,8.52346317969932e-07,0.000852346317969932
2019-01-21,22.999693294401865,72.60115569230976,1.7046927496267017e-06,0.0017046927496267017
2019-01-22,22.999693294401865,72.60115569230976,0.0,0.0
2019-01-23,22.999693294401865,72.60115569230976,1.293420723413874e-06,0.001293420723413874
2019-01-24,22.999693294401865,72.60115569230976,2.5789189521674416e-06,0.0025789189521674416
2019-01-25,22.999693294401865,72.60115569230976,1.713068115805072e-06,0.001713068115805072
2019-01-26,22.999693294401865,72.60115569230976,1.2884055422546226e-06,0.0012884055422546226
2019-01-27,22.999693294401865,72.60115569230976,8.523463748133508e-07,0.0008523463748133508
2019-01-28,22.999693294401865,72.60115569230976,4.4191051529196557e-07,0.00044191051529196557
2019-01-29,22.999693294401865,72.60115569230976,1.6811059708743414e-06,0.0016811059708743414
2019-01-30,22.999693294401865,72.60115569230976,0.0,0.0
2019-01-31,22.999693294401865,72.60115569230976,0.0,0.0
2019-02-01,22.999693294401865,72.60115569230976,2.5868415605145856e-06,0.0025868415605145856
2019-02-02,22.999693294401865,72.60115569230976,0.0,0.0
2019-02-03,22.999693294401865,72.60115569230976,0.0,0.0
2019-02-04,22.999693294401865,72.60115569230976,1.714922575501987e-06,0.001714922575501987
2019-02-05,22.999693294401865,72.60115569230976,4.351138045421976e-07,0.0004351138045421976
2019-02-06,22.999693294401865,72.60115569230976,4.351138045421976e-07,0.0004351138045421976
2019-02-07,22.999693294401865,72.60115569230976,5.169004907656927e-06,0.005169004907656927
2019-02-08,22.999693294401865,72.60115569230976,2.1150274278625147e-06,0.0021150274278625147
2019-02-09,22.999693294401865,72.60115569230976,8.583068833445395e-07,0.0008583068833445395
2019-02-10,22.999693294401865,72.60115569230976,4.351138045421976e-07,0.0004351138045421976
2019-02-11,22.999693294401865,72.60115569230976,1.7195939108205494e-06,0.0017195939108205494
2019-02-12,22.999693294401865,72.60115569230976,8.52346317969932e-07,0.000852346317969932
2019-02-13,22.999693294401865,72.60115569230976,0.0,0.0
2019-02-14,22.999693294401865,72.60115569230976,8.553265615773853e-07,0.0008553265615773853
2019-02-15,22.999693294401865,72.60115569230976,8.52346317969932e-07,0.000852346317969932
2019-02-16,22.999693294401865,72.60115569230976,4.351138045421976e-07,0.0004351138045421976
2019-02-17,22.999693294401865,72.60115569230976,0.0,0.0
2019-02-18,22.999693294401865,72.60115569230976,8.52346317969932e-07,0.000852346317969932
2019-02-19,22.999693294401865,72.60115569230976,1.7046928064701206e-06,0.0017046928064701206
2019-02-20,22.999693294401865,72.60115569230976,1.7225742112714215e-06,0.0017225742112714215
2019-02-21,22.999693294401865,72.60115569230976,1.6961233200163406e-06,0.0016961233200163406
2019-02-22,22.999693294401865,72.60115569230976,1.7228238675670582e-06,0.0017228238675670582
2019-02-23,22.999693294401865,72.60115569230976,3.0017681638128124e-06,0.0030017681638128124
2019-02-24,22.999693294401865,72.60115569230976,1.7105289771279786e-06,0.0017105289771279786
2019-02-25,22.999693294401865,72.60115569230976,8.52346317969932e-07,0.000852346317969932
2019-02-26,22.999693294401865,72.60115569230976,2.9884081300224352e-05,0.029884081300224352
2019-02-27,22.999693294401865,72.60115569230976,8.536081850252231e-07,0.0008536081850252231
2019-02-28,22.999693294401865,72.60115569230976,4.351138613856165e-07,0.0004351138613856165
2019-03-01,22.999693294401865,72.60115569230976,0.0,0.0
2019-03-02,22.999693294401865,72.60115569230976,4.351138045421976e-07,0.0004351138045421976
2019-03-03,22.999693294401865,72.60115569230976,0.0001388639211654663,0.1388639211654663
2019-03-04,22.999693294401865,72.60115569230976,1.7046927496267017e-06,0.0017046927496267017
2019-03-05,22.999693294401865,72.60115569230976,0.0,0.0
2019-03-06,22.999693294401865,72.60115569230976,4.384993417261285e-07,0.0004384993417261285
2019-03-07,22.999693294401865,72.60115569230976,0.0,0.0
2019-03-08,22.999693294401865,72.60115569230976,8.52346317969932e-07,0.000852346317969932
2019-03-09,22.999693294401865,72.60115569230976,1.7195939108205494e-06,0.0017195939108205494
2019-03-10,22.999693294401865,72.60115569230976,2.138374497917539e-06,0.002138374497917539
2019-03-11,22.999693294401865,72.60115569230976,3.0339183467731345e-06,0.0030339183467731345
2019-03-12,22.999693294401865,72.60115569230976,4.185351585306307e-07,0.0004185351585306307
2019-03-13,22.999693294401865,72.60115569230976,8.074939250946045e-05,0.08074939250946045
2019-03-14,22.999693294401865,72.60115569230976,1.2806197560166765e-06,0.0012806197560166765
2019-03-15,22.999693294401865,72.60115569230976,2.5888119239425578e-06,0.0025888119239425578
2019-03-16,22.999693294401865,72.60115569230976,1.7106532936850272e-06,0.0017106532936850272
2019-03-17,22.999693294401865,72.60115569230976,1.78813479578821e-08,1.78813479578821e-05
2019-03-18,22.999693294401865,72.60115569230976,1.7046928064701206e-06,0.0017046928064701206
2019-03-19,22.999693294401865,72.60115569230976,1.2874602930423862e-06,0.0012874602930423862
2019-03-20,22.999693294401865,72.60115569230976,1.7145424635600648e-06,0.0017145424635600648
2019-03-21,22.999693294401865,72.60115569230976,1.826549578254344e-09,1.826549578254344e-06
2019-03-22,22.999693294401865,72.60115569230976,1.7210263081324229e-06,0.0017210263081324229
2019-03-23,22.999693294401865,72.60115569230976,3.4567801776574925e-06,0.0034567801776574925
2019-03-24,22.999693294401865,72.60115569230976,-1.6322701412718743e-08,-1.6322701412718743e-05
2019-03-25,22.999693294401865,72.60115569230976,0.0,0.0
2019-03-26,22.999693294401865,72.60115569230976,0.0,0.0
2019-03-27,22.999693294401865,72.60115569230976,1.2814997489840607e-06,0.0012814997489840607
2019-03-28,22.999693294401865,72.60115569230976,0.0,0.0
2019-03-29,22.999693294401865,72.60115569230976,2.151657099602744e-06,0.002151657099602744
2019-03-30,22.999693294401865,72.60115569230976,8.318719437738764e-07,0.0008318719437738764
2019-03-31,22.999693294401865,72.60115569230976,0.0,0.0
2019-04-01,22.999693294401865,72.60115569230976,1.7254541830880044e-06,0.0017254541830880044
2019-04-02,22.999693294401865,72.60115569230976,1.7111132706304488e-06,0.0017111132706304488
2019-04-03,22.999693294401865,72.60115569230976,8.52346317969932e-07,0.000852346317969932
2019-04-04,22.999693294401865,72.60115569230976,8.523463748133508e-07,0.0008523463748133508
2019-04-05,22.999693294401865,72.60115569230976,1.7225215174221375e-06,0.0017225215174221375
2019-04-06,22.999693294401865,72.60115569230976,1.7219060737261316e-06,0.0017219060737261316
2019-04-07,22.999693294401865,72.60115569230976,-1.0313385701010702e-08,-1.0313385701010702e-05
2019-04-08,22.999693294401865,72.60115569230976,1.7257762578992697e-06,0.0017257762578992697
2019-04-09,22.999693294401865,72.60115569230976,1.7175289208637423e-06,0.0017175289208637423
2019-04-10,22.999693294401865,72.60115569230976,8.52346317969932e-07,0.000852346317969932
2019-04-11,22.999693294401865,72.60115569230976,1.727187509459327e-06,0.001727187509459327
2019-04-12,22.999693294401865,72.60115569230976,4.9450993536481747e-05,0.04945099353648175
2019-04-13,22.999693294401865,72.60115569230976,4.351138045421976e-07,0.0004351138045421976
2019-04-14,22.999693294401865,72.60115569230976,8.523463748133508e-07,0.0008523463748133508
2019-04-15,22.999693294401865,72.60115569230976,0.00024172663688659668,0.24172663688659668
2019-04-16,22.999693294401865,72.60115569230976,0.001174990623155736,1.174990623155736
2019-04-17,22.999693294401865,72.60115569230976,1.0609625746837992e-06,0.0010609625746837992
2019-04-18,22.999693294401865,72.60115569230976,1.7058546859516355e-06,0.0017058546859516355
2019-04-19,22.999693294401865,72.60115569230976,3.007982343206095e-06,0.003007982343206095
2019-04-20,22.999693294401865,72.60115569230976,-1.417674866388552e-10,-1.417674866388552e-07
2019-04-21,22.999693294401865,72.60115569230976,1.7195939108205494e-06,0.0017195939108205494
2019-04-22,22.999693294401865,72.60115569230976,8.523463748133508e-07,0.0008523463748133508
2019-04-23,22.999693294401865,72.60115569230976,8.52346317969932e-07,0.000852346317969932
2019-04-24,22.999693294401865,72.60115569230976,0.0,0.0
2019-04-25,22.999693294401865,72.60115569230976,8.583068797918258e-07,0.0008583068797918258
2019-04-26,22.999693294401865,72.60115569230976,0.0,0.0
2019-04-27,22.999693294401865,72.60115569230976,0.0,0.0
2019-04-28,22.999693294401865,72.60115569230976,1.724528942759207e-06,0.001724528942759207
2019-04-29,22.999693294401865,72.60115569230976,2.566827106420533e-06,0.002566827106420533
2019-04-30,22.999693294401865,72.60115569230976,1.707630531200266e-06,0.001707630531200266
2019-05-01,22.999693294401865,72.60115569230976,8.52346317969932e-07,0.000852346317969932
2019-05-02,22.999693294401865,72.60115569230976,1.7106532936850272e-06,0.0017106532936850272
2019-05-03,22.999693294401865,72.60115569230976,1.2994059943594038e-06,0.0012994059943594038
2019-05-04,22.999693294401865,72.60115569230976,1.9270181553565635e-05,0.019270181553565635
2019-05-05,22.999693294401865,72.60115569230976,1.4901161193847656e-08,1.4901161193847656e-05
2019-05-06,22.999693294401865,72.60115569230976,8.523463748133508e-07,0.0008523463748133508
2019-05-07,22.999693294401865,72.60115569230976,0.0,0.0
2019-05-08,22.999693294401865,72.60115569230976,8.52346317969932e-07,0.000852346317969932
2019-05-09,22.999693294401865,72.60115569230976,8.583068797918258e-07,0.0008583068797918258
2019-05-10,22.999693294401865,72.60115569230976,3.424795579576312e-06,0.003424795579576312
2019-05-11,22.999693294401865,72.60115569230976,0.0,0.0
2019-05-12,22.999693294401865,72.60115569230976,4.351138045421976e-07,0.0004351138045421976
2019-05-13,22.999693294401865,72.60115569230976,8.52346317969932e-07,0.000852346317969932
2019-05-14,22.999693294401865,72.60115569230976,8.583068833445395e-07,0.0008583068833445395
2019-05-15,22.999693294401865,72.60115569230976,1.72257422903499e-06,0.00172257422903499
2019-05-16,22.999693294401865,72.60115569230976,1.0609625746837992e-06,0.0010609625746837992
2019-05-17,22.999693294401865,72.60115569230976,0.0006811022758483887,0.6811022758483887
2019-05-18,22.999693294401865,72.60115569230976,3.743171646419796e-06,0.003743171646419796
2019-05-19,22.999693294401865,72.60115569230976,8.553445240977453e-07,0.0008553445240977453
2019-05-20,22.999693294401865,72.60115569230976,1.7250449104722065e-06,0.0017250449104722065
2019-05-21,22.999693294401865,72.60115569230976,1.287459287624415e-06,0.001287459287624415
2019-05-22,22.999693294401865,72.60115569230976,8.583068797918258e-07,0.0008583068797918258
2019-05-23,22.999693294401865,72.60115569230976,1.7305233654951735e-06,0.0017305233654951735
2019-05-24,22.999693294401865,72.60115569230976,0.0,0.0
2019-05-25,22.999693294401865,72.60115569230976,4.46089014616291e-07,0.000446089014616291
2019-05-26,22.999693294401865,72.60115569230976,1.7212094576279924e-06,0.0017212094576279924
2019-05-27,22.999693294401865,72.60115569230976,-5.1022652769461274e-09,-5.102265276946127e-06
2019-05-28,22.999693294401865,72.60115569230976,2.139806667855737e-06,0.002139806667855737
2019-05-29,22.999693294401865,72.60115569230976,2.1398067815425748e-06,0.0021398067815425748
2019-05-30,22.999693294401865,72.60115569230976,1.2796497799172357e-06,0.0012796497799172357
2019-05-31,22.999693294401865,72.60115569230976,2.157688129500457e-06,0.002157688129500457
2019-06-01,22.999693294401865,72.60115569230976,1.293420723413874e-06,0.001293420723413874
2019-06-02,22.999693294401865,72.60115569230976,-5.960430371487746e-09,-5.960430371487746e-06
2019-06-03,22.999693294401865,72.60115569230976,4.261732051702438e-07,0.0004261732051702438
2019-06-04,22.999693294401865,72.60115569230976,0.0,0.0
2019-06-05,22.999693294401865,72.60115569230976,0.0,0.0
2019-06-06,22.999693294401865,72.60115569230976,1.7113877675001277e-06,0.0017113877675001277
2019-06-07,22.999693294401865,72.60115569230976,8.41734504319902e-07,0.000841734504319902
2019-06-08,22.999693294401865,72.60115569230976,0.0,0.0
2019-06-09,22.999693294401865,72.60115569230976,8.583068797918258e-07,0.0008583068797918258
2019-06-10,22.999693294401865,72.60115569230976,9.119509627453226e-07,0.0009119509627453226
2019-06-11,22.999693294401865,72.60115569230976,1.7442160356040404e-06,0.0017442160356040404
2019-06-12,22.999693294401865,72.60115569230976,0.006812850448078223,6.812850448078223
2019-06-13,22.999693294401865,72.60115569230976,2.1532177925109863e-05,0.021532177925109863
2019-06-14,22.999693294401865,72.60115569230976,0.0009792327879836193,0.9792327879836193
2019-06-15,22.999693294401865,72.60115569230976,0.0005910843611331984,0.5910843611331984
2019-06-16,22.999693294401865,72.60115569230976,0.0008879393339142894,0.8879393339142894
2019-06-17,22.999693294401865,72.60115569230976,0.0007031080464798833,0.7031080464798833
2019-06-18,22.999693294401865,72.60115569230976,0.009283974635309278,9.283974635309278
2019-06-19,22.999693294401865,72.60115569230976,5.1873922302547726e-05,0.051873922302547726
2019-06-20,22.999693294401865,72.60115569230976,2.5689600988698658e-06,0.0025689600988698658
2019-06-21,22.999693294401865,72.60115569230976,1.5980005173332756e-05,0.015980005173332756
2019-06-22,22.999693294401865,72.60115569230976,0.0011880993843078613,1.1880993843078613
2019-06-23,22.999693294401865,72.60115569230976,0.0002455105062040275,0.24551050620402748
2019-06-24,22.999693294401865,72.60115569230976,0.007616551990849985,7.616551990849985
2019-06-25,22.999693294401865,72.60115569230976,0.013635587692249374,13.635587692249374
2019-06-26,22.999693294401865,72.60115569230976,0.01565687358379364,15.65687358379364
2019-06-27,22.999693294401865,72.60115569230976,0.0027167797088623047,2.7167797088623047
2019-06-28,22.999693294401865,72.60115569230976,0.0009759008884380194,0.9759008884380194
2019-06-29,22.999693294401865,72.60115569230976,0.00048170263983138284,0.48170263983138284
2019-06-30,22.999693294401865,72.60115569230976,0.00048756619480627705,0.48756619480627705
2019-07-01,22.999693294401865,72.60115569230976,0.00010085403914672497,0.10085403914672497
2019-07-02,22.999693294401865,72.60115569230976,0.005530908703804016,5.530908703804016
2019-07-03,22.999693294401865,72.60115569230976,0.010722100734710693,10.722100734710693
2019-07-04,22.999693294401865,72.60115569230976,0.009991466999053955,9.991466999053955
2019-07-05,22.999693294401865,72.60115569230976,0.005640307068802031,5.640307068802031
2019-07-06,22.999693294401865,72.60115569230976,0.004375355577053597,4.375355577053597
2019-07-07,22.999693294401865,72.60115569230976,0.00028436183919211544,0.28436183919211544
2019-07-08,22.999693294401865,72.60115569230976,0.0002415180206298828,0.2415180206298828
2019-07-09,22.999693294401865,72.60115569230976,0.0005448997020671698,0.5448997020671698
2019-07-10,22.999693294401865,72.60115569230976,0.00018005526050046683,0.18005526050046683
2019-07-11,22.999693294401865,72.60115569230976,0.00034766136570851813,0.34766136570851813
2019-07-12,22.999693294401865,72.60115569230976,0.00017006993283530392,0.17006993283530392
2019-07-13,22.999693294401865,72.60115569230976,0.00035500526428222656,0.35500526428222656
2019-07-14,22.999693294401865,72.60115569230976,0.0003463864326427313,0.3463864326427313
2019-07-15,22.999693294401865,72.60115569230976,0.000213623046875,0.213623046875
2019-07-16,22.999693294401865,72.60115569230976,0.00038540065287406833,0.38540065287406833
2019-07-17,22.999693294401865,72.60115569230976,0.0002952424848103874,0.2952424848103874
2019-07-18,22.999693294401865,72.60115569230976,2.562999725341797e-05,0.02562999725341797
2019-07-19,22.999693294401865,72.60115569230976,0.0002731025218167815,0.2731025218167815
2019-07-20,22.999693294401865,72.60115569230976,0.0020425349472930066,2.0425349472930066
2019-07-21,22.999693294401865,72.60115569230976,0.011447441577900008,11.447441577900008
2019-07-22,22.999693294401865,72.60115569230976,0.0035805344581554266,3.5805344581554266
2019-07-23,22.999693294401865,72.60115569230976,0.001156109571354591,1.156109571354591
2019-07-24,22.999693294401865,72.60115569230976,0.0005843284949627048,0.5843284949627048
2019-07-25,22.999693294401865,72.60115569230976,0.001671516895271452,1.671516895271452
2019-07-26,22.999693294401865,72.60115569230976,0.0020561516284942627,2.0561516284942627
2019-07-27,22.999693294401865,72.60115569230976,0.001979901356037317,1.9799013560373169
2019-07-28,22.999693294401865,72.60115569230976,0.004564300179481506,4.564300179481506
2019-07-29,22.999693294401865,72.60115569230976,0.014916592836357268,14.916592836357268
2019-07-30,22.999693294401865,72.60115569230976,0.016227352619068824,16.227352619068824
2019-07-31,22.999693294401865,72.60115569230976,0.010572646931564122,10.572646931564122
2019-08-01,22.999693294401865,72.60115569230976,0.036039152892442416,36.03915289244242
2019-08-02,22.999693294401865,72.60115569230976,0.021970504522318635,21.970504522318635
2019-08-03,22.999693294401865,72.60115569230976,0.035128891468048096,35.128891468048096
2019-08-04,22.999693294401865,72.60115569230976,0.006857812404632568,6.857812404632568
2019-08-05,22.999693294401865,72.60115569230976,0.001372182369227204,1.372182369227204
2019-08-06,22.999693294401865,72.60115569230976,0.0018710196018218994,1.8710196018218994
2019-08-07,22.999693294401865,72.60115569230976,0.004430808816209719,4.430808816209719
2019-08-08,22.999693294401865,72.60115569230976,0.010927522182459626,10.927522182459626
2019-08-09,22.999693294401865,72.60115569230976,0.29707636833188644,297.07636833188644
2019-08-10,22.999693294401865,72.60115569230976,0.08296743274814844,82.96743274814844
2019-08-11,22.999693294401865,72.60115569230976,0.0021207604555684156,2.1207604555684156
2019-08-12,22.999693294401865,72.60115569230976,0.0005441993474910589,0.5441993474910589
2019-08-13,22.999693294401865,72.60115569230976,0.0003476023672988049,0.3476023672988049
2019-08-14,22.999693294401865,72.60115569230976,0.013887763023376465,13.887763023376465
2019-08-15,22.999693294401865,72.60115569230976,0.01333455741405487,13.33455741405487
2019-08-16,22.999693294401865,72.60115569230976,0.012590253353113923,12.590253353113923
2019-08-17,22.999693294401865,72.60115569230976,0.0011285245418548584,1.1285245418548584
2019-08-18,22.999693294401865,72.60115569230976,0.0011444687843322754,1.1444687843322754
2019-08-19,22.999693294401865,72.60115569230976,0.00042276084423065186,0.42276084423065186
2019-08-20,22.999693294401865,72.60115569230976,0.0007972225066197325,0.7972225066197325
2019-08-21,22.999693294401865,72.60115569230976,0.0008580489189142781,0.8580489189142781
2019-08-22,22.999693294401865,72.60115569230976,0.00042706727981567383,0.42706727981567383
2019-08-23,22.999693294401865,72.60115569230976,0.0006592347381229047,0.6592347381229047
2019-08-24,22.999693294401865,72.60115569230976,0.0005311117412425403,0.5311117412425403
2019-08-25,22.999693294401865,72.60115569230976,0.0027712473179803965,2.7712473179803965
2019-08-26,22.999693294401865,72.60115569230976,0.006830650567906105,6.830650567906105
2019-08-27,22.999693294401865,72.60115569230976,0.006227013720604191,6.227013720604191
2019-08-28,22.999693294401865,72.60115569230976,0.0074169924881175575,7.4169924881175575
2019-08-29,22.999693294401865,72.60115569230976,0.0009762962871491254,0.9762962871491254
2019-08-30,22.999693294401865,72.60115569230976,0.008382420095927046,8.382420095927046
2019-08-31,22.999693294401865,72.60115569230976,0.0028468774227121685,2.8468774227121685
2019-09-01,22.999693294401865,72.60115569230976,0.01450653672208091,14.50653672208091
2019-09-02,22.999693294401865,72.60115569230976,0.0009676098823092616,0.9676098823092616
2019-09-03,22.999693294401865,72.60115569230976,0.012175798416137695,12.175798416137695
2019-09-04,22.999693294401865,72.60115569230976,0.014700570702547822,14.700570702547822
2019-09-05,22.999693294401865,72.60115569230976,0.00834726691243759,8.34726691243759
2019-09-06,22.999693294401865,72.60115569230976,0.014523370241136035,14.523370241136035
2019-09-07,22.999693294401865,72.60115569230976,0.005323871970176697,5.323871970176697
2019-09-08,22.999693294401865,72.60115569230976,0.004774504899973664,4.774504899973664
2019-09-09,22.999693294401865,72.60115569230976,0.022527694702148438,22.527694702148438
2019-09-10,22.999693294401865,72.60115569230976,0.028615543246264252,28.615543246264252
2019-09-11,22.999693294401865,72.60115569230976,0.00714382529258728,7.14382529258728
2019-09-12,22.999693294401865,72.60115569230976,0.0010688483714034192,1.0688483714034192
2019-09-13,22.999693294401865,72.60115569230976,0.00820322334766388,8.20322334766388
2019-09-14,22.999693294401865,72.60115569230976,0.00028708875169058956,0.28708875169058956
2019-09-15,22.999693294401865,72.60115569230976,0.0003955066204071045,0.3955066204071045
2019-09-16,22.999693294401865,72.60115569230976,0.0003839433193206787,0.3839433193206787
2019-09-17,22.999693294401865,72.60115569230976,0.00023013693959228476,0.23013693959228476
2019-09-18,22.999693294401865,72.60115569230976,0.0022240668535218333,2.2240668535218333
2019-09-19,22.999693294401865,72.60115569230976,5.218386650085449e-05,0.05218386650085449
2019-09-20,22.999693294401865,72.60115569230976,0.006898763775723182,6.898763775723182
2019-09-21,22.999693294401865,72.60115569230976,0.007491007447242737,7.491007447242737
2019-09-22,22.999693294401865,72.60115569230976,0.006432488560676575,6.432488560676575
2019-09-23,22.999693294401865,72.60115569230976,0.005641612790952877,5.641612790952877
2019-09-24,22.999693294401865,72.60115569230976,0.00220144689082602,2.20144689082602
2019-09-25,22.999693294401865,72.60115569230976,0.002595442533390724,2.595442533390724
2019-09-26,22.999693294401865,72.60115569230976,0.013986200094279866,13.986200094279866
2019-09-27,22.999693294401865,72.60115569230976,0.03567193746562225,35.67193746562225
2019-09-28,22.999693294401865,72.60115569230976,0.025316890658434232,25.316890658434232
2019-09-29,22.999693294401865,72.60115569230976,0.010039418935775757,10.039418935775757
2019-09-30,22.999693294401865,72.60115569230976,0.048814281821250916,48.814281821250916
2019-10-01,22.999693294401865,72.60115569230976,0.005594545988572008,5.594545988572008
2019-10-02,22.999693294401865,72.60115569230976,0.002824657711244072,2.824657711244072
2019-10-03,22.999693294401865,72.60115569230976,0.0006261944770358241,0.6261944770358241
2019-10-04,22.999693294401865,72.60115569230976,0.001152634620666504,1.152634620666504
2019-10-05,22.999693294401865,72.60115569230976,0.0013644598739119829,1.3644598739119829
2019-10-06,22.999693294401865,72.60115569230976,0.00017388463010092892,0.17388463010092892
2019-10-07,22.999693294401865,72.60115569230976,0.0011713206768035889,1.1713206768035889
2019-10-08,22.999693294401865,72.60115569230976,0.000608035922049055,0.608035922049055
2019-10-09,22.999693294401865,72.60115569230976,0.0005239309484750265,0.5239309484750265
2019-10-10,22.999693294401865,72.60115569230976,0.00045478940000975854,0.45478940000975854
2019-10-11,22.999693294401865,72.60115569230976,2.5600194817343436e-06,0.0025600194817343436
2019-10-12,22.999693294401865,72.60115569230976,1.7127204614553193e-06,0.0017127204614553193
2019-10-13,22.999693294401865,72.60115569230976,-3.579600615921663e-09,-3.579600615921663e-06
2019-10-14,22.999693294401865,72.60115569230976,4.261732087229575e-07,0.0004261732087229575
2019-10-15,22.999693294401865,72.60115569230976,-7.363574638930004e-09,-7.363574638930004e-06
2019-10-16,22.999693294401865,72.60115569230976,8.583068797918258e-07,0.0008583068797918258
2019-10-17,22.999693294401865,72.60115569230976,1.7240497527382104e-06,0.0017240497527382104
2019-10-18,22.999693294401865,72.60115569230976,4.187011199974222e-07,0.0004187011199974222
2019-10-19,22.999693294401865,72.60115569230976,8.583068797918258e-07,0.0008583068797918258
2019-10-20,22.999693294401865,72.60115569230976,0.0003463208674929774,0.3463208674929774
2019-10-21,22.999693294401865,72.60115569230976,1.290440559387207e-05,0.01290440559387207
2019-10-22,22.999693294401865,72.60115569230976,3.9659570404637634e-05,0.039659570404637634
2019-10-23,22.999693294401865,72.60115569230976,8.545907235202321e-07,0.0008545907235202321
2019-10-24,22.999693294401865,72.60115569230976,0.0,0.0
2019-10-25,22.999693294401865,72.60115569230976,2.5749205860847724e-06,0.0025749205860847724
2019-10-26,22.999693294401865,72.60115569230976,1.6435980796813965e-05,0.016435980796813965
2019-10-27,22.999693294401865,72.60115569230976,0.0008042752742767334,0.8042752742767334
2019-10-28,22.999693294401865,72.60115569230976,0.0012911170720144582,1.2911170720144582
2019-10-29,22.999693294401865,72.60115569230976,0.009872251749033722,9.872251749033722
2019-10-30,22.999693294401865,72.60115569230976,0.008126366239423533,8.126366239423533
2019-10-31,22.999693294401865,72.60115569230976,0.000336378812789917,0.336378812789917
2019-11-01,22.999693294401865,72.60115569230976,0.0011340260504653088,1.1340260504653088
2019-11-02,22.999693294401865,72.60115569230976,0.012525320053100586,12.525320053100586
2019-11-03,22.999693294401865,72.60115569230976,4.425644874572754e-06,0.004425644874572754
2019-11-04,22.999693294401865,72.60115569230976,0.00017723739136954464,0.17723739136954464
2019-11-05,22.999693294401865,72.60115569230976,9.324848650749118e-05,0.09324848650749118
2019-11-06,22.999693294401865,72.60115569230976,0.0003491342067718506,0.3491342067718506
2019-11-07,22.999693294401865,72.60115569230976,0.008717179298400879,8.717179298400879
2019-11-08,22.999693294401865,72.60115569230976,0.00034448802460929073,0.34448802460929073
2019-11-09,22.999693294401865,72.60115569230976,0.0005988508462451136,0.5988508462451136
2019-11-10,22.999693294401865,72.60115569230976,0.0007618695496489636,0.7618695496489636
2019-11-11,22.999693294401865,72.60115569230976,0.00011942684655608105,0.11942684655608105
2019-11-12,22.999693294401865,72.60115569230976,4.351138613856165e-07,0.0004351138613856165
2019-11-13,22.999693294401865,72.60115569230976,5.960464477539062e-07,0.0005960464477539062
2019-11-14,22.999693294401865,72.60115569230976,1.7106531231547706e-06,0.0017106531231547706
2019-11-15,22.999693294401865,72.60115569230976,0.0,0.0
2019-11-16,22.999693294401865,72.60115569230976,8.52346317969932e-07,0.000852346317969932
2019-11-17,22.999693294401865,72.60115569230976,8.52346317969932e-07,0.000852346317969932
2019-11-18,22.999693294401865,72.60115569230976,0.0,0.0
2019-11-19,22.999693294401865,72.60115569230976,0.0,0.0
2019-11-20,22.999693294401865,72.60115569230976,0.0,0.0
2019-11-21,22.999693294401865,72.60115569230976,1.2814998058274796e-06,0.0012814998058274796
2019-11-22,22.999693294401865,72.60115569230976,1.2958482216163247e-06,0.0012958482216163247
2019-11-23,22.999693294401865,72.60115569230976,1.2814998058274796e-06,0.0012814998058274796
2019-11-24,22.999693294401865,72.60115569230976,8.594906262260338e-07,0.0008594906262260338
2019-11-25,22.999693294401865,72.60115569230976,8.409547831433883e-07,0.0008409547831433883
2019-11-26,22.999693294401865,72.60115569230976,0.0,0.0
2019-11-27,22.999693294401865,72.60115569230976,4.240256629373107e-05,0.04240256629373107
2019-11-28,22.999693294401865,72.60115569230976,0.00014451444076257758,0.14451444076257758
2019-11-29,22.999693294401865,72.60115569230976,8.52346317969932e-07,0.000852346317969932
2019-11-30,22.999693294401865,72.60115569230976,2.390146255493164e-05,0.02390146255493164
2019-12-01,22.999693294401865,72.60115569230976,3.7074088368171942e-06,0.0037074088368171942
2019-12-02,22.999693294401865,72.60115569230976,1.1998414947811398e-05,0.011998414947811398
2019-12-03,22.999693294401865,72.60115569230976,4.580616860039299e-06,0.004580616860039299
2019-12-04,22.999693294401865,72.60115569230976,7.629394588093419e-06,0.007629394588093419
2019-12-05,22.999693294401865,72.60115569230976,0.0,0.0
2019-12-06,22.999693294401865,72.60115569230976,1.2814998626708984e-06,0.0012814998626708984
2019-12-07,22.999693294401865,72.60115569230976,0.0,0.0
2019-12-08,22.999693294401865,72.60115569230976,0.0,0.0
2019-12-09,22.999693294401865,72.60115569230976,8.52346317969932e-07,0.000852346317969932
2019-12-10,22.999693294401865,72.60115569230976,0.0,0.0
2019-12-11,22.999693294401865,72.60115569230976,1.7106257814702985e-06,0.0017106257814702985
2019-12-12,22.999693294401865,72.60115569230976,7.241964290471969e-07,0.0007241964290471969
2019-12-13,22.999693294401865,72.60115569230976,1.8039345718534605e-05,0.018039345718534605
2019-12-14,22.999693294401865,72.60115569230976,1.2874602361989673e-06,0.0012874602361989673
2019-12-15,22.999693294401865,72.60115569230976,1.7136334236056427e-06,0.0017136334236056427
2019-12-16,22.999693294401865,72.60115569230976,1.296401080708165e-06,0.001296401080708165
2019-12-17,22.999693294401865,72.60115569230976,1.2834959761676146e-06,0.0012834959761676146
2019-12-18,22.999693294401865,72.60115569230976,1.7283012105906437e-06,0.0017283012105906437
2019-12-19,22.999693294401865,72.60115569230976,0.0,0.0
2019-12-20,22.999693294401865,72.60115569230976,4.351138045421976e-07,0.0004351138045421976
2019-12-21,22.999693294401865,72.60115569230976,0.0,0.0
2019-12-22,22.999693294401865,72.60115569230976,8.52346317969932e-07,0.000852346317969932
2019-12-23,22.999693294401865,72.60115569230976,0.0,0.0
2019-12-24,22.999693294401865,72.60115569230976,2.086162567138672e-07,0.0002086162567138672
2019-12-25,22.999693294401865,72.60115569230976,1.2805010669580952e-06,0.0012805010669580952
2019-12-26,22.999693294401865,72.60115569230976,0.0,0.0
2019-12-27,22.999693294401865,72.60115569230976,4.351138045421976e-07,0.0004351138045421976
2019-12-28,22.999693294401865,72.60115569230976,8.52346317969932e-07,0.000852346317969932
2019-12-29,22.999693294401865,72.60115569230976,2.1457670982272248e-06,0.0021457670982272248
2019-12-30,22.999693294401865,72.60115569230976,8.623936196272552e-07,0.0008623936196272552
2019-12-31,22.999693294401865,72.60115569230976,8.52346317969932e-07,0.000852346317969932
2020-01-01,22.999693294401865,72.60115569230976,2.1457671550706436e-06,0.0021457671550706436
2020-01-02,22.999693294401865,72.60115569230976,1.4078616970891744e-05,0.014078616970891744
2020-01-03,22.999693294401865,72.60115569230976,1.7046927496267017e-06,0.0017046927496267017
2020-01-04,22.999693294401865,72.60115569230976,2.5784656827454455e-06,0.0025784656827454455
2020-01-05,22.999693294401865,72.60115569230976,1.721938531318301e-06,0.001721938531318301
2020-01-06,22.999693294401865,72.60115569230976,8.52346317969932e-07,0.000852346317969932
2020-01-07,22.999693294401865,72.60115569230976,0.00012074410915374756,0.12074410915374756
2020-01-08,22.999693294401865,72.60115569230976,0.0,0.0
2020-01-09,22.999693294401865,72.60115569230976,4.4107436991680515e-07,0.00044107436991680515
2020-01-10,22.999693294401865,72.60115569230976,0.0,0.0
2020-01-11,22.999693294401865,72.60115569230976,0.0,0.0
2020-01-12,22.999693294401865,72.60115569230976,0.0,0.0
2020-01-13,22.999693294401865,72.60115569230976,0.0004395157097860647,0.4395157097860647
2020-01-14,22.999693294401865,72.60115569230976,0.0,0.0
2020-01-15,22.999693294401865,72.60115569230976,8.52346317969932e-07,0.000852346317969932
2020-01-16,22.999693294401865,72.60115569230976,1.7143987065537658e-06,0.0017143987065537658
2020-01-17,22.999693294401865,72.60115569230976,8.405303901781735e-07,0.0008405303901781735
2020-01-18,22.999693294401865,72.60115569230976,2.153175387320516e-06,0.002153175387320516
2020-01-19,22.999693294401865,72.60115569230976,8.52346317969932e-07,0.000852346317969932
2020-01-20,22.999693294401865,72.60115569230976,4.261732051702438e-07,0.0004261732051702438
2020-01-21,22.999693294401865,72.60115569230976,8.52346317969932e-07,0.000852346317969932
2020-01-22,22.999693294401865,72.60115569230976,2.1281070985423867e-06,0.0021281070985423867
2020-01-23,22.999693294401865,72.60115569230976,1.7225740975845838e-06,0.0017225740975845838
2020-01-24,22.999693294401865,72.60115569230976,0.0,0.0
2020-01-25,22.999693294401865,72.60115569230976,0.0,0.0
2020-01-26,22.999693294401865,72.60115569230976,3.4348916528870177e-06,0.0034348916528870177
2020-01-27,22.999693294401865,72.60115569230976,8.52346317969932e-07,0.000852346317969932
2020-01-28,22.999693294401865,72.60115569230976,1.92523009445722e-06,0.0019252300944572198
2020-01-29,22.999693294401865,72.60115569230976,2.568094714661129e-06,0.002568094714661129
2020-01-30,22.999693294401865,72.60115569230976,8.553258226129401e-07,0.0008553258226129401
2020-01-31,22.999693294401865,72.60115569230976,4.351138045421976e-07,0.0004351138045421976
2020-02-01,22.999693294401865,72.60115569230976,2.5678159545350354e-06,0.0025678159545350354
2020-02-02,22.999693294401865,72.60115569230976,4.5031464424027945e-07,0.00045031464424027945
2020-02-03,22.999693294401865,72.60115569230976,3.4302472613489954e-06,0.0034302472613489954
2020-02-04,22.999693294401865,72.60115569230976,2.9802436074533034e-09,2.9802436074533034e-06
2020-02-05,22.999693294401865,72.60115569230976,8.52346317969932e-07,0.000852346317969932
2020-02-06,22.999693294401865,72.60115569230976,1.3033928780714632e-06,0.0013033928780714632
2020-02-07,22.999693294401865,72.60115569230976,0.0,0.0
2020-02-08,22.999693294401865,72.60115569230976,8.52346317969932e-07,0.000852346317969932
2020-02-09,22.999693294401865,72.60115569230976,0.0,0.0
2020-02-10,22.999693294401865,72.60115569230976,0.0,0.0
2020-02-11,22.999693294401865,72.60115569230976,8.52346317969932e-07,0.000852346317969932
2020-02-12,22.999693294401865,72.60115569230976,1.269376809887035e-06,0.001269376809887035
2020-02-13,22.999693294401865,72.60115569230976,0.0,0.0
2020-02-14,22.999693294401865,72.60115569230976,2.5749205860847724e-06,0.0025749205860847724
2020-02-15,22.999693294401865,72.60115569230976,8.583068833445395e-07,0.0008583068833445395
2020-02-16,22.999693294401865,72.60115569230976,1.2868240446550772e-06,0.0012868240446550772
2020-02-17,22.999693294401865,72.60115569230976,8.52346317969932e-07,0.000852346317969932
2020-02-18,22.999693294401865,72.60115569230976,0.0,0.0
2020-02-19,22.999693294401865,72.60115569230976,1.7195939108205494e-06,0.0017195939108205494
2020-02-20,22.999693294401865,72.60115569230976,0.0,0.0
2020-02-21,22.999693294401865,72.60115569230976,8.523463748133508e-07,0.0008523463748133508
2020-02-22,22.999693294401865,72.60115569230976,8.52346317969932e-07,0.000852346317969932
2020-02-23,22.999693294401865,72.60115569230976,8.523463748133508e-07,0.0008523463748133508
2020-02-24,22.999693294401865,72.60115569230976,2.5717307039485604e-06,0.0025717307039485604
2020-02-25,22.999693294401865,72.60115569230976,8.553265615773853e-07,0.0008553265615773853
2020-02-26,22.999693294401865,72.60115569230976,8.553266184208042e-07,0.0008553266184208042
2020-02-27,22.999693294401865,72.60115569230976,0.0,0.0
2020-02-28,22.999693294401865,72.60115569230976,1.4781950881115336e-06,0.0014781950881115336
2020-02-29,22.999693294401865,72.60115569230976,8.649878395772248e-06,0.008649878395772248
2020-03-01,22.999693294401865,72.60115569230976,-1.1920974429813214e-08,-1.1920974429813214e-05
2020-03-02,22.999693294401865,72.60115569230976,8.52346317969932e-07,0.000852346317969932
2020-03-03,22.999693294401865,72.60115569230976,1.7237575775652658e-06,0.0017237575775652658
2020-03-04,22.999693294401865,72.60115569230976,0.0,0.0
2020-03-05,22.999693294401865,72.60115569230976,0.00011280179023742676,0.11280179023742676
2020-03-06,22.999693294401865,72.60115569230976,0.0001072227954814764,0.1072227954814764
2020-03-07,22.999693294401865,72.60115569230976,1.7046928064701206e-06,0.0017046928064701206
2020-03-08,22.999693294401865,72.60115569230976,1.7556599232193548e-06,0.0017556599232193548
2020-03-09,22.999693294401865,72.60115569230976,8.523463748133508e-07,0.0008523463748133508
2020-03-10,22.999693294401865,72.60115569230976,0.0,0.0
2020-03-11,22.999693294401865,72.60115569230976,1.2302398658903257e-05,0.012302398658903257
2020-03-12,22.999693294401865,72.60115569230976,1.788140480130096e-08,1.788140480130096e-05
2020-03-13,22.999693294401865,72.60115569230976,0.0,0.0
2020-03-14,22.999693294401865,72.60115569230976,1.7046928064701206e-06,0.0017046928064701206
2020-03-15,22.999693294401865,72.60115569230976,0.0,0.0
2020-03-16,22.999693294401865,72.60115569230976,0.0,0.0
2020-03-17,22.999693294401865,72.60115569230976,8.583068833445395e-07,0.0008583068833445395
2020-03-18,22.999693294401865,72.60115569230976,8.551529049327655e-07,0.0008551529049327655
2020-03-19,22.999693294401865,72.60115569230976,1.7225742112714215e-06,0.0017225742112714215
2020-03-20,22.999693294401865,72.60115569230976,8.464606366942462e-07,0.0008464606366942462
2020-03-21,22.999693294401865,72.60115569230976,1.715522500944644e-06,0.001715522500944644
2020-03-22,22.999693294401865,72.60115569230976,0.0,0.0
2020-03-23,22.999693294401865,72.60115569230976,0.0007116973399092785,0.7116973399092785
2020-03-24,22.999693294401865,72.60115569230976,7.748603820800781e-06,0.007748603820800781
2020-03-25,22.999693294401865,72.60115569230976,0.00032414495944976807,0.32414495944976807
2020-03-26,22.999693294401865,72.60115569230976,0.0035434365272521973,3.5434365272521973
2020-03-27,22.999693294401865,72.60115569230976,2.6673078536987305e-06,0.0026673078536987305
2020-03-28,22.999693294401865,72.60115569230976,8.553266184208042e-07,0.0008553266184208042
2020-03-29,22.999693294401865,72.60115569230976,8.672474791637796e-07,0.0008672474791637796
2020-03-30,22.999693294401865,72.60115569230976,0.0,0.0
2020-03-31,22.999693294401865,72.60115569230976,1.3004656125303882e-06,0.0013004656125303882
2020-04-01,22.999693294401865,72.60115569230976,0.0,0.0
2020-04-02,22.999693294401865,72.60115569230976,2.148747341834678e-06,0.002148747341834678
2020-04-03,22.999693294401865,72.60115569230976,8.53861422456248e-07,0.000853861422456248
2020-04-04,22.999693294401865,72.60115569230976,1.707440617337852e-06,0.001707440617337852
2020-04-05,22.999693294401865,72.60115569230976,8.52346317969932e-07,0.000852346317969932
2020-04-06,22.999693294401865,72.60115569230976,0.0,0.0
2020-04-07,22.999693294401865,72.60115569230976,8.52346317969932e-07,0.000852346317969932
2020-04-08,22.999693294401865,72.60115569230976,8.52346317969932e-07,0.000852346317969932
2020-04-09,22.999693294401865,72.60115569230976,0.0,0.0
2020-04-10,22.999693294401865,72.60115569230976,1.3006434187445848e-06,0.0013006434187445848
2020-04-11,22.999693294401865,72.60115569230976,0.0,0.0
2020-04-12,22.999693294401865,72.60115569230976,2.1264645511109848e-06,0.0021264645511109848
2020-04-13,22.999693294401865,72.60115569230976,1.2814998058274796e-06,0.0012814998058274796
2020-04-14,22.999693294401865,72.60115569230976,0.0,0.0
2020-04-15,22.999693294401865,72.60115569230976,8.583068797918258e-07,0.0008583068797918258
2020-04-16,22.999693294401865,72.60115569230976,8.583068833445395e-07,0.0008583068833445395
2020-04-17,22.999693294401865,72.60115569230976,1.142241313800696e-05,0.01142241313800696
2020-04-18,22.999693294401865,72.60115569230976,1.695018056580011e-06,0.001695018056580011
2020-04-19,22.999693294401865,72.60115569230976,0.0,0.0
2020-04-20,22.999693294401865,72.60115569230976,8.636380606219518e-07,0.0008636380606219518
2020-04-21,22.999693294401865,72.60115569230976,8.52346317969932e-07,0.000852346317969932
2020-04-22,22.999693294401865,72.60115569230976,0.0,0.0
2020-04-23,22.999693294401865,72.60115569230976,0.0,0.0
2020-04-24,22.999693294401865,72.60115569230976,8.583068797918258e-07,0.0008583068797918258
2020-04-25,22.999693294401865,72.60115569230976,8.523463215226457e-07,0.0008523463215226457
2020-04-26,22.999693294401865,72.60115569230976,0.0,0.0
2020-04-27,22.999693294401865,72.60115569230976,0.0,0.0
2020-04-28,22.999693294401865,72.60115569230976,0.0,0.0
2020-04-29,22.999693294401865,72.60115569230976,1.7046927496267017e-06,0.0017046927496267017
2020-04-30,22.999693294401865,72.60115569230976,8.761882845931268e-07,0.0008761882845931268
2020-05-01,22.999693294401865,72.60115569230976,8.583068797918258e-07,0.0008583068797918258
2020-05-02,22.999693294401865,72.60115569230976,8.583068797918258e-07,0.0008583068797918258
2020-05-03,22.999693294401865,72.60115569230976,8.52346317969932e-07,0.000852346317969932
2020-05-04,22.999693294401865,72.60115569230976,5.366802213302435e-05,0.05366802213302435
2020-05-05,22.999693294401865,72.60115569230976,5.784954737464432e-09,5.784954737464432e-06
2020-05-06,22.999693294401865,72.60115569230976,0.0,0.0
2020-05-07,22.999693294401865,72.60115569230976,0.0,0.0
2020-05-08,22.999693294401865,72.60115569230976,8.285045574041305e-07,0.0008285045574041305
2020-05-09,22.999693294401865,72.60115569230976,0.0,0.0
2020-05-10,22.999693294401865,72.60115569230976,8.583068833445395e-07,0.0008583068833445395
2020-05-11,22.999693294401865,72.60115569230976,0.0,0.0
2020-05-12,22.999693294401865,72.60115569230976,8.52346317969932e-07,0.000852346317969932
2020-05-13,22.999693294401865,72.60115569230976,0.0,0.0
2020-05-14,22.999693294401865,72.60115569230976,0.0,0.0
2020-05-15,22.999693294401865,72.60115569230976,8.52346317969932e-07,0.000852346317969932
2020-05-16,22.999693294401865,72.60115569230976,0.0,0.0
2020-05-17,22.999693294401865,72.60115569230976,8.583068797918258e-07,0.0008583068797918258
2020-05-18,22.999693294401865,72.60115569230976,3.3468008041381836e-05,0.033468008041381836
2020-05-19,22.999693294401865,72.60115569230976,0.0,0.0
2020-05-20,22.999693294401865,72.60115569230976,1.7225741544280027e-06,0.0017225741544280027
2020-05-21,22.999693294401865,72.60115569230976,0.0,0.0
2020-05-22,22.999693294401865,72.60115569230976,0.0,0.0
2020-05-23,22.999693294401865,72.60115569230976,0.0,0.0
2020-05-24,22.999693294401865,72.60115569230976,8.622910812050577e-07,0.0008622910812050577
2020-05-25,22.999693294401865,72.60115569230976,0.0,0.0
2020-05-26,22.999693294401865,72.60115569230976,1.7267087741856812e-06,0.0017267087741856812
2020-05-27,22.999693294401865,72.60115569230976,8.821486972010462e-07,0.0008821486972010462
2020-05-28,22.999693294401865,72.60115569230976,8.600190142260544e-07,0.0008600190142260544
2020-05-29,22.999693294401865,72.60115569230976,5.27501106262207e-06,0.00527501106262207
2020-05-30,22.999693294401865,72.60115569230976,1.2099741866222757e-06,0.0012099741866222757
2020-05-31,22.999693294401865,72.60115569230976,2.4378299663396774e-06,0.0024378299663396774
2020-06-01,22.999693294401865,72.60115569230976,0.00022980570793151855,0.22980570793151855
2020-06-02,22.999693294401865,72.60115569230976,0.0007724508103592598,0.7724508103592598
2020-06-03,22.999693294401865,72.60115569230976,0.0001784741878054774,0.1784741878054774
2020-06-04,22.999693294401865,72.60115569230976,0.0014933288097331854,1.4933288097331854
2020-06-05,22.999693294401865,72.60115569230976,0.0018220096826553345,1.8220096826553345
2020-06-06,22.999693294401865,72.60115569230976,0.0037771814161828843,3.7771814161828843
2020-06-07,22.999693294401865,72.60115569230976,0.007927492260932922,7.927492260932922
2020-06-08,22.999693294401865,72.60115569230976,0.008109480142593384,8.109480142593384
2020-06-09,22.999693294401865,72.60115569230976,0.0014748156069686047,1.4748156069686047
2020-06-10,22.999693294401865,72.60115569230976,0.0013875544070174328,1.3875544070174328
2020-06-11,22.999693294401865,72.60115569230976,1.2010335922241211e-05,0.012010335922241211
2020-06-12,22.999693294401865,72.60115569230976,0.008084885931111785,8.084885931111785
2020-06-13,22.999693294401865,72.60115569230976,0.0034292936325073242,3.429293632507324
2020-06-14,22.999693294401865,72.60115569230976,0.008318263292267147,8.318263292267147
2020-06-15,22.999693294401865,72.60115569230976,0.0009676487292722413,0.9676487292722413
2020-06-16,22.999693294401865,72.60115569230976,4.534564192226753e-05,0.04534564192226753
2020-06-17,22.999693294401865,72.60115569230976,0.00010980468869092874,0.10980468869092874
2020-06-18,22.999693294401865,72.60115569230976,0.00035142180490765895,0.35142180490765895
2020-06-19,22.999693294401865,72.60115569230976,3.519469487400784e-05,0.03519469487400784
2020-06-20,22.999693294401865,72.60115569230976,2.2441285409513512e-05,0.02244128540951351
2020-06-21,22.999693294401865,72.60115569230976,0.0005666452055379523,0.5666452055379523
2020-06-22,22.999693294401865,72.60115569230976,0.0005252063274383545,0.5252063274383545
2020-06-23,22.999693294401865,72.60115569230976,0.0010351240634918213,1.0351240634918213
2020-06-24,22.999693294401865,72.60115569230976,0.0014604181051254272,1.4604181051254272
2020-06-25,22.999693294401865,72.60115569230976,0.00034120320862029985,0.34120320862029985
2020-06-26,22.999693294401865,72.60115569230976,7.271170616007794e-05,0.07271170616007794
2020-06-27,22.999693294401865,72.60115569230976,0.00017777085304260254,0.17777085304260254
2020-06-28,22.999693294401865,72.60115569230976,1.2872098977823043e-06,0.0012872098977823043
2020-06-29,22.999693294401865,72.60115569230976,0.0009482707069992102,0.9482707069992102
2020-06-30,22.999693294401865,72.60115569230976,0.0021659135818481445,2.1659135818481445
2020-07-01,22.999693294401865,72.60115569230976,0.00046190670328272176,0.46190670328272176
2020-07-02,22.999693294401865,72.60115569230976,0.00018768808155300576,0.18768808155300576
2020-07-03,22.999693294401865,72.60115569230976,0.000798547267891081,0.798547267891081
2020-07-04,22.999693294401865,72.60115569230976,0.0033028453587462536,3.3028453587462536
2020-07-05,22.999693294401865,72.60115569230976,0.003110414969626163,3.110414969626163
2020-07-06,22.999693294401865,72.60115569230976,0.01321394443510826,13.21394443510826
2020-07-07,22.999693294401865,72.60115569230976,0.0018346309661865234,1.8346309661865234
2020-07-08,22.999693294401865,72.60115569230976,0.008483022451400757,8.483022451400757
2020-07-09,22.999693294401865,72.60115569230976,0.0012386440339469118,1.2386440339469118
2020-07-10,22.999693294401865,72.60115569230976,0.0023862898351580952,2.3862898351580952
2020-07-11,22.999693294401865,72.60115569230976,0.007843571901219093,7.843571901219093
2020-07-12,22.999693294401865,72.60115569230976,0.0043867558240435756,4.386755824043576
2020-07-13,22.999693294401865,72.60115569230976,0.002592107653583753,2.592107653583753
2020-07-14,22.999693294401865,72.60115569230976,0.0017456829547981556,1.7456829547981556
2020-07-15,22.999693294401865,72.60115569230976,0.004340356948318913,4.340356948318913
2020-07-16,22.999693294401865,72.60115569230976,0.01634758114814261,16.34758114814261
2020-07-17,22.999693294401865,72.60115569230976,0.00024581253518363155,0.24581253518363155
2020-07-18,22.999693294401865,72.60115569230976,0.0011099427938461304,1.1099427938461304
2020-07-19,22.999693294401865,72.60115569230976,0.0009607076644897461,0.9607076644897461
2020-07-20,22.999693294401865,72.60115569230976,0.0004874781308785714,0.4874781308785714
2020-07-21,22.999693294401865,72.60115569230976,0.00046049952506521663,0.46049952506521663
2020-07-22,22.999693294401865,72.60115569230976,0.00021970272064208984,0.21970272064208984
2020-07-23,22.999693294401865,72.60115569230976,0.0010091066360473633,1.0091066360473633
2020-07-24,22.999693294401865,72.60115569230976,0.0016916632652232977,1.6916632652232977
2020-07-25,22.999693294401865,72.60115569230976,0.005071401596069336,5.071401596069336
2020-07-26,22.999693294401865,72.60115569230976,0.002001851797103882,2.001851797103882
2020-07-27,22.999693294401865,72.60115569230976,0.00028368234633902034,0.28368234633902034
2020-07-28,22.999693294401865,72.60115569230976,0.0008967145975589119,0.8967145975589119
2020-07-29,22.999693294401865,72.60115569230976,0.0010031059684934007,1.0031059684934007
2020-07-30,22.999693294401865,72.60115569230976,0.005149260163193503,5.149260163193503
2020-07-31,22.999693294401865,72.60115569230976,0.0024833357072679973,2.4833357072679973
2020-08-01,22.999693294401865,72.60115569230976,0.0005761593579904911,0.5761593579904911
2020-08-02,22.999693294401865,72.60115569230976,0.0004122406244277954,0.4122406244277954
2020-08-03,22.999693294401865,72.60115569230976,0.0009311139583587646,0.9311139583587646
2020-08-04,22.999693294401865,72.60115569230976,0.0009328671075081729,0.9328671075081729
2020-08-05,22.999693294401865,72.60115569230976,0.02187490463256836,21.87490463256836
2020-08-06,22.999693294401865,72.60115569230976,0.01152440163087931,11.52440163087931
2020-08-07,22.999693294401865,72.60115569230976,0.0030388832092285156,3.0388832092285156
2020-08-08,22.999693294401865,72.60115569230976,0.010031849145889282,10.031849145889282
2020-08-09,22.999693294401865,72.60115569230976,0.01961829128759973,19.61829128759973
2020-08-10,22.999693294401865,72.60115569230976,0.011249626623566655,11.249626623566655
2020-08-11,22.999693294401865,72.60115569230976,0.009681755304331574,9.681755304331574
2020-08-12,22.999693294401865,72.60115569230976,0.03458617925633689,34.58617925633689
2020-08-13,22.999693294401865,72.60115569230976,0.0473270890112758,47.3270890112758
2020-08-14,22.999693294401865,72.60115569230976,0.010750478505940464,10.750478505940464
2020-08-15,22.999693294401865,72.60115569230976,0.0033179521560668945,3.3179521560668945
2020-08-16,22.999693294401865,72.60115569230976,0.012276485562324524,12.276485562324524
2020-08-17,22.999693294401865,72.60115569230976,0.010659828782081604,10.659828782081604
2020-08-18,22.999693294401865,72.60115569230976,0.00928818583487967,9.28818583487967
2020-08-19,22.999693294401865,72.60115569230976,0.0037187366734947602,3.7187366734947602
2020-08-20,22.999693294401865,72.60115569230976,0.003789209330761878,3.789209330761878
2020-08-21,22.999693294401865,72.60115569230976,0.007858303697673819,7.8583036976738185
2020-08-22,22.999693294401865,72.60115569230976,0.016588074375672335,16.588074375672335
2020-08-23,22.999693294401865,72.60115569230976,0.05563800020710019,55.63800020710019
2020-08-24,22.999693294401865,72.60115569230976,0.10887309908866882,108.87309908866882
2020-08-25,22.999693294401865,72.60115569230976,0.002645432949066162,2.645432949066162
2020-08-26,22.999693294401865,72.60115569230976,0.0018965184687544934,1.8965184687544934
2020-08-27,22.999693294401865,72.60115569230976,0.0020360350608825684,2.0360350608825684
2020-08-28,22.999693294401865,72.60115569230976,0.010448220372097694,10.448220372097694
2020-08-29,22.999693294401865,72.60115569230976,0.025257462263102326,25.257462263102326
2020-08-30,22.999693294401865,72.60115569230976,0.055451619624989235,55.451619624989235
2020-08-31,22.999693294401865,72.60115569230976,0.016272562742130958,16.272562742130958
2020-09-01,22.999693294401865,72.60115569230976,0.00018149614334106445,0.18149614334106445
2020-09-02,22.999693294401865,72.60115569230976,0.0009685754776000977,0.9685754776000977
2020-09-03,22.999693294401865,72.60115569230976,0.0008821636438369751,0.8821636438369751
2020-09-04,22.999693294401865,72.60115569230976,0.0005832689266185298,0.5832689266185298
2020-09-05,22.999693294401865,72.60115569230976,0.00030589050311391475,0.30589050311391475
2020-09-06,22.999693294401865,72.60115569230976,0.00011513071166291411,0.11513071166291411
2020-09-07,22.999693294401865,72.60115569230976,0.00013753175735331524,0.13753175735331524
2020-09-08,22.999693294401865,72.60115569230976,3.862678994437374e-05,0.03862678994437374
2020-09-09,22.999693294401865,72.60115569230976,0.000461798906144395,0.461798906144395
2020-09-10,22.999693294401865,72.60115569230976,0.0001233369110877902,0.12333691108779021
2020-09-11,22.999693294401865,72.60115569230976,0.005838572978973389,5.838572978973389
2020-09-12,22.999693294401865,72.60115569230976,0.011650443077087402,11.650443077087402
2020-09-13,22.999693294401865,72.60115569230976,0.014385312795639038,14.385312795639038
2020-09-14,22.999693294401865,72.60115569230976,0.001956987380879127,1.9569873808791272
2020-09-15,22.999693294401865,72.60115569230976,0.001457768678562843,1.457768678562843
2020-09-16,22.999693294401865,72.60115569230976,0.0008593201637268066,0.8593201637268066
2020-09-17,22.999693294401865,72.60115569230976,0.0008298635481764904,0.8298635481764904
2020-09-18,22.999693294401865,72.60115569230976,0.0005125327972450577,0.5125327972450577
2020-09-19,22.999693294401865,72.60115569230976,0.0008033990860099038,0.8033990860099038
2020-09-20,22.999693294401865,72.60115569230976,0.0038214068207480523,3.8214068207480523
2020-09-21,22.999693294401865,72.60115569230976,0.0017648249863668752,1.7648249863668752
2020-09-22,22.999693294401865,72.60115569230976,1.0782480234894365e-05,0.010782480234894365
2020-09-23,22.999693294401865,72.60115569230976,1.6629695892333984e-05,0.016629695892333984
2020-09-24,22.999693294401865,72.60115569230976,1.6689300537109375e-05,0.016689300537109375
2020-09-25,22.999693294401865,72.60115569230976,0.0006664872168471447,0.6664872168471447
2020-09-26,22.999693294401865,72.60115569230976,0.00026407837867736816,0.26407837867736816
2020-09-27,22.999693294401865,72.60115569230976,0.00021545886983176388,0.21545886983176388
2020-09-28,22.999693294401865,72.60115569230976,0.0002938210964202881,0.2938210964202881
2020-09-29,22.999693294401865,72.60115569230976,6.4193611990504e-05,0.064193611990504
2020-09-30,22.999693294401865,72.60115569230976,0.00028795301909667614,0.28795301909667614
2020-10-01,22.999693294401865,72.60115569230976,0.0002450495958328247,0.2450495958328247
2020-10-02,22.999693294401865,72.60115569230976,0.0,0.0
2020-10-03,22.999693294401865,72.60115569230976,1.2934207802572928e-06,0.0012934207802572928
2020-10-04,22.999693294401865,72.60115569230976,0.0,0.0
2020-10-05,22.999693294401865,72.60115569230976,0.0,0.0
2020-10-06,22.999693294401865,72.60115569230976,8.52346317969932e-07,0.000852346317969932
2020-10-07,22.999693294401865,72.60115569230976,0.0,0.0
2020-10-08,22.999693294401865,72.60115569230976,2.5722607119860186e-06,0.0025722607119860186
2020-10-09,22.999693294401865,72.60115569230976,4.380941049930698e-07,0.0004380941049930698
2020-10-10,22.999693294401865,72.60115569230976,0.0,0.0
2020-10-11,22.999693294401865,72.60115569230976,4.4107436991680515e-07,0.00044107436991680515
2020-10-12,22.999693294401865,72.60115569230976,3.0141636671032757e-06,0.0030141636671032757
2020-10-13,22.999693294401865,72.60115569230976,4.3580138253673795e-07,0.00043580138253673795
2020-10-14,22.999693294401865,72.60115569230976,0.0,0.0
2020-10-15,22.999693294401865,72.60115569230976,7.897615432739258e-07,0.0007897615432739258
2020-10-16,22.999693294401865,72.60115569230976,0.006802622135978709,6.802622135978709
2020-10-17,22.999693294401865,72.60115569230976,0.006483512062402497,6.483512062402497
2020-10-18,22.999693294401865,72.60115569230976,0.0017042070626871464,1.7042070626871464
2020-10-19,22.999693294401865,72.60115569230976,0.0011164305191755375,1.1164305191755375
2020-10-20,22.999693294401865,72.60115569230976,0.0013499259948730469,1.3499259948730469
2020-10-21,22.999693294401865,72.60115569230976,0.00021064579476615108,0.21064579476615108
2020-10-22,22.999693294401865,72.60115569230976,4.261732087229575e-07,0.0004261732087229575
2020-10-23,22.999693294401865,72.60115569230976,8.70227722771233e-07,0.000870227722771233
2020-10-24,22.999693294401865,72.60115569230976,0.0,0.0
2020-10-25,22.999693294401865,72.60115569230976,1.2856008879680303e-06,0.0012856008879680303
2020-10-26,22.999693294401865,72.60115569230976,4.3257352899672696e-07,0.00043257352899672696
2020-10-27,22.999693294401865,72.60115569230976,-3.1539570954919327e-09,-3.1539570954919327e-06
2020-10-28,22.999693294401865,72.60115569230976,0.0,0.0
2020-10-29,22.999693294401865,72.60115569230976,8.583068797918258e-07,0.0008583068797918258
2020-10-30,22.999693294401865,72.60115569230976,3.4405547921778634e-06,0.0034405547921778634
2020-10-31,22.999693294401865,72.60115569230976,8.52346317969932e-07,0.000852346317969932
2020-11-01,22.999693294401865,72.60115569230976,0.0,0.0
2020-11-02,22.999693294401865,72.60115569230976,4.351138613856165e-07,0.0004351138613856165
2020-11-03,22.999693294401865,72.60115569230976,4.351138045421976e-07,0.0004351138045421976
2020-11-04,22.999693294401865,72.60115569230976,1.7106532368416083e-06,0.0017106532368416083
2020-11-05,22.999693294401865,72.60115569230976,1.78813479578821e-08,1.78813479578821e-05
2020-11-06,22.999693294401865,72.60115569230976,3.4433696782798506e-06,0.0034433696782798506
2020-11-07,22.999693294401865,72.60115569230976,1.7136334804490616e-06,0.0017136334804490616
2020-11-08,22.999693294401865,72.60115569230976,0.0,0.0
2020-11-09,22.999693294401865,72.60115569230976,2.139806667855737e-06,0.002139806667855737
2020-11-10,22.999693294401865,72.60115569230976,1.721102592000534e-06,0.001721102592000534
2020-11-11,22.999693294401865,72.60115569230976,-8.767074177740142e-09,-8.767074177740142e-06
2020-11-12,22.999693294401865,72.60115569230976,8.52346317969932e-07,0.000852346317969932
2020-11-13,22.999693294401865,72.60115569230976,8.523463748133508e-07,0.0008523463748133508
2020-11-14,22.999693294401865,72.60115569230976,4.351138613856165e-07,0.0004351138613856165
2020-11-15,22.999693294401865,72.60115569230976,1.3024215945733886e-06,0.0013024215945733886
2020-11-16,22.999693294401865,72.60115569230976,1.708582431092509e-06,0.001708582431092509
2020-11-17,22.999693294401865,72.60115569230976,3.8575223584302876e-06,0.0038575223584302876
2020-11-18,22.999693294401865,72.60115569230976,8.523463748133508e-07,0.0008523463748133508
2020-11-19,22.999693294401865,72.60115569230976,0.0,0.0
2020-11-20,22.999693294401865,72.60115569230976,0.0,0.0
2020-11-21,22.999693294401865,72.60115569230976,4.351138045421976e-07,0.0004351138045421976
2020-11-22,22.999693294401865,72.60115569230976,0.0,0.0
2020-11-23,22.999693294401865,72.60115569230976,0.0,0.0
2020-11-24,22.999693294401865,72.60115569230976,1.7106532936850272e-06,0.0017106532936850272
2020-11-25,22.999693294401865,72.60115569230976,2.164164584428363e-06,0.002164164584428363
2020-11-26,22.999693294401865,72.60115569230976,0.0,0.0
2020-11-27,22.999693294401865,72.60115569230976,0.0,0.0
2020-11-28,22.999693294401865,72.60115569230976,4.351138045421976e-07,0.0004351138045421976
2020-11-29,22.999693294401865,72.60115569230976,0.0,0.0
2020-11-30,22.999693294401865,72.60115569230976,4.351138045421976e-07,0.0004351138045421976
2020-12-01,22.999693294401865,72.60115569230976,0.0,0.0
2020-12-02,22.999693294401865,72.60115569230976,2.1576879589702003e-06,0.0021576879589702003
2020-12-03,22.999693294401865,72.60115569230976,-2.3842403606977314e-08,-2.3842403606977314e-05
2020-12-04,22.999693294401865,72.60115569230976,8.553265615773853e-07,0.0008553265615773853
2020-12-05,22.999693294401865,72.60115569230976,5.684341886080802e-14,5.6843418860808015e-11
2020-12-06,22.999693294401865,72.60115569230976,1.2993811537853617e-06,0.0012993811537853617
2020-12-07,22.999693294401865,72.60115569230976,0.0,0.0
2020-12-08,22.999693294401865,72.60115569230976,0.0,0.0
2020-12-09,22.999693294401865,72.60115569230976,8.583068833445395e-07,0.0008583068833445395
2020-12-10,22.999693294401865,72.60115569230976,0.001478731632232666,1.478731632232666
2020-12-11,22.999693294401865,72.60115569230976,0.0036651730537364813,3.6651730537364813
2020-12-12,22.999693294401865,72.60115569230976,4.018843173980713e-05,0.04018843173980713
2020-12-13,22.999693294401865,72.60115569230976,2.3424624941981165e-06,0.0023424624941981165
2020-12-14,22.999693294401865,72.60115569230976,1.8805264403454203e-06,0.0018805264403454203
2020-12-15,22.999693294401865,72.60115569230976,0.0,0.0
2020-12-16,22.999693294401865,72.60115569230976,2.5749205292413535e-06,0.0025749205292413535
2020-12-17,22.999693294401865,72.60115569230976,8.52346317969932e-07,0.000852346317969932
2020-12-18,22.999693294401865,72.60115569230976,8.52346317969932e-07,0.000852346317969932
2020-12-19,22.999693294401865,72.60115569230976,0.0,0.0
2020-12-20,22.999693294401865,72.60115569230976,8.583068797918258e-07,0.0008583068797918258
2020-12-21,22.999693294401865,72.60115569230976,2.14601732295705e-06,0.00214601732295705
2020-12-22,22.999693294401865,72.60115569230976,-3.230525180697441e-09,-3.230525180697441e-06
2020-12-23,22.999693294401865,72.60115569230976,8.52346317969932e-07,0.000852346317969932
2020-12-24,22.999693294401865,72.60115569230976,4.351138045421976e-07,0.0004351138045421976
2020-12-25,22.999693294401865,72.60115569230976,1.2845866876887158e-06,0.0012845866876887158
2020-12-26,22.999693294401865,72.60115569230976,2.1516208903449296e-06,0.0021516208903449296
2020-12-27,22.999693294401865,72.60115569230976,8.523463748133508e-07,0.0008523463748133508
2020-12-28,22.999693294401865,72.60115569230976,8.52346317969932e-07,0.000852346317969932
2020-12-29,22.999693294401865,72.60115569230976,8.613236559540383e-07,0.0008613236559540383
2020-12-30,22.999693294401865,72.60115569230976,8.52346317969932e-07,0.000852346317969932
2020-12-31,22.999693294401865,72.60115569230976,8.55796315590851e-07,0.000855796315590851
2021-01-01,22.999693294401865,72.60115569230976,8.642673492431641e-07,0.0008642673492431641
2021-01-02,22.999693294401865,72.60115569230976,4.172325134277344e-07,0.0004172325134277344
2021-01-03,22.999693294401865,72.60115569230976,8.583068797918258e-07,0.0008583068797918258
2021-01-04,22.999693294401865,72.60115569230976,8.52346317969932e-07,0.000852346317969932
2021-01-05,22.999693294401865,72.60115569230976,8.52346317969932e-07,0.000852346317969932
2021-01-06,22.999693294401865,72.60115569230976,8.583068833445395e-07,0.0008583068833445395
2021-01-07,22.999693294401865,72.60115569230976,7.635354995727539e-05,0.07635354995727539
2021-01-08,22.999693294401865,72.60115569230976,2.8252601573797165e-06,0.0028252601573797165
2021-01-09,22.999693294401865,72.60115569230976,1.6513902096448874e-05,0.016513902096448874
2021-01-10,22.999693294401865,72.60115569230976,2.9731393169640796e-06,0.0029731393169640796
2021-01-11,22.999693294401865,72.60115569230976,1.7225742112714215e-06,0.0017225742112714215
2021-01-12,22.999693294401865,72.60115569230976,2.572633036379557e-06,0.002572633036379557
2021-01-13,22.999693294401865,72.60115569230976,8.52346317969932e-07,0.000852346317969932
2021-01-14,22.999693294401865,72.60115569230976,8.52346317969932e-07,0.000852346317969932
2021-01-15,22.999693294401865,72.60115569230976,0.0,0.0
2021-01-16,22.999693294401865,72.60115569230976,0.0,0.0
2021-01-17,22.999693294401865,72.60115569230976,0.0,0.0
2021-01-18,22.999693294401865,72.60115569230976,4.351138045421976e-07,0.0004351138045421976
2021-01-19,22.999693294401865,72.60115569230976,0.0,0.0
2021-01-20,22.999693294401865,72.60115569230976,0.0,0.0
2021-01-21,22.999693294401865,72.60115569230976,0.0,0.0
2021-01-22,22.999693294401865,72.60115569230976,0.0,0.0
2021-01-23,22.999693294401865,72.60115569230976,4.351138045421976e-07,0.0004351138045421976
2021-01-24,22.999693294401865,72.60115569230976,0.0,0.0
2021-01-25,22.999693294401865,72.60115569230976,0.0,0.0
2021-01-26,22.999693294401865,72.60115569230976,4.351138045421976e-07,0.0004351138045421976
2021-01-27,22.999693294401865,72.60115569230976,4.351138045421976e-07,0.0004351138045421976
2021-01-28,22.999693294401865,72.60115569230976,1.2814997489840607e-06,0.0012814997489840607
2021-01-29,22.999693294401865,72.60115569230976,1.2986694741812244e-06,0.0012986694741812244
2021-01-30,22.999693294401865,72.60115569230976,1.7157172464976611e-06,0.001715717246497661
2021-01-31,22.999693294401865,72.60115569230976,4.351138045421976e-07,0.0004351138045421976
2021-02-01,22.999693294401865,72.60115569230976,1.2818524055546732e-06,0.0012818524055546732
2021-02-02,22.999693294401865,72.60115569230976,1.2814997489840607e-06,0.0012814997489840607
2021-02-03,22.999693294401865,72.60115569230976,1.7200663364747015e-06,0.0017200663364747015
2021-02-04,22.999693294401865,72.60115569230976,1.2814998058274796e-06,0.0012814998058274796
2021-02-05,22.999693294401865,72.60115569230976,1.725554398035456e-06,0.001725554398035456
2021-02-06,22.999693294401865,72.60115569230976,1.2891325695818523e-06,0.0012891325695818523
2021-02-07,22.999693294401865,72.60115569230976,1.2934457913615915e-06,0.0012934457913615915
2021-02-08,22.999693294401865,72.60115569230976,8.485461080454115e-07,0.0008485461080454115
2021-02-09,22.999693294401865,72.60115569230976,1.7225742112714215e-06,0.0017225742112714215
2021-02-10,22.999693294401865,72.60115569230976,0.0,0.0
2021-02-11,22.999693294401865,72.60115569230976,4.261732087229575e-07,0.0004261732087229575
2021-02-12,22.999693294401865,72.60115569230976,8.52346317969932e-07,0.000852346317969932
2021-02-13,22.999693294401865,72.60115569230976,8.52346317969932e-07,0.000852346317969932
2021-02-14,22.999693294401865,72.60115569230976,2.5794424800551496e-06,0.0025794424800551496
2021-02-15,22.999693294401865,72.60115569230976,8.486429123877315e-07,0.0008486429123877315
2021-02-16,22.999693294401865,72.60115569230976,8.52346317969932e-07,0.000852346317969932
2021-02-17,22.999693294401865,72.60115569230976,1.7046927496267017e-06,0.0017046927496267017
2021-02-18,22.999693294401865,72.60115569230976,4.351138045421976e-07,0.0004351138045421976
2021-02-19,22.999693294401865,72.60115569230976,0.0,0.0
2021-02-20,22.999693294401865,72.60115569230976,0.0,0.0
2021-02-21,22.999693294401865,72.60115569230976,0.0,0.0
2021-02-22,22.999693294401865,72.60115569230976,2.9967990258228383e-06,0.0029967990258228383
2021-02-23,22.999693294401865,72.60115569230976,8.523453516318114e-07,0.0008523453516318114
2021-02-24,22.999693294401865,72.60115569230976,8.52346317969932e-07,0.000852346317969932
2021-02-25,22.999693294401865,72.60115569230976,0.0,0.0
2021-02-26,22.999693294401865,72.60115569230976,8.52346317969932e-07,0.000852346317969932
2021-02-27,22.999693294401865,72.60115569230976,1.2884902389487252e-06,0.0012884902389487252
2021-02-28,22.999693294401865,72.60115569230976,1.7046927496267017e-06,0.0017046927496267017
2021-03-01,22.999693294401865,72.60115569230976,4.351138045421976e-07,0.0004351138045421976
2021-03-02,22.999693294401865,72.60115569230976,0.0,0.0
2021-03-03,22.999693294401865,72.60115569230976,0.0,0.0
2021-03-04,22.999693294401865,72.60115569230976,4.351138045421976e-07,0.0004351138045421976
2021-03-05,22.999693294401865,72.60115569230976,1.2904405366498395e-06,0.0012904405366498395
2021-03-06,22.999693294401865,72.60115569230976,0.0,0.0
2021-03-07,22.999693294401865,72.60115569230976,1.2874602361989673e-06,0.0012874602361989673
2021-03-08,22.999693294401865,72.60115569230976,4.4107436991680515e-07,0.00044107436991680515
2021-03-09,22.999693294401865,72.60115569230976,0.0,0.0
2021-03-10,22.999693294401865,72.60115569230976,1.2934207802572928e-06,0.0012934207802572928
2021-03-11,22.999693294401865,72.60115569230976,1.7195939676639682e-06,0.0017195939676639682
2021-03-12,22.999693294401865,72.60115569230976,0.0,0.0
2021-03-13,22.999693294401865,72.60115569230976,1.7212887541973032e-06,0.0017212887541973032
2021-03-14,22.999693294401865,72.60115569230976,1.7180329905386316e-06,0.0017180329905386316
2021-03-15,22.999693294401865,72.60115569230976,3.867342002195073e-09,3.867342002195073e-06
2021-03-16,22.999693294401865,72.60115569230976,0.0,0.0
2021-03-17,22.999693294401865,72.60115569230976,4.351138613856165e-07,0.0004351138613856165
2021-03-18,22.999693294401865,72.60115569230976,8.52346317969932e-07,0.000852346317969932
2021-03-19,22.999693294401865,72.60115569230976,3.003499841724988e-06,0.003003499841724988
2021-03-20,22.999693294401865,72.60115569230976,4.351138613856165e-07,0.0004351138613856165
2021-03-21,22.999693294401865,72.60115569230976,1.7195939108205494e-06,0.0017195939108205494
2021-03-22,22.999693294401865,72.60115569230976,4.2766332626342773e-05,0.04276633262634277
2021-03-23,22.999693294401865,72.60115569230976,4.351138045421976e-07,0.0004351138045421976
2021-03-24,22.999693294401865,72.60115569230976,8.52346317969932e-07,0.000852346317969932
2021-03-25,22.999693294401865,72.60115569230976,8.553265615773853e-07,0.0008553265615773853
2021-03-26,22.999693294401865,72.60115569230976,4.261732051702438e-07,0.0004261732051702438
2021-03-27,22.999693294401865,72.60115569230976,2.575286202954885e-06,0.002575286202954885
2021-03-28,22.999693294401865,72.60115569230976,1.2806219729100121e-06,0.0012806219729100121
2021-03-29,22.999693294401865,72.60115569230976,1.7092575603783189e-06,0.0017092575603783189
2021-03-30,22.999693294401865,72.60115569230976,8.52346317969932e-07,0.000852346317969932
2021-03-31,22.999693294401865,72.60115569230976,1.707727676603099e-06,0.001707727676603099
2021-04-01,22.999693294401865,72.60115569230976,1.7010105466397363e-06,0.0017010105466397363
2021-04-02,22.999693294401865,72.60115569230976,8.753334554967296e-07,0.0008753334554967296
2021-04-03,22.999693294401865,72.60115569230976,1.7184348735099775e-06,0.0017184348735099775
2021-04-04,22.999693294401865,72.60115569230976,1.277441526781331e-06,0.001277441526781331
2021-04-05,22.999693294401865,72.60115569230976,8.697522275724623e-07,0.0008697522275724623
2021-04-06,22.999693294401865,72.60115569230976,4.261732087229575e-07,0.0004261732087229575
2021-04-07,22.999693294401865,72.60115569230976,0.0,0.0
2021-04-08,22.999693294401865,72.60115569230976,0.0,0.0
2021-04-09,22.999693294401865,72.60115569230976,0.0,0.0
2021-04-10,22.999693294401865,72.60115569230976,0.0,0.0
2021-04-11,22.999693294401865,72.60115569230976,4.351138613856165e-07,0.0004351138613856165
2021-04-12,22.999693294401865,72.60115569230976,1.29405162851981e-06,0.00129405162851981
2021-04-13,22.999693294401865,72.60115569230976,1.2934450133172959e-06,0.0012934450133172959
2021-04-14,22.999693294401865,72.60115569230976,4.351138613856165e-07,0.0004351138613856165
2021-04-15,22.999693294401865,72.60115569230976,1.7166632915177615e-06,0.0017166632915177615
2021-04-16,22.999693294401865,72.60115569230976,2.563071632266656e-06,0.002563071632266656
2021-04-17,22.999693294401865,72.60115569230976,4.261732051702438e-07,0.0004261732051702438
2021-04-18,22.999693294401865,72.60115569230976,4.351138045421976e-07,0.0004351138045421976
2021-04-19,22.999693294401865,72.60115569230976,0.0,0.0
2021-04-20,22.999693294401865,72.60115569230976,0.0,0.0
2021-04-21,22.999693294401865,72.60115569230976,0.0,0.0
2021-04-22,22.999693294401865,72.60115569230976,1.3001368301956973e-06,0.0013001368301956973
2021-04-23,22.999693294401865,72.60115569230976,2.1297994976521295e-06,0.0021297994976521295
2021-04-24,22.999693294401865,72.60115569230976,1.2874602930423862e-06,0.0012874602930423862
2021-04-25,22.999693294401865,72.60115569230976,6.581274192285491e-09,6.581274192285491e-06
2021-04-26,22.999693294401865,72.60115569230976,1.8477439880371094e-06,0.0018477439880371094
2021-04-27,22.999693294401865,72.60115569230976,5.885299174224201e-06,0.005885299174224201
2021-04-28,22.999693294401865,72.60115569230976,0.0013201266526152722,1.3201266526152722
2021-04-29,22.999693294401865,72.60115569230976,0.0006833314895580145,0.6833314895580145
2021-04-30,22.999693294401865,72.60115569230976,4.2232870953284873e-05,0.04223287095328487
2021-05-01,22.999693294401865,72.60115569230976,1.0579824447631836e-05,0.010579824447631836
2021-05-02,22.999693294401865,72.60115569230976,0.0004480332136154175,0.4480332136154175
2021-05-03,22.999693294401865,72.60115569230976,8.583068797918258e-07,0.0008583068797918258
2021-05-04,22.999693294401865,72.60115569230976,8.583068797918258e-07,0.0008583068797918258
2021-05-05,22.999693294401865,72.60115569230976,8.52346317969932e-07,0.000852346317969932
2021-05-06,22.999693294401865,72.60115569230976,8.52346317969932e-07,0.000852346317969932
2021-05-07,22.999693294401865,72.60115569230976,4.261732051702438e-07,0.0004261732051702438
2021-05-08,22.999693294401865,72.60115569230976,0.0,0.0
2021-05-09,22.999693294401865,72.60115569230976,2.032579129718215e-05,0.02032579129718215
2021-05-10,22.999693294401865,72.60115569230976,8.415373144998739e-07,0.0008415373144998739
2021-05-11,22.999693294401865,72.60115569230976,3.4213065873700543e-06,0.0034213065873700543
2021-05-12,22.999693294401865,72.60115569230976,1.7195939676639682e-06,0.0017195939676639682
2021-05-13,22.999693294401865,72.60115569230976,1.721067462767678e-06,0.001721067462767678
2021-05-14,22.999693294401865,72.60115569230976,1.7425424516659405e-06,0.0017425424516659405
2021-05-15,22.999693294401865,72.60115569230976,2.5601584638934582e-06,0.0025601584638934582
2021-05-16,22.999693294401865,72.60115569230976,0.0009632470280394045,0.9632470280394045
2021-05-17,22.999693294401865,72.60115569230976,0.009022417664425575,9.022417664425575
2021-05-18,22.999693294401865,72.60115569230976,0.07892664670949401,78.92664670949401
2021-05-19,22.999693294401865,72.60115569230976,0.0005828082561443182,0.5828082561443182
2021-05-20,22.999693294401865,72.60115569230976,8.523463748133508e-07,0.0008523463748133508
2021-05-21,22.999693294401865,72.60115569230976,4.214048385620117e-05,0.04214048385620117
2021-05-22,22.999693294401865,72.60115569230976,6.0051679611206055e-06,0.0060051679611206055
2021-05-23,22.999693294401865,72.60115569230976,4.291534423828125e-06,0.004291534423828125
2021-05-24,22.999693294401865,72.60115569230976,0.00013288306910297365,0.13288306910297365
2021-05-25,22.999693294401865,72.60115569230976,0.0,0.0
2021-05-26,22.999693294401865,72.60115569230976,3.1904816012229276e-05,0.031904816012229276
2021-05-27,22.999693294401865,72.60115569230976,3.635883331298828e-06,0.003635883331298828
2021-05-28,22.999693294401865,72.60115569230976,0.0,0.0
2021-05-29,22.999693294401865,72.60115569230976,0.0,0.0
2021-05-30,22.999693294401865,72.60115569230976,8.523463748133508e-07,0.0008523463748133508
2021-05-31,22.999693294401865,72.60115569230976,0.0,0.0
2021-06-01,22.999693294401865,72.60115569230976,1.2713479122794524e-06,0.0012713479122794524
2021-06-02,22.999693294401865,72.60115569230976,0.0,0.0
2021-06-03,22.999693294401865,72.60115569230976,1.2771693036484066e-06,0.0012771693036484066
2021-06-04,22.999693294401865,72.60115569230976,0.0,0.0
2021-06-05,22.999693294401865,72.60115569230976,3.149509429434261e-05,0.03149509429434261
2021-06-06,22.999693294401865,72.60115569230976,6.508827209827928e-05,0.06508827209827928
2021-06-07,22.999693294401865,72.60115569230976,0.00013890862464904785,0.13890862464904785
2021-06-08,22.999693294401865,72.60115569230976,2.2679566313854593e-06,0.0022679566313854593
2021-06-09,22.999693294401865,72.60115569230976,4.011392593383789e-05,0.04011392593383789
2021-06-10,22.999693294401865,72.60115569230976,0.00015741586685180664,0.15741586685180664
2021-06-11,22.999693294401865,72.60115569230976,0.00011502206325531006,0.11502206325531006
2021-06-12,22.999693294401865,72.60115569230976,0.00014528632164001465,0.14528632164001465
2021-06-13,22.999693294401865,72.60115569230976,1.716613667213096e-06,0.001716613667213096
2021-06-14,22.999693294401865,72.60115569230976,4.023313522338867e-07,0.0004023313522338867
2021-06-15,22.999693294401865,72.60115569230976,3.5289901347823616e-06,0.0035289901347823616
2021-06-16,22.999693294401865,72.60115569230976,0.0006530165671279065,0.6530165671279065
2021-06-17,22.999693294401865,72.60115569230976,0.015747156739223556,15.747156739223556
2021-06-18,22.999693294401865,72.60115569230976,0.03470921516418457,34.70921516418457
2021-06-19,22.999693294401865,72.60115569230976,0.016218962764355638,16.218962764355638
2021-06-20,22.999693294401865,72.60115569230976,0.01853277631698802,18.53277631698802
2021-06-21,22.999693294401865,72.60115569230976,0.002541452646255493,2.541452646255493
2021-06-22,22.999693294401865,72.60115569230976,0.0005542188882827759,0.5542188882827759
2021-06-23,22.999693294401865,72.60115569230976,0.00015768779707059366,0.15768779707059366
2021-06-24,22.999693294401865,72.60115569230976,0.0015686213969843266,1.5686213969843266
2021-06-25,22.999693294401865,72.60115569230976,9.30789566950807e-05,0.0930789566950807
2021-06-26,22.999693294401865,72.60115569230976,2.82973051071167e-05,0.0282973051071167
2021-06-27,22.999693294401865,72.60115569230976,0.0006615221500396729,0.6615221500396729
2021-06-28,22.999693294401865,72.60115569230976,0.00040212571610709347,0.40212571610709347
2021-06-29,22.999693294401865,72.60115569230976,0.00030785202979544124,0.30785202979544124
2021-06-30,22.999693294401865,72.60115569230976,3.902912129660763e-05,0.03902912129660763
2021-07-01,22.999693294401865,72.60115569230976,0.0003713071346282959,0.3713071346282959
2021-07-02,22.999693294401865,72.60115569230976,0.00030046701431274414,0.30046701431274414
2021-07-03,22.999693294401865,72.60115569230976,0.00017958283416419363,0.17958283416419363
2021-07-04,22.999693294401865,72.60115569230976,1.4266961954945145e-05,0.014266961954945145
2021-07-05,22.999693294401865,72.60115569230976,2.2277746097643103e-05,0.022277746097643103
2021-07-06,22.999693294401865,72.60115569230976,1.1801719665527344e-05,0.011801719665527344
2021-07-07,22.999693294401865,72.60115569230976,8.583068797918258e-07,0.0008583068797918258
2021-07-08,22.999693294401865,72.60115569230976,4.1803185126809694e-06,0.0041803185126809694
2021-07-09,22.999693294401865,72.60115569230976,0.0002626925705726535,0.2626925705726535
2021-07-10,22.999693294401865,72.60115569230976,0.0016177624463011853,1.6177624463011853
2021-07-11,22.999693294401865,72.60115569230976,0.015830519795315467,15.830519795315467
2021-07-12,22.999693294401865,72.60115569230976,0.008382907509712823,8.382907509712823
2021-07-13,22.999693294401865,72.60115569230976,0.0004125860777435264,0.4125860777435264
2021-07-14,22.999693294401865,72.60115569230976,0.0005255403669544023,0.5255403669544023
2021-07-15,22.999693294401865,72.60115569230976,0.0053892016409804455,5.3892016409804455
2021-07-16,22.999693294401865,72.60115569230976,0.0009455382823944092,0.9455382823944092
2021-07-17,22.999693294401865,72.60115569230976,0.0014185190199782483,1.4185190199782483
2021-07-18,22.999693294401865,72.60115569230976,0.006361466646126246,6.361466646126246
2021-07-19,22.999693294401865,72.60115569230976,0.0007090121507644653,0.7090121507644653
2021-07-20,22.999693294401865,72.60115569230976,0.0022608190774917603,2.2608190774917603
2021-07-21,22.999693294401865,72.60115569230976,0.0020408034324645996,2.0408034324645996
2021-07-22,22.999693294401865,72.60115569230976,0.0014364123344421387,1.4364123344421387
2021-07-23,22.999693294401865,72.60115569230976,0.0023299694061265086,2.3299694061265086
2021-07-24,22.999693294401865,72.60115569230976,0.01248773336410025,12.48773336410025
2021-07-25,22.999693294401865,72.60115569230976,0.0775836966511747,77.5836966511747
2021-07-26,22.999693294401865,72.60115569230976,0.014667817950243744,14.667817950243744
2021-07-27,22.999693294401865,72.60115569230976,0.008002057671546936,8.002057671546936
2021-07-28,22.999693294401865,72.60115569230976,0.003973025083439552,3.973025083439552
2021-07-29,22.999693294401865,72.60115569230976,0.007823575027543939,7.823575027543939
2021-07-30,22.999693294401865,72.60115569230976,0.0012107431888530584,1.2107431888530584
2021-07-31,22.999693294401865,72.60115569230976,0.0013768385543393435,1.3768385543393435
2021-08-01,22.999693294401865,72.60115569230976,0.0014385610818408168,1.4385610818408168
2021-08-02,22.999693294401865,72.60115569230976,0.001344227833545375,1.344227833545375
2021-08-03,22.999693294401865,72.60115569230976,0.0023335703559723697,2.3335703559723697
2021-08-04,22.999693294401865,72.60115569230976,0.0007848143577575684,0.7848143577575684
2021-08-05,22.999693294401865,72.60115569230976,0.0005969405174255371,0.5969405174255371
2021-08-06,22.999693294401865,72.60115569230976,0.0009482860564844486,0.9482860564844486
2021-08-07,22.999693294401865,72.60115569230976,0.00010125637044211544,0.10125637044211544
2021-08-08,22.999693294401865,72.60115569230976,3.1946271803917625e-05,0.031946271803917625
2021-08-09,22.999693294401865,72.60115569230976,5.532305658562109e-05,0.05532305658562109
2021-08-10,22.999693294401865,72.60115569230976,0.0002307891845703125,0.2307891845703125
2021-08-11,22.999693294401865,72.60115569230976,0.0003469371294499979,0.3469371294499979
2021-08-12,22.999693294401865,72.60115569230976,0.0004662848522798413,0.4662848522798413
2021-08-13,22.999693294401865,72.60115569230976,0.0004955976321738831,0.4955976321738831
2021-08-14,22.999693294401865,72.60115569230976,0.0007739085455114036,0.7739085455114036
2021-08-15,22.999693294401865,72.60115569230976,0.0006276816129684448,0.6276816129684448
2021-08-16,22.999693294401865,72.60115569230976,0.00023866295805419213,0.23866295805419213
2021-08-17,22.999693294401865,72.60115569230976,0.00010234415520926632,0.10234415520926632
2021-08-18,22.999693294401865,72.60115569230976,0.0009234368800434822,0.9234368800434822
2021-08-19,22.999693294401865,72.60115569230976,0.0007553549452268271,0.7553549452268271
2021-08-20,22.999693294401865,72.60115569230976,0.0002905256397411904,0.2905256397411904
2021-08-21,22.999693294401865,72.60115569230976,0.006569463014500343,6.569463014500343
2021-08-22,22.999693294401865,72.60115569230976,0.0005321145057628485,0.5321145057628485
2021-08-23,22.999693294401865,72.60115569230976,0.00034801959981223263,0.3480195998122326
2021-08-24,22.999693294401865,72.60115569230976,9.691259941746466e-05,0.09691259941746466
2021-08-25,22.999693294401865,72.60115569230976,0.0002907563122676038,0.2907563122676038
2021-08-26,22.999693294401865,72.60115569230976,0.0002058863639717856,0.2058863639717856
2021-08-27,22.999693294401865,72.60115569230976,0.0001798948883902085,0.1798948883902085
2021-08-28,22.999693294401865,72.60115569230976,1.3241171831879228e-05,0.013241171831879228
2021-08-29,22.999693294401865,72.60115569230976,0.0007474448702851078,0.7474448702851078
2021-08-30,22.999693294401865,72.60115569230976,0.01568370461463431,15.683704614634308
2021-08-31,22.999693294401865,72.60115569230976,0.018832701444523536,18.832701444523536
2021-09-01,22.999693294401865,72.60115569230976,0.024146753549473488,24.146753549473488
2021-09-02,22.999693294401865,72.60115569230976,0.005151679591790526,5.151679591790526
2021-09-03,22.999693294401865,72.60115569230976,0.0022631548508798005,2.2631548508798005
2021-09-04,22.999693294401865,72.60115569230976,0.0006610749705941998,0.6610749705941998
2021-09-05,22.999693294401865,72.60115569230976,0.0022565126419067383,2.2565126419067383
2021-09-06,22.999693294401865,72.60115569230976,0.003219059616810682,3.219059616810682
2021-09-07,22.999693294401865,72.60115569230976,0.01097075641155243,10.97075641155243
2021-09-08,22.999693294401865,72.60115569230976,0.027030187845127784,27.030187845127784
2021-09-09,22.999693294401865,72.60115569230976,0.01779401049623175,17.79401049623175
2021-09-10,22.999693294401865,72.60115569230976,0.0015828525375809477,1.5828525375809477
2021-09-11,22.999693294401865,72.60115569230976,0.003859788179397583,3.859788179397583
2021-09-12,22.999693294401865,72.60115569230976,0.012649625539779663,12.649625539779663
2021-09-13,22.999693294401865,72.60115569230976,0.004439345002140271,4.439345002140271
2021-09-14,22.999693294401865,72.60115569230976,0.006200048327343666,6.200048327343666
2021-09-15,22.999693294401865,72.60115569230976,0.000564479827858122,0.564479827858122
2021-09-16,22.999693294401865,72.60115569230976,0.0037233024835359174,3.7233024835359174
2021-09-17,22.999693294401865,72.60115569230976,0.0008310032142730961,0.8310032142730961
2021-09-18,22.999693294401865,72.60115569230976,0.007492512464523315,7.492512464523315
2021-09-19,22.999693294401865,72.60115569230976,0.01170409989589416,11.70409989589416
2021-09-20,22.999693294401865,72.60115569230976,0.01854550838470459,18.54550838470459
2021-09-21,22.999693294401865,72.60115569230976,0.022934201359646522,22.934201359646522
2021-09-22,22.999693294401865,72.60115569230976,0.0020244598387648693,2.0244598387648693
2021-09-23,22.999693294401865,72.60115569230976,0.006502717733326335,6.502717733326335
2021-09-24,22.999693294401865,72.60115569230976,0.0016941934264309566,1.6941934264309566
2021-09-25,22.999693294401865,72.60115569230976,0.0033454921083375666,3.3454921083375666
2021-09-26,22.999693294401865,72.60115569230976,0.009643769264130242,9.643769264130242
2021-09-27,22.999693294401865,72.60115569230976,0.020148158073425293,20.148158073425293
2021-09-28,22.999693294401865,72.60115569230976,0.023281949758427345,23.281949758427345
2021-09-29,22.999693294401865,72.60115569230976,0.039165297937927335,39.165297937927335
2021-09-30,22.999693294401865,72.60115569230976,0.003715562820332252,3.715562820332252
2021-10-01,22.999693294401865,72.60115569230976,0.0006618738174211103,0.6618738174211103
2021-10-02,22.999693294401865,72.60115569230976,0.0001552940752915788,0.1552940752915788
2021-10-03,22.999693294401865,72.60115569230976,6.878524679621023e-05,0.06878524679621023
2021-10-04,22.999693294401865,72.60115569230976,0.00010438263416290283,0.10438263416290283
2021-10-05,22.999693294401865,72.60115569230976,9.51468943526379e-05,0.0951468943526379
2021-10-06,22.999693294401865,72.60115569230976,3.556609154387047e-05,0.03556609154387047
2021-10-07,22.999693294401865,72.60115569230976,0.0008998364210128784,0.8998364210128784
2021-10-08,22.999693294401865,72.60115569230976,0.001256406307220459,1.256406307220459
2021-10-09,22.999693294401865,72.60115569230976,0.0004659593105316162,0.4659593105316162
2021-10-10,22.999693294401865,72.60115569230976,0.0004319101572036743,0.4319101572036743
2021-10-11,22.999693294401865,72.60115569230976,0.0005082789160155698,0.5082789160155698
2021-10-12,22.999693294401865,72.60115569230976,0.00015881955613394894,0.15881955613394894
2021-10-13,22.999693294401865,72.60115569230976,0.0,0.0
2021-10-14,22.999693294401865,72.60115569230976,2.1594590862150653e-06,0.0021594590862150653
2021-10-15,22.999693294401865,72.60115569230976,8.52346317969932e-07,0.000852346317969932
2021-10-16,22.999693294401865,72.60115569230976,0.0,0.0
2021-10-17,22.999693294401865,72.60115569230976,1.7106532936850272e-06,0.0017106532936850272
2021-10-18,22.999693294401865,72.60115569230976,8.702277796146518e-07,0.0008702277796146518
2021-10-19,22.999693294401865,72.60115569230976,1.2993812106287805e-06,0.0012993812106287805
2021-10-20,22.999693294401865,72.60115569230976,0.0,0.0
2021-10-21,22.999693294401865,72.60115569230976,0.0,0.0
2021-10-22,22.999693294401865,72.60115569230976,1.7195939108205494e-06,0.0017195939108205494
2021-10-23,22.999693294401865,72.60115569230976,2.1213293070587724e-05,0.021213293070587724
2021-10-24,22.999693294401865,72.60115569230976,9.37432050704956e-05,0.0937432050704956
2021-10-25,22.999693294401865,72.60115569230976,0.00012502201849429184,0.12502201849429184
2021-10-26,22.999693294401865,72.60115569230976,2.714991467200889e-06,0.002714991467200889
2021-10-27,22.999693294401865,72.60115569230976,8.52346317969932e-07,0.000852346317969932
2021-10-28,22.999693294401865,72.60115569230976,0.0,0.0
2021-10-29,22.999693294401865,72.60115569230976,0.0,0.0
2021-10-30,22.999693294401865,72.60115569230976,8.52346317969932e-07,0.000852346317969932
2021-10-31,22.999693294401865,72.60115569230976,0.0,0.0
2021-11-01,22.999693294401865,72.60115569230976,0.0,0.0
2021-11-02,22.999693294401865,72.60115569230976,1.713645133349928e-06,0.001713645133349928
2021-11-03,22.999693294401865,72.60115569230976,1.7109309169427434e-06,0.0017109309169427434
2021-11-04,22.999693294401865,72.60115569230976,2.592011128399463e-06,0.002592011128399463
2021-11-05,22.999693294401865,72.60115569230976,8.523463748133508e-07,0.0008523463748133508
2021-11-06,22.999693294401865,72.60115569230976,4.261732051702438e-07,0.0004261732051702438
2021-11-07,22.999693294401865,72.60115569230976,1.7203702782353503e-06,0.0017203702782353503
2021-11-08,22.999693294401865,72.60115569230976,1.7093202018259035e-06,0.0017093202018259035
2021-11-09,22.999693294401865,72.60115569230976,1.7069392583834997e-06,0.0017069392583834997
2021-11-10,22.999693294401865,72.60115569230976,1.698316168585734e-06,0.001698316168585734
2021-11-11,22.999693294401865,72.60115569230976,1.7131405911641195e-06,0.0017131405911641195
2021-11-12,22.999693294401865,72.60115569230976,1.2928152841595875e-06,0.0012928152841595875
2021-11-13,22.999693294401865,72.60115569230976,1.7136334804490616e-06,0.0017136334804490616
2021-11-14,22.999693294401865,72.60115569230976,1.284479992591514e-06,0.001284479992591514
2021-11-15,22.999693294401865,72.60115569230976,4.351138045421976e-07,0.0004351138045421976
2021-11-16,22.999693294401865,72.60115569230976,1.2904405366498395e-06,0.0012904405366498395
2021-11-17,22.999693294401865,72.60115569230976,3.236532108985557e-06,0.003236532108985557
2021-11-18,22.999693294401865,72.60115569230976,0.0034769713878581854,3.4769713878581854
2021-11-19,22.999693294401865,72.60115569230976,0.00238450169558746,2.38450169558746
2021-11-20,22.999693294401865,72.60115569230976,2.3186206590253278e-06,0.0023186206590253278
2021-11-21,22.999693294401865,72.60115569230976,4.185355578556482e-06,0.004185355578556482
2021-11-22,22.999693294401865,72.60115569230976,2.6226043644328456e-05,0.026226043644328456
2021-11-23,22.999693294401865,72.60115569230976,8.553266184208042e-07,0.0008553266184208042
2021-11-24,22.999693294401865,72.60115569230976,1.2814997489840607e-06,0.0012814997489840607
2021-11-25,22.999693294401865,72.60115569230976,4.380941049930698e-07,0.0004380941049930698
2021-11-26,22.999693294401865,72.60115569230976,0.0,0.0
2021-11-27,22.999693294401865,72.60115569230976,8.553266184208042e-07,0.0008553266184208042
2021-11-28,22.999693294401865,72.60115569230976,4.368416739453096e-10,4.368416739453096e-07
2021-11-29,22.999693294401865,72.60115569230976,4.351138045421976e-07,0.0004351138045421976
2021-11-30,22.999693294401865,72.60115569230976,0.0007540494203226444,0.7540494203226444
2021-12-01,22.999693294401865,72.60115569230976,0.003573691844849236,3.573691844849236
2021-12-02,22.999693294401865,72.60115569230976,0.0009339690207639251,0.9339690207639251
2021-12-03,22.999693294401865,72.60115569230976,8.52346317969932e-07,0.000852346317969932
2021-12-04,22.999693294401865,72.60115569230976,4.291533514333423e-06,0.004291533514333423
2021-12-05,22.999693294401865,72.60115569230976,0.00027672429405356525,0.27672429405356525
2021-12-06,22.999693294401865,72.60115569230976,1.714108634587319e-06,0.001714108634587319
2021-12-07,22.999693294401865,72.60115569230976,1.7238896816706983e-06,0.0017238896816706983
2021-12-08,22.999693294401865,72.60115569230976,0.0,0.0
2021-12-09,22.999693294401865,72.60115569230976,1.7239907492694329e-06,0.0017239907492694329
2021-12-10,22.999693294401865,72.60115569230976,8.52346317969932e-07,0.000852346317969932
2021-12-11,22.999693294401865,72.60115569230976,1.2874602930423862e-06,0.0012874602930423862
2021-12-12,22.999693294401865,72.60115569230976,0.0,0.0
2021-12-13,22.999693294401865,72.60115569230976,8.553266184208042e-07,0.0008553266184208042
2021-12-14,22.999693294401865,72.60115569230976,2.1636485598719446e-06,0.0021636485598719446
2021-12-15,22.999693294401865,72.60115569230976,4.410743663640915e-07,0.0004410743663640915
2021-12-16,22.999693294401865,72.60115569230976,0.0,0.0
2021-12-17,22.999693294401865,72.60115569230976,4.351138045421976e-07,0.0004351138045421976
2021-12-18,22.999693294401865,72.60115569230976,0.0,0.0
2021-12-19,22.999693294401865,72.60115569230976,0.0,0.0
2021-12-20,22.999693294401865,72.60115569230976,1.2934207802572928e-06,0.0012934207802572928
2021-12-21,22.999693294401865,72.60115569230976,8.583068833445395e-07,0.0008583068833445395
2021-12-22,22.999693294401865,72.60115569230976,4.351138045421976e-07,0.0004351138045421976
2021-12-23,22.999693294401865,72.60115569230976,0.0,0.0
2021-12-24,22.999693294401865,72.60115569230976,8.52346317969932e-07,0.000852346317969932
2021-12-25,22.999693294401865,72.60115569230976,0.0,0.0
2021-12-26,22.999693294401865,72.60115569230976,2.1424626197585894e-06,0.0021424626197585894
2021-12-27,22.999693294401865,72.60115569230976,0.0007664534712148452,0.7664534712148452
2021-12-28,22.999693294401865,72.60115569230976,0.0007984578609416815,0.7984578609416815
2021-12-29,22.999693294401865,72.60115569230976,4.266559567867034e-06,0.004266559567867034
2021-12-30,22.999693294401865,72.60115569230976,1.7151471070064872e-06,0.0017151471070064872
2021-12-31,22.999693294401865,72.60115569230976,1.935958852072872e-05,0.01935958852072872
2022-01-01,22.999693294401865,72.60115569230976,1.7225741544280027e-06,0.0017225741544280027
2022-01-02,22.999693294401865,72.60115569230976,8.642673492431641e-07,0.0008642673492431641
2022-01-03,22.999693294401865,72.60115569230976,1.6901151980164286e-06,0.0016901151980164286
2022-01-04,22.999693294401865,72.60115569230976,0.0,0.0
2022-01-05,22.999693294401865,72.60115569230976,0.0008689314126968384,0.8689314126968384
2022-01-06,22.999693294401865,72.60115569230976,0.004874381422894203,4.874381422894203
2022-01-07,22.999693294401865,72.60115569230976,0.00021513104428549923,0.21513104428549923
2022-01-08,22.999693294401865,72.60115569230976,0.0,0.0
2022-01-09,22.999693294401865,72.60115569230976,8.553266184208042e-07,0.0008553266184208042
2022-01-10,22.999693294401865,72.60115569230976,1.2858445188612677e-06,0.0012858445188612677
2022-01-11,22.999693294401865,72.60115569230976,1.2904404798064206e-06,0.0012904404798064206
2022-01-12,22.999693294401865,72.60115569230976,0.0,0.0
2022-01-13,22.999693294401865,72.60115569230976,1.285171833842469e-06,0.001285171833842469
2022-01-14,22.999693294401865,72.60115569230976,2.142786968306609e-06,0.002142786968306609
2022-01-15,22.999693294401865,72.60115569230976,5.718618467653869e-09,5.718618467653869e-06
2022-01-16,22.999693294401865,72.60115569230976,0.0,0.0
2022-01-17,22.999693294401865,72.60115569230976,2.1401110643637367e-06,0.0021401110643637367
2022-01-18,22.999693294401865,72.60115569230976,1.2878651318715129e-06,0.0012878651318715129
2022-01-19,22.999693294401865,72.60115569230976,0.0,0.0
2022-01-20,22.999693294401865,72.60115569230976,4.410743663640915e-07,0.0004410743663640915
2022-01-21,22.999693294401865,72.60115569230976,0.0001266157735813067,0.1266157735813067
2022-01-22,22.999693294401865,72.60115569230976,0.0004192382097016889,0.4192382097016889
2022-01-23,22.999693294401865,72.60115569230976,0.0,0.0
2022-01-24,22.999693294401865,72.60115569230976,1.704692635939864e-06,0.001704692635939864
2022-01-25,22.999693294401865,72.60115569230976,8.52346317969932e-07,0.000852346317969932
2022-01-26,22.999693294401865,72.60115569230976,0.0,0.0
2022-01-27,22.999693294401865,72.60115569230976,2.5773711627152807e-06,0.0025773711627152807
2022-01-28,22.999693294401865,72.60115569230976,4.0690828839728965e-07,0.00040690828839728965
2022-01-29,22.999693294401865,72.60115569230976,1.2814998058274796e-06,0.0012814998058274796
2022-01-30,22.999693294401865,72.60115569230976,4.351138045421976e-07,0.0004351138045421976
2022-01-31,22.999693294401865,72.60115569230976,1.7285328794969246e-06,0.0017285328794969246
2022-02-01,22.999693294401865,72.60115569230976,8.52346317969932e-07,0.000852346317969932
2022-02-02,22.999693294401865,72.60115569230976,0.0,0.0
2022-02-03,22.999693294401865,72.60115569230976,4.261732051702438e-07,0.0004261732051702438
2022-02-04,22.999693294401865,72.60115569230976,1.2934207802572928e-06,0.0012934207802572928
2022-02-05,22.999693294401865,72.60115569230976,8.52346317969932e-07,0.000852346317969932
2022-02-06,22.999693294401865,72.60115569230976,2.1526329874177463e-06,0.0021526329874177463
2022-02-07,22.999693294401865,72.60115569230976,8.434732876594353e-07,0.0008434732876594353
2022-02-08,22.999693294401865,72.60115569230976,4.351138613856165e-07,0.0004351138613856165
2022-02-09,22.999693294401865,72.60115569230976,3.863035999529529e-06,0.0038630359995295294
2022-02-10,22.999693294401865,72.60115569230976,4.291536193079537e-07,0.0004291536193079537
2022-02-11,22.999693294401865,72.60115569230976,0.0,0.0
2022-02-12,22.999693294401865,72.60115569230976,0.0,0.0
2022-02-13,22.999693294401865,72.60115569230976,2.573267693151138e-06,0.002573267693151138
2022-02-14,22.999693294401865,72.60115569230976,2.570480319263879e-06,0.002570480319263879
2022-02-15,22.999693294401865,72.60115569230976,8.634974619781133e-07,0.0008634974619781133
2022-02-16,22.999693294401865,72.60115569230976,0.0,0.0
2022-02-17,22.999693294401865,72.60115569230976,0.0,0.0
2022-02-18,22.999693294401865,72.60115569230976,0.0,0.0
2022-02-19,22.999693294401865,72.60115569230976,8.615441338122309e-07,0.0008615441338122309
2022-02-20,22.999693294401865,72.60115569230976,4.351138045421976e-07,0.0004351138045421976
2022-02-21,22.999693294401865,72.60115569230976,0.0,0.0
2022-02-22,22.999693294401865,72.60115569230976,1.724633477806492e-06,0.001724633477806492
2022-02-23,22.999693294401865,72.60115569230976,8.70227722771233e-07,0.000870227722771233
2022-02-24,22.999693294401865,72.60115569230976,0.0,0.0
2022-02-25,22.999693294401865,72.60115569230976,8.52346317969932e-07,0.000852346317969932
2022-02-26,22.999693294401865,72.60115569230976,4.351138045421976e-07,0.0004351138045421976
2022-02-27,22.999693294401865,72.60115569230976,8.52346317969932e-07,0.000852346317969932
2022-02-28,22.999693294401865,72.60115569230976,8.702277796146518e-07,0.0008702277796146518
2022-03-01,22.999693294401865,72.60115569230976,0.0,0.0
2022-03-02,22.999693294401865,72.60115569230976,8.612870487922919e-07,0.0008612870487922919
2022-03-03,22.999693294401865,72.60115569230976,1.7225727333425311e-06,0.0017225727333425311
2022-03-04,22.999693294401865,72.60115569230976,1.2874602930423862e-06,0.0012874602930423862
2022-03-05,22.999693294401865,72.60115569230976,1.7225742112714215e-06,0.0017225742112714215
2022-03-06,22.999693294401865,72.60115569230976,4.288553100195713e-06,0.004288553100195713
2022-03-07,22.999693294401865,72.60115569230976,2.157688072657038e-06,0.002157688072657038
2022-03-08,22.999693294401865,72.60115569230976,4.494190216064453e-05,0.04494190216064453
2022-03-09,22.999693294401865,72.60115569230976,2.8393288005190698e-05,0.028393288005190698
2022-03-10,22.999693294401865,72.60115569230976,8.52346317969932e-07,0.000852346317969932
2022-03-11,22.999693294401865,72.60115569230976,8.583068833445395e-07,0.0008583068833445395
2022-03-12,22.999693294401865,72.60115569230976,8.665701329846343e-07,0.0008665701329846343
2022-03-13,22.999693294401865,72.60115569230976,4.351138045421976e-07,0.0004351138045421976
2022-03-14,22.999693294401865,72.60115569230976,1.7256346040994686e-06,0.0017256346040994686
2022-03-15,22.999693294401865,72.60115569230976,0.0,0.0
2022-03-16,22.999693294401865,72.60115569230976,4.351138045421976e-07,0.0004351138045421976
2022-03-17,22.999693294401865,72.60115569230976,8.612870487922919e-07,0.0008612870487922919
2022-03-18,22.999693294401865,72.60115569230976,0.0,0.0
2022-03-19,22.999693294401865,72.60115569230976,8.52346317969932e-07,0.000852346317969932
2022-03-20,22.999693294401865,72.60115569230976,3.010713953699451e-06,0.003010713953699451
2022-03-21,22.999693294401865,72.60115569230976,8.603078072155768e-07,0.0008603078072155768
2022-03-22,22.999693294401865,72.60115569230976,4.351138045421976e-07,0.0004351138045421976
2022-03-23,22.999693294401865,72.60115569230976,1.7195939108205494e-06,0.0017195939108205494
2022-03-24,22.999693294401865,72.60115569230976,1.7252261841349537e-06,0.0017252261841349537
2022-03-25,22.999693294401865,72.60115569230976,1.700730479115009e-06,0.001700730479115009
2022-03-26,22.999693294401865,72.60115569230976,0.0,0.0
2022-03-27,22.999693294401865,72.60115569230976,2.1338461806408304e-06,0.0021338461806408304
2022-03-28,22.999693294401865,72.60115569230976,0.0,0.0
2022-03-29,22.999693294401865,72.60115569230976,8.583068797918258e-07,0.0008583068797918258
2022-03-30,22.999693294401865,72.60115569230976,0.0,0.0
2022-03-31,22.999693294401865,72.60115569230976,0.0,0.0
2022-04-01,22.999693294401865,72.60115569230976,2.5771948344299744e-06,0.0025771948344299744
2022-04-02,22.999693294401865,72.60115569230976,1.2965458040525846e-06,0.0012965458040525846
2022-04-03,22.999693294401865,72.60115569230976,8.52346317969932e-07,0.000852346317969932
2022-04-04,22.999693294401865,72.60115569230976,1.7285328794969246e-06,0.0017285328794969246
2022-04-05,22.999693294401865,72.60115569230976,1.7136334804490616e-06,0.0017136334804490616
2022-04-06,22.999693294401865,72.60115569230976,3.01281619385918e-06,0.00301281619385918
2022-04-07,22.999693294401865,72.60115569230976,4.4321253156454077e-07,0.00044321253156454077
2022-04-08,22.999693294401865,72.60115569230976,0.0,0.0
2022-04-09,22.999693294401865,72.60115569230976,0.0,0.0
2022-04-10,22.999693294401865,72.60115569230976,0.0,0.0
2022-04-11,22.999693294401865,72.60115569230976,8.523463748133508e-07,0.0008523463748133508
2022-04-12,22.999693294401865,72.60115569230976,1.703286557130923e-06,0.001703286557130923
2022-04-13,22.999693294401865,72.60115569230976,0.0,0.0
2022-04-14,22.999693294401865,72.60115569230976,0.0,0.0
2022-04-15,22.999693294401865,72.60115569230976,2.1382859927143727e-06,0.0021382859927143727
2022-04-16,22.999693294401865,72.60115569230976,8.404254003835376e-07,0.0008404254003835376
2022-04-17,22.999693294401865,72.60115569230976,8.52346317969932e-07,0.000852346317969932
2022-04-18,22.999693294401865,72.60115569230976,8.52346317969932e-07,0.000852346317969932
2022-04-19,22.999693294401865,72.60115569230976,4.351138045421976e-07,0.0004351138045421976
2022-04-20,22.999693294401865,72.60115569230976,1.8507241748011438e-06,0.0018507241748011438
2022-04-21,22.999693294401865,72.60115569230976,2.524267233638966e-05,0.02524267233638966
2022-04-22,22.999693294401865,72.60115569230976,8.597827978462647e-07,0.0008597827978462647
2022-04-23,22.999693294401865,72.60115569230976,8.52346317969932e-07,0.000852346317969932
2022-04-24,22.999693294401865,72.60115569230976,5.684341886080802e-14,5.6843418860808015e-11
2022-04-25,22.999693294401865,72.60115569230976,4.351138045421976e-07,0.0004351138045421976
2022-04-26,22.999693294401865,72.60115569230976,2.5581157387932763e-06,0.0025581157387932763
2022-04-27,22.999693294401865,72.60115569230976,1.2874602930423862e-06,0.0012874602930423862
2022-04-28,22.999693294401865,72.60115569230976,8.642673492431641e-07,0.0008642673492431641
2022-04-29,22.999693294401865,72.60115569230976,8.52346317969932e-07,0.000852346317969932
2022-04-30,22.999693294401865,72.60115569230976,8.52346317969932e-07,0.000852346317969932
2022-05-01,22.999693294401865,72.60115569230976,8.672475928506174e-07,0.0008672475928506174
2022-05-02,22.999693294401865,72.60115569230976,0.0,0.0
2022-05-03,22.999693294401865,72.60115569230976,0.0,0.0
2022-05-04,22.999693294401865,72.60115569230976,8.600252847656975e-07,0.0008600252847656975
2022-05-05,22.999693294401865,72.60115569230976,3.7074088368171942e-06,0.0037074088368171942
2022-05-06,22.999693294401865,72.60115569230976,0.0,0.0
2022-05-07,22.999693294401865,72.60115569230976,0.0,0.0
2022-05-08,22.999693294401865,72.60115569230976,1.7106532936850272e-06,0.0017106532936850272
2022-05-09,22.999693294401865,72.60115569230976,8.52346317969932e-07,0.000852346317969932
2022-05-10,22.999693294401865,72.60115569230976,4.410743663640915e-07,0.0004410743663640915
2022-05-11,22.999693294401865,72.60115569230976,1.716613724056515e-06,0.001716613724056515
2022-05-12,22.999693294401865,72.60115569230976,0.0,0.0
2022-05-13,22.999693294401865,72.60115569230976,8.52346317969932e-07,0.000852346317969932
2022-05-14,22.999693294401865,72.60115569230976,1.7195939108205494e-06,0.0017195939108205494
2022-05-15,22.999693294401865,72.60115569230976,4.351138613856165e-07,0.0004351138613856165
2022-05-16,22.999693294401865,72.60115569230976,1.2904404798064206e-06,0.0012904404798064206
2022-05-17,22.999693294401865,72.60115569230976,0.0,0.0
2022-05-18,22.999693294401865,72.60115569230976,8.52346317969932e-07,0.000852346317969932
2022-05-19,22.999693294401865,72.60115569230976,0.0,0.0
2022-05-20,22.999693294401865,72.60115569230976,0.0,0.0
2022-05-21,22.999693294401865,72.60115569230976,2.291798523401667e-06,0.002291798523401667
2022-05-22,22.999693294401865,72.60115569230976,3.445148365699424e-06,0.003445148365699424
2022-05-23,22.999693294401865,72.60115569230976,8.299946728129726e-06,0.008299946728129726
2022-05-24,22.999693294401865,72.60115569230976,8.553261636734533e-07,0.0008553261636734533
2022-05-25,22.999693294401865,72.60115569230976,1.284479992591514e-06,0.001284479992591514
2022-05-26,22.999693294401865,72.60115569230976,4.410743663640915e-07,0.0004410743663640915
2022-05-27,22.999693294401865,72.60115569230976,1.2814998626708984e-06,0.0012814998626708984
2022-05-28,22.999693294401865,72.60115569230976,3.342628468772091e-05,0.03342628468772091
2022-05-29,22.999693294401865,72.60115569230976,1.1183966364569642e-05,0.011183966364569642
2022-05-30,22.999693294401865,72.60115569230976,1.2785216654265241e-06,0.0012785216654265241
2022-05-31,22.999693294401865,72.60115569230976,8.751667337492108e-07,0.0008751667337492108
2022-06-01,22.999693294401865,72.60115569230976,0.0,0.0
2022-06-02,22.999693294401865,72.60115569230976,4.261732051702438e-07,0.0004261732051702438
2022-06-03,22.999693294401865,72.60115569230976,8.583068797918258e-07,0.0008583068797918258
2022-06-04,22.999693294401865,72.60115569230976,2.1448173583848984e-06,0.0021448173583848984
2022-06-05,22.999693294401865,72.60115569230976,8.523463748133508e-07,0.0008523463748133508
2022-06-06,22.999693294401865,72.60115569230976,4.351138045421976e-07,0.0004351138045421976
2022-06-07,22.999693294401865,72.60115569230976,4.351138045421976e-07,0.0004351138045421976
2022-06-08,22.999693294401865,72.60115569230976,4.321634764892224e-05,0.04321634764892224
2022-06-09,22.999693294401865,72.60115569230976,2.143834990420146e-06,0.002143834990420146
2022-06-10,22.999693294401865,72.60115569230976,8.631237733425223e-07,0.0008631237733425223
2022-06-11,22.999693294401865,72.60115569230976,0.00021820871631916816,0.21820871631916816
2022-06-12,22.999693294401865,72.60115569230976,0.0013405889266095983,1.3405889266095983
2022-06-13,22.999693294401865,72.60115569230976,0.0002996116876552435,0.2996116876552435
2022-06-14,22.999693294401865,72.60115569230976,0.0002472162245794607,0.24721622457946069
2022-06-15,22.999693294401865,72.60115569230976,0.0007658630609057582,0.7658630609057582
2022-06-16,22.999693294401865,72.60115569230976,0.0003443807363510132,0.3443807363510132
2022-06-17,22.999693294401865,72.60115569230976,0.0002515673637049076,0.2515673637049076
2022-06-18,22.999693294401865,72.60115569230976,0.0038374641534346665,3.8374641534346665
2022-06-19,22.999693294401865,72.60115569230976,0.0006748948770791685,0.6748948770791685
2022-06-20,22.999693294401865,72.60115569230976,0.0004464387893676758,0.4464387893676758
2022-06-21,22.999693294401865,72.60115569230976,0.0004339367151260376,0.4339367151260376
2022-06-22,22.999693294401865,72.60115569230976,0.0003927588462779852,0.3927588462779852
2022-06-23,22.999693294401865,72.60115569230976,0.00015073418616751155,0.15073418616751155
2022-06-24,22.999693294401865,72.60115569230976,2.4739635364312562e-05,0.024739635364312562
2022-06-25,22.999693294401865,72.60115569230976,2.1517276422855502e-06,0.0021517276422855502
2022-06-26,22.999693294401865,72.60115569230976,0.0007540881632621677,0.7540881632621677
2022-06-27,22.999693294401865,72.60115569230976,0.001503834128374848,1.503834128374848
2022-06-28,22.999693294401865,72.60115569230976,0.0007330358027957118,0.7330358027957118
2022-06-29,22.999693294401865,72.60115569230976,1.2820959000237053e-05,0.012820959000237053
2022-06-30,22.999693294401865,72.60115569230976,0.004532322287559509,4.532322287559509
2022-07-01,22.999693294401865,72.60115569230976,0.004060350732004281,4.060350732004281
2022-07-02,22.999693294401865,72.60115569230976,0.006876140832901001,6.876140832901001
2022-07-03,22.999693294401865,72.60115569230976,0.007963660359280311,7.963660359280311
2022-07-04,22.999693294401865,72.60115569230976,0.009824895858759675,9.824895858759675
2022-07-05,22.999693294401865,72.60115569230976,0.018779044848258764,18.779044848258764
2022-07-06,22.999693294401865,72.60115569230976,0.003773468732731544,3.773468732731544
2022-07-07,22.999693294401865,72.60115569230976,0.010025303072268343,10.025303072268343
2022-07-08,22.999693294401865,72.60115569230976,0.014516137546799257,14.516137546799257
2022-07-09,22.999693294401865,72.60115569230976,0.01712097337360774,17.12097337360774
2022-07-10,22.999693294401865,72.60115569230976,0.008906726225347938,8.906726225347938
2022-07-11,22.999693294401865,72.60115569230976,0.009999021887779236,9.999021887779236
2022-07-12,22.999693294401865,72.60115569230976,0.014404818415584941,14.404818415584941
2022-07-13,22.999693294401865,72.60115569230976,0.012883547293711217,12.883547293711217
2022-07-14,22.999693294401865,72.60115569230976,0.010367193818090925,10.367193818090925
2022-07-15,22.999693294401865,72.60115569230976,0.014795325706185025,14.795325706185025
2022-07-16,22.999693294401865,72.60115569230976,0.001067093014682996,1.067093014682996
2022-07-17,22.999693294401865,72.60115569230976,0.00405780375001541,4.05780375001541
2022-07-18,22.999693294401865,72.60115569230976,0.005502626299858093,5.502626299858093
2022-07-19,22.999693294401865,72.60115569230976,0.014003425836449424,14.003425836449424
2022-07-20,22.999693294401865,72.60115569230976,0.0009077372483830004,0.9077372483830004
2022-07-21,22.999693294401865,72.60115569230976,0.0015621947913473377,1.5621947913473377
2022-07-22,22.999693294401865,72.60115569230976,0.004100641557329254,4.100641557329254
2022-07-23,22.999693294401865,72.60115569230976,0.009105249587776143,9.105249587776143
2022-07-24,22.999693294401865,72.60115569230976,0.009412470159418262,9.412470159418262
2022-07-25,22.999693294401865,72.60115569230976,0.014410892128942976,14.410892128942976
2022-07-26,22.999693294401865,72.60115569230976,0.005089247061675906,5.089247061675906
2022-07-27,22.999693294401865,72.60115569230976,0.0014174520969163495,1.4174520969163495
2022-07-28,22.999693294401865,72.60115569230976,0.000355577468667434,0.355577468667434
2022-07-29,22.999693294401865,72.60115569230976,0.0005422890171757899,0.5422890171757899
2022-07-30,22.999693294401865,72.60115569230976,0.00026486571215400545,0.26486571215400545
2022-07-31,22.999693294401865,72.60115569230976,0.00033375024795034847,0.33375024795034847
2022-08-01,22.999693294401865,72.60115569230976,0.00045049779333794504,0.45049779333794504
2022-08-02,22.999693294401865,72.60115569230976,0.002511397004070659,2.511397004070659
2022-08-03,22.999693294401865,72.60115569230976,0.010582739114756379,10.582739114756379
2022-08-04,22.999693294401865,72.60115569230976,0.016232628636544177,16.232628636544177
2022-08-05,22.999693294401865,72.60115569230976,0.011717072129215467,11.717072129215467
2022-08-06,22.999693294401865,72.60115569230976,0.0039150625466959355,3.9150625466959355
2022-08-07,22.999693294401865,72.60115569230976,0.0008210570710502907,0.8210570710502907
2022-08-08,22.999693294401865,72.60115569230976,0.009266480803489685,9.266480803489685
2022-08-09,22.999693294401865,72.60115569230976,0.012705429420975634,12.705429420975634
2022-08-10,22.999693294401865,72.60115569230976,0.011819952726359162,11.819952726359162
2022-08-11,22.999693294401865,72.60115569230976,0.007440188527102265,7.440188527102265
2022-08-12,22.999693294401865,72.60115569230976,0.007542307177526908,7.542307177526908
2022-08-13,22.999693294401865,72.60115569230976,0.0010570068042916603,1.0570068042916603
2022-08-14,22.999693294401865,72.60115569230976,0.0022133707999500984,2.2133707999500984
2022-08-15,22.999693294401865,72.60115569230976,0.021943595617205602,21.943595617205602
2022-08-16,22.999693294401865,72.60115569230976,0.025865307450203545,25.865307450203545
2022-08-17,22.999693294401865,72.60115569230976,0.008331701159477234,8.331701159477234
2022-08-18,22.999693294401865,72.60115569230976,0.0034410685299803845,3.4410685299803845
2022-08-19,22.999693294401865,72.60115569230976,0.0032197069867834216,3.2197069867834216
2022-08-20,22.999693294401865,72.60115569230976,0.0006010293960230229,0.6010293960230229
2022-08-21,22.999693294401865,72.60115569230976,0.000849569855347454,0.849569855347454
2022-08-22,22.999693294401865,72.60115569230976,0.005764025449764176,5.764025449764176
2022-08-23,22.999693294401865,72.60115569230976,0.010692435502903663,10.692435502903663
2022-08-24,22.999693294401865,72.60115569230976,0.0009958624839327967,0.9958624839327967
2022-08-25,22.999693294401865,72.60115569230976,0.0008795499801586004,0.8795499801586004
2022-08-26,22.999693294401865,72.60115569230976,1.615285873413086e-05,0.01615285873413086
2022-08-27,22.999693294401865,72.60115569230976,0.0006950497627258301,0.6950497627258301
2022-08-28,22.999693294401865,72.60115569230976,4.7856569285187334e-05,0.047856569285187334
2022-08-29,22.999693294401865,72.60115569230976,0.000678718090057373,0.678718090057373
2022-08-30,22.999693294401865,72.60115569230976,0.0003260552882125012,0.3260552882125012
2022-08-31,22.999693294401865,72.60115569230976,7.492279060627993e-05,0.07492279060627993
2022-09-01,22.999693294401865,72.60115569230976,0.005154129862773971,5.154129862773971
2022-09-02,22.999693294401865,72.60115569230976,0.0007926719530928494,0.7926719530928494
2022-09-03,22.999693294401865,72.60115569230976,0.00030631124968749646,0.30631124968749646
2022-09-04,22.999693294401865,72.60115569230976,0.00013432084864462013,0.13432084864462013
2022-09-05,22.999693294401865,72.60115569230976,0.0009108667970281203,0.9108667970281203
2022-09-06,22.999693294401865,72.60115569230976,0.0011894021456555492,1.1894021456555492
2022-09-07,22.999693294401865,72.60115569230976,0.00014272289594785548,0.14272289594785548
2022-09-08,22.999693294401865,72.60115569230976,0.0001089801702960358,0.1089801702960358
2022-09-09,22.999693294401865,72.60115569230976,0.00401990413661224,4.01990413661224
2022-09-10,22.999693294401865,72.60115569230976,0.021633797883986006,21.633797883986006
2022-09-11,22.999693294401865,72.60115569230976,0.00724458268671313,7.24458268671313
2022-09-12,22.999693294401865,72.60115569230976,0.02203109860420227,22.03109860420227
2022-09-13,22.999693294401865,72.60115569230976,0.006056204438095847,6.056204438095847
2022-09-14,22.999693294401865,72.60115569230976,0.009557592868702613,9.557592868702613
2022-09-15,22.999693294401865,72.60115569230976,0.017115993239087857,17.115993239087857
2022-09-16,22.999693294401865,72.60115569230976,0.000789162339970062,0.789162339970062
2022-09-17,22.999693294401865,72.60115569230976,0.0001222292111151546,0.12222921111515461
2022-09-18,22.999693294401865,72.60115569230976,0.0005856841802547308,0.5856841802547308
2022-09-19,22.999693294401865,72.60115569230976,2.7931156182603445e-05,0.027931156182603445
2022-09-20,22.999693294401865,72.60115569230976,2.2038817405700684e-05,0.022038817405700684
2022-09-21,22.999693294401865,72.60115569230976,2.746284008026123e-05,0.02746284008026123
2022-09-22,22.999693294401865,72.60115569230976,1.0523199932777061e-05,0.010523199932777061
2022-09-23,22.999693294401865,72.60115569230976,5.535448786986308e-05,0.05535448786986308
2022-09-24,22.999693294401865,72.60115569230976,7.167713147282484e-05,0.07167713147282484
2022-09-25,22.999693294401865,72.60115569230976,4.351138045421976e-07,0.0004351138045421976
2022-09-26,22.999693294401865,72.60115569230976,0.0004265457390602023,0.4265457390602023
2022-09-27,22.999693294401865,72.60115569230976,0.00047495365142324886,0.47495365142324886
2022-09-28,22.999693294401865,72.60115569230976,0.00012705028050774558,0.12705028050774558
2022-09-29,22.999693294401865,72.60115569230976,0.00016169548024436153,0.16169548024436153
2022-09-30,22.999693294401865,72.60115569230976,1.817941665649414e-06,0.001817941665649414
2022-10-01,22.999693294401865,72.60115569230976,1.6152858393070346e-06,0.0016152858393070346
2022-10-02,22.999693294401865,72.60115569230976,3.3915042877197266e-05,0.033915042877197266
2022-10-03,22.999693294401865,72.60115569230976,1.76370143094573e-05,0.0176370143094573
2022-10-04,22.999693294401865,72.60115569230976,1.7269108525397314e-06,0.0017269108525397314
2022-10-05,22.999693294401865,72.60115569230976,1.700356051514973e-06,0.001700356051514973
2022-10-06,22.999693294401865,72.60115569230976,6.086443240604922e-05,0.06086443240604922
2022-10-07,22.999693294401865,72.60115569230976,0.015317842364311218,15.317842364311218
2022-10-08,22.999693294401865,72.60115569230976,0.007615998387336731,7.615998387336731
2022-10-09,22.999693294401865,72.60115569230976,0.002088743448155128,2.088743448155128
2022-10-10,22.999693294401865,72.60115569230976,0.0008962392806211028,0.8962392806211028
2022-10-11,22.999693294401865,72.60115569230976,0.00014194846153259277,0.14194846153259277
2022-10-12,22.999693294401865,72.60115569230976,8.583068797918258e-07,0.0008583068797918258
2022-10-13,22.999693294401865,72.60115569230976,1.2814998058274796e-06,0.0012814998058274796
2022-10-14,22.999693294401865,72.60115569230976,4.261732051702438e-07,0.0004261732051702438
2022-10-15,22.999693294401865,72.60115569230976,4.33205098460121e-07,0.000433205098460121
2022-10-16,22.999693294401865,72.60115569230976,8.616761419943941e-07,0.0008616761419943941
2022-10-17,22.999693294401865,72.60115569230976,1.2904405366498395e-06,0.0012904405366498395
2022-10-18,22.999693294401865,72.60115569230976,1.2993812106287805e-06,0.0012993812106287805
2022-10-19,22.999693294401865,72.60115569230976,1.7195939676639682e-06,0.0017195939676639682
2022-10-20,22.999693294401865,72.60115569230976,1.7043551565620874e-06,0.0017043551565620874
2022-10-21,22.999693294401865,72.60115569230976,0.0,0.0
2022-10-22,22.999693294401865,72.60115569230976,0.0,0.0
2022-10-23,22.999693294401865,72.60115569230976,4.261732051702438e-07,0.0004261732051702438
2022-10-24,22.999693294401865,72.60115569230976,0.0,0.0
2022-10-25,22.999693294401865,72.60115569230976,1.7284671116613026e-06,0.0017284671116613026
2022-10-26,22.999693294401865,72.60115569230976,0.0,0.0
2022-10-27,22.999693294401865,72.60115569230976,8.561632398595975e-07,0.0008561632398595975
2022-10-28,22.999693294401865,72.60115569230976,8.52346317969932e-07,0.000852346317969932
2022-10-29,22.999693294401865,72.60115569230976,1.2784129808096623e-06,0.0012784129808096623
2022-10-30,22.999693294401865,72.60115569230976,8.583068051848386e-07,0.0008583068051848386
2022-10-31,22.999693294401865,72.60115569230976,8.583068797918258e-07,0.0008583068797918258
2022-11-01,22.999693294401865,72.60115569230976,1.2814998058274796e-06,0.0012814998058274796
2022-11-02,22.999693294401865,72.60115569230976,8.70227722771233e-07,0.000870227722771233
2022-11-03,22.999693294401865,72.60115569230976,8.583068797918258e-07,0.0008583068797918258
2022-11-04,22.999693294401865,72.60115569230976,1.7285346416429093e-06,0.0017285346416429093
2022-11-05,22.999693294401865,72.60115569230976,8.516956881976512e-07,0.0008516956881976512
2022-11-06,22.999693294401865,72.60115569230976,8.542835416847083e-07,0.0008542835416847083
2022-11-07,22.999693294401865,72.60115569230976,4.351138045421976e-07,0.0004351138045421976
2022-11-08,22.999693294401865,72.60115569230976,4.351138045421976e-07,0.0004351138045421976
2022-11-09,22.999693294401865,72.60115569230976,8.562217885810242e-07,0.0008562217885810242
2022-11-10,22.999693294401865,72.60115569230976,0.0,0.0
2022-11-11,22.999693294401865,72.60115569230976,4.351138613856165e-07,0.0004351138613856165
2022-11-12,22.999693294401865,72.60115569230976,2.5689600988698658e-06,0.0025689600988698658
2022-11-13,22.999693294401865,72.60115569230976,4.351138045421976e-07,0.0004351138045421976
2022-11-14,22.999693294401865,72.60115569230976,8.52346317969932e-07,0.000852346317969932
2022-11-15,22.999693294401865,72.60115569230976,0.0,0.0
2022-11-16,22.999693294401865,72.60115569230976,2.1536690724133223e-06,0.0021536690724133223
2022-11-17,22.999693294401865,72.60115569230976,0.0,0.0
2022-11-18,22.999693294401865,72.60115569230976,8.583068797918258e-07,0.0008583068797918258
2022-11-19,22.999693294401865,72.60115569230976,4.351138080949113e-07,0.0004351138080949113
2022-11-20,22.999693294401865,72.60115569230976,0.0,0.0
2022-11-21,22.999693294401865,72.60115569230976,4.351138045421976e-07,0.0004351138045421976
2022-11-22,22.999693294401865,72.60115569230976,0.0,0.0
2022-11-23,22.999693294401865,72.60115569230976,1.716613667213096e-06,0.001716613667213096
2022-11-24,22.999693294401865,72.60115569230976,0.0,0.0
2022-11-25,22.999693294401865,72.60115569230976,1.7097644331443007e-06,0.0017097644331443007
2022-11-26,22.999693294401865,72.60115569230976,9.153552582574775e-09,9.153552582574775e-06
2022-11-27,22.999693294401865,72.60115569230976,4.351138045421976e-07,0.0004351138045421976
2022-11-28,22.999693294401865,72.60115569230976,4.410743663640915e-07,0.0004410743663640915
2022-11-29,22.999693294401865,72.60115569230976,8.614646844762319e-07,0.0008614646844762319
2022-11-30,22.999693294401865,72.60115569230976,4.351138045421976e-07,0.0004351138045421976
2022-12-01,22.999693294401865,72.60115569230976,8.591829896431591e-07,0.0008591829896431591
2022-12-02,22.999693294401865,72.60115569230976,8.583068833445395e-07,0.0008583068833445395
2022-12-03,22.999693294401865,72.60115569230976,0.0,0.0
2022-12-04,22.999693294401865,72.60115569230976,0.0,0.0
2022-12-05,22.999693294401865,72.60115569230976,1.7344950897779654e-06,0.0017344950897779654
2022-12-06,22.999693294401865,72.60115569230976,8.568167118028214e-07,0.0008568167118028214
2022-12-07,22.999693294401865,72.60115569230976,0.0,0.0
2022-12-08,22.999693294401865,72.60115569230976,1.284479992591514e-06,0.001284479992591514
2022-12-09,22.999693294401865,72.60115569230976,0.0,0.0
2022-12-10,22.999693294401865,72.60115569230976,2.1517276422855502e-06,0.0021517276422855502
2022-12-11,22.999693294401865,72.60115569230976,8.70227722771233e-07,0.000870227722771233
2022-12-12,22.999693294401865,72.60115569230976,1.7166130419354886e-06,0.0017166130419354886
2022-12-13,22.999693294401865,72.60115569230976,9.83482095762156e-08,9.83482095762156e-05
2022-12-14,22.999693294401865,72.60115569230976,1.299723237480066e-06,0.001299723237480066
2022-12-15,22.999693294401865,72.60115569230976,7.693206441672373e-06,0.007693206441672373
2022-12-16,22.999693294401865,72.60115569230976,8.553265615773853e-07,0.0008553265615773853
2022-12-17,22.999693294401865,72.60115569230976,1.7199189983330143e-06,0.0017199189983330143
2022-12-18,22.999693294401865,72.60115569230976,2.1457663024193607e-06,0.0021457663024193607
2022-12-19,22.999693294401865,72.60115569230976,4.261732051702438e-07,0.0004261732051702438
2022-12-20,22.999693294401865,72.60115569230976,1.2904404798064206e-06,0.0012904404798064206
2022-12-21,22.999693294401865,72.60115569230976,1.7187232401738584e-06,0.0017187232401738584
2022-12-22,22.999693294401865,72.60115569230976,8.642672923997452e-07,0.0008642672923997452
2022-12-23,22.999693294401865,72.60115569230976,1.2814998058274796e-06,0.0012814998058274796
2022-12-24,22.999693294401865,72.60115569230976,2.1427869114631903e-06,0.0021427869114631903
2022-12-25,22.999693294401865,72.60115569230976,1.7086835555346624e-06,0.0017086835555346624
2022-12-26,22.999693294401865,72.60115569230976,8.523463748133508e-07,0.0008523463748133508
2022-12-27,22.999693294401865,72.60115569230976,8.52346317969932e-07,0.000852346317969932
2022-12-28,22.999693294401865,72.60115569230976,5.684341886080802e-14,5.6843418860808015e-11
2022-12-29,22.999693294401865,72.60115569230976,0.0,0.0
2022-12-30,22.999693294401865,72.60115569230976,4.351138045421976e-07,0.0004351138045421976
2022-12-31,22.999693294401865,72.60115569230976,1.7106532368416083e-06,0.0017106532368416083
2023-01-01,22.999693294401865,72.60115569230976,8.52346317969932e-07,0.000852346317969932
2023-01-02,22.999693294401865,72.60115569230976,4.351138045421976e-07,0.0004351138045421976
2023-01-03,22.999693294401865,72.60115569230976,1.7163231973427173e-06,0.0017163231973427173
2023-01-04,22.999693294401865,72.60115569230976,1.720861632747983e-06,0.001720861632747983
2023-01-05,22.999693294401865,72.60115569230976,1.7106532936850272e-06,0.0017106532936850272
2023-01-06,22.999693294401865,72.60115569230976,8.732079095352674e-07,0.0008732079095352674
2023-01-07,22.999693294401865,72.60115569230976,2.1467194528668188e-06,0.0021467194528668188
2023-01-08,22.999693294401865,72.60115569230976,0.0,0.0
2023-01-09,22.999693294401865,72.60115569230976,1.2904404798064206e-06,0.0012904404798064206
2023-01-10,22.999693294401865,72.60115569230976,4.351138045421976e-07,0.0004351138045421976
2023-01-11,22.999693294401865,72.60115569230976,0.0,0.0
2023-01-12,22.999693294401865,72.60115569230976,0.0,0.0
2023-01-13,22.999693294401865,72.60115569230976,1.7046928064701206e-06,0.0017046928064701206
2023-01-14,22.999693294401865,72.60115569230976,0.0,0.0
2023-01-15,22.999693294401865,72.60115569230976,1.3049809126641776e-06,0.0013049809126641776
2023-01-16,22.999693294401865,72.60115569230976,1.7216834748978727e-06,0.0017216834748978727
2023-01-17,22.999693294401865,72.60115569230976,4.351138045421976e-07,0.0004351138045421976
2023-01-18,22.999693294401865,72.60115569230976,4.261732051702438e-07,0.0004261732051702438
2023-01-19,22.999693294401865,72.60115569230976,1.7106532368416083e-06,0.0017106532368416083
2023-01-20,22.999693294401865,72.60115569230976,1.722275101201376e-06,0.001722275101201376
2023-01-21,22.999693294401865,72.60115569230976,4.351138045421976e-07,0.0004351138045421976
2023-01-22,22.999693294401865,72.60115569230976,0.0,0.0
2023-01-23,22.999693294401865,72.60115569230976,8.612871056357108e-07,0.0008612871056357108
2023-01-24,22.999693294401865,72.60115569230976,4.351138045421976e-07,0.0004351138045421976
2023-01-25,22.999693294401865,72.60115569230976,4.351138045421976e-07,0.0004351138045421976
2023-01-26,22.999693294401865,72.60115569230976,8.536523523616779e-07,0.0008536523523616779
2023-01-27,22.999693294401865,72.60115569230976,8.553265615773853e-07,0.0008553265615773853
2023-01-28,22.999693294401865,72.60115569230976,6.420910352744613e-05,0.06420910352744613
2023-01-29,22.999693294401865,72.60115569230976,0.002907757582136128,2.907757582136128
2023-01-30,22.999693294401865,72.60115569230976,1.2963482163286244e-06,0.0012963482163286244
2023-01-31,22.999693294401865,72.60115569230976,2.574972540969611e-06,0.002574972540969611
2023-02-01,22.999693294401865,72.60115569230976,1.2933428479300346e-06,0.0012933428479300346
2023-02-02,22.999693294401865,72.60115569230976,1.7106532936850272e-06,0.0017106532936850272
2023-02-03,22.999693294401865,72.60115569230976,0.0,0.0
2023-02-04,22.999693294401865,72.60115569230976,0.0,0.0
2023-02-05,22.999693294401865,72.60115569230976,1.267870288756967e-06,0.001267870288756967
2023-02-06,22.999693294401865,72.60115569230976,4.351138045421976e-07,0.0004351138045421976
2023-02-07,22.999693294401865,72.60115569230976,1.7106532936850272e-06,0.0017106532936850272
2023-02-08,22.999693294401865,72.60115569230976,4.261732051702438e-07,0.0004261732051702438
2023-02-09,22.999693294401865,72.60115569230976,1.2814997489840607e-06,0.0012814997489840607
2023-02-10,22.999693294401865,72.60115569230976,8.52346317969932e-07,0.000852346317969932
2023-02-11,22.999693294401865,72.60115569230976,1.1528992445164477e-06,0.0011528992445164477
2023-02-12,22.999693294401865,72.60115569230976,0.0,0.0
2023-02-13,22.999693294401865,72.60115569230976,0.0,0.0
2023-02-14,22.999693294401865,72.60115569230976,8.609598580733291e-07,0.0008609598580733291
2023-02-15,22.999693294401865,72.60115569230976,2.9711448519265105e-06,0.0029711448519265105
2023-02-16,22.999693294401865,72.60115569230976,3.162767825415358e-08,3.162767825415358e-05
2023-02-17,22.999693294401865,72.60115569230976,0.0,0.0
2023-02-18,22.999693294401865,72.60115569230976,2.1583064722108247e-06,0.0021583064722108247
2023-02-19,22.999693294401865,72.60115569230976,1.7306896324953414e-06,0.0017306896324953414
2023-02-20,22.999693294401865,72.60115569230976,0.0,0.0
2023-02-21,22.999693294401865,72.60115569230976,2.57942849657411e-06,0.00257942849657411
2023-02-22,22.999693294401865,72.60115569230976,2.139806667855737e-06,0.002139806667855737
2023-02-23,22.999693294401865,72.60115569230976,1.284479992591514e-06,0.001284479992591514
2023-02-24,22.999693294401865,72.60115569230976,1.716613724056515e-06,0.001716613724056515
2023-02-25,22.999693294401865,72.60115569230976,2.1461837604874745e-06,0.0021461837604874745
2023-02-26,22.999693294401865,72.60115569230976,8.52346317969932e-07,0.000852346317969932
2023-02-27,22.999693294401865,72.60115569230976,8.70227722771233e-07,0.000870227722771233
2023-02-28,22.999693294401865,72.60115569230976,2.5817898290370067e-06,0.0025817898290370067
2023-03-01,22.999693294401865,72.60115569230976,8.583068620282575e-07,0.0008583068620282575
2023-03-02,22.999693294401865,72.60115569230976,0.0,0.0
2023-03-03,22.999693294401865,72.60115569230976,8.52346317969932e-07,0.000852346317969932
2023-03-04,22.999693294401865,72.60115569230976,0.0013960927723815075,1.3960927723815075
2023-03-05,22.999693294401865,72.60115569230976,4.351138045421976e-07,0.0004351138045421976
2023-03-06,22.999693294401865,72.60115569230976,7.686975101250937e-05,0.07686975101250937
2023-03-07,22.999693294401865,72.60115569230976,0.0011894474956193335,1.1894474956193335
2023-03-08,22.999693294401865,72.60115569230976,1.7164804262392863e-06,0.0017164804262392863
2023-03-09,22.999693294401865,72.60115569230976,6.122036211309023e-10,6.122036211309023e-07
2023-03-10,22.999693294401865,72.60115569230976,4.351138045421976e-07,0.0004351138045421976
2023-03-11,22.999693294401865,72.60115569230976,1.3002727996536123e-06,0.0013002727996536123
2023-03-12,22.999693294401865,72.60115569230976,8.70227722771233e-07,0.000870227722771233
2023-03-13,22.999693294401865,72.60115569230976,8.384401439798239e-07,0.0008384401439798239
2023-03-14,22.999693294401865,72.60115569230976,8.52346317969932e-07,0.000852346317969932
2023-03-15,22.999693294401865,72.60115569230976,8.743178199210888e-05,0.08743178199210888
2023-03-16,22.999693294401865,72.60115569230976,0.0010355651378581854,1.0355651378581854
2023-03-17,22.999693294401865,72.60115569230976,0.000916207087186649,0.916207087186649
2023-03-18,22.999693294401865,72.60115569230976,0.0011367556926984435,1.1367556926984435
2023-03-19,22.999693294401865,72.60115569230976,0.0011385709046862758,1.1385709046862758
2023-03-20,22.999693294401865,72.60115569230976,0.000197746101548546,0.197746101548546
2023-03-21,22.999693294401865,72.60115569230976,0.00021594513716038932,0.21594513716038932
2023-03-22,22.999693294401865,72.60115569230976,5.0569936092870194e-05,0.050569936092870194
2023-03-23,22.999693294401865,72.60115569230976,0.0009186774491354299,0.9186774491354299
2023-03-24,22.999693294401865,72.60115569230976,0.00012028806668240577,0.12028806668240577
2023-03-25,22.999693294401865,72.60115569230976,8.643015121378994e-07,0.0008643015121378994
2023-03-26,22.999693294401865,72.60115569230976,8.52346317969932e-07,0.000852346317969932
2023-03-27,22.999693294401865,72.60115569230976,0.0,0.0
2023-03-28,22.999693294401865,72.60115569230976,0.0,0.0
2023-03-29,22.999693294401865,72.60115569230976,9.986758129798545e-06,0.009986758129798545
2023-03-30,22.999693294401865,72.60115569230976,0.00021119415760040283,0.21119415760040283
2023-03-31,22.999693294401865,72.60115569230976,0.0,0.0
2023-04-01,22.999693294401865,72.60115569230976,8.597733867077295e-07,0.0008597733867077295
2023-04-02,22.999693294401865,72.60115569230976,2.5710543063439673e-06,0.0025710543063439673
2023-04-03,22.999693294401865,72.60115569230976,1.7031849779414188e-06,0.0017031849779414188
2023-04-04,22.999693294401865,72.60115569230976,0.00010085105895996094,0.10085105895996094
2023-04-05,22.999693294401865,72.60115569230976,2.8312206268310547e-06,0.0028312206268310547
2023-04-06,22.999693294401865,72.60115569230976,5.114078419410362e-06,0.005114078419410362
2023-04-07,22.999693294401865,72.60115569230976,3.2537230538309814e-05,0.032537230538309814
2023-04-08,22.999693294401865,72.60115569230976,2.143951348898554e-06,0.002143951348898554
2023-04-09,22.999693294401865,72.60115569230976,1.2814997489840607e-06,0.0012814997489840607
2023-04-10,22.999693294401865,72.60115569230976,8.52346317969932e-07,0.000852346317969932
2023-04-11,22.999693294401865,72.60115569230976,3.004073732881807e-06,0.003004073732881807
2023-04-12,22.999693294401865,72.60115569230976,-1.1921656550839543e-08,-1.1921656550839543e-05
2023-04-13,22.999693294401865,72.60115569230976,0.0,0.0
2023-04-14,22.999693294401865,72.60115569230976,4.351138045421976e-07,0.0004351138045421976
2023-04-15,22.999693294401865,72.60115569230976,1.291331386710226e-06,0.001291331386710226
2023-04-16,22.999693294401865,72.60115569230976,8.425147370871855e-07,0.0008425147370871855
2023-04-17,22.999693294401865,72.60115569230976,1.7131263234659855e-06,0.0017131263234659855
2023-04-18,22.999693294401865,72.60115569230976,1.7224063526555256e-06,0.0017224063526555256
2023-04-19,22.999693294401865,72.60115569230976,2.9981394106926018e-05,0.029981394106926018
2023-04-20,22.999693294401865,72.60115569230976,0.00018446147441864014,0.18446147441864014
2023-04-21,22.999693294401865,72.60115569230976,0.0,0.0
2023-04-22,22.999693294401865,72.60115569230976,0.0,0.0
2023-04-23,22.999693294401865,72.60115569230976,0.0,0.0
2023-04-24,22.999693294401865,72.60115569230976,1.704692635939864e-06,0.001704692635939864
2023-04-25,22.999693294401865,72.60115569230976,1.2830369655603135e-06,0.0012830369655603135
2023-04-26,22.999693294401865,72.60115569230976,0.004428938031196594,4.428938031196594
2023-04-27,22.999693294401865,72.60115569230976,8.642673492431641e-07,0.0008642673492431641
2023-04-28,22.999693294401865,72.60115569230976,0.0002516686915328137,0.2516686915328137
2023-04-29,22.999693294401865,72.60115569230976,0.0026795178646352724,2.6795178646352724
2023-04-30,22.999693294401865,72.60115569230976,0.0009312093257562992,0.9312093257562992
2023-05-01,22.999693294401865,72.60115569230976,5.5771254267256154e-05,0.055771254267256154
2023-05-02,22.999693294401865,72.60115569230976,0.0003019154071353114,0.3019154071353114
2023-05-03,22.999693294401865,72.60115569230976,0.0018334388732910156,1.8334388732910156
2023-05-04,22.999693294401865,72.60115569230976,0.0011336445808360907,1.1336445808360907
2023-05-05,22.999693294401865,72.60115569230976,9.078060588763037e-05,0.09078060588763037
2023-05-06,22.999693294401865,72.60115569230976,7.146000861624202e-05,0.07146000861624202
2023-05-07,22.999693294401865,72.60115569230976,1.3947486863230552e-06,0.0013947486863230552
2023-05-08,22.999693294401865,72.60115569230976,8.583068797918258e-07,0.0008583068797918258
2023-05-09,22.999693294401865,72.60115569230976,8.587039239671412e-07,0.0008587039239671412
2023-05-10,22.999693294401865,72.60115569230976,8.52346317969932e-07,0.000852346317969932
2023-05-11,22.999693294401865,72.60115569230976,4.351138045421976e-07,0.0004351138045421976
2023-05-12,22.999693294401865,72.60115569230976,2.580881073299679e-06,0.002580881073299679
2023-05-13,22.999693294401865,72.60115569230976,8.523463925769192e-07,0.0008523463925769192
2023-05-14,22.999693294401865,72.60115569230976,0.0,0.0
2023-05-15,22.999693294401865,72.60115569230976,1.7195939108205494e-06,0.0017195939108205494
2023-05-16,22.999693294401865,72.60115569230976,3.421306644213473e-06,0.003421306644213473
2023-05-17,22.999693294401865,72.60115569230976,1.7225740975845838e-06,0.0017225740975845838
2023-05-18,22.999693294401865,72.60115569230976,0.0,0.0
2023-05-19,22.999693294401865,72.60115569230976,0.0,0.0
2023-05-20,22.999693294401865,72.60115569230976,0.0,0.0
2023-05-21,22.999693294401865,72.60115569230976,0.0,0.0
2023-05-22,22.999693294401865,72.60115569230976,8.583068797918258e-07,0.0008583068797918258
2023-05-23,22.999693294401865,72.60115569230976,8.523463748133508e-07,0.0008523463748133508
2023-05-24,22.999693294401865,72.60115569230976,1.717660381927999e-06,0.001717660381927999
2023-05-25,22.999693294401865,72.60115569230976,4.3213367462158203e-07,0.00043213367462158203
2023-05-26,22.999693294401865,72.60115569230976,0.0005200862882475121,0.5200862882475121
2023-05-27,22.999693294401865,72.60115569230976,2.7269123847872834e-06,0.0027269123847872834
2023-05-28,22.999693294401865,72.60115569230976,0.0012552554259741555,1.2552554259741555
2023-05-29,22.999693294401865,72.60115569230976,0.00011298060417175293,0.11298060417175293
2023-05-30,22.999693294401865,72.60115569230976,0.0005048036574635262,0.5048036574635262
2023-05-31,22.999693294401865,72.60115569230976,0.0,0.0
2023-06-01,22.999693294401865,72.60115569230976,8.583068797918258e-07,0.0008583068797918258
2023-06-02,22.999693294401865,72.60115569230976,3.126090376781576e-05,0.03126090376781576
2023-06-03,22.999693294401865,72.60115569230976,2.6553868224254984e-06,0.0026553868224254984
2023-06-04,22.999693294401865,72.60115569230976,1.2814998058274796e-06,0.0012814998058274796
2023-06-05,22.999693294401865,72.60115569230976,8.52346317969932e-07,0.000852346317969932
2023-06-06,22.999693294401865,72.60115569230976,8.608316655056569e-07,0.0008608316655056569
2023-06-07,22.999693294401865,72.60115569230976,1.716613667213096e-06,0.001716613667213096
2023-06-08,22.999693294401865,72.60115569230976,8.52346317969932e-07,0.000852346317969932
2023-06-09,22.999693294401865,72.60115569230976,2.5749205860847724e-06,0.0025749205860847724
2023-06-10,22.999693294401865,72.60115569230976,6.344520897982875e-06,0.006344520897982875
2023-06-11,22.999693294401865,72.60115569230976,0.00021281838417053223,0.21281838417053223
2023-06-12,22.999693294401865,72.60115569230976,0.00025182366370657405,0.25182366370657405
2023-06-13,22.999693294401865,72.60115569230976,0.0010520339868484996,1.0520339868484996
2023-06-14,22.999693294401865,72.60115569230976,0.0015205062724135132,1.5205062724135132
2023-06-15,22.999693294401865,72.60115569230976,0.004912723039922184,4.912723039922184
2023-06-16,22.999693294401865,72.60115569230976,0.0020964995285339683,2.0964995285339683
2023-06-17,22.999693294401865,72.60115569230976,0.0006297880599959171,0.6297880599959171
2023-06-18,22.999693294401865,72.60115569230976,0.0006662309169769287,0.6662309169769287
2023-06-19,22.999693294401865,72.60115569230976,0.0016728639602661133,1.6728639602661133
2023-06-20,22.999693294401865,72.60115569230976,8.656605473333912e-06,0.008656605473333912
2023-06-21,22.999693294401865,72.60115569230976,3.944635381003536e-05,0.03944635381003536
2023-06-22,22.999693294401865,72.60115569230976,7.266912956538363e-05,0.07266912956538363
2023-06-23,22.999693294401865,72.60115569230976,4.877027834027103e-06,0.004877027834027103
2023-06-24,22.999693294401865,72.60115569230976,0.016987109184185556,16.987109184185556
2023-06-25,22.999693294401865,72.60115569230976,0.009948108248977405,9.948108248977405
2023-06-26,22.999693294401865,72.60115569230976,0.029833466009108633,29.833466009108633
2023-06-27,22.999693294401865,72.60115569230976,0.011597031354899201,11.597031354899201
2023-06-28,22.999693294401865,72.60115569230976,0.0028508841991374823,2.8508841991374823
2023-06-29,22.999693294401865,72.60115569230976,0.03596592545505928,35.96592545505928
2023-06-30,22.999693294401865,72.60115569230976,0.016826466371696824,16.826466371696824
2023-07-01,22.999693294401865,72.60115569230976,0.02311191201961904,23.11191201961904
2023-07-02,22.999693294401865,72.60115569230976,0.0011115074157714844,1.1115074157714844
2023-07-03,22.999693294401865,72.60115569230976,0.00078119337553062,0.78119337553062
2023-07-04,22.999693294401865,72.60115569230976,0.001131179928677284,1.131179928677284
2023-07-05,22.999693294401865,72.60115569230976,0.00751620531076469,7.51620531076469
2023-07-06,22.999693294401865,72.60115569230976,0.012740927934601132,12.740927934601132
2023-07-07,22.999693294401865,72.60115569230976,0.009314897656338417,9.314897656338417
2023-07-08,22.999693294401865,72.60115569230976,0.0076923324686966055,7.6923324686966055
2023-07-09,22.999693294401865,72.60115569230976,0.02294676415030139,22.94676415030139
2023-07-10,22.999693294401865,72.60115569230976,0.009207308920508694,9.207308920508694
2023-07-11,22.999693294401865,72.60115569230976,0.002380920140296894,2.380920140296894
2023-07-12,22.999693294401865,72.60115569230976,0.0008926395631760897,0.8926395631760897
2023-07-13,22.999693294401865,72.60115569230976,0.0005822173959586507,0.5822173959586507
2023-07-14,22.999693294401865,72.60115569230976,0.0023539900779674383,2.3539900779674383
2023-07-15,22.999693294401865,72.60115569230976,0.0012441277503967285,1.2441277503967285
2023-07-16,22.999693294401865,72.60115569230976,0.001900985836982727,1.900985836982727
2023-07-17,22.999693294401865,72.60115569230976,0.0022903114556243054,2.2903114556243054
2023-07-18,22.999693294401865,72.60115569230976,0.003077643776180139,3.077643776180139
2023-07-19,22.999693294401865,72.60115569230976,0.02572771591644596,25.72771591644596
2023-07-20,22.999693294401865,72.60115569230976,0.015691314006517132,15.691314006517132
2023-07-21,22.999693294401865,72.60115569230976,0.015618261694804403,15.618261694804403
2023-07-22,22.999693294401865,72.60115569230976,0.04572579860683845,45.72579860683845
2023-07-23,22.999693294401865,72.60115569230976,0.03048619627941207,30.48619627941207
2023-07-24,22.999693294401865,72.60115569230976,0.011686453223227034,11.686453223227034
2023-07-25,22.999693294401865,72.60115569230976,0.013641379291129851,13.641379291129851
2023-07-26,22.999693294401865,72.60115569230976,0.0008807630384808363,0.8807630384808363
2023-07-27,22.999693294401865,72.60115569230976,0.014044010639189253,14.044010639189253
2023-07-28,22.999693294401865,72.60115569230976,0.002188652753829956,2.188652753829956
2023-07-29,22.999693294401865,72.60115569230976,0.004080043197177474,4.080043197177474
2023-07-30,22.999693294401865,72.60115569230976,0.0011053532361984253,1.1053532361984253
2023-07-31,22.999693294401865,72.60115569230976,0.0025008499621890223,2.5008499621890223
2023-08-01,22.999693294401865,72.60115569230976,0.0032896337385750485,3.2896337385750485
2023-08-02,22.999693294401865,72.60115569230976,0.0020630776882057944,2.0630776882057944
2023-08-03,22.999693294401865,72.60115569230976,0.0018648833035399548,1.8648833035399548
2023-08-04,22.999693294401865,72.60115569230976,0.0019997149705837103,1.9997149705837103
2023-08-05,22.999693294401865,72.60115569230976,0.0017528921365688177,1.7528921365688177
2023-08-06,22.999693294401865,72.60115569230976,0.0012020617723464966,1.2020617723464966
2023-08-07,22.999693294401865,72.60115569230976,0.0009569048881417075,0.9569048881417075
2023-08-08,22.999693294401865,72.60115569230976,0.0007775367509452735,0.7775367509452735
2023-08-09,22.999693294401865,72.60115569230976,0.0013750695115959388,1.3750695115959388
2023-08-10,22.999693294401865,72.60115569230976,0.0020856201648484785,2.0856201648484785
2023-08-11,22.999693294401865,72.60115569230976,0.001577460765837202,1.577460765837202
2023-08-12,22.999693294401865,72.60115569230976,0.0016690880060146185,1.6690880060146185
2023-08-13,22.999693294401865,72.60115569230976,0.0009459406136897996,0.9459406136897996
2023-08-14,22.999693294401865,72.60115569230976,0.0007813721895217896,0.7813721895217896
2023-08-15,22.999693294401865,72.60115569230976,0.0010731667280197144,1.0731667280197144
2023-08-16,22.999693294401865,72.60115569230976,0.0005849599838256836,0.5849599838256836
2023-08-17,22.999693294401865,72.60115569230976,0.0009779632091522217,0.9779632091522217
2023-08-18,22.999693294401865,72.60115569230976,0.0003507286310195923,0.3507286310195923
2023-08-19,22.999693294401865,72.60115569230976,0.01088133454322815,10.88133454322815
2023-08-20,22.999693294401865,72.60115569230976,0.011717829108192745,11.717829108192745
2023-08-21,22.999693294401865,72.60115569230976,0.001127204298882134,1.127204298882134
2023-08-22,22.999693294401865,72.60115569230976,0.0009043544529845349,0.9043544529845349
2023-08-23,22.999693294401865,72.60115569230976,0.0008224783706509697,0.8224783706509697
2023-08-24,22.999693294401865,72.60115569230976,0.0005637564578364618,0.5637564578364618
2023-08-25,22.999693294401865,72.60115569230976,0.00038105249404907227,0.38105249404907227
2023-08-26,22.999693294401865,72.60115569230976,0.0004271388053780356,0.4271388053780356
2023-08-27,22.999693294401865,72.60115569230976,0.000566527247428894,0.566527247428894
2023-08-28,22.999693294401865,72.60115569230976,0.0003739893436431885,0.3739893436431885
2023-08-29,22.999693294401865,72.60115569230976,0.0003395199775582114,0.3395199775582114
2023-08-30,22.999693294401865,72.60115569230976,0.00012303950808245645,0.12303950808245645
2023-08-31,22.999693294401865,72.60115569230976,2.877712239524044e-05,0.02877712239524044
2023-09-01,22.999693294401865,72.60115569230976,1.5903497114777565e-05,0.015903497114777565
2023-09-02,22.999693294401865,72.60115569230976,2.3640145286663028e-05,0.023640145286663028
2023-09-03,22.999693294401865,72.60115569230976,0.00013475418080588497,0.13475418080588497
2023-09-04,22.999693294401865,72.60115569230976,2.142786968306609e-06,0.002142786968306609
2023-09-05,22.999693294401865,72.60115569230976,0.0,0.0
2023-09-06,22.999693294401865,72.60115569230976,0.0001729428768157959,0.1729428768157959
2023-09-07,22.999693294401865,72.60115569230976,0.005948054790394508,5.948054790394508
2023-09-08,22.999693294401865,72.60115569230976,0.0007338374853134155,0.7338374853134155
2023-09-09,22.999693294401865,72.60115569230976,9.277462936552183e-06,0.009277462936552183
2023-09-10,22.999693294401865,72.60115569230976,2.2695054667565273e-05,0.022695054667565273
2023-09-11,22.999693294401865,72.60115569230976,0.0001577729073574119,0.1577729073574119
2023-09-12,22.999693294401865,72.60115569230976,3.4615397453308105e-05,0.034615397453308105
2023-09-13,22.999693294401865,72.60115569230976,0.0001536786555220715,0.1536786555220715
2023-09-14,22.999693294401865,72.60115569230976,0.0006340235470929656,0.6340235470929656
2023-09-15,22.999693294401865,72.60115569230976,0.00013134777545786847,0.13134777545786847
2023-09-16,22.999693294401865,72.60115569230976,0.014783650636672974,14.783650636672974
2023-09-17,22.999693294401865,72.60115569230976,0.06007775962342521,60.07775962342521
2023-09-18,22.999693294401865,72.60115569230976,0.12677361071109772,126.77361071109772
2023-09-19,22.999693294401865,72.60115569230976,0.00809029638766745,8.09029638766745
2023-09-20,22.999693294401865,72.60115569230976,0.002188265323638916,2.188265323638916
2023-09-21,22.999693294401865,72.60115569230976,0.00013131201257010616,0.13131201257010616
2023-09-22,22.999693294401865,72.60115569230976,0.002046042680717619,2.046042680717619
2023-09-23,22.999693294401865,72.60115569230976,0.00074729323387146,0.74729323387146
2023-09-24,22.999693294401865,72.60115569230976,0.004754289984703064,4.754289984703064
2023-09-25,22.999693294401865,72.60115569230976,0.005366220955352219,5.366220955352219
2023-09-26,22.999693294401865,72.60115569230976,0.0004219353198955389,0.4219353198955389
2023-09-27,22.999693294401865,72.60115569230976,0.007200583815574646,7.200583815574646
2023-09-28,22.999693294401865,72.60115569230976,0.0034515410661697388,3.4515410661697388
2023-09-29,22.999693294401865,72.60115569230976,8.243322326961788e-06,0.008243322326961788
2023-09-30,22.999693294401865,72.60115569230976,1.71262911408121e-06,0.00171262911408121
2023-10-01,22.999693294401865,72.60115569230976,4.467606977698324e-07,0.0004467606977698324
2023-10-02,22.999693294401865,72.60115569230976,0.0,0.0
2023-10-03,22.999693294401865,72.60115569230976,1.7344801790386555e-06,0.0017344801790386555
2023-10-04,22.999693294401865,72.60115569230976,0.0,0.0
2023-10-05,22.999693294401865,72.60115569230976,1.7106532936850272e-06,0.0017106532936850272
2023-10-06,22.999693294401865,72.60115569230976,6.9141387939453125e-06,0.0069141387939453125
2023-10-07,22.999693294401865,72.60115569230976,8.642673492431641e-07,0.0008642673492431641
2023-10-08,22.999693294401865,72.60115569230976,8.584349870943697e-07,0.0008584349870943697
2023-10-09,22.999693294401865,72.60115569230976,8.52346317969932e-07,0.000852346317969932
2023-10-10,22.999693294401865,72.60115569230976,1.728812890178233e-06,0.001728812890178233
2023-10-11,22.999693294401865,72.60115569230976,0.0,0.0
2023-10-12,22.999693294401865,72.60115569230976,8.52346317969932e-07,0.000852346317969932
2023-10-13,22.999693294401865,72.60115569230976,1.7291212657255528e-06,0.0017291212657255528
2023-10-14,22.999693294401865,72.60115569230976,1.716613724056515e-06,0.001716613724056515
2023-10-15,22.999693294401865,72.60115569230976,1.2755393754559918e-06,0.0012755393754559918
2023-10-16,22.999693294401865,72.60115569230976,8.606480470518818e-07,0.0008606480470518818
2023-10-17,22.999693294401865,72.60115569230976,1.7225741544280027e-06,0.0017225741544280027
2023-10-18,22.999693294401865,72.60115569230976,2.562998815847095e-06,0.002562998815847095
2023-10-19,22.999693294401865,72.60115569230976,1.7225741544280027e-06,0.0017225741544280027
2023-10-20,22.999693294401865,72.60115569230976,1.7116729509325523e-06,0.0017116729509325523
2023-10-21,22.999693294401865,72.60115569230976,1.2860662650382437e-06,0.0012860662650382437
2023-10-22,22.999693294401865,72.60115569230976,0.0,0.0
2023-10-23,22.999693294401865,72.60115569230976,4.577636616431846e-06,0.004577636616431846
2023-10-24,22.999693294401865,72.60115569230976,1.710653371844728e-06,0.001710653371844728
2023-10-25,22.999693294401865,72.60115569230976,4.351138613856165e-07,0.0004351138613856165
2023-10-26,22.999693294401865,72.60115569230976,1.2874602361989673e-06,0.0012874602361989673
2023-10-27,22.999693294401865,72.60115569230976,1.7195939676639682e-06,0.0017195939676639682
2023-10-28,22.999693294401865,72.60115569230976,1.033356511470629e-09,1.033356511470629e-06
2023-10-29,22.999693294401865,72.60115569230976,1.2646932532334176e-06,0.0012646932532334176
2023-10-30,22.999693294401865,72.60115569230976,1.716028918963275e-06,0.001716028918963275
2023-10-31,22.999693294401865,72.60115569230976,1.2814997489840607e-06,0.0012814997489840607
2023-11-01,22.999693294401865,72.60115569230976,1.7180245777126402e-06,0.0017180245777126402
2023-11-02,22.999693294401865,72.60115569230976,2.5716951199683535e-06,0.0025716951199683535
2023-11-03,22.999693294401865,72.60115569230976,-8.696304121258436e-09,-8.696304121258436e-06
2023-11-04,22.999693294401865,72.60115569230976,3.4391878216410987e-06,0.0034391878216410987
2023-11-05,22.999693294401865,72.60115569230976,1.7089405446313322e-06,0.0017089405446313322
2023-11-06,22.999693294401865,72.60115569230976,1.7249962525056617e-06,0.0017249962525056617
2023-11-07,22.999693294401865,72.60115569230976,0.0,0.0
2023-11-08,22.999693294401865,72.60115569230976,3.4363210943411104e-06,0.0034363210943411104
2023-11-09,22.999693294401865,72.60115569230976,8.492522169945005e-07,0.0008492522169945005
2023-11-10,22.999693294401865,72.60115569230976,0.0,0.0
2023-11-11,22.999693294401865,72.60115569230976,3.010032742167823e-06,0.003010032742167823
2023-11-12,22.999693294401865,72.60115569230976,0.0,0.0
2023-11-13,22.999693294401865,72.60115569230976,1.727127028061659e-06,0.001727127028061659
2023-11-14,22.999693294401865,72.60115569230976,0.0,0.0
2023-11-15,22.999693294401865,72.60115569230976,8.583068797918258e-07,0.0008583068797918258
2023-11-16,22.999693294401865,72.60115569230976,1.7265305700675526e-06,0.0017265305700675526
2023-11-17,22.999693294401865,72.60115569230976,1.7136334236056427e-06,0.0017136334236056427
2023-11-18,22.999693294401865,72.60115569230976,4.351138045421976e-07,0.0004351138045421976
2023-11-19,22.999693294401865,72.60115569230976,2.5857789296424016e-06,0.0025857789296424016
2023-11-20,22.999693294401865,72.60115569230976,8.70227722771233e-07,0.000870227722771233
2023-11-21,22.999693294401865,72.60115569230976,4.351138045421976e-07,0.0004351138045421976
2023-11-22,22.999693294401865,72.60115569230976,1.7225742112714215e-06,0.0017225742112714215
2023-11-23,22.999693294401865,72.60115569230976,8.583068797918258e-07,0.0008583068797918258
2023-11-24,22.999693294401865,72.60115569230976,8.523463748133508e-07,0.0008523463748133508
2023-11-25,22.999693294401865,72.60115569230976,0.0,0.0
2023-11-26,22.999693294401865,72.60115569230976,0.07023025453088394,70.23025453088394
2023-11-27,22.999693294401865,72.60115569230976,0.0008375847424986205,0.8375847424986205
2023-11-28,22.999693294401865,72.60115569230976,1.6781687634193077e-05,0.016781687634193077
2023-11-29,22.999693294401865,72.60115569230976,0.00011435747137511498,0.11435747137511498
2023-11-30,22.999693294401865,72.60115569230976,3.007054328918457e-05,0.03007054328918457
2023-12-01,22.999693294401865,72.60115569230976,0.0001781642434934838,0.1781642434934838
2023-12-02,22.999693294401865,72.60115569230976,7.24494457244873e-05,0.0724494457244873
2023-12-03,22.999693294401865,72.60115569230976,0.000375211238861084,0.375211238861084
2023-12-04,22.999693294401865,72.60115569230976,0.00010603666305541992,0.10603666305541992
2023-12-05,22.999693294401865,72.60115569230976,4.351138045421976e-07,0.0004351138045421976
2023-12-06,22.999693294401865,72.60115569230976,0.0001437067985534668,0.1437067985534668
2023-12-07,22.999693294401865,72.60115569230976,0.0,0.0
2023-12-08,22.999693294401865,72.60115569230976,2.780962972792622e-06,0.002780962972792622
2023-12-09,22.999693294401865,72.60115569230976,0.0,0.0
2023-12-10,22.999693294401865,72.60115569230976,2.5560521521583723e-06,0.0025560521521583723
2023-12-11,22.999693294401865,72.60115569230976,8.52346317969932e-07,0.000852346317969932
2023-12-12,22.999693294401865,72.60115569230976,1.7106532368416083e-06,0.0017106532368416083
2023-12-13,22.999693294401865,72.60115569230976,8.52346317969932e-07,0.000852346317969932
2023-12-14,22.999693294401865,72.60115569230976,8.52346317969932e-07,0.000852346317969932
2023-12-15,22.999693294401865,72.60115569230976,1.7106532368416083e-06,0.0017106532368416083
2023-12-16,22.999693294401865,72.60115569230976,8.52346317969932e-07,0.000852346317969932
2023-12-17,22.999693294401865,72.60115569230976,1.7106532936850272e-06,0.0017106532936850272
2023-12-18,22.999693294401865,72.60115569230976,1.7046928064701206e-06,0.0017046928064701206
2023-12-19,22.999693294401865,72.60115569230976,0.0,0.0
2023-12-20,22.999693294401865,72.60115569230976,4.261732051702438e-07,0.0004261732051702438
2023-12-21,22.999693294401865,72.60115569230976,0.0,0.0
2023-12-22,22.999693294401865,72.60115569230976,6.3359736373058695e-06,0.0063359736373058695
2023-12-23,22.999693294401865,72.60115569230976,1.7106532936850272e-06,0.0017106532936850272
2023-12-24,22.999693294401865,72.60115569230976,1.2905774724458752e-06,0.0012905774724458752
2023-12-25,22.999693294401865,72.60115569230976,8.52346317969932e-07,0.000852346317969932
2023-12-26,22.999693294401865,72.60115569230976,2.58088101645626e-06,0.00258088101645626
2023-12-27,22.999693294401865,72.60115569230976,8.52346317969932e-07,0.000852346317969932
2023-12-28,22.999693294401865,72.60115569230976,0.0,0.0
2023-12-29,22.999693294401865,72.60115569230976,8.52346317969932e-07,0.000852346317969932
2023-12-30,22.999693294401865,72.60115569230976,0.0,0.0
2023-12-31,22.999693294401865,72.60115569230976,8.583068797918258e-07,0.0008583068797918258
2024-01-01,22.999693294401865,72.60115569230976,8.52346317969932e-07,0.000852346317969932
2024-01-02,22.999693294401865,72.60115569230976,2.5868415605145856e-06,0.0025868415605145856
2024-01-03,22.999693294401865,72.60115569230976,1.716613667213096e-06,0.001716613667213096
2024-01-04,22.999693294401865,72.60115569230976,5.684341886080802e-14,5.6843418860808015e-11
2024-01-05,22.999693294401865,72.60115569230976,0.0,0.0
2024-01-06,22.999693294401865,72.60115569230976,8.523463748133508e-07,0.0008523463748133508
2024-01-07,22.999693294401865,72.60115569230976,4.351138613856165e-07,0.0004351138613856165
2024-01-08,22.999693294401865,72.60115569230976,0.0003219783306072088,0.3219783306072088
2024-01-09,22.999693294401865,72.60115569230976,0.00040944487335536905,0.40944487335536905
2024-01-10,22.999693294401865,72.60115569230976,1.713631718303077e-06,0.001713631718303077
2024-01-11,22.999693294401865,72.60115569230976,0.0,0.0
2024-01-12,22.999693294401865,72.60115569230976,0.0,0.0
2024-01-13,22.999693294401865,72.60115569230976,0.0,0.0
2024-01-14,22.999693294401865,72.60115569230976,8.642672923997452e-07,0.0008642672923997452
2024-01-15,22.999693294401865,72.60115569230976,0.0,0.0
2024-01-16,22.999693294401865,72.60115569230976,8.523463748133508e-07,0.0008523463748133508
2024-01-17,22.999693294401865,72.60115569230976,4.351138045421976e-07,0.0004351138045421976
2024-01-18,22.999693294401865,72.60115569230976,4.410743663640915e-07,0.0004410743663640915
2024-01-19,22.999693294401865,72.60115569230976,0.0,0.0
2024-01-20,22.999693294401865,72.60115569230976,0.0,0.0
2024-01-21,22.999693294401865,72.60115569230976,0.0,0.0
2024-01-22,22.999693294401865,72.60115569230976,1.7236881717508368e-06,0.0017236881717508368
2024-01-23,22.999693294401865,72.60115569230976,8.583068797918258e-07,0.0008583068797918258
2024-01-24,22.999693294401865,72.60115569230976,0.0,0.0
2024-01-25,22.999693294401865,72.60115569230976,8.523463748133508e-07,0.0008523463748133508
2024-01-26,22.999693294401865,72.60115569230976,0.0,0.0
2024-01-27,22.999693294401865,72.60115569230976,0.0,0.0
2024-01-28,22.999693294401865,72.60115569230976,4.351138045421976e-07,0.0004351138045421976
2024-01-29,22.999693294401865,72.60115569230976,2.142786968306609e-06,0.002142786968306609
2024-01-30,22.999693294401865,72.60115569230976,8.583068833445395e-07,0.0008583068833445395
2024-01-31,22.999693294401865,72.60115569230976,4.351138045421976e-07,0.0004351138045421976
2024-02-01,22.999693294401865,72.60115569230976,1.9404158706493035e-06,0.0019404158706493035
2024-02-02,22.999693294401865,72.60115569230976,8.52346317969932e-07,0.000852346317969932
2024-02-03,22.999693294401865,72.60115569230976,1.7149620816780953e-06,0.0017149620816780953
2024-02-04,22.999693294401865,72.60115569230976,1.716613667213096e-06,0.001716613667213096
2024-02-05,22.999693294401865,72.60115569230976,0.0,0.0
2024-02-06,22.999693294401865,72.60115569230976,8.553266184208042e-07,0.0008553266184208042
2024-02-07,22.999693294401865,72.60115569230976,1.2993227755941916e-06,0.0012993227755941916
2024-02-08,22.999693294401865,72.60115569230976,-3.347793153807288e-09,-3.347793153807288e-06
2024-02-09,22.999693294401865,72.60115569230976,1.2934206843340235e-06,0.0012934206843340235
2024-02-10,22.999693294401865,72.60115569230976,8.583068797918258e-07,0.0008583068797918258
2024-02-11,22.999693294401865,72.60115569230976,0.0,0.0
2024-02-12,22.999693294401865,72.60115569230976,1.716613667213096e-06,0.001716613667213096
2024-02-13,22.999693294401865,72.60115569230976,4.2252270304743433e-07,0.00042252270304743433
2024-02-14,22.999693294401865,72.60115569230976,1.716971837595338e-06,0.001716971837595338
2024-02-15,22.999693294401865,72.60115569230976,8.52346317969932e-07,0.000852346317969932
2024-02-16,22.999693294401865,72.60115569230976,0.0,0.0
2024-02-17,22.999693294401865,72.60115569230976,1.7106532936850272e-06,0.0017106532936850272
2024-02-18,22.999693294401865,72.60115569230976,0.0,0.0
2024-02-19,22.999693294401865,72.60115569230976,1.723222908367461e-06,0.001723222908367461
2024-02-20,22.999693294401865,72.60115569230976,5.162160960026085e-06,0.005162160960026085
2024-02-21,22.999693294401865,72.60115569230976,0.00013877173347509597,0.13877173347509597
2024-02-22,22.999693294401865,72.60115569230976,1.716613667213096e-06,0.001716613667213096
2024-02-23,22.999693294401865,72.60115569230976,1.2814997489840607e-06,0.0012814997489840607
2024-02-24,22.999693294401865,72.60115569230976,8.443129786428472e-07,0.0008443129786428472
2024-02-25,22.999693294401865,72.60115569230976,8.675548492931284e-07,0.0008675548492931284
2024-02-26,22.999693294401865,72.60115569230976,1.7256784303754102e-06,0.0017256784303754102
2024-02-27,22.999693294401865,72.60115569230976,-7.4161334850941785e-09,-7.4161334850941785e-06
2024-02-28,22.999693294401865,72.60115569230976,0.0,0.0
2024-02-29,22.999693294401865,72.60115569230976,0.0,0.0
2024-03-01,22.999693294401865,72.60115569230976,0.00053711831549208,0.53711831549208
2024-03-02,22.999693294401865,72.60115569230976,0.0030623614787828046,3.0623614787828046
2024-03-03,22.999693294401865,72.60115569230976,1.7188888250529999e-06,0.0017188888250529999
2024-03-04,22.999693294401865,72.60115569230976,2.5749204723979346e-06,0.0025749204723979346
2024-03-05,22.999693294401865,72.60115569230976,1.7225742112714215e-06,0.0017225742112714215
2024-03-06,22.999693294401865,72.60115569230976,4.202127179553372e-07,0.0004202127179553372
2024-03-07,22.999693294401865,72.60115569230976,8.52346317969932e-07,0.000852346317969932
2024-03-08,22.999693294401865,72.60115569230976,4.351138045421976e-07,0.0004351138045421976
2024-03-09,22.999693294401865,72.60115569230976,8.523463748133508e-07,0.0008523463748133508
2024-03-10,22.999693294401865,72.60115569230976,0.0,0.0
2024-03-11,22.999693294401865,72.60115569230976,4.351138045421976e-07,0.0004351138045421976
2024-03-12,22.999693294401865,72.60115569230976,4.475464834285958e-07,0.0004475464834285958
2024-03-13,22.999693294401865,72.60115569230976,0.0,0.0
2024-03-14,22.999693294401865,72.60115569230976,8.52346317969932e-07,0.000852346317969932
2024-03-15,22.999693294401865,72.60115569230976,2.1212042042861867e-06,0.0021212042042861867
2024-03-16,22.999693294401865,72.60115569230976,8.983718657873396e-07,0.0008983718657873396
2024-03-17,22.999693294401865,72.60115569230976,8.583068797918258e-07,0.0008583068797918258
2024-03-18,22.999693294401865,72.60115569230976,1.2822712278648396e-06,0.0012822712278648396
2024-03-19,22.999693294401865,72.60115569230976,3.427499905228615e-06,0.003427499905228615
2024-03-20,22.999693294401865,72.60115569230976,0.0,0.0
2024-03-21,22.999693294401865,72.60115569230976,8.523463748133508e-07,0.0008523463748133508
2024-03-22,22.999693294401865,72.60115569230976,2.1338462374842493e-06,0.0021338462374842493
2024-03-23,22.999693294401865,72.60115569230976,8.52346317969932e-07,0.000852346317969932
2024-03-24,22.999693294401865,72.60115569230976,8.52346317969932e-07,0.000852346317969932
2024-03-25,22.999693294401865,72.60115569230976,1.7241018213098869e-06,0.0017241018213098869
2024-03-26,22.999693294401865,72.60115569230976,0.0,0.0
2024-03-27,22.999693294401865,72.60115569230976,8.52346317969932e-07,0.000852346317969932
2024-03-28,22.999693294401865,72.60115569230976,0.0,0.0
2024-03-29,22.999693294401865,72.60115569230976,0.0,0.0
2024-03-30,22.999693294401865,72.60115569230976,1.7046927496267017e-06,0.0017046927496267017
2024-03-31,22.999693294401865,72.60115569230976,8.550650818506256e-07,0.0008550650818506256
2024-04-01,22.999693294401865,72.60115569230976,8.52346317969932e-07,0.000852346317969932
2024-04-02,22.999693294401865,72.60115569230976,1.2889495337731205e-06,0.0012889495337731205
2024-04-03,22.999693294401865,72.60115569230976,0.0,0.0
2024-04-04,22.999693294401865,72.60115569230976,1.7220344261659193e-06,0.0017220344261659193
2024-04-05,22.999693294401865,72.60115569230976,4.351138613856165e-07,0.0004351138613856165
2024-04-06,22.999693294401865,72.60115569230976,8.52346317969932e-07,0.000852346317969932
2024-04-07,22.999693294401865,72.60115569230976,1.2874602930423862e-06,0.0012874602930423862
2024-04-08,22.999693294401865,72.60115569230976,8.702277796146518e-07,0.0008702277796146518
2024-04-09,22.999693294401865,72.60115569230976,1.7131802110270655e-06,0.0017131802110270655
2024-04-10,22.999693294401865,72.60115569230976,2.92232016363414e-10,2.92232016363414e-07
2024-04-11,22.999693294401865,72.60115569230976,6.258487701416016e-07,0.0006258487701416016
2024-04-12,22.999693294401865,72.60115569230976,0.0,0.0
2024-04-13,22.999693294401865,72.60115569230976,8.178651330581488e-05,0.08178651330581488
2024-04-14,22.999693294401865,72.60115569230976,8.765757083395442e-05,0.08765757083395442
2024-04-15,22.999693294401865,72.60115569230976,9.372830277243338e-06,0.009372830277243338
2024-04-16,22.999693294401865,72.60115569230976,4.291534878575476e-07,0.0004291534878575476
2024-04-17,22.999693294401865,72.60115569230976,4.188495381640678e-07,0.0004188495381640678
2024-04-18,22.999693294401865,72.60115569230976,0.0,0.0
2024-04-19,22.999693294401865,72.60115569230976,8.52346317969932e-07,0.000852346317969932
2024-04-20,22.999693294401865,72.60115569230976,0.0,0.0
2024-04-21,22.999693294401865,72.60115569230976,0.0,0.0
2024-04-22,22.999693294401865,72.60115569230976,8.523463748133508e-07,0.0008523463748133508
2024-04-23,22.999693294401865,72.60115569230976,2.5832351298049616e-06,0.0025832351298049616
2024-04-24,22.999693294401865,72.60115569230976,8.498968391279504e-07,0.0008498968391279504
2024-04-25,22.999693294401865,72.60115569230976,8.52346317969932e-07,0.000852346317969932
2024-04-26,22.999693294401865,72.60115569230976,5.684341886080802e-14,5.6843418860808015e-11
2024-04-27,22.999693294401865,72.60115569230976,2.1421217866191e-06,0.0021421217866191
2024-04-28,22.999693294401865,72.60115569230976,2.5680716362330713e-06,0.0025680716362330713
2024-04-29,22.999693294401865,72.60115569230976,8.685784855799739e-07,0.0008685784855799739
2024-04-30,22.999693294401865,72.60115569230976,8.542979621495306e-07,0.0008542979621495306
2024-05-01,22.999693294401865,72.60115569230976,8.52346317969932e-07,0.000852346317969932
2024-05-02,22.999693294401865,72.60115569230976,8.52346317969932e-07,0.000852346317969932
2024-05-03,22.999693294401865,72.60115569230976,0.0,0.0
2024-05-04,22.999693294401865,72.60115569230976,1.2814998058274796e-06,0.0012814998058274796
2024-05-05,22.999693294401865,72.60115569230976,8.702278364580707e-07,0.0008702278364580707
2024-05-06,22.999693294401865,72.60115569230976,0.0,0.0
2024-05-07,22.999693294401865,72.60115569230976,8.702277796146518e-07,0.0008702277796146518
2024-05-08,22.999693294401865,72.60115569230976,8.583068797918258e-07,0.0008583068797918258
2024-05-09,22.999693294401865,72.60115569230976,3.1650065857036225e-06,0.0031650065857036225
2024-05-10,22.999693294401865,72.60115569230976,1.7106532936850272e-06,0.0017106532936850272
2024-05-11,22.999693294401865,72.60115569230976,3.5762786865234375e-07,0.00035762786865234375
2024-05-12,22.999693294401865,72.60115569230976,6.9141387939453125e-06,0.0069141387939453125
2024-05-13,22.999693294401865,72.60115569230976,0.0009713340144799076,0.9713340144799076
2024-05-14,22.999693294401865,72.60115569230976,0.0008518403643620331,0.8518403643620331
2024-05-15,22.999693294401865,72.60115569230976,0.0012772341671514198,1.2772341671514198
2024-05-16,22.999693294401865,72.60115569230976,3.253262150337832e-05,0.03253262150337832
2024-05-17,22.999693294401865,72.60115569230976,1.439469411934624e-05,0.01439469411934624
2024-05-18,22.999693294401865,72.60115569230976,0.0,0.0
2024-05-19,22.999693294401865,72.60115569230976,8.52346317969932e-07,0.000852346317969932
2024-05-20,22.999693294401865,72.60115569230976,0.0,0.0
2024-05-21,22.999693294401865,72.60115569230976,8.549805556867796e-07,0.0008549805556867796
2024-05-22,22.999693294401865,72.60115569230976,8.583068797918258e-07,0.0008583068797918258
2024-05-23,22.999693294401865,72.60115569230976,0.0,0.0
2024-05-24,22.999693294401865,72.60115569230976,8.52346317969932e-07,0.000852346317969932
2024-05-25,22.999693294401865,72.60115569230976,0.0,0.0
2024-05-26,22.999693294401865,72.60115569230976,0.0,0.0
2024-05-27,22.999693294401865,72.60115569230976,2.6416410037199967e-06,0.0026416410037199967
2024-05-28,22.999693294401865,72.60115569230976,6.318092346191406e-06,0.006318092346191406
2024-05-29,22.999693294401865,72.60115569230976,1.2809038157257646e-05,0.012809038157257646
2024-05-30,22.999693294401865,72.60115569230976,9.119510195887415e-07,0.0009119510195887415
2024-05-31,22.999693294401865,72.60115569230976,0.0,0.0
2024-06-01,22.999693294401865,72.60115569230976,8.583068797918258e-07,0.0008583068797918258
2024-06-02,22.999693294401865,72.60115569230976,0.0,0.0
2024-06-03,22.999693294401865,72.60115569230976,1.716613667213096e-06,0.001716613667213096
2024-06-04,22.999693294401865,72.60115569230976,0.0,0.0
2024-06-05,22.999693294401865,72.60115569230976,0.0,0.0
2024-06-06,22.999693294401865,72.60115569230976,8.52346317969932e-07,0.000852346317969932
2024-06-07,22.999693294401865,72.60115569230976,8.52346317969932e-07,0.000852346317969932
2024-06-08,22.999693294401865,72.60115569230976,0.0,0.0
2024-06-09,22.999693294401865,72.60115569230976,0.0,0.0
2024-06-10,22.999693294401865,72.60115569230976,2.0238757031165733e-05,0.020238757031165733
2024-06-11,22.999693294401865,72.60115569230976,1.7225741544280027e-06,0.0017225741544280027
2024-06-12,22.999693294401865,72.60115569230976,8.430419597971195e-07,0.0008430419597971195
2024-06-13,22.999693294401865,72.60115569230976,1.7106522136600688e-06,0.0017106522136600688
2024-06-14,22.999693294401865,72.60115569230976,1.730909104935563e-06,0.001730909104935563
2024-06-15,22.999693294401865,72.60115569230976,1.805724292580635e-05,0.01805724292580635
2024-06-16,22.999693294401865,72.60115569230976,2.5749206429281912e-06,0.0025749206429281912
2024-06-17,22.999693294401865,72.60115569230976,1.286994404381403e-06,0.001286994404381403
2024-06-18,22.999693294401865,72.60115569230976,8.942431747982482e-06,0.008942431747982482
2024-06-19,22.999693294401865,72.60115569230976,0.0001477748155593872,0.1477748155593872
2024-06-20,22.999693294401865,72.60115569230976,1.1774897473060264e-05,0.011774897473060264
2024-06-21,22.999693294401865,72.60115569230976,9.159351867538135e-05,0.09159351867538135
2024-06-22,22.999693294401865,72.60115569230976,2.224550956952953e-05,0.02224550956952953
2024-06-23,22.999693294401865,72.60115569230976,0.00028031429440034117,0.28031429440034117
2024-06-24,22.999693294401865,72.60115569230976,0.004560017585749421,4.560017585749421
2024-06-25,22.999693294401865,72.60115569230976,0.002714449167246613,2.714449167246613
2024-06-26,22.999693294401865,72.60115569230976,0.005992931127536849,5.992931127536849
2024-06-27,22.999693294401865,72.60115569230976,0.0014068186283111572,1.4068186283111572
2024-06-28,22.999693294401865,72.60115569230976,0.004704634739823632,4.704634739823632
2024-06-29,22.999693294401865,72.60115569230976,0.0031936035614066327,3.1936035614066327
2024-06-30,22.999693294401865,72.60115569230976,0.019330628378895653,19.330628378895653
2024-07-01,22.999693294401865,72.60115569230976,0.016810675453541535,16.810675453541535
2024-07-02,22.999693294401865,72.60115569230976,0.012021064758300781,12.021064758300781
2024-07-03,22.999693294401865,72.60115569230976,0.00198519229888916,1.9851922988891602
2024-07-04,22.999693294401865,72.60115569230976,0.006505746099776388,6.505746099776388
2024-07-05,22.999693294401865,72.60115569230976,0.0025720715522083992,2.5720715522083992
2024-07-06,22.999693294401865,72.60115569230976,0.0004937466770797982,0.49374667707979825
2024-07-07,22.999693294401865,72.60115569230976,0.0008766353130340576,0.8766353130340576
2024-07-08,22.999693294401865,72.60115569230976,0.002791866660118103,2.791866660118103
2024-07-09,22.999693294401865,72.60115569230976,0.04339913427829245,43.39913427829245
2024-07-10,22.999693294401865,72.60115569230976,0.0006454586982727051,0.6454586982727051
2024-07-11,22.999693294401865,72.60115569230976,0.003786492347614967,3.786492347614967
2024-07-12,22.999693294401865,72.60115569230976,0.003942275047297272,3.9422750472972723
2024-07-13,22.999693294401865,72.60115569230976,0.001057937741279602,1.057937741279602
2024-07-14,22.999693294401865,72.60115569230976,0.00178221762179831,1.78221762179831
2024-07-15,22.999693294401865,72.60115569230976,0.010067218542094025,10.067218542094025
2024-07-16,22.999693294401865,72.60115569230976,0.01276510357847016,12.76510357847016
2024-07-17,22.999693294401865,72.60115569230976,0.0008640289306640625,0.8640289306640625
2024-07-18,22.999693294401865,72.60115569230976,0.0007706761359145275,0.7706761359145275
2024-07-19,22.999693294401865,72.60115569230976,0.0009143888949552093,0.9143888949552093
2024-07-20,22.999693294401865,72.60115569230976,0.0009563816262136982,0.9563816262136982
2024-07-21,22.999693294401865,72.60115569230976,0.0005989551543166272,0.5989551543166272
2024-07-22,22.999693294401865,72.60115569230976,0.004100489616291725,4.100489616291725
2024-07-23,22.999693294401865,72.60115569230976,0.0040300339460372925,4.0300339460372925
2024-07-24,22.999693294401865,72.60115569230976,0.010941255092518531,10.941255092518531
2024-07-25,22.999693294401865,72.60115569230976,0.0023643493652230063,2.3643493652230063
2024-07-26,22.999693294401865,72.60115569230976,0.0027076900005340576,2.7076900005340576
2024-07-27,22.999693294401865,72.60115569230976,0.010547012090682983,10.547012090682983
2024-07-28,22.999693294401865,72.60115569230976,0.0032038331031785106,3.2038331031785106
2024-07-29,22.999693294401865,72.60115569230976,0.023146507143906092,23.146507143906092
2024-07-30,22.999693294401865,72.60115569230976,0.003366413712456051,3.366413712456051
2024-07-31,22.999693294401865,72.60115569230976,0.0026516944168974987,2.6516944168974987
2024-08-01,22.999693294401865,72.60115569230976,0.002604470019036853,2.604470019036853
2024-08-02,22.999693294401865,72.60115569230976,0.004489201307194435,4.489201307194435
2024-08-03,22.999693294401865,72.60115569230976,0.009789337271911336,9.789337271911336
2024-08-04,22.999693294401865,72.60115569230976,0.0038155317306518555,3.8155317306518555
2024-08-05,22.999693294401865,72.60115569230976,0.002171337604522705,2.171337604522705
2024-08-06,22.999693294401865,72.60115569230976,0.0011643171310424805,1.1643171310424805
2024-08-07,22.999693294401865,72.60115569230976,0.0011631548404693604,1.1631548404693604
2024-08-08,22.999693294401865,72.60115569230976,0.0014806687831878662,1.4806687831878662
2024-08-09,22.999693294401865,72.60115569230976,0.005917787551879883,5.917787551879883
2024-08-10,22.999693294401865,72.60115569230976,0.006877034902572632,6.877034902572632
2024-08-11,22.999693294401865,72.60115569230976,0.0012195199727962347,1.2195199727962347
2024-08-12,22.999693294401865,72.60115569230976,0.0028816699981639715,2.8816699981639715
2024-08-13,22.999693294401865,72.60115569230976,0.000680387020111084,0.680387020111084
2024-08-14,22.999693294401865,72.60115569230976,0.0012674331665039062,1.2674331665039062
2024-08-15,22.999693294401865,72.60115569230976,0.0016143471002578735,1.6143471002578735
2024-08-16,22.999693294401865,72.60115569230976,0.0010691225528667303,1.0691225528667303
2024-08-17,22.999693294401865,72.60115569230976,0.0005010068416595459,0.5010068416595459
2024-08-18,22.999693294401865,72.60115569230976,3.6054849623212704e-05,0.036054849623212704
2024-08-19,22.999693294401865,72.60115569230976,0.00034105777740478516,0.34105777740478516
2024-08-20,22.999693294401865,72.60115569230976,0.0019634429981465473,1.9634429981465473
2024-08-21,22.999693294401865,72.60115569230976,0.00231750266044628,2.31750266044628
2024-08-22,22.999693294401865,72.60115569230976,0.011360126384943214,11.360126384943214
2024-08-23,22.999693294401865,72.60115569230976,0.006745235819721529,6.745235819721529
2024-08-24,22.999693294401865,72.60115569230976,0.019156888127326965,19.156888127326965
2024-08-25,22.999693294401865,72.60115569230976,0.08303688764561912,83.03688764561912
2024-08-26,22.999693294401865,72.60115569230976,0.10240234434604645,102.40234434604645
2024-08-27,22.999693294401865,72.60115569230976,0.07872459292411804,78.72459292411804
2024-08-28,22.999693294401865,72.60115569230976,0.021186256408686432,21.186256408686432
2024-08-29,22.999693294401865,72.60115569230976,0.004430311918156349,4.430311918156349
2024-08-30,22.999693294401865,72.60115569230976,0.0005188286304473877,0.5188286304473877
2024-08-31,22.999693294401865,72.60115569230976,0.0008976489304473034,0.8976489304473034
2024-09-01,22.999693294401865,72.60115569230976,0.0005264461040042079,0.5264461040042079
2024-09-02,22.999693294401865,72.60115569230976,0.029835397005076203,29.835397005076203
2024-09-03,22.999693294401865,72.60115569230976,0.028218317031814877,28.218317031814877
2024-09-04,22.999693294401865,72.60115569230976,0.0010606229304244152,1.0606229304244152
2024-09-05,22.999693294401865,72.60115569230976,0.01260310411453247,12.60310411453247
2024-09-06,22.999693294401865,72.60115569230976,0.007983893156051636,7.983893156051636
2024-09-07,22.999693294401865,72.60115569230976,0.00013175606727600098,0.13175606727600098
2024-09-08,22.999693294401865,72.60115569230976,0.00046060000460101946,0.46060000460101946
2024-09-09,22.999693294401865,72.60115569230976,0.00024189352984649304,0.24189352984649304
2024-09-10,22.999693294401865,72.60115569230976,0.0010380418516433565,1.0380418516433565
2024-09-11,22.999693294401865,72.60115569230976,0.00065814256657859,0.65814256657859
2024-09-12,22.999693294401865,72.60115569230976,2.5218725113518303e-05,0.025218725113518303
2024-09-13,22.999693294401865,72.60115569230976,0.00047707557672538314,0.47707557672538314
2024-09-14,22.999693294401865,72.60115569230976,0.0013830840586592785,1.3830840586592785
2024-09-15,22.999693294401865,72.60115569230976,0.0002274008513154513,0.2274008513154513
2024-09-16,22.999693294401865,72.60115569230976,7.417797309727803e-06,0.007417797309727803
2024-09-17,22.999693294401865,72.60115569230976,4.380941390991211e-05,0.04380941390991211
2024-09-18,22.999693294401865,72.60115569230976,0.00014224052426925482,0.14224052426925482
2024-09-19,22.999693294401865,72.60115569230976,4.291646746423794e-06,0.004291646746423794
2024-09-20,22.999693294401865,72.60115569230976,0.00020939432613431563,0.20939432613431563
2024-09-21,22.999693294401865,72.60115569230976,0.00018271207807174505,0.18271207807174505
2024-09-22,22.999693294401865,72.60115569230976,0.00018306374539633907,0.18306374539633907
2024-09-23,22.999693294401865,72.60115569230976,3.2793397508612543e-06,0.0032793397508612543
2024-09-24,22.999693294401865,72.60115569230976,0.0002837055258737564,0.2837055258737564
2024-09-25,22.999693294401865,72.60115569230976,0.00446397066116333,4.46397066116333
2024-09-26,22.999693294401865,72.60115569230976,0.006088465452194214,6.088465452194214
2024-09-27,22.999693294401865,72.60115569230976,0.0315451224129788,31.5451224129788
2024-09-28,22.999693294401865,72.60115569230976,0.010719619246117418,10.719619246117418
2024-09-29,22.999693294401865,72.60115569230976,0.01051880717267295,10.51880717267295
2024-09-30,22.999693294401865,72.60115569230976,0.0006639801011374402,0.6639801011374402
2024-10-01,22.999693294401865,72.60115569230976,0.00033971667289733887,0.33971667289733887
2024-10-02,22.999693294401865,72.60115569230976,1.7124414341651573e-05,0.017124414341651573
2024-10-03,22.999693294401865,72.60115569230976,3.588466597648221e-06,0.003588466597648221
2024-10-04,22.999693294401865,72.60115569230976,3.208836915291613e-06,0.003208836915291613
2024-10-05,22.999693294401865,72.60115569230976,2.6035954590497568e-05,0.026035954590497568
2024-10-06,22.999693294401865,72.60115569230976,7.563829417023271e-06,0.007563829417023271
2024-10-07,22.999693294401865,72.60115569230976,0.0,0.0
2024-10-08,22.999693294401865,72.60115569230976,7.193684575668158e-05,0.07193684575668158
2024-10-09,22.999693294401865,72.60115569230976,0.00044471025466918945,0.44471025466918945
2024-10-10,22.999693294401865,72.60115569230976,0.0017963035570005559,1.7963035570005559
2024-10-11,22.999693294401865,72.60115569230976,0.002248751290551354,2.248751290551354
2024-10-12,22.999693294401865,72.60115569230976,0.007735416293144226,7.735416293144226
2024-10-13,22.999693294401865,72.60115569230976,0.0051135524500978136,5.113552450097814
2024-10-14,22.999693294401865,72.60115569230976,0.0003468155859991384,0.3468155859991384
2024-10-15,22.999693294401865,72.60115569230976,0.00013384222984313965,0.13384222984313965
2024-10-16,22.999693294401865,72.60115569230976,2.8368927715405334e-05,0.028368927715405334
2024-10-17,22.999693294401865,72.60115569230976,8.523463748133508e-07,0.0008523463748133508
2024-10-18,22.999693294401865,72.60115569230976,0.0011788487433364025,1.1788487433364025
2024-10-19,22.999693294401865,72.60115569230976,0.006875802884110271,6.875802884110271
2024-10-20,22.999693294401865,72.60115569230976,0.006331342458679501,6.331342458679501
2024-10-21,22.999693294401865,72.60115569230976,0.0032299548387477728,3.229954838747773
2024-10-22,22.999693294401865,72.60115569230976,0.0001658678054354823,0.1658678054354823
2024-10-23,22.999693294401865,72.60115569230976,4.7326087901922165e-06,0.0047326087901922165
2024-10-24,22.999693294401865,72.60115569230976,8.583068797918258e-07,0.0008583068797918258
2024-10-25,22.999693294401865,72.60115569230976,1.7189478285217774e-06,0.0017189478285217774
2024-10-26,22.999693294401865,72.60115569230976,3.5610696613730397e-09,3.5610696613730397e-06
2024-10-27,22.999693294401865,72.60115569230976,0.0,0.0
2024-10-28,22.999693294401865,72.60115569230976,0.0,0.0
2024-10-29,22.999693294401865,72.60115569230976,0.0,0.0
2024-10-30,22.999693294401865,72.60115569230976,0.0,0.0
2024-10-31,22.999693294401865,72.60115569230976,0.0,0.0
2024-11-01,22.999693294401865,72.60115569230976,8.52346317969932e-07,0.000852346317969932
2024-11-02,22.999693294401865,72.60115569230976,8.612870487922919e-07,0.0008612870487922919
2024-11-03,22.999693294401865,72.60115569230976,2.5779399948078208e-06,0.0025779399948078208
2024-11-04,22.999693294401865,72.60115569230976,0.0,0.0
2024-11-05,22.999693294401865,72.60115569230976,8.52346317969932e-07,0.000852346317969932
2024-11-06,22.999693294401865,72.60115569230976,1.7231332662959176e-06,0.0017231332662959176
2024-11-07,22.999693294401865,72.60115569230976,8.504217134941428e-07,0.0008504217134941428
2024-11-08,22.999693294401865,72.60115569230976,8.52346317969932e-07,0.000852346317969932
2024-11-09,22.999693294401865,72.60115569230976,0.0,0.0
2024-11-10,22.999693294401865,72.60115569230976,8.52346317969932e-07,0.000852346317969932
2024-11-11,22.999693294401865,72.60115569230976,8.583068797918258e-07,0.0008583068797918258
2024-11-12,22.999693294401865,72.60115569230976,0.0,0.0
2024-11-13,22.999693294401865,72.60115569230976,1.716613667213096e-06,0.001716613667213096
2024-11-14,22.999693294401865,72.60115569230976,4.291534487776971e-07,0.0004291534487776971
2024-11-15,22.999693294401865,72.60115569230976,4.351138045421976e-07,0.0004351138045421976
2024-11-16,22.999693294401865,72.60115569230976,8.52346317969932e-07,0.000852346317969932
2024-11-17,22.999693294401865,72.60115569230976,0.0,0.0
2024-11-18,22.999693294401865,72.60115569230976,8.52346317969932e-07,0.000852346317969932
2024-11-19,22.999693294401865,72.60115569230976,1.293420723413874e-06,0.001293420723413874
2024-11-20,22.999693294401865,72.60115569230976,0.0,0.0
2024-11-21,22.999693294401865,72.60115569230976,1.732042733237904e-06,0.001732042733237904
2024-11-22,22.999693294401865,72.60115569230976,4.261732051702438e-07,0.0004261732051702438
2024-11-23,22.999693294401865,72.60115569230976,8.642672355563263e-07,0.0008642672355563263
2024-11-24,22.999693294401865,72.60115569230976,0.0,0.0
2024-11-25,22.999693294401865,72.60115569230976,8.583068797918258e-07,0.0008583068797918258
2024-11-26,22.999693294401865,72.60115569230976,0.0,0.0
2024-11-27,22.999693294401865,72.60115569230976,0.0,0.0
2024-11-28,22.999693294401865,72.60115569230976,1.7189909726766928e-06,0.0017189909726766928
2024-11-29,22.999693294401865,72.60115569230976,1.293420723413874e-06,0.001293420723413874
2024-11-30,22.999693294401865,72.60115569230976,0.0,0.0
2024-12-01,22.999693294401865,72.60115569230976,4.296702400097274e-06,0.004296702400097274
2024-12-02,22.999693294401865,72.60115569230976,-5.190713636693545e-09,-5.190713636693545e-06
2024-12-03,22.999693294401865,72.60115569230976,4.351138045421976e-07,0.0004351138045421976
2024-12-04,22.999693294401865,72.60115569230976,2.139806724699156e-06,0.002139806724699156
2024-12-05,22.999693294401865,72.60115569230976,4.420513164404838e-07,0.0004420513164404838
2024-12-06,22.999693294401865,72.60115569230976,1.716613724056515e-06,0.001716613724056515
2024-12-07,22.999693294401865,72.60115569230976,1.2814997489840607e-06,0.0012814997489840607
2024-12-08,22.999693294401865,72.60115569230976,0.0,0.0
2024-12-09,22.999693294401865,72.60115569230976,2.588491270216764e-06,0.002588491270216764
2024-12-10,22.999693294401865,72.60115569230976,8.52346317969932e-07,0.000852346317969932
2024-12-11,22.999693294401865,72.60115569230976,0.0,0.0
2024-12-12,22.999693294401865,72.60115569230976,2.5736953261912277e-06,0.0025736953261912277
2024-12-13,22.999693294401865,72.60115569230976,0.0,0.0
2024-12-14,22.999693294401865,72.60115569230976,8.70227722771233e-07,0.000870227722771233
2024-12-15,22.999693294401865,72.60115569230976,0.0,0.0
2024-12-16,22.999693294401865,72.60115569230976,4.261732051702438e-07,0.0004261732051702438
2024-12-17,22.999693294401865,72.60115569230976,8.596848033448623e-07,0.0008596848033448623
2024-12-18,22.999693294401865,72.60115569230976,1.2898295267405047e-06,0.0012898295267405047
2024-12-19,22.999693294401865,72.60115569230976,8.493368213180474e-07,0.0008493368213180474
2024-12-20,22.999693294401865,72.60115569230976,0.0,0.0
2024-12-21,22.999693294401865,72.60115569230976,0.0,0.0
2024-12-22,22.999693294401865,72.60115569230976,4.85154856733061e-06,0.00485154856733061
2024-12-23,22.999693294401865,72.60115569230976,0.0,0.0
2024-12-24,22.999693294401865,72.60115569230976,2.147676639197016e-06,0.002147676639197016
2024-12-25,22.999693294401865,72.60115569230976,-2.8733211365761235e-09,-2.8733211365761235e-06
2024-12-26,22.999693294401865,72.60115569230976,7.2196611995423154e-06,0.0072196611995423154
2024-12-27,22.999693294401865,72.60115569230976,1.2236983309321658e-05,0.012236983309321658
2024-12-28,22.999693294401865,72.60115569230976,0.0,0.0
2024-12-29,22.999693294401865,72.60115569230976,8.583068797918258e-07,0.0008583068797918258
2024-12-30,22.999693294401865,72.60115569230976,8.583068797918258e-07,0.0008583068797918258
2024-12-31,22.999693294401865,72.60115569230976,0.0,0.0
